# Created by Open3D 
# object name: street-assets
# number of vertices: 1684
# number of triangles: 3208
v -25.6019 18.7785 -0.354885 0.96 0.64 0.12
vn 0.338546 0.565572 0.752007
v -22.7506 14.9878 -1.27411 0.96 0.64 0.12
vn 0.795325 -0.0417088 0.604747
v -26.2567 18.8261 -2.58246 0.96 0.64 0.12
vn -0.115533 0.598599 -0.792673
v -23.4054 15.0354 -3.50169 0.96 0.64 0.12
vn 0.341246 -0.00868138 -0.939934
v -28.75 16.1995 0.515404 0.96 0.64 0.12
vn -0.341246 0.00868138 0.939934
v -25.8987 12.4088 -0.40382 0.96 0.64 0.12
vn 0.115533 -0.598599 0.792673
v -29.4048 16.2472 -1.71218 0.96 0.64 0.12
vn -0.795325 0.0417088 -0.604747
v -26.5535 12.4564 -2.6314 0.96 0.64 0.12
vn -0.338546 -0.565572 -0.752007
v 20.7857 10.4128 -0.411444 0.96 0.64 0.12
vn -0.0232193 0.610759 0.791476
v 27.5865 7.89191 -0.237892 0.96 0.64 0.12
vn 0.379956 0.461309 0.801765
v 20.7352 10.1544 -2.18476 0.96 0.64 0.12
vn -0.0722952 0.359835 -0.930211
v 27.5359 7.63346 -2.01121 0.96 0.64 0.12
vn 0.33088 0.210386 -0.919922
v 19.5634 7.1505 0.0988562 0.96 0.64 0.12
vn -0.33088 -0.210386 0.919922
v 26.3642 4.62959 0.272409 0.96 0.64 0.12
vn 0.0722952 -0.359835 0.930211
v 19.5129 6.89206 -1.67446 0.96 0.64 0.12
vn -0.379956 -0.461309 -0.801765
v 26.3136 4.37114 -1.50091 0.96 0.64 0.12
vn 0.0232193 -0.610759 -0.791476
v 4.36637 -5.30693 -1.3358 0.96 0.64 0.12
vn -0.120881 -0.990845 -0.0601225
v 8.46074 -4.3785 -1.29947 0.96 0.64 0.12
vn 0.537411 -0.841572 -0.0542816
v 4.04122 -3.93832 0.331954 0.96 0.64 0.12
vn -0.314461 -0.176009 0.93281
v 8.1356 -3.00988 0.368282 0.96 0.64 0.12
vn 0.343831 -0.0267365 0.938651
v 4.02611 -3.75392 -2.67659 0.96 0.64 0.12
vn -0.343831 0.0267365 -0.938651
v 8.12048 -2.82549 -2.64026 0.96 0.64 0.12
vn 0.314461 0.176009 -0.93281
v 3.70096 -2.3853 -1.00884 0.96 0.64 0.12
vn -0.537411 0.841572 0.0542816
v 7.79534 -1.45687 -0.972509 0.96 0.64 0.12
vn 0.120881 0.990845 0.0601225
v -22.0491 7.69699 -1.36994 0.96 0.64 0.12
vn 0.444919 -0.87947 0.169056
v -19.7013 10.4358 -1.03662 0.96 0.64 0.12
vn 0.912805 -0.33367 0.235482
v -23.3497 8.70107 -0.459373 0.96 0.64 0.12
vn -0.519058 -0.135241 0.843972
v -21.0018 11.4399 -0.12605 0.96 0.64 0.12
vn -0.051172 0.410559 0.910397
v -22.7178 8.49331 -3.20313 0.96 0.64 0.12
vn 0.051172 -0.410559 -0.910397
v -20.3699 11.2322 -2.86981 0.96 0.64 0.12
vn 0.519058 0.135241 -0.843972
v -24.0184 9.4974 -2.29256 0.96 0.64 0.12
vn -0.912805 0.33367 -0.235482
v -21.6705 12.2362 -1.95924 0.96 0.64 0.12
vn -0.444919 0.87947 -0.169056
v 1.6424 8.19959 -3.19211 0.96 0.64 0.12
vn 0.102872 0.241051 -0.965045
v 3.15222 4.46119 -2.4982 0.96 0.64 0.12
vn 0.358255 -0.391289 -0.847671
v 0.0546401 7.77972 -1.99949 0.96 0.64 0.12
vn -0.988221 -0.0474829 -0.145483
v 1.56447 4.04132 -1.30557 0.96 0.64 0.12
vn -0.732838 -0.679822 -0.0281094
v 2.7742 8.98789 -1.40781 0.96 0.64 0.12
vn 0.732838 0.679822 0.0281094
v 4.28402 5.24949 -0.713893 0.96 0.64 0.12
vn 0.988221 0.0474829 0.145483
v 1.18644 8.56802 -0.215183 0.96 0.64 0.12
vn -0.358255 0.391289 0.847671
v 2.69626 4.82962 0.478732 0.96 0.64 0.12
vn -0.102872 -0.241051 0.965045
v -28.193 21.0282 -1.87205 0.96 0.64 0.12
vn 0.299619 -0.952456 -0.0552753
v -26.3367 22.9727 -2.76618 0.96 0.64 0.12
vn 0.876161 -0.34853 -0.332968
v -28.6981 22.1032 -0.582851 0.96 0.64 0.12
vn -0.110158 -0.0803243 0.990663
v -26.8417 24.0477 -1.47697 0.96 0.64 0.12
vn 0.466385 0.523602 0.71297
v -29.78 21.9167 -3.23469 0.96 0.64 0.12
vn -0.466385 -0.523602 -0.71297
v -27.9237 23.8612 -4.12881 0.96 0.64 0.12
vn 0.110158 0.0803243 -0.990663
v -30.2851 22.9917 -1.94549 0.96 0.64 0.12
vn -0.876161 0.34853 0.332968
v -28.4288 24.9362 -2.83961 0.96 0.64 0.12
vn -0.299619 0.952456 0.0552753
v -28.7698 20.8368 -1.78136 0.96 0.64 0.12
vn -0.870402 0.373216 0.321108
v -27.4812 19.8909 -0.414251 0.96 0.64 0.12
vn -0.267154 -0.0696231 0.961136
v -27.539 21.5223 -2.46707 0.96 0.64 0.12
vn 0.167981 0.951585 -0.257427
v -26.2505 20.5764 -1.09997 0.96 0.64 0.12
vn 0.771229 0.508746 0.382601
v -28.6097 19.4129 -2.91747 0.96 0.64 0.12
vn -0.771229 -0.508746 -0.382601
v -27.3211 18.467 -1.55036 0.96 0.64 0.12
vn -0.167981 -0.951585 0.257427
v -27.3789 20.0984 -3.60318 0.96 0.64 0.12
vn 0.267154 0.0696231 -0.961136
v -26.0904 19.1525 -2.23607 0.96 0.64 0.12
vn 0.870402 -0.373216 -0.321108
v 37.3013 -1.51546 1.04355 0.96 0.64 0.12
vn 0.690832 -0.439962 0.573746
v 38.2633 -0.1229 -0.571413 0.96 0.64 0.12
vn 0.998328 0.00512248 0.057577
v 36.4223 -0.913283 1.0392 0.96 0.64 0.12
vn -0.663576 0.487985 0.567043
v 37.3844 0.479277 -0.575762 0.96 0.64 0.12
vn -0.35608 0.93307 0.0508747
v 36.5157 -2.67269 -0.42232 0.96 0.64 0.12
vn 0.35608 -0.93307 -0.0508747
v 37.4777 -1.28013 -2.03728 0.96 0.64 0.12
vn 0.663576 -0.487985 -0.567043
v 35.6367 -2.07052 -0.426669 0.96 0.64 0.12
vn -0.998328 -0.00512248 -0.057577
v 36.5988 -0.677957 -2.04163 0.96 0.64 0.12
vn -0.690832 0.439962 -0.573746
v 35.3524 8.06256 1.09318 0.96 0.64 0.12
vn 0.0700154 -0.293719 0.953324
v 35.6162 5.61508 -0.864567 0.96 0.64 0.12
vn 0.130222 -0.852379 0.506452
v 36.4595 8.97049 0.107294 0.96 0.64 0.12
vn 0.897259 0.384679 0.216675
v 36.7233 6.52301 -1.85045 0.96 0.64 0.12
vn 0.957465 -0.17398 -0.230197
v 34.0616 8.65014 0.184708 0.96 0.64 0.12
vn -0.957465 0.17398 0.230197
v 34.3253 6.20266 -1.77304 0.96 0.64 0.12
vn -0.897259 -0.384679 -0.216675
v 35.1687 9.55806 -0.801175 0.96 0.64 0.12
vn -0.130222 0.852379 -0.506452
v 35.4325 7.11058 -2.75892 0.96 0.64 0.12
vn -0.0700154 0.293719 -0.953324
v -28.1457 8.90722 1.14405 0.39 0.29 0.18
vn 0 0 1
v -28.1457 8.90722 -1.91409 0.39 0.29 0.18
vn 0 0 -1
v -27.9057 8.90722 1.14405 0.39 0.29 0.18
vn 0.973342 -0.105419 0.203698
v -27.9515 9.04829 1.14405 0.39 0.29 0.18
vn 0.849414 0.48683 0.203698
v -28.0715 9.13547 1.14405 0.39 0.29 0.18
vn 0.401039 0.893126 0.203698
v -28.2198 9.13547 1.14405 0.39 0.29 0.18
vn -0.200519 0.958279 0.203698
v -28.3398 9.04829 1.14405 0.39 0.29 0.18
vn -0.725486 0.657402 0.203698
v -28.3857 8.90722 1.14405 0.39 0.29 0.18
vn -0.973342 0.105419 0.203698
v -28.3398 8.76615 1.14405 0.39 0.29 0.18
vn -0.849414 -0.48683 0.203698
v -28.2198 8.67896 1.14405 0.39 0.29 0.18
vn -0.401039 -0.893126 0.203698
v -28.0715 8.67896 1.14405 0.39 0.29 0.18
vn 0.200519 -0.958279 0.203698
v -27.9515 8.76615 1.14405 0.39 0.29 0.18
vn 0.725486 -0.657402 0.203698
v -27.9057 8.90722 0.379518 0.39 0.29 0.18
vn 1 0 -4.14376e-19
v -27.9515 9.04829 0.379518 0.39 0.29 0.18
vn 0.809017 0.587785 9.04128e-20
v -28.0715 9.13547 0.379518 0.39 0.29 0.18
vn 0.309017 0.951057 -1.47668e-18
v -28.2198 9.13547 0.379518 0.39 0.29 0.18
vn -0.309017 0.951057 7.38339e-19
v -28.3398 9.04829 0.379518 0.39 0.29 0.18
vn -0.809017 0.587785 1.0623e-18
v -28.3857 8.90722 0.379518 0.39 0.29 0.18
vn -1 0 -4.14376e-19
v -28.3398 8.76615 0.379518 0.39 0.29 0.18
vn -0.809017 -0.587785 9.04128e-20
v -28.2198 8.67896 0.379518 0.39 0.29 0.18
vn -0.309017 -0.951057 -1.47668e-18
v -28.0715 8.67896 0.379518 0.39 0.29 0.18
vn 0.309017 -0.951057 7.38339e-19
v -27.9515 8.76615 0.379518 0.39 0.29 0.18
vn 0.809017 -0.587785 1.0623e-18
v -27.9057 8.90722 -0.385018 0.39 0.29 0.18
vn 1 0 -4.14376e-19
v -27.9515 9.04829 -0.385018 0.39 0.29 0.18
vn 0.809017 0.587785 9.04128e-20
v -28.0715 9.13547 -0.385018 0.39 0.29 0.18
vn 0.309017 0.951057 -1.47668e-18
v -28.2198 9.13547 -0.385018 0.39 0.29 0.18
vn -0.309017 0.951057 7.38339e-19
v -28.3398 9.04829 -0.385018 0.39 0.29 0.18
vn -0.809017 0.587785 1.0623e-18
v -28.3857 8.90722 -0.385018 0.39 0.29 0.18
vn -1 1.07229e-17 -4.14376e-19
v -28.3398 8.76615 -0.385018 0.39 0.29 0.18
vn -0.809017 -0.587785 9.04128e-20
v -28.2198 8.67896 -0.385018 0.39 0.29 0.18
vn -0.309017 -0.951057 -1.47668e-18
v -28.0715 8.67896 -0.385018 0.39 0.29 0.18
vn 0.309017 -0.951057 7.38339e-19
v -27.9515 8.76615 -0.385018 0.39 0.29 0.18
vn 0.809017 -0.587785 1.0623e-18
v -27.9057 8.90722 -1.14955 0.39 0.29 0.18
vn 1 2.14458e-17 -4.14376e-19
v -27.9515 9.04829 -1.14955 0.39 0.29 0.18
vn 0.809017 0.587785 9.04128e-20
v -28.0715 9.13547 -1.14955 0.39 0.29 0.18
vn 0.309017 0.951057 -1.47668e-18
v -28.2198 9.13547 -1.14955 0.39 0.29 0.18
vn -0.309017 0.951057 7.38339e-19
v -28.3398 9.04829 -1.14955 0.39 0.29 0.18
vn -0.809017 0.587785 1.0623e-18
v -28.3857 8.90722 -1.14955 0.39 0.29 0.18
vn -1 -3.21686e-17 -4.14376e-19
v -28.3398 8.76615 -1.14955 0.39 0.29 0.18
vn -0.809017 -0.587785 9.04128e-20
v -28.2198 8.67896 -1.14955 0.39 0.29 0.18
vn -0.309017 -0.951057 -1.47668e-18
v -28.0715 8.67896 -1.14955 0.39 0.29 0.18
vn 0.309017 -0.951057 7.38339e-19
v -27.9515 8.76615 -1.14955 0.39 0.29 0.18
vn 0.809017 -0.587785 1.0623e-18
v -27.9057 8.90722 -1.91409 0.39 0.29 0.18
vn 0.973342 0.105419 -0.203698
v -27.9515 9.04829 -1.91409 0.39 0.29 0.18
vn 0.725486 0.657402 -0.203698
v -28.0715 9.13547 -1.91409 0.39 0.29 0.18
vn 0.200519 0.958279 -0.203698
v -28.2198 9.13547 -1.91409 0.39 0.29 0.18
vn -0.401039 0.893126 -0.203698
v -28.3398 9.04829 -1.91409 0.39 0.29 0.18
vn -0.849414 0.48683 -0.203698
v -28.3857 8.90722 -1.91409 0.39 0.29 0.18
vn -0.973342 -0.105419 -0.203698
v -28.3398 8.76615 -1.91409 0.39 0.29 0.18
vn -0.725486 -0.657402 -0.203698
v -28.2198 8.67896 -1.91409 0.39 0.29 0.18
vn -0.200519 -0.958279 -0.203698
v -28.0715 8.67896 -1.91409 0.39 0.29 0.18
vn 0.401039 -0.893126 -0.203698
v -27.9515 8.76615 -1.91409 0.39 0.29 0.18
vn 0.849414 -0.48683 -0.203698
v 14.6521 9.09128 0.967963 0.39 0.29 0.18
vn 0 0 1
v 14.6521 9.09128 -1.64744 0.39 0.29 0.18
vn 0 0 -1
v 14.8921 9.09128 0.967963 0.39 0.29 0.18
vn 0.96601 -0.104625 0.236386
v 14.8463 9.23235 0.967963 0.39 0.29 0.18
vn 0.843016 0.483163 0.236386
v 14.7263 9.31954 0.967963 0.39 0.29 0.18
vn 0.398018 0.886399 0.236386
v 14.578 9.31954 0.967963 0.39 0.29 0.18
vn -0.199009 0.951061 0.236386
v 14.458 9.23235 0.967963 0.39 0.29 0.18
vn -0.720021 0.65245 0.236386
v 14.4121 9.09128 0.967963 0.39 0.29 0.18
vn -0.96601 0.104625 0.236386
v 14.458 8.95022 0.967963 0.39 0.29 0.18
vn -0.843016 -0.483163 0.236386
v 14.578 8.86303 0.967963 0.39 0.29 0.18
vn -0.398018 -0.886399 0.236386
v 14.7263 8.86303 0.967963 0.39 0.29 0.18
vn 0.199009 -0.951061 0.236386
v 14.8463 8.95022 0.967963 0.39 0.29 0.18
vn 0.720021 -0.65245 0.236386
v 14.8921 9.09128 0.314112 0.39 0.29 0.18
vn 1 -1.2538e-17 -6.28384e-19
v 14.8463 9.23235 0.314112 0.39 0.29 0.18
vn 0.809017 0.587785 1.26341e-18
v 14.7263 9.31954 0.314112 0.39 0.29 0.18
vn 0.309017 0.951057 1.32914e-20
v 14.578 9.31954 0.314112 0.39 0.29 0.18
vn -0.309017 0.951057 -6.6457e-21
v 14.458 9.23235 0.314112 0.39 0.29 0.18
vn -0.809017 0.587785 -6.41675e-19
v 14.4121 9.09128 0.314112 0.39 0.29 0.18
vn -1 6.26902e-18 -6.28384e-19
v 14.458 8.95022 0.314112 0.39 0.29 0.18
vn -0.809017 -0.587785 1.26341e-18
v 14.578 8.86303 0.314112 0.39 0.29 0.18
vn -0.309017 -0.951057 1.32914e-20
v 14.7263 8.86303 0.314112 0.39 0.29 0.18
vn 0.309017 -0.951057 -6.6457e-21
v 14.8463 8.95022 0.314112 0.39 0.29 0.18
vn 0.809017 -0.587785 -6.41675e-19
v 14.8921 9.09128 -0.33974 0.39 0.29 0.18
vn 1 0 -6.28384e-19
v 14.8463 9.23235 -0.33974 0.39 0.29 0.18
vn 0.809017 0.587785 1.26341e-18
v 14.7263 9.31954 -0.33974 0.39 0.29 0.18
vn 0.309017 0.951057 1.32914e-20
v 14.578 9.31954 -0.33974 0.39 0.29 0.18
vn -0.309017 0.951057 -6.6457e-21
v 14.458 9.23235 -0.33974 0.39 0.29 0.18
vn -0.809017 0.587785 -6.41675e-19
v 14.4121 9.09128 -0.33974 0.39 0.29 0.18
vn -1 -6.26902e-18 -6.28384e-19
v 14.458 8.95022 -0.33974 0.39 0.29 0.18
vn -0.809017 -0.587785 1.26341e-18
v 14.578 8.86303 -0.33974 0.39 0.29 0.18
vn -0.309017 -0.951057 1.32914e-20
v 14.7263 8.86303 -0.33974 0.39 0.29 0.18
vn 0.309017 -0.951057 -6.6457e-21
v 14.8463 8.95022 -0.33974 0.39 0.29 0.18
vn 0.809017 -0.587785 -6.41675e-19
v 14.8921 9.09128 -0.993592 0.39 0.29 0.18
vn 1 -1.2538e-17 -6.28384e-19
v 14.8463 9.23235 -0.993592 0.39 0.29 0.18
vn 0.809017 0.587785 1.26341e-18
v 14.7263 9.31954 -0.993592 0.39 0.29 0.18
vn 0.309017 0.951057 1.32914e-20
v 14.578 9.31954 -0.993592 0.39 0.29 0.18
vn -0.309017 0.951057 -6.6457e-21
v 14.458 9.23235 -0.993592 0.39 0.29 0.18
vn -0.809017 0.587785 -6.41675e-19
v 14.4121 9.09128 -0.993592 0.39 0.29 0.18
vn -1 1.88071e-17 -6.28384e-19
v 14.458 8.95022 -0.993592 0.39 0.29 0.18
vn -0.809017 -0.587785 1.26341e-18
v 14.578 8.86303 -0.993592 0.39 0.29 0.18
vn -0.309017 -0.951057 1.32914e-20
v 14.7263 8.86303 -0.993592 0.39 0.29 0.18
vn 0.309017 -0.951057 -6.6457e-21
v 14.8463 8.95022 -0.993592 0.39 0.29 0.18
vn 0.809017 -0.587785 -6.41675e-19
v 14.8921 9.09128 -1.64744 0.39 0.29 0.18
vn 0.96601 0.104625 -0.236386
v 14.8463 9.23235 -1.64744 0.39 0.29 0.18
vn 0.720021 0.65245 -0.236386
v 14.7263 9.31954 -1.64744 0.39 0.29 0.18
vn 0.199009 0.951061 -0.236386
v 14.578 9.31954 -1.64744 0.39 0.29 0.18
vn -0.398018 0.886399 -0.236386
v 14.458 9.23235 -1.64744 0.39 0.29 0.18
vn -0.843016 0.483163 -0.236386
v 14.4121 9.09128 -1.64744 0.39 0.29 0.18
vn -0.96601 -0.104625 -0.236386
v 14.458 8.95022 -1.64744 0.39 0.29 0.18
vn -0.720021 -0.65245 -0.236386
v 14.578 8.86303 -1.64744 0.39 0.29 0.18
vn -0.199009 -0.951061 -0.236386
v 14.7263 8.86303 -1.64744 0.39 0.29 0.18
vn 0.398018 -0.886399 -0.236386
v 14.8463 8.95022 -1.64744 0.39 0.29 0.18
vn 0.843016 -0.483163 -0.236386
v 28.5001 9.06908 1.45306 0.39 0.29 0.18
vn 0 0 1
v 28.5001 9.06908 -0.335558 0.39 0.29 0.18
vn 0 0 -1
v 28.7401 9.06908 1.45306 0.39 0.29 0.18
vn 0.936683 -0.101449 0.335162
v 28.6943 9.21015 1.45306 0.39 0.29 0.18
vn 0.817423 0.468494 0.335162
v 28.5743 9.29733 1.45306 0.39 0.29 0.18
vn 0.385935 0.859489 0.335162
v 28.4259 9.29733 1.45306 0.39 0.29 0.18
vn -0.192967 0.922188 0.335162
v 28.3059 9.21015 1.45306 0.39 0.29 0.18
vn -0.698162 0.632642 0.335162
v 28.2601 9.06908 1.45306 0.39 0.29 0.18
vn -0.936683 0.101449 0.335162
v 28.3059 8.92801 1.45306 0.39 0.29 0.18
vn -0.817423 -0.468494 0.335162
v 28.4259 8.84083 1.45306 0.39 0.29 0.18
vn -0.385935 -0.859489 0.335162
v 28.5743 8.84083 1.45306 0.39 0.29 0.18
vn 0.192967 -0.922188 0.335162
v 28.6943 8.92801 1.45306 0.39 0.29 0.18
vn 0.698162 -0.632642 0.335162
v 28.7401 9.06908 1.00591 0.39 0.29 0.18
vn 1 0 -7.0849e-19
v 28.6943 9.21015 1.00591 0.39 0.29 0.18
vn 0.809017 0.587785 1.54586e-19
v 28.5743 9.29733 1.00591 0.39 0.29 0.18
vn 0.309017 0.951057 -2.52479e-18
v 28.4259 9.29733 1.00591 0.39 0.29 0.18
vn -0.309017 0.951057 1.26239e-18
v 28.3059 9.21015 1.00591 0.39 0.29 0.18
vn -0.809017 0.587785 1.8163e-18
v 28.2601 9.06908 1.00591 0.39 0.29 0.18
vn -1 0 -7.0849e-19
v 28.3059 8.92801 1.00591 0.39 0.29 0.18
vn -0.809017 -0.587785 1.54586e-19
v 28.4259 8.84083 1.00591 0.39 0.29 0.18
vn -0.309017 -0.951057 -2.52479e-18
v 28.5743 8.84083 1.00591 0.39 0.29 0.18
vn 0.309017 -0.951057 1.26239e-18
v 28.6943 8.92801 1.00591 0.39 0.29 0.18
vn 0.809017 -0.587785 1.8163e-18
v 28.7401 9.06908 0.558752 0.39 0.29 0.18
vn 1 0 -7.0849e-19
v 28.6943 9.21015 0.558752 0.39 0.29 0.18
vn 0.809017 0.587785 1.54586e-19
v 28.5743 9.29733 0.558752 0.39 0.29 0.18
vn 0.309017 0.951057 -2.52479e-18
v 28.4259 9.29733 0.558752 0.39 0.29 0.18
vn -0.309017 0.951057 1.26239e-18
v 28.3059 9.21015 0.558752 0.39 0.29 0.18
vn -0.809017 0.587785 1.8163e-18
v 28.2601 9.06908 0.558752 0.39 0.29 0.18
vn -1 0 -7.0849e-19
v 28.3059 8.92801 0.558752 0.39 0.29 0.18
vn -0.809017 -0.587785 1.54586e-19
v 28.4259 8.84083 0.558752 0.39 0.29 0.18
vn -0.309017 -0.951057 -2.52479e-18
v 28.5743 8.84083 0.558752 0.39 0.29 0.18
vn 0.309017 -0.951057 1.26239e-18
v 28.6943 8.92801 0.558752 0.39 0.29 0.18
vn 0.809017 -0.587785 1.8163e-18
v 28.7401 9.06908 0.111597 0.39 0.29 0.18
vn 1 0 -7.0849e-19
v 28.6943 9.21015 0.111597 0.39 0.29 0.18
vn 0.809017 0.587785 1.54586e-19
v 28.5743 9.29733 0.111597 0.39 0.29 0.18
vn 0.309017 0.951057 -2.52479e-18
v 28.4259 9.29733 0.111597 0.39 0.29 0.18
vn -0.309017 0.951057 1.26239e-18
v 28.3059 9.21015 0.111597 0.39 0.29 0.18
vn -0.809017 0.587785 1.8163e-18
v 28.2601 9.06908 0.111597 0.39 0.29 0.18
vn -1 0 -7.0849e-19
v 28.3059 8.92801 0.111597 0.39 0.29 0.18
vn -0.809017 -0.587785 1.54586e-19
v 28.4259 8.84083 0.111597 0.39 0.29 0.18
vn -0.309017 -0.951057 -2.52479e-18
v 28.5743 8.84083 0.111597 0.39 0.29 0.18
vn 0.309017 -0.951057 1.26239e-18
v 28.6943 8.92801 0.111597 0.39 0.29 0.18
vn 0.809017 -0.587785 1.8163e-18
v 28.7401 9.06908 -0.335558 0.39 0.29 0.18
vn 0.936683 0.101449 -0.335162
v 28.6943 9.21015 -0.335558 0.39 0.29 0.18
vn 0.698162 0.632642 -0.335162
v 28.5743 9.29733 -0.335558 0.39 0.29 0.18
vn 0.192967 0.922188 -0.335162
v 28.4259 9.29733 -0.335558 0.39 0.29 0.18
vn -0.385935 0.859489 -0.335162
v 28.3059 9.21015 -0.335558 0.39 0.29 0.18
vn -0.817423 0.468494 -0.335162
v 28.2601 9.06908 -0.335558 0.39 0.29 0.18
vn -0.936683 -0.101449 -0.335162
v 28.3059 8.92801 -0.335558 0.39 0.29 0.18
vn -0.698162 -0.632642 -0.335162
v 28.4259 8.84083 -0.335558 0.39 0.29 0.18
vn -0.192967 -0.922188 -0.335162
v 28.5743 8.84083 -0.335558 0.39 0.29 0.18
vn 0.385935 -0.859489 -0.335162
v 28.6943 8.92801 -0.335558 0.39 0.29 0.18
vn 0.817423 -0.468494 -0.335162
v 33.6412 -2.10492 1.58413 0.39 0.29 0.18
vn 0 0 1
v 33.6412 -2.10492 -1.07878 0.39 0.29 0.18
vn 0 0 -1
v 33.8812 -2.10492 1.58413 0.39 0.29 0.18
vn 0.966966 -0.104729 0.232399
v 33.8353 -1.96386 1.58413 0.39 0.29 0.18
vn 0.84385 0.483641 0.232399
v 33.7153 -1.87667 1.58413 0.39 0.29 0.18
vn 0.398412 0.887276 0.232399
v 33.567 -1.87667 1.58413 0.39 0.29 0.18
vn -0.199206 0.952002 0.232399
v 33.447 -1.96386 1.58413 0.39 0.29 0.18
vn -0.720734 0.653096 0.232399
v 33.4012 -2.10492 1.58413 0.39 0.29 0.18
vn -0.966966 0.104729 0.232399
v 33.447 -2.24599 1.58413 0.39 0.29 0.18
vn -0.84385 -0.483641 0.232399
v 33.567 -2.33318 1.58413 0.39 0.29 0.18
vn -0.398412 -0.887276 0.232399
v 33.7153 -2.33318 1.58413 0.39 0.29 0.18
vn 0.199206 -0.952002 0.232399
v 33.8353 -2.24599 1.58413 0.39 0.29 0.18
vn 0.720734 -0.653096 0.232399
v 33.8812 -2.10492 0.918404 0.39 0.29 0.18
vn 1 -1.23144e-17 -6.64184e-20
v 33.8353 -1.96386 0.918404 0.39 0.29 0.18
vn 0.809017 0.587785 -1.22952e-18
v 33.7153 -1.87667 0.918404 0.39 0.29 0.18
vn 0.309017 0.951057 5.50961e-19
v 33.567 -1.87667 0.918404 0.39 0.29 0.18
vn -0.309017 0.951057 8.32812e-19
v 33.447 -1.96386 0.918404 0.39 0.29 0.18
vn -0.809017 0.587785 2.41812e-18
v 33.4012 -2.10492 0.918404 0.39 0.29 0.18
vn -1 6.15718e-18 1.88234e-18
v 33.447 -2.24599 0.918404 0.39 0.29 0.18
vn -0.809017 -0.587785 -7.81382e-20
v 33.567 -2.33318 0.918404 0.39 0.29 0.18
vn -0.309017 -0.951057 -1.66562e-18
v 33.7153 -2.33318 0.918404 0.39 0.29 0.18
vn 0.309017 -0.951057 -1.38377e-18
v 33.8353 -2.24599 0.918404 0.39 0.29 0.18
vn 0.809017 -0.587785 -2.42451e-18
v 33.8812 -2.10492 0.252675 0.39 0.29 0.18
vn 1 0 -6.64184e-20
v 33.8353 -1.96386 0.252675 0.39 0.29 0.18
vn 0.809017 0.587785 -1.22952e-18
v 33.7153 -1.87667 0.252675 0.39 0.29 0.18
vn 0.309017 0.951057 5.50961e-19
v 33.567 -1.87667 0.252675 0.39 0.29 0.18
vn -0.309017 0.951057 8.32812e-19
v 33.447 -1.96386 0.252675 0.39 0.29 0.18
vn -0.809017 0.587785 2.41812e-18
v 33.4012 -2.10492 0.252675 0.39 0.29 0.18
vn -1 0 1.88234e-18
v 33.447 -2.24599 0.252675 0.39 0.29 0.18
vn -0.809017 -0.587785 -7.81382e-20
v 33.567 -2.33318 0.252675 0.39 0.29 0.18
vn -0.309017 -0.951057 -1.66562e-18
v 33.7153 -2.33318 0.252675 0.39 0.29 0.18
vn 0.309017 -0.951057 -1.38377e-18
v 33.8353 -2.24599 0.252675 0.39 0.29 0.18
vn 0.809017 -0.587785 -2.42451e-18
v 33.8812 -2.10492 -0.413053 0.39 0.29 0.18
vn 1 0 -6.64184e-20
v 33.8353 -1.96386 -0.413053 0.39 0.29 0.18
vn 0.809017 0.587785 -1.22952e-18
v 33.7153 -1.87667 -0.413053 0.39 0.29 0.18
vn 0.309017 0.951057 5.50961e-19
v 33.567 -1.87667 -0.413053 0.39 0.29 0.18
vn -0.309017 0.951057 8.32812e-19
v 33.447 -1.96386 -0.413053 0.39 0.29 0.18
vn -0.809017 0.587785 2.41812e-18
v 33.4012 -2.10492 -0.413053 0.39 0.29 0.18
vn -1 6.15718e-18 1.88234e-18
v 33.447 -2.24599 -0.413053 0.39 0.29 0.18
vn -0.809017 -0.587785 -7.81382e-20
v 33.567 -2.33318 -0.413053 0.39 0.29 0.18
vn -0.309017 -0.951057 -1.66562e-18
v 33.7153 -2.33318 -0.413053 0.39 0.29 0.18
vn 0.309017 -0.951057 -1.38377e-18
v 33.8353 -2.24599 -0.413053 0.39 0.29 0.18
vn 0.809017 -0.587785 -2.42451e-18
v 33.8812 -2.10492 -1.07878 0.39 0.29 0.18
vn 0.966966 0.104729 -0.232399
v 33.8353 -1.96386 -1.07878 0.39 0.29 0.18
vn 0.720734 0.653096 -0.232399
v 33.7153 -1.87667 -1.07878 0.39 0.29 0.18
vn 0.199206 0.952002 -0.232399
v 33.567 -1.87667 -1.07878 0.39 0.29 0.18
vn -0.398412 0.887276 -0.232399
v 33.447 -1.96386 -1.07878 0.39 0.29 0.18
vn -0.84385 0.483641 -0.232399
v 33.4012 -2.10492 -1.07878 0.39 0.29 0.18
vn -0.966966 -0.104729 -0.232399
v 33.447 -2.24599 -1.07878 0.39 0.29 0.18
vn -0.720734 -0.653096 -0.232399
v 33.567 -2.33318 -1.07878 0.39 0.29 0.18
vn -0.199206 -0.952002 -0.232399
v 33.7153 -2.33318 -1.07878 0.39 0.29 0.18
vn 0.398412 -0.887276 -0.232399
v 33.8353 -2.24599 -1.07878 0.39 0.29 0.18
vn 0.84385 -0.483641 -0.232399
v -43.0725 -14.2822 1.86688 0.39 0.29 0.18
vn 0 0 1
v -43.0725 -14.2822 -1.46625 0.39 0.29 0.18
vn 0 0 -1
v -42.8325 -14.2822 1.86688 0.39 0.29 0.18
vn 0.976552 -0.105767 0.18751
v -42.8784 -14.1412 1.86688 0.39 0.29 0.18
vn 0.852215 0.488435 0.18751
v -42.9984 -14.054 1.86688 0.39 0.29 0.18
vn 0.402361 0.896072 0.18751
v -43.1467 -14.054 1.86688 0.39 0.29 0.18
vn -0.201181 0.96144 0.18751
v -43.2667 -14.1412 1.86688 0.39 0.29 0.18
vn -0.727879 0.65957 0.18751
v -43.3125 -14.2822 1.86688 0.39 0.29 0.18
vn -0.976552 0.105767 0.18751
v -43.2667 -14.4233 1.86688 0.39 0.29 0.18
vn -0.852215 -0.488435 0.18751
v -43.1467 -14.5105 1.86688 0.39 0.29 0.18
vn -0.402361 -0.896072 0.18751
v -42.9984 -14.5105 1.86688 0.39 0.29 0.18
vn 0.201181 -0.96144 0.18751
v -42.8784 -14.4233 1.86688 0.39 0.29 0.18
vn 0.727879 -0.65957 0.18751
v -42.8325 -14.2822 1.0336 0.39 0.29 0.18
vn 1 1.96765e-17 -3.8019e-19
v -42.8784 -14.1412 1.0336 0.39 0.29 0.18
vn 0.809017 0.587785 1.17723e-18
v -42.9984 -14.054 1.0336 0.39 0.29 0.18
vn 0.309017 0.951057 8.33706e-19
v -43.1467 -14.054 1.0336 0.39 0.29 0.18
vn -0.309017 0.951057 -4.16853e-19
v -43.2667 -14.1412 1.0336 0.39 0.29 0.18
vn -0.809017 0.587785 -1.2139e-18
v -43.3125 -14.2822 1.0336 0.39 0.29 0.18
vn -1 -1.96765e-17 -3.8019e-19
v -43.2667 -14.4233 1.0336 0.39 0.29 0.18
vn -0.809017 -0.587785 1.17723e-18
v -43.1467 -14.5105 1.0336 0.39 0.29 0.18
vn -0.309017 -0.951057 8.33706e-19
v -42.9984 -14.5105 1.0336 0.39 0.29 0.18
vn 0.309017 -0.951057 -4.16853e-19
v -42.8784 -14.4233 1.0336 0.39 0.29 0.18
vn 0.809017 -0.587785 -1.2139e-18
v -42.8325 -14.2822 0.200314 0.39 0.29 0.18
vn 1 0 -3.8019e-19
v -42.8784 -14.1412 0.200314 0.39 0.29 0.18
vn 0.809017 0.587785 1.17723e-18
v -42.9984 -14.054 0.200314 0.39 0.29 0.18
vn 0.309017 0.951057 8.33706e-19
v -43.1467 -14.054 0.200314 0.39 0.29 0.18
vn -0.309017 0.951057 -4.16853e-19
v -43.2667 -14.1412 0.200314 0.39 0.29 0.18
vn -0.809017 0.587785 -1.2139e-18
v -43.3125 -14.2822 0.200314 0.39 0.29 0.18
vn -1 0 -3.8019e-19
v -43.2667 -14.4233 0.200314 0.39 0.29 0.18
vn -0.809017 -0.587785 1.17723e-18
v -43.1467 -14.5105 0.200314 0.39 0.29 0.18
vn -0.309017 -0.951057 8.33706e-19
v -42.9984 -14.5105 0.200314 0.39 0.29 0.18
vn 0.309017 -0.951057 -4.16853e-19
v -42.8784 -14.4233 0.200314 0.39 0.29 0.18
vn 0.809017 -0.587785 -1.2139e-18
v -42.8325 -14.2822 -0.632967 0.39 0.29 0.18
vn 1 -1.96765e-17 -3.8019e-19
v -42.8784 -14.1412 -0.632967 0.39 0.29 0.18
vn 0.809017 0.587785 1.17723e-18
v -42.9984 -14.054 -0.632967 0.39 0.29 0.18
vn 0.309017 0.951057 8.33706e-19
v -43.1467 -14.054 -0.632967 0.39 0.29 0.18
vn -0.309017 0.951057 -4.16853e-19
v -43.2667 -14.1412 -0.632967 0.39 0.29 0.18
vn -0.809017 0.587785 -1.2139e-18
v -43.3125 -14.2822 -0.632967 0.39 0.29 0.18
vn -1 1.96765e-17 -3.8019e-19
v -43.2667 -14.4233 -0.632967 0.39 0.29 0.18
vn -0.809017 -0.587785 1.17723e-18
v -43.1467 -14.5105 -0.632967 0.39 0.29 0.18
vn -0.309017 -0.951057 8.33706e-19
v -42.9984 -14.5105 -0.632967 0.39 0.29 0.18
vn 0.309017 -0.951057 -4.16853e-19
v -42.8784 -14.4233 -0.632967 0.39 0.29 0.18
vn 0.809017 -0.587785 -1.2139e-18
v -42.8325 -14.2822 -1.46625 0.39 0.29 0.18
vn 0.976552 0.105767 -0.18751
v -42.8784 -14.1412 -1.46625 0.39 0.29 0.18
vn 0.727879 0.65957 -0.18751
v -42.9984 -14.054 -1.46625 0.39 0.29 0.18
vn 0.201181 0.96144 -0.18751
v -43.1467 -14.054 -1.46625 0.39 0.29 0.18
vn -0.402361 0.896072 -0.18751
v -43.2667 -14.1412 -1.46625 0.39 0.29 0.18
vn -0.852215 0.488435 -0.18751
v -43.3125 -14.2822 -1.46625 0.39 0.29 0.18
vn -0.976552 -0.105767 -0.18751
v -43.2667 -14.4233 -1.46625 0.39 0.29 0.18
vn -0.727879 -0.65957 -0.18751
v -43.1467 -14.5105 -1.46625 0.39 0.29 0.18
vn -0.201181 -0.96144 -0.18751
v -42.9984 -14.5105 -1.46625 0.39 0.29 0.18
vn 0.402361 -0.896072 -0.18751
v -42.8784 -14.4233 -1.46625 0.39 0.29 0.18
vn 0.852215 -0.488435 -0.18751
v -34.3262 16.1395 1.53666 0.39 0.29 0.18
vn 0 0 1
v -34.3262 16.1395 -1.53439 0.39 0.29 0.18
vn 0 0 -1
v -34.0862 16.1395 1.53666 0.39 0.29 0.18
vn 0.973511 -0.105438 0.202877
v -34.1321 16.2806 1.53666 0.39 0.29 0.18
vn 0.849562 0.486915 0.202877
v -34.2521 16.3678 1.53666 0.39 0.29 0.18
vn 0.401109 0.893282 0.202877
v -34.4004 16.3678 1.53666 0.39 0.29 0.18
vn -0.200554 0.958446 0.202877
v -34.5204 16.2806 1.53666 0.39 0.29 0.18
vn -0.725612 0.657516 0.202877
v -34.5662 16.1395 1.53666 0.39 0.29 0.18
vn -0.973511 0.105438 0.202877
v -34.5204 15.9984 1.53666 0.39 0.29 0.18
vn -0.849562 -0.486915 0.202877
v -34.4004 15.9113 1.53666 0.39 0.29 0.18
vn -0.401109 -0.893282 0.202877
v -34.2521 15.9113 1.53666 0.39 0.29 0.18
vn 0.200554 -0.958446 0.202877
v -34.1321 15.9984 1.53666 0.39 0.29 0.18
vn 0.725612 -0.657516 0.202877
v -34.0862 16.1395 0.768899 0.39 0.29 0.18
vn 1 2.13556e-17 -4.12634e-19
v -34.1321 16.2806 0.768899 0.39 0.29 0.18
vn 0.809017 0.587785 1.27769e-18
v -34.2521 16.3678 0.768899 0.39 0.29 0.18
vn 0.309017 0.951057 9.04851e-19
v -34.4004 16.3678 0.768899 0.39 0.29 0.18
vn -0.309017 0.951057 -4.52425e-19
v -34.5204 16.2806 0.768899 0.39 0.29 0.18
vn -0.809017 0.587785 -1.31748e-18
v -34.5662 16.1395 0.768899 0.39 0.29 0.18
vn -1 -1.06778e-17 -4.12634e-19
v -34.5204 15.9984 0.768899 0.39 0.29 0.18
vn -0.809017 -0.587785 1.27769e-18
v -34.4004 15.9113 0.768899 0.39 0.29 0.18
vn -0.309017 -0.951057 9.04851e-19
v -34.2521 15.9113 0.768899 0.39 0.29 0.18
vn 0.309017 -0.951057 -4.52425e-19
v -34.1321 15.9984 0.768899 0.39 0.29 0.18
vn 0.809017 -0.587785 -1.31748e-18
v -34.0862 16.1395 0.0011356 0.39 0.29 0.18
vn 1 0 -4.12634e-19
v -34.1321 16.2806 0.0011356 0.39 0.29 0.18
vn 0.809017 0.587785 1.27769e-18
v -34.2521 16.3678 0.0011356 0.39 0.29 0.18
vn 0.309017 0.951057 9.04851e-19
v -34.4004 16.3678 0.0011356 0.39 0.29 0.18
vn -0.309017 0.951057 -4.52425e-19
v -34.5204 16.2806 0.0011356 0.39 0.29 0.18
vn -0.809017 0.587785 -1.31748e-18
v -34.5662 16.1395 0.0011356 0.39 0.29 0.18
vn -1 -1.06778e-17 -4.12634e-19
v -34.5204 15.9984 0.0011356 0.39 0.29 0.18
vn -0.809017 -0.587785 1.27769e-18
v -34.4004 15.9113 0.0011356 0.39 0.29 0.18
vn -0.309017 -0.951057 9.04851e-19
v -34.2521 15.9113 0.0011356 0.39 0.29 0.18
vn 0.309017 -0.951057 -4.52425e-19
v -34.1321 15.9984 0.0011356 0.39 0.29 0.18
vn 0.809017 -0.587785 -1.31748e-18
v -34.0862 16.1395 -0.766628 0.39 0.29 0.18
vn 1 -2.13556e-17 -4.12634e-19
v -34.1321 16.2806 -0.766628 0.39 0.29 0.18
vn 0.809017 0.587785 1.27769e-18
v -34.2521 16.3678 -0.766628 0.39 0.29 0.18
vn 0.309017 0.951057 9.04851e-19
v -34.4004 16.3678 -0.766628 0.39 0.29 0.18
vn -0.309017 0.951057 -4.52425e-19
v -34.5204 16.2806 -0.766628 0.39 0.29 0.18
vn -0.809017 0.587785 -1.31748e-18
v -34.5662 16.1395 -0.766628 0.39 0.29 0.18
vn -1 2.13556e-17 -4.12634e-19
v -34.5204 15.9984 -0.766628 0.39 0.29 0.18
vn -0.809017 -0.587785 1.27769e-18
v -34.4004 15.9113 -0.766628 0.39 0.29 0.18
vn -0.309017 -0.951057 9.04851e-19
v -34.2521 15.9113 -0.766628 0.39 0.29 0.18
vn 0.309017 -0.951057 -4.52425e-19
v -34.1321 15.9984 -0.766628 0.39 0.29 0.18
vn 0.809017 -0.587785 -1.31748e-18
v -34.0862 16.1395 -1.53439 0.39 0.29 0.18
vn 0.973511 0.105438 -0.202877
v -34.1321 16.2806 -1.53439 0.39 0.29 0.18
vn 0.725612 0.657516 -0.202877
v -34.2521 16.3678 -1.53439 0.39 0.29 0.18
vn 0.200554 0.958446 -0.202877
v -34.4004 16.3678 -1.53439 0.39 0.29 0.18
vn -0.401109 0.893282 -0.202877
v -34.5204 16.2806 -1.53439 0.39 0.29 0.18
vn -0.849562 0.486915 -0.202877
v -34.5662 16.1395 -1.53439 0.39 0.29 0.18
vn -0.973511 -0.105438 -0.202877
v -34.5204 15.9984 -1.53439 0.39 0.29 0.18
vn -0.725612 -0.657516 -0.202877
v -34.4004 15.9113 -1.53439 0.39 0.29 0.18
vn -0.200554 -0.958446 -0.202877
v -34.2521 15.9113 -1.53439 0.39 0.29 0.18
vn 0.401109 -0.893282 -0.202877
v -34.1321 15.9984 -1.53439 0.39 0.29 0.18
vn 0.849562 -0.486915 -0.202877
v 39.429 10.218 1.8639 0.39 0.29 0.18
vn 0 0 1
v 39.429 10.218 -0.424588 0.39 0.29 0.18
vn 0 0 -1
v 39.669 10.218 1.8639 0.39 0.29 0.18
vn 0.957853 -0.103742 0.267874
v 39.6232 10.3591 1.8639 0.39 0.29 0.18
vn 0.835897 0.479083 0.267874
v 39.5032 10.4463 1.8639 0.39 0.29 0.18
vn 0.394657 0.878914 0.267874
v 39.3548 10.4463 1.8639 0.39 0.29 0.18
vn -0.197328 0.94303 0.267874
v 39.2348 10.3591 1.8639 0.39 0.29 0.18
vn -0.713941 0.64694 0.267874
v 39.189 10.218 1.8639 0.39 0.29 0.18
vn -0.957853 0.103742 0.267874
v 39.2348 10.077 1.8639 0.39 0.29 0.18
vn -0.835897 -0.479083 0.267874
v 39.3548 9.98979 1.8639 0.39 0.29 0.18
vn -0.394657 -0.878914 0.267874
v 39.5032 9.98979 1.8639 0.39 0.29 0.18
vn 0.197328 -0.94303 0.267874
v 39.6232 10.077 1.8639 0.39 0.29 0.18
vn 0.713941 -0.64694 0.267874
v 39.669 10.218 1.29178 0.39 0.29 0.18
vn 1 0 -5.53737e-19
v 39.6232 10.3591 1.29178 0.39 0.29 0.18
vn 0.809017 0.587785 1.71461e-18
v 39.5032 10.4463 1.29178 0.39 0.29 0.18
vn 0.309017 0.951057 1.21427e-18
v 39.3548 10.4463 1.29178 0.39 0.29 0.18
vn -0.309017 0.951057 -6.07135e-19
v 39.2348 10.3591 1.29178 0.39 0.29 0.18
vn -0.809017 0.587785 -1.76801e-18
v 39.189 10.218 1.29178 0.39 0.29 0.18
vn -1 0 -5.53737e-19
v 39.2348 10.077 1.29178 0.39 0.29 0.18
vn -0.809017 -0.587785 1.71461e-18
v 39.3548 9.98979 1.29178 0.39 0.29 0.18
vn -0.309017 -0.951057 1.21427e-18
v 39.5032 9.98979 1.29178 0.39 0.29 0.18
vn 0.309017 -0.951057 -6.07135e-19
v 39.6232 10.077 1.29178 0.39 0.29 0.18
vn 0.809017 -0.587785 -1.76801e-18
v 39.669 10.218 0.719656 0.39 0.29 0.18
vn 1 0 -5.53737e-19
v 39.6232 10.3591 0.719656 0.39 0.29 0.18
vn 0.809017 0.587785 1.71461e-18
v 39.5032 10.4463 0.719656 0.39 0.29 0.18
vn 0.309017 0.951057 1.21427e-18
v 39.3548 10.4463 0.719656 0.39 0.29 0.18
vn -0.309017 0.951057 -6.07135e-19
v 39.2348 10.3591 0.719656 0.39 0.29 0.18
vn -0.809017 0.587785 -1.76801e-18
v 39.189 10.218 0.719656 0.39 0.29 0.18
vn -1 0 -5.53737e-19
v 39.2348 10.077 0.719656 0.39 0.29 0.18
vn -0.809017 -0.587785 1.71461e-18
v 39.3548 9.98979 0.719656 0.39 0.29 0.18
vn -0.309017 -0.951057 1.21427e-18
v 39.5032 9.98979 0.719656 0.39 0.29 0.18
vn 0.309017 -0.951057 -6.07135e-19
v 39.6232 10.077 0.719656 0.39 0.29 0.18
vn 0.809017 -0.587785 -1.76801e-18
v 39.669 10.218 0.147534 0.39 0.29 0.18
vn 1 0 -5.53737e-19
v 39.6232 10.3591 0.147534 0.39 0.29 0.18
vn 0.809017 0.587785 1.71461e-18
v 39.5032 10.4463 0.147534 0.39 0.29 0.18
vn 0.309017 0.951057 1.21427e-18
v 39.3548 10.4463 0.147534 0.39 0.29 0.18
vn -0.309017 0.951057 -6.07135e-19
v 39.2348 10.3591 0.147534 0.39 0.29 0.18
vn -0.809017 0.587785 -1.76801e-18
v 39.189 10.218 0.147534 0.39 0.29 0.18
vn -1 0 -5.53737e-19
v 39.2348 10.077 0.147534 0.39 0.29 0.18
vn -0.809017 -0.587785 1.71461e-18
v 39.3548 9.98979 0.147534 0.39 0.29 0.18
vn -0.309017 -0.951057 1.21427e-18
v 39.5032 9.98979 0.147534 0.39 0.29 0.18
vn 0.309017 -0.951057 -6.07135e-19
v 39.6232 10.077 0.147534 0.39 0.29 0.18
vn 0.809017 -0.587785 -1.76801e-18
v 39.669 10.218 -0.424588 0.39 0.29 0.18
vn 0.957853 0.103742 -0.267874
v 39.6232 10.3591 -0.424588 0.39 0.29 0.18
vn 0.713941 0.64694 -0.267874
v 39.5032 10.4463 -0.424588 0.39 0.29 0.18
vn 0.197328 0.94303 -0.267874
v 39.3548 10.4463 -0.424588 0.39 0.29 0.18
vn -0.394657 0.878914 -0.267874
v 39.2348 10.3591 -0.424588 0.39 0.29 0.18
vn -0.835897 0.479083 -0.267874
v 39.189 10.218 -0.424588 0.39 0.29 0.18
vn -0.957853 -0.103742 -0.267874
v 39.2348 10.077 -0.424588 0.39 0.29 0.18
vn -0.713941 -0.64694 -0.267874
v 39.3548 9.98979 -0.424588 0.39 0.29 0.18
vn -0.197328 -0.94303 -0.267874
v 39.5032 9.98979 -0.424588 0.39 0.29 0.18
vn 0.394657 -0.878914 -0.267874
v 39.6232 10.077 -0.424588 0.39 0.29 0.18
vn 0.835897 -0.479083 -0.267874
v 12.3316 -3.55814 0.763975 0.39 0.29 0.18
vn 0 0 1
v 12.3316 -3.55814 -1.06661 0.39 0.29 0.18
vn 0 0 -1
v 12.5716 -3.55814 0.763975 0.39 0.29 0.18
vn 0.939076 -0.101708 0.328315
v 12.5257 -3.41707 0.763975 0.39 0.29 0.18
vn 0.819511 0.469692 0.328315
v 12.4057 -3.32989 0.763975 0.39 0.29 0.18
vn 0.386921 0.861685 0.328315
v 12.2574 -3.32989 0.763975 0.39 0.29 0.18
vn -0.19346 0.924544 0.328315
v 12.1374 -3.41707 0.763975 0.39 0.29 0.18
vn -0.699946 0.634259 0.328315
v 12.0916 -3.55814 0.763975 0.39 0.29 0.18
vn -0.939076 0.101708 0.328315
v 12.1374 -3.69921 0.763975 0.39 0.29 0.18
vn -0.819511 -0.469692 0.328315
v 12.2574 -3.78639 0.763975 0.39 0.29 0.18
vn -0.386921 -0.861685 0.328315
v 12.4057 -3.78639 0.763975 0.39 0.29 0.18
vn 0.19346 -0.924544 0.328315
v 12.5257 -3.69921 0.763975 0.39 0.29 0.18
vn 0.699946 -0.634259 0.328315
v 12.5716 -3.55814 0.306329 0.39 0.29 0.18
vn 1 0 2.93473e-19
v 12.5257 -3.41707 0.306329 0.39 0.29 0.18
vn 0.809017 0.587785 6.7649e-19
v 12.4057 -3.32989 0.306329 0.39 0.29 0.18
vn 0.309017 0.951057 2.52687e-18
v 12.2574 -3.32989 0.306329 0.39 0.29 0.18
vn -0.309017 0.951057 -1.26344e-18
v 12.1374 -3.41707 0.306329 0.39 0.29 0.18
vn -0.809017 0.587785 -2.2334e-18
v 12.0916 -3.55814 0.306329 0.39 0.29 0.18
vn -1 0 2.93473e-19
v 12.1374 -3.69921 0.306329 0.39 0.29 0.18
vn -0.809017 -0.587785 6.7649e-19
v 12.2574 -3.78639 0.306329 0.39 0.29 0.18
vn -0.309017 -0.951057 2.52687e-18
v 12.4057 -3.78639 0.306329 0.39 0.29 0.18
vn 0.309017 -0.951057 -1.26344e-18
v 12.5257 -3.69921 0.306329 0.39 0.29 0.18
vn 0.809017 -0.587785 -2.2334e-18
v 12.5716 -3.55814 -0.151318 0.39 0.29 0.18
vn 1 -1.79134e-17 2.93473e-19
v 12.5257 -3.41707 -0.151318 0.39 0.29 0.18
vn 0.809017 0.587785 6.7649e-19
v 12.4057 -3.32989 -0.151318 0.39 0.29 0.18
vn 0.309017 0.951057 2.52687e-18
v 12.2574 -3.32989 -0.151318 0.39 0.29 0.18
vn -0.309017 0.951057 -1.26344e-18
v 12.1374 -3.41707 -0.151318 0.39 0.29 0.18
vn -0.809017 0.587785 -2.2334e-18
v 12.0916 -3.55814 -0.151318 0.39 0.29 0.18
vn -1 8.95672e-18 2.93473e-19
v 12.1374 -3.69921 -0.151318 0.39 0.29 0.18
vn -0.809017 -0.587785 6.7649e-19
v 12.2574 -3.78639 -0.151318 0.39 0.29 0.18
vn -0.309017 -0.951057 2.52687e-18
v 12.4057 -3.78639 -0.151318 0.39 0.29 0.18
vn 0.309017 -0.951057 -1.26344e-18
v 12.5257 -3.69921 -0.151318 0.39 0.29 0.18
vn 0.809017 -0.587785 -2.2334e-18
v 12.5716 -3.55814 -0.608964 0.39 0.29 0.18
vn 1 1.79134e-17 2.93473e-19
v 12.5257 -3.41707 -0.608964 0.39 0.29 0.18
vn 0.809017 0.587785 6.7649e-19
v 12.4057 -3.32989 -0.608964 0.39 0.29 0.18
vn 0.309017 0.951057 2.52687e-18
v 12.2574 -3.32989 -0.608964 0.39 0.29 0.18
vn -0.309017 0.951057 -1.26344e-18
v 12.1374 -3.41707 -0.608964 0.39 0.29 0.18
vn -0.809017 0.587785 -2.2334e-18
v 12.0916 -3.55814 -0.608964 0.39 0.29 0.18
vn -1 -1.79134e-17 2.93473e-19
v 12.1374 -3.69921 -0.608964 0.39 0.29 0.18
vn -0.809017 -0.587785 6.7649e-19
v 12.2574 -3.78639 -0.608964 0.39 0.29 0.18
vn -0.309017 -0.951057 2.52687e-18
v 12.4057 -3.78639 -0.608964 0.39 0.29 0.18
vn 0.309017 -0.951057 -1.26344e-18
v 12.5257 -3.69921 -0.608964 0.39 0.29 0.18
vn 0.809017 -0.587785 -2.2334e-18
v 12.5716 -3.55814 -1.06661 0.39 0.29 0.18
vn 0.939076 0.101708 -0.328315
v 12.5257 -3.41707 -1.06661 0.39 0.29 0.18
vn 0.699946 0.634259 -0.328315
v 12.4057 -3.32989 -1.06661 0.39 0.29 0.18
vn 0.19346 0.924544 -0.328315
v 12.2574 -3.32989 -1.06661 0.39 0.29 0.18
vn -0.386921 0.861685 -0.328315
v 12.1374 -3.41707 -1.06661 0.39 0.29 0.18
vn -0.819511 0.469692 -0.328315
v 12.0916 -3.55814 -1.06661 0.39 0.29 0.18
vn -0.939076 -0.101708 -0.328315
v 12.1374 -3.69921 -1.06661 0.39 0.29 0.18
vn -0.699946 -0.634259 -0.328315
v 12.2574 -3.78639 -1.06661 0.39 0.29 0.18
vn -0.19346 -0.924544 -0.328315
v 12.4057 -3.78639 -1.06661 0.39 0.29 0.18
vn 0.386921 -0.861685 -0.328315
v 12.5257 -3.69921 -1.06661 0.39 0.29 0.18
vn 0.819511 -0.469692 -0.328315
v 49.4699 -0.889758 2.22328 0.39 0.29 0.18
vn 0 0 1
v 49.4699 -0.889758 0.373145 0.39 0.29 0.18
vn 0 0 -1
v 49.7099 -0.889758 2.22328 0.39 0.29 0.18
vn 0.940142 -0.101824 0.325215
v 49.6641 -0.74869 2.22328 0.39 0.29 0.18
vn 0.820441 0.470225 0.325215
v 49.5441 -0.661504 2.22328 0.39 0.29 0.18
vn 0.38736 0.862663 0.325215
v 49.3958 -0.661504 2.22328 0.39 0.29 0.18
vn -0.19368 0.925594 0.325215
v 49.2758 -0.74869 2.22328 0.39 0.29 0.18
vn -0.700741 0.634979 0.325215
v 49.2299 -0.889758 2.22328 0.39 0.29 0.18
vn -0.940142 0.101824 0.325215
v 49.2758 -1.03083 2.22328 0.39 0.29 0.18
vn -0.820441 -0.470225 0.325215
v 49.3958 -1.11801 2.22328 0.39 0.29 0.18
vn -0.38736 -0.862663 0.325215
v 49.5441 -1.11801 2.22328 0.39 0.29 0.18
vn 0.19368 -0.925594 0.325215
v 49.6641 -1.03083 2.22328 0.39 0.29 0.18
vn 0.700741 -0.634979 0.325215
v 49.7099 -0.889758 1.76075 0.39 0.29 0.18
vn 1 0 4.93741e-19
v 49.6641 -0.74869 1.76075 0.39 0.29 0.18
vn 0.809017 0.587785 -3.51723e-19
v 49.5441 -0.661504 1.76075 0.39 0.29 0.18
vn 0.309017 0.951057 3.62887e-18
v 49.3958 -0.661504 1.76075 0.39 0.29 0.18
vn -0.309017 0.951057 -3.96501e-19
v 49.2758 -0.74869 1.76075 0.39 0.29 0.18
vn -0.809017 0.587785 -4.59275e-21
v 49.2299 -0.889758 1.76075 0.39 0.29 0.18
vn -1 0 7.8841e-19
v 49.2758 -1.03083 1.76075 0.39 0.29 0.18
vn -0.809017 -0.587785 -1.18032e-18
v 49.3958 -1.11801 1.76075 0.39 0.29 0.18
vn -0.309017 -0.951057 7.93002e-19
v 49.5441 -1.11801 1.76075 0.39 0.29 0.18
vn 0.309017 -0.951057 -3.96501e-19
v 49.6641 -1.03083 1.76075 0.39 0.29 0.18
vn 0.809017 -0.587785 -4.59275e-21
v 49.7099 -0.889758 1.29821 0.39 0.29 0.18
vn 1 -1.77242e-17 4.93741e-19
v 49.6641 -0.74869 1.29821 0.39 0.29 0.18
vn 0.809017 0.587785 -3.51723e-19
v 49.5441 -0.661504 1.29821 0.39 0.29 0.18
vn 0.309017 0.951057 3.62887e-18
v 49.3958 -0.661504 1.29821 0.39 0.29 0.18
vn -0.309017 0.951057 -3.96501e-19
v 49.2758 -0.74869 1.29821 0.39 0.29 0.18
vn -0.809017 0.587785 -4.59275e-21
v 49.2299 -0.889758 1.29821 0.39 0.29 0.18
vn -1 1.77242e-17 7.8841e-19
v 49.2758 -1.03083 1.29821 0.39 0.29 0.18
vn -0.809017 -0.587785 -1.18032e-18
v 49.3958 -1.11801 1.29821 0.39 0.29 0.18
vn -0.309017 -0.951057 7.93002e-19
v 49.5441 -1.11801 1.29821 0.39 0.29 0.18
vn 0.309017 -0.951057 -3.96501e-19
v 49.6641 -1.03083 1.29821 0.39 0.29 0.18
vn 0.809017 -0.587785 -4.59275e-21
v 49.7099 -0.889758 0.835679 0.39 0.29 0.18
vn 1 1.77242e-17 4.93741e-19
v 49.6641 -0.74869 0.835679 0.39 0.29 0.18
vn 0.809017 0.587785 -3.51723e-19
v 49.5441 -0.661504 0.835679 0.39 0.29 0.18
vn 0.309017 0.951057 3.62887e-18
v 49.3958 -0.661504 0.835679 0.39 0.29 0.18
vn -0.309017 0.951057 -3.96501e-19
v 49.2758 -0.74869 0.835679 0.39 0.29 0.18
vn -0.809017 0.587785 -4.59275e-21
v 49.2299 -0.889758 0.835679 0.39 0.29 0.18
vn -1 -1.77242e-17 7.8841e-19
v 49.2758 -1.03083 0.835679 0.39 0.29 0.18
vn -0.809017 -0.587785 -1.18032e-18
v 49.3958 -1.11801 0.835679 0.39 0.29 0.18
vn -0.309017 -0.951057 7.93002e-19
v 49.5441 -1.11801 0.835679 0.39 0.29 0.18
vn 0.309017 -0.951057 -3.96501e-19
v 49.6641 -1.03083 0.835679 0.39 0.29 0.18
vn 0.809017 -0.587785 -4.59275e-21
v 49.7099 -0.889758 0.373145 0.39 0.29 0.18
vn 0.940142 0.101824 -0.325215
v 49.6641 -0.74869 0.373145 0.39 0.29 0.18
vn 0.700741 0.634979 -0.325215
v 49.5441 -0.661504 0.373145 0.39 0.29 0.18
vn 0.19368 0.925594 -0.325215
v 49.3958 -0.661504 0.373145 0.39 0.29 0.18
vn -0.38736 0.862663 -0.325215
v 49.2758 -0.74869 0.373145 0.39 0.29 0.18
vn -0.820441 0.470225 -0.325215
v 49.2299 -0.889758 0.373145 0.39 0.29 0.18
vn -0.940142 -0.101824 -0.325215
v 49.2758 -1.03083 0.373145 0.39 0.29 0.18
vn -0.700741 -0.634979 -0.325215
v 49.3958 -1.11801 0.373145 0.39 0.29 0.18
vn -0.19368 -0.925594 -0.325215
v 49.5441 -1.11801 0.373145 0.39 0.29 0.18
vn 0.38736 -0.862663 -0.325215
v 49.6641 -1.03083 0.373145 0.39 0.29 0.18
vn 0.820441 -0.470225 -0.325215
v 20.4039 -3.02103 1.06385 0.39 0.29 0.18
vn 0 0 1
v 20.4039 -3.02103 -0.994801 0.39 0.29 0.18
vn 0 0 -1
v 20.6439 -3.02103 1.06385 0.39 0.29 0.18
vn 0.949852 -0.102875 0.295293
v 20.5981 -2.87996 1.06385 0.39 0.29 0.18
vn 0.828915 0.475081 0.295293
v 20.4781 -2.79278 1.06385 0.39 0.29 0.18
vn 0.391361 0.871573 0.295293
v 20.3298 -2.79278 1.06385 0.39 0.29 0.18
vn -0.19568 0.935153 0.295293
v 20.2098 -2.87996 1.06385 0.39 0.29 0.18
vn -0.707978 0.641537 0.295293
v 20.1639 -3.02103 1.06385 0.39 0.29 0.18
vn -0.949852 0.102875 0.295293
v 20.2098 -3.1621 1.06385 0.39 0.29 0.18
vn -0.828915 -0.475081 0.295293
v 20.3298 -3.24928 1.06385 0.39 0.29 0.18
vn -0.391361 -0.871573 0.295293
v 20.4781 -3.24928 1.06385 0.39 0.29 0.18
vn 0.19568 -0.935153 0.295293
v 20.5981 -3.1621 1.06385 0.39 0.29 0.18
vn 0.707978 -0.641537 0.295293
v 20.6439 -3.02103 0.549187 0.39 0.29 0.18
vn 1 0 4.43731e-19
v 20.5981 -2.87996 0.549187 0.39 0.29 0.18
vn 0.809017 0.587785 -8.69246e-19
v 20.4781 -2.79278 0.549187 0.39 0.29 0.18
vn 0.309017 0.951057 3.64321e-20
v 20.3298 -2.79278 0.549187 0.39 0.29 0.18
vn -0.309017 0.951057 -1.8216e-20
v 20.2098 -2.87996 0.549187 0.39 0.29 0.18
vn -0.809017 0.587785 4.07299e-19
v 20.1639 -3.02103 0.549187 0.39 0.29 0.18
vn -1 0 1.37556e-18
v 20.2098 -3.1621 0.549187 0.39 0.29 0.18
vn -0.809017 -0.587785 2.10943e-18
v 20.3298 -3.24928 0.549187 0.39 0.29 0.18
vn -0.309017 -0.951057 2.26648e-18
v 20.4781 -3.24928 0.549187 0.39 0.29 0.18
vn 0.309017 -0.951057 -1.8216e-20
v 20.5981 -3.1621 0.549187 0.39 0.29 0.18
vn 0.809017 -0.587785 4.07299e-19
v 20.6439 -3.02103 0.0345245 0.39 0.29 0.18
vn 1 1.59289e-17 4.43731e-19
v 20.5981 -2.87996 0.0345245 0.39 0.29 0.18
vn 0.809017 0.587785 -8.69246e-19
v 20.4781 -2.79278 0.0345245 0.39 0.29 0.18
vn 0.309017 0.951057 3.64321e-20
v 20.3298 -2.79278 0.0345245 0.39 0.29 0.18
vn -0.309017 0.951057 -1.8216e-20
v 20.2098 -2.87996 0.0345245 0.39 0.29 0.18
vn -0.809017 0.587785 4.07299e-19
v 20.1639 -3.02103 0.0345245 0.39 0.29 0.18
vn -1 -7.96446e-18 1.37556e-18
v 20.2098 -3.1621 0.0345245 0.39 0.29 0.18
vn -0.809017 -0.587785 2.10943e-18
v 20.3298 -3.24928 0.0345245 0.39 0.29 0.18
vn -0.309017 -0.951057 2.26648e-18
v 20.4781 -3.24928 0.0345245 0.39 0.29 0.18
vn 0.309017 -0.951057 -1.8216e-20
v 20.5981 -3.1621 0.0345245 0.39 0.29 0.18
vn 0.809017 -0.587785 4.07299e-19
v 20.6439 -3.02103 -0.480138 0.39 0.29 0.18
vn 1 -3.18579e-17 4.43731e-19
v 20.5981 -2.87996 -0.480138 0.39 0.29 0.18
vn 0.809017 0.587785 -8.69246e-19
v 20.4781 -2.79278 -0.480138 0.39 0.29 0.18
vn 0.309017 0.951057 3.64321e-20
v 20.3298 -2.79278 -0.480138 0.39 0.29 0.18
vn -0.309017 0.951057 -1.8216e-20
v 20.2098 -2.87996 -0.480138 0.39 0.29 0.18
vn -0.809017 0.587785 4.07299e-19
v 20.1639 -3.02103 -0.480138 0.39 0.29 0.18
vn -1 2.38934e-17 1.37556e-18
v 20.2098 -3.1621 -0.480138 0.39 0.29 0.18
vn -0.809017 -0.587785 2.10943e-18
v 20.3298 -3.24928 -0.480138 0.39 0.29 0.18
vn -0.309017 -0.951057 2.26648e-18
v 20.4781 -3.24928 -0.480138 0.39 0.29 0.18
vn 0.309017 -0.951057 -1.8216e-20
v 20.5981 -3.1621 -0.480138 0.39 0.29 0.18
vn 0.809017 -0.587785 4.07299e-19
v 20.6439 -3.02103 -0.994801 0.39 0.29 0.18
vn 0.949852 0.102875 -0.295293
v 20.5981 -2.87996 -0.994801 0.39 0.29 0.18
vn 0.707978 0.641537 -0.295293
v 20.4781 -2.79278 -0.994801 0.39 0.29 0.18
vn 0.19568 0.935153 -0.295293
v 20.3298 -2.79278 -0.994801 0.39 0.29 0.18
vn -0.391361 0.871573 -0.295293
v 20.2098 -2.87996 -0.994801 0.39 0.29 0.18
vn -0.828915 0.475081 -0.295293
v 20.1639 -3.02103 -0.994801 0.39 0.29 0.18
vn -0.949852 -0.102875 -0.295293
v 20.2098 -3.1621 -0.994801 0.39 0.29 0.18
vn -0.707978 -0.641537 -0.295293
v 20.3298 -3.24928 -0.994801 0.39 0.29 0.18
vn -0.19568 -0.935153 -0.295293
v 20.4781 -3.24928 -0.994801 0.39 0.29 0.18
vn 0.391361 -0.871573 -0.295293
v 20.5981 -3.1621 -0.994801 0.39 0.29 0.18
vn 0.828915 -0.475081 -0.295293
v -11.3764 16.1817 0.939471 0.39 0.29 0.18
vn 0 0 1
v -11.3764 16.1817 -0.640943 0.39 0.29 0.18
vn 0 0 -1
v -11.1364 16.1817 0.939471 0.39 0.29 0.18
vn 0.922248 -0.0998856 0.373471
v -11.1823 16.3228 0.939471 0.39 0.29 0.18
vn 0.804826 0.461275 0.373471
v -11.3023 16.4099 0.939471 0.39 0.29 0.18
vn 0.379987 0.846244 0.373471
v -11.4506 16.4099 0.939471 0.39 0.29 0.18
vn -0.189994 0.907977 0.373471
v -11.5706 16.3228 0.939471 0.39 0.29 0.18
vn -0.687403 0.622893 0.373471
v -11.6164 16.1817 0.939471 0.39 0.29 0.18
vn -0.922248 0.0998856 0.373471
v -11.5706 16.0406 0.939471 0.39 0.29 0.18
vn -0.804826 -0.461275 0.373471
v -11.4506 15.9534 0.939471 0.39 0.29 0.18
vn -0.379987 -0.846244 0.373471
v -11.3023 15.9534 0.939471 0.39 0.29 0.18
vn 0.189994 -0.907977 0.373471
v -11.1823 16.0406 0.939471 0.39 0.29 0.18
vn 0.687403 -0.622893 0.373471
v -11.1364 16.1817 0.544367 0.39 0.29 0.18
vn 1 0 -1.03991e-18
v -11.1823 16.3228 0.544367 0.39 0.29 0.18
vn 0.809017 0.587785 2.09081e-18
v -11.3023 16.4099 0.544367 0.39 0.29 0.18
vn 0.309017 0.951057 2.19958e-20
v -11.4506 16.4099 0.544367 0.39 0.29 0.18
vn -0.309017 0.951057 -1.09979e-20
v -11.5706 16.3228 0.544367 0.39 0.29 0.18
vn -0.809017 0.587785 -1.0619e-18
v -11.6164 16.1817 0.544367 0.39 0.29 0.18
vn -1 0 -1.03991e-18
v -11.5706 16.0406 0.544367 0.39 0.29 0.18
vn -0.809017 -0.587785 2.09081e-18
v -11.4506 15.9534 0.544367 0.39 0.29 0.18
vn -0.309017 -0.951057 2.19958e-20
v -11.3023 15.9534 0.544367 0.39 0.29 0.18
vn 0.309017 -0.951057 -1.09979e-20
v -11.1823 16.0406 0.544367 0.39 0.29 0.18
vn 0.809017 -0.587785 -1.0619e-18
v -11.1364 16.1817 0.149264 0.39 0.29 0.18
vn 1 -2.07491e-17 -1.03991e-18
v -11.1823 16.3228 0.149264 0.39 0.29 0.18
vn 0.809017 0.587785 2.09081e-18
v -11.3023 16.4099 0.149264 0.39 0.29 0.18
vn 0.309017 0.951057 2.19958e-20
v -11.4506 16.4099 0.149264 0.39 0.29 0.18
vn -0.309017 0.951057 -1.09979e-20
v -11.5706 16.3228 0.149264 0.39 0.29 0.18
vn -0.809017 0.587785 -1.0619e-18
v -11.6164 16.1817 0.149264 0.39 0.29 0.18
vn -1 2.07491e-17 -1.03991e-18
v -11.5706 16.0406 0.149264 0.39 0.29 0.18
vn -0.809017 -0.587785 2.09081e-18
v -11.4506 15.9534 0.149264 0.39 0.29 0.18
vn -0.309017 -0.951057 2.19958e-20
v -11.3023 15.9534 0.149264 0.39 0.29 0.18
vn 0.309017 -0.951057 -1.09979e-20
v -11.1823 16.0406 0.149264 0.39 0.29 0.18
vn 0.809017 -0.587785 -1.0619e-18
v -11.1364 16.1817 -0.245839 0.39 0.29 0.18
vn 1 4.14981e-17 -1.03991e-18
v -11.1823 16.3228 -0.245839 0.39 0.29 0.18
vn 0.809017 0.587785 2.09081e-18
v -11.3023 16.4099 -0.245839 0.39 0.29 0.18
vn 0.309017 0.951057 2.19958e-20
v -11.4506 16.4099 -0.245839 0.39 0.29 0.18
vn -0.309017 0.951057 -1.09979e-20
v -11.5706 16.3228 -0.245839 0.39 0.29 0.18
vn -0.809017 0.587785 -1.0619e-18
v -11.6164 16.1817 -0.245839 0.39 0.29 0.18
vn -1 -3.11236e-17 -1.03991e-18
v -11.5706 16.0406 -0.245839 0.39 0.29 0.18
vn -0.809017 -0.587785 2.09081e-18
v -11.4506 15.9534 -0.245839 0.39 0.29 0.18
vn -0.309017 -0.951057 2.19958e-20
v -11.3023 15.9534 -0.245839 0.39 0.29 0.18
vn 0.309017 -0.951057 -1.09979e-20
v -11.1823 16.0406 -0.245839 0.39 0.29 0.18
vn 0.809017 -0.587785 -1.0619e-18
v -11.1364 16.1817 -0.640943 0.39 0.29 0.18
vn 0.922248 0.0998856 -0.373471
v -11.1823 16.3228 -0.640943 0.39 0.29 0.18
vn 0.687403 0.622893 -0.373471
v -11.3023 16.4099 -0.640943 0.39 0.29 0.18
vn 0.189994 0.907977 -0.373471
v -11.4506 16.4099 -0.640943 0.39 0.29 0.18
vn -0.379987 0.846244 -0.373471
v -11.5706 16.3228 -0.640943 0.39 0.29 0.18
vn -0.804826 0.461275 -0.373471
v -11.6164 16.1817 -0.640943 0.39 0.29 0.18
vn -0.922248 -0.0998856 -0.373471
v -11.5706 16.0406 -0.640943 0.39 0.29 0.18
vn -0.687403 -0.622893 -0.373471
v -11.4506 15.9534 -0.640943 0.39 0.29 0.18
vn -0.189994 -0.907977 -0.373471
v -11.3023 15.9534 -0.640943 0.39 0.29 0.18
vn 0.379987 -0.846244 -0.373471
v -11.1823 16.0406 -0.640943 0.39 0.29 0.18
vn 0.804826 -0.461275 -0.373471
v 8.11329 8.43195 0.742604 0.39 0.29 0.18
vn 0 0 1
v 8.11329 8.43195 -1.32071 0.39 0.29 0.18
vn 0 0 -1
v 8.35329 8.43195 0.742604 0.39 0.29 0.18
vn 0.950039 -0.102895 0.294684
v 8.30745 8.57302 0.742604 0.39 0.29 0.18
vn 0.829078 0.475175 0.294684
v 8.18745 8.6602 0.742604 0.39 0.29 0.18
vn 0.391438 0.871744 0.294684
v 8.03912 8.6602 0.742604 0.39 0.29 0.18
vn -0.195719 0.935337 0.294684
v 7.91912 8.57302 0.742604 0.39 0.29 0.18
vn -0.708117 0.641663 0.294684
v 7.87329 8.43195 0.742604 0.39 0.29 0.18
vn -0.950039 0.102895 0.294684
v 7.91912 8.29088 0.742604 0.39 0.29 0.18
vn -0.829078 -0.475175 0.294684
v 8.03912 8.20369 0.742604 0.39 0.29 0.18
vn -0.391438 -0.871744 0.294684
v 8.18745 8.20369 0.742604 0.39 0.29 0.18
vn 0.195719 -0.935337 0.294684
v 8.30745 8.29088 0.742604 0.39 0.29 0.18
vn 0.708117 -0.641663 0.294684
v 8.35329 8.43195 0.226776 0.39 0.29 0.18
vn 1 0 -7.96524e-19
v 8.30745 8.57302 0.226776 0.39 0.29 0.18
vn 0.809017 0.587785 1.60147e-18
v 8.18745 8.6602 0.226776 0.39 0.29 0.18
vn 0.309017 0.951057 1.68478e-20
v 8.03912 8.6602 0.226776 0.39 0.29 0.18
vn -0.309017 0.951057 -1.44366e-18
v 7.91912 8.57302 0.226776 0.39 0.29 0.18
vn -0.809017 0.587785 -2.59936e-18
v 7.87329 8.43195 0.226776 0.39 0.29 0.18
vn -1 0 2.87962e-19
v 7.91912 8.29088 0.226776 0.39 0.29 0.18
vn -0.809017 -0.587785 8.67739e-19
v 8.03912 8.20369 0.226776 0.39 0.29 0.18
vn -0.309017 -0.951057 2.88732e-18
v 8.18745 8.20369 0.226776 0.39 0.29 0.18
vn 0.309017 -0.951057 -8.42392e-21
v 8.30745 8.29088 0.226776 0.39 0.29 0.18
vn 0.809017 -0.587785 -8.13372e-19
v 8.35329 8.43195 -0.289053 0.39 0.29 0.18
vn 1 0 -7.96524e-19
v 8.30745 8.57302 -0.289053 0.39 0.29 0.18
vn 0.809017 0.587785 1.60147e-18
v 8.18745 8.6602 -0.289053 0.39 0.29 0.18
vn 0.309017 0.951057 1.68478e-20
v 8.03912 8.6602 -0.289053 0.39 0.29 0.18
vn -0.309017 0.951057 -1.44366e-18
v 7.91912 8.57302 -0.289053 0.39 0.29 0.18
vn -0.809017 0.587785 -2.59936e-18
v 7.87329 8.43195 -0.289053 0.39 0.29 0.18
vn -1 0 2.87962e-19
v 7.91912 8.29088 -0.289053 0.39 0.29 0.18
vn -0.809017 -0.587785 8.67739e-19
v 8.03912 8.20369 -0.289053 0.39 0.29 0.18
vn -0.309017 -0.951057 2.88732e-18
v 8.18745 8.20369 -0.289053 0.39 0.29 0.18
vn 0.309017 -0.951057 -8.42392e-21
v 8.30745 8.29088 -0.289053 0.39 0.29 0.18
vn 0.809017 -0.587785 -8.13372e-19
v 8.35329 8.43195 -0.804881 0.39 0.29 0.18
vn 1 0 -7.96524e-19
v 8.30745 8.57302 -0.804881 0.39 0.29 0.18
vn 0.809017 0.587785 1.60147e-18
v 8.18745 8.6602 -0.804881 0.39 0.29 0.18
vn 0.309017 0.951057 1.68478e-20
v 8.03912 8.6602 -0.804881 0.39 0.29 0.18
vn -0.309017 0.951057 -1.44366e-18
v 7.91912 8.57302 -0.804881 0.39 0.29 0.18
vn -0.809017 0.587785 -2.59936e-18
v 7.87329 8.43195 -0.804881 0.39 0.29 0.18
vn -1 -7.94646e-18 2.87962e-19
v 7.91912 8.29088 -0.804881 0.39 0.29 0.18
vn -0.809017 -0.587785 8.67739e-19
v 8.03912 8.20369 -0.804881 0.39 0.29 0.18
vn -0.309017 -0.951057 2.88732e-18
v 8.18745 8.20369 -0.804881 0.39 0.29 0.18
vn 0.309017 -0.951057 -8.42392e-21
v 8.30745 8.29088 -0.804881 0.39 0.29 0.18
vn 0.809017 -0.587785 -8.13372e-19
v 8.35329 8.43195 -1.32071 0.39 0.29 0.18
vn 0.950039 0.102895 -0.294684
v 8.30745 8.57302 -1.32071 0.39 0.29 0.18
vn 0.708117 0.641663 -0.294684
v 8.18745 8.6602 -1.32071 0.39 0.29 0.18
vn 0.195719 0.935337 -0.294684
v 8.03912 8.6602 -1.32071 0.39 0.29 0.18
vn -0.391438 0.871744 -0.294684
v 7.91912 8.57302 -1.32071 0.39 0.29 0.18
vn -0.829078 0.475175 -0.294684
v 7.87329 8.43195 -1.32071 0.39 0.29 0.18
vn -0.950039 -0.102895 -0.294684
v 7.91912 8.29088 -1.32071 0.39 0.29 0.18
vn -0.708117 -0.641663 -0.294684
v 8.03912 8.20369 -1.32071 0.39 0.29 0.18
vn -0.195719 -0.935337 -0.294684
v 8.18745 8.20369 -1.32071 0.39 0.29 0.18
vn 0.391438 -0.871744 -0.294684
v 8.30745 8.29088 -1.32071 0.39 0.29 0.18
vn 0.829078 -0.475175 -0.294684
v -47.4399 -8.19512 0.18649 0.39 0.29 0.18
vn 0 0 1
v -47.4399 -8.19512 -1.61822 0.39 0.29 0.18
vn 0 0 -1
v -47.1999 -8.19512 0.18649 0.39 0.29 0.18
vn 0.937618 -0.10155 0.332506
v -47.2457 -8.05405 0.18649 0.39 0.29 0.18
vn 0.818239 0.468962 0.332506
v -47.3657 -7.96686 0.18649 0.39 0.29 0.18
vn 0.38632 0.860347 0.332506
v -47.514 -7.96686 0.18649 0.39 0.29 0.18
vn -0.19316 0.923109 0.332506
v -47.634 -8.05405 0.18649 0.39 0.29 0.18
vn -0.698859 0.633274 0.332506
v -47.6799 -8.19512 0.18649 0.39 0.29 0.18
vn -0.937618 0.10155 0.332506
v -47.634 -8.33618 0.18649 0.39 0.29 0.18
vn -0.818239 -0.468962 0.332506
v -47.514 -8.42337 0.18649 0.39 0.29 0.18
vn -0.38632 -0.860347 0.332506
v -47.3657 -8.42337 0.18649 0.39 0.29 0.18
vn 0.19316 -0.923109 0.332506
v -47.2457 -8.33618 0.18649 0.39 0.29 0.18
vn 0.698859 -0.633274 0.332506
v -47.1999 -8.19512 -0.264687 0.39 0.29 0.18
vn 1 0 -7.02175e-19
v -47.2457 -8.05405 -0.264687 0.39 0.29 0.18
vn 0.809017 0.587785 2.17424e-18
v -47.3657 -7.96686 -0.264687 0.39 0.29 0.18
vn 0.309017 0.951057 1.53977e-18
v -47.514 -7.96686 -0.264687 0.39 0.29 0.18
vn -0.309017 0.951057 -7.69887e-19
v -47.634 -8.05405 -0.264687 0.39 0.29 0.18
vn -0.809017 0.587785 -2.24195e-18
v -47.6799 -8.19512 -0.264687 0.39 0.29 0.18
vn -1 0 -7.02175e-19
v -47.634 -8.33618 -0.264687 0.39 0.29 0.18
vn -0.809017 -0.587785 2.17424e-18
v -47.514 -8.42337 -0.264687 0.39 0.29 0.18
vn -0.309017 -0.951057 1.53977e-18
v -47.3657 -8.42337 -0.264687 0.39 0.29 0.18
vn 0.309017 -0.951057 -7.69887e-19
v -47.2457 -8.33618 -0.264687 0.39 0.29 0.18
vn 0.809017 -0.587785 -2.24195e-18
v -47.1999 -8.19512 -0.715864 0.39 0.29 0.18
vn 1 -1.81703e-17 -7.02175e-19
v -47.2457 -8.05405 -0.715864 0.39 0.29 0.18
vn 0.809017 0.587785 2.17424e-18
v -47.3657 -7.96686 -0.715864 0.39 0.29 0.18
vn 0.309017 0.951057 1.53977e-18
v -47.514 -7.96686 -0.715864 0.39 0.29 0.18
vn -0.309017 0.951057 -7.69887e-19
v -47.634 -8.05405 -0.715864 0.39 0.29 0.18
vn -0.809017 0.587785 -2.24195e-18
v -47.6799 -8.19512 -0.715864 0.39 0.29 0.18
vn -1 1.81703e-17 -7.02175e-19
v -47.634 -8.33618 -0.715864 0.39 0.29 0.18
vn -0.809017 -0.587785 2.17424e-18
v -47.514 -8.42337 -0.715864 0.39 0.29 0.18
vn -0.309017 -0.951057 1.53977e-18
v -47.3657 -8.42337 -0.715864 0.39 0.29 0.18
vn 0.309017 -0.951057 -7.69887e-19
v -47.2457 -8.33618 -0.715864 0.39 0.29 0.18
vn 0.809017 -0.587785 -2.24195e-18
v -47.1999 -8.19512 -1.16704 0.39 0.29 0.18
vn 1 1.81703e-17 -7.02175e-19
v -47.2457 -8.05405 -1.16704 0.39 0.29 0.18
vn 0.809017 0.587785 2.17424e-18
v -47.3657 -7.96686 -1.16704 0.39 0.29 0.18
vn 0.309017 0.951057 1.53977e-18
v -47.514 -7.96686 -1.16704 0.39 0.29 0.18
vn -0.309017 0.951057 -7.69887e-19
v -47.634 -8.05405 -1.16704 0.39 0.29 0.18
vn -0.809017 0.587785 -2.24195e-18
v -47.6799 -8.19512 -1.16704 0.39 0.29 0.18
vn -1 -2.72554e-17 -7.02175e-19
v -47.634 -8.33618 -1.16704 0.39 0.29 0.18
vn -0.809017 -0.587785 2.17424e-18
v -47.514 -8.42337 -1.16704 0.39 0.29 0.18
vn -0.309017 -0.951057 1.53977e-18
v -47.3657 -8.42337 -1.16704 0.39 0.29 0.18
vn 0.309017 -0.951057 -7.69887e-19
v -47.2457 -8.33618 -1.16704 0.39 0.29 0.18
vn 0.809017 -0.587785 -2.24195e-18
v -47.1999 -8.19512 -1.61822 0.39 0.29 0.18
vn 0.937618 0.10155 -0.332506
v -47.2457 -8.05405 -1.61822 0.39 0.29 0.18
vn 0.698859 0.633274 -0.332506
v -47.3657 -7.96686 -1.61822 0.39 0.29 0.18
vn 0.19316 0.923109 -0.332506
v -47.514 -7.96686 -1.61822 0.39 0.29 0.18
vn -0.38632 0.860347 -0.332506
v -47.634 -8.05405 -1.61822 0.39 0.29 0.18
vn -0.818239 0.468962 -0.332506
v -47.6799 -8.19512 -1.61822 0.39 0.29 0.18
vn -0.937618 -0.10155 -0.332506
v -47.634 -8.33618 -1.61822 0.39 0.29 0.18
vn -0.698859 -0.633274 -0.332506
v -47.514 -8.42337 -1.61822 0.39 0.29 0.18
vn -0.19316 -0.923109 -0.332506
v -47.3657 -8.42337 -1.61822 0.39 0.29 0.18
vn 0.38632 -0.860347 -0.332506
v -47.2457 -8.33618 -1.61822 0.39 0.29 0.18
vn 0.818239 -0.468962 -0.332506
v -30.6587 14.2365 0.568857 0.39 0.29 0.18
vn 0 0 1
v -30.6587 14.2365 -1.15818 0.39 0.29 0.18
vn 0 0 -1
v -30.4187 14.2365 0.568857 0.39 0.29 0.18
vn 0.932887 -0.101038 0.345706
v -30.4645 14.3776 0.568857 0.39 0.29 0.18
vn 0.81411 0.466596 0.345706
v -30.5845 14.4648 0.568857 0.39 0.29 0.18
vn 0.384371 0.856006 0.345706
v -30.7329 14.4648 0.568857 0.39 0.29 0.18
vn -0.192185 0.918451 0.345706
v -30.8529 14.3776 0.568857 0.39 0.29 0.18
vn -0.695333 0.630079 0.345706
v -30.8987 14.2365 0.568857 0.39 0.29 0.18
vn -0.932887 0.101038 0.345706
v -30.8529 14.0954 0.568857 0.39 0.29 0.18
vn -0.81411 -0.466596 0.345706
v -30.7329 14.0083 0.568857 0.39 0.29 0.18
vn -0.384371 -0.856006 0.345706
v -30.5845 14.0083 0.568857 0.39 0.29 0.18
vn 0.192185 -0.918451 0.345706
v -30.4645 14.0954 0.568857 0.39 0.29 0.18
vn 0.695333 -0.630079 0.345706
v -30.4187 14.2365 0.137097 0.39 0.29 0.18
vn 1 0 -7.33752e-19
v -30.4645 14.3776 0.137097 0.39 0.29 0.18
vn 0.809017 0.587785 1.60098e-19
v -30.5845 14.4648 0.137097 0.39 0.29 0.18
vn 0.309017 0.951057 -2.61481e-18
v -30.7329 14.4648 0.137097 0.39 0.29 0.18
vn -0.309017 0.951057 1.30741e-18
v -30.8529 14.3776 0.137097 0.39 0.29 0.18
vn -0.809017 0.587785 1.88106e-18
v -30.8987 14.2365 0.137097 0.39 0.29 0.18
vn -1 0 -7.33752e-19
v -30.8529 14.0954 0.137097 0.39 0.29 0.18
vn -0.809017 -0.587785 1.60098e-19
v -30.7329 14.0083 0.137097 0.39 0.29 0.18
vn -0.309017 -0.951057 -2.61481e-18
v -30.5845 14.0083 0.137097 0.39 0.29 0.18
vn 0.309017 -0.951057 1.30741e-18
v -30.4645 14.0954 0.137097 0.39 0.29 0.18
vn 0.809017 -0.587785 1.88106e-18
v -30.4187 14.2365 -0.294663 0.39 0.29 0.18
vn 1 0 -7.33752e-19
v -30.4645 14.3776 -0.294663 0.39 0.29 0.18
vn 0.809017 0.587785 1.60098e-19
v -30.5845 14.4648 -0.294663 0.39 0.29 0.18
vn 0.309017 0.951057 -2.61481e-18
v -30.7329 14.4648 -0.294663 0.39 0.29 0.18
vn -0.309017 0.951057 1.30741e-18
v -30.8529 14.3776 -0.294663 0.39 0.29 0.18
vn -0.809017 0.587785 1.88106e-18
v -30.8987 14.2365 -0.294663 0.39 0.29 0.18
vn -1 0 -7.33752e-19
v -30.8529 14.0954 -0.294663 0.39 0.29 0.18
vn -0.809017 -0.587785 1.60098e-19
v -30.7329 14.0083 -0.294663 0.39 0.29 0.18
vn -0.309017 -0.951057 -2.61481e-18
v -30.5845 14.0083 -0.294663 0.39 0.29 0.18
vn 0.309017 -0.951057 1.30741e-18
v -30.4645 14.0954 -0.294663 0.39 0.29 0.18
vn 0.809017 -0.587785 1.88106e-18
v -30.4187 14.2365 -0.726424 0.39 0.29 0.18
vn 1 0 -7.33752e-19
v -30.4645 14.3776 -0.726424 0.39 0.29 0.18
vn 0.809017 0.587785 1.60098e-19
v -30.5845 14.4648 -0.726424 0.39 0.29 0.18
vn 0.309017 0.951057 -2.61481e-18
v -30.7329 14.4648 -0.726424 0.39 0.29 0.18
vn -0.309017 0.951057 1.30741e-18
v -30.8529 14.3776 -0.726424 0.39 0.29 0.18
vn -0.809017 0.587785 1.88106e-18
v -30.8987 14.2365 -0.726424 0.39 0.29 0.18
vn -1 0 -7.33752e-19
v -30.8529 14.0954 -0.726424 0.39 0.29 0.18
vn -0.809017 -0.587785 1.60098e-19
v -30.7329 14.0083 -0.726424 0.39 0.29 0.18
vn -0.309017 -0.951057 -2.61481e-18
v -30.5845 14.0083 -0.726424 0.39 0.29 0.18
vn 0.309017 -0.951057 1.30741e-18
v -30.4645 14.0954 -0.726424 0.39 0.29 0.18
vn 0.809017 -0.587785 1.88106e-18
v -30.4187 14.2365 -1.15818 0.39 0.29 0.18
vn 0.932887 0.101038 -0.345706
v -30.4645 14.3776 -1.15818 0.39 0.29 0.18
vn 0.695333 0.630079 -0.345706
v -30.5845 14.4648 -1.15818 0.39 0.29 0.18
vn 0.192185 0.918451 -0.345706
v -30.7329 14.4648 -1.15818 0.39 0.29 0.18
vn -0.384371 0.856006 -0.345706
v -30.8529 14.3776 -1.15818 0.39 0.29 0.18
vn -0.81411 0.466596 -0.345706
v -30.8987 14.2365 -1.15818 0.39 0.29 0.18
vn -0.932887 -0.101038 -0.345706
v -30.8529 14.0954 -1.15818 0.39 0.29 0.18
vn -0.695333 -0.630079 -0.345706
v -30.7329 14.0083 -1.15818 0.39 0.29 0.18
vn -0.192185 -0.918451 -0.345706
v -30.5845 14.0083 -1.15818 0.39 0.29 0.18
vn 0.384371 -0.856006 -0.345706
v -30.4645 14.0954 -1.15818 0.39 0.29 0.18
vn 0.81411 -0.466596 -0.345706
v -28.4719 13.0797 0.320396 0.39 0.29 0.18
vn 0 0 1
v -28.4719 13.0797 -1.05276 0.39 0.29 0.18
vn 0 0 -1
v -28.2319 13.0797 0.320396 0.39 0.29 0.18
vn 0.902051 -0.097698 0.420428
v -28.2777 13.2207 0.320396 0.39 0.29 0.18
vn 0.7872 0.451173 0.420428
v -28.3977 13.3079 0.320396 0.39 0.29 0.18
vn 0.371665 0.827711 0.420428
v -28.546 13.3079 0.320396 0.39 0.29 0.18
vn -0.185833 0.888092 0.420428
v -28.666 13.2207 0.320396 0.39 0.29 0.18
vn -0.672349 0.609252 0.420428
v -28.7119 13.0797 0.320396 0.39 0.29 0.18
vn -0.902051 0.097698 0.420428
v -28.666 12.9386 0.320396 0.39 0.29 0.18
vn -0.7872 -0.451173 0.420428
v -28.546 12.8514 0.320396 0.39 0.29 0.18
vn -0.371665 -0.827711 0.420428
v -28.3977 12.8514 0.320396 0.39 0.29 0.18
vn 0.185833 -0.888092 0.420428
v -28.2777 12.9386 0.320396 0.39 0.29 0.18
vn 0.672349 -0.609252 0.420428
v -28.2319 13.0797 -0.022893 0.39 0.29 0.18
vn 1 0 -9.22853e-19
v -28.2777 13.2207 -0.022893 0.39 0.29 0.18
vn 0.809017 0.587785 2.01358e-19
v -28.3977 13.3079 -0.022893 0.39 0.29 0.18
vn 0.309017 0.951057 -3.2887e-18
v -28.546 13.3079 -0.022893 0.39 0.29 0.18
vn -0.309017 0.951057 1.64435e-18
v -28.666 13.2207 -0.022893 0.39 0.29 0.18
vn -0.809017 0.587785 2.36584e-18
v -28.7119 13.0797 -0.022893 0.39 0.29 0.18
vn -1 0 -9.22853e-19
v -28.666 12.9386 -0.022893 0.39 0.29 0.18
vn -0.809017 -0.587785 2.01358e-19
v -28.546 12.8514 -0.022893 0.39 0.29 0.18
vn -0.309017 -0.951057 -3.2887e-18
v -28.3977 12.8514 -0.022893 0.39 0.29 0.18
vn 0.309017 -0.951057 1.64435e-18
v -28.2777 12.9386 -0.022893 0.39 0.29 0.18
vn 0.809017 -0.587785 2.36584e-18
v -28.2319 13.0797 -0.366182 0.39 0.29 0.18
vn 1 0 -9.22853e-19
v -28.2777 13.2207 -0.366182 0.39 0.29 0.18
vn 0.809017 0.587785 2.01358e-19
v -28.3977 13.3079 -0.366182 0.39 0.29 0.18
vn 0.309017 0.951057 -3.2887e-18
v -28.546 13.3079 -0.366182 0.39 0.29 0.18
vn -0.309017 0.951057 1.64435e-18
v -28.666 13.2207 -0.366182 0.39 0.29 0.18
vn -0.809017 0.587785 2.36584e-18
v -28.7119 13.0797 -0.366182 0.39 0.29 0.18
vn -1 0 -9.22853e-19
v -28.666 12.9386 -0.366182 0.39 0.29 0.18
vn -0.809017 -0.587785 2.01358e-19
v -28.546 12.8514 -0.366182 0.39 0.29 0.18
vn -0.309017 -0.951057 -3.2887e-18
v -28.3977 12.8514 -0.366182 0.39 0.29 0.18
vn 0.309017 -0.951057 1.64435e-18
v -28.2777 12.9386 -0.366182 0.39 0.29 0.18
vn 0.809017 -0.587785 2.36584e-18
v -28.2319 13.0797 -0.709471 0.39 0.29 0.18
vn 1 2.38808e-17 -9.22853e-19
v -28.2777 13.2207 -0.709471 0.39 0.29 0.18
vn 0.809017 0.587785 2.01358e-19
v -28.3977 13.3079 -0.709471 0.39 0.29 0.18
vn 0.309017 0.951057 -3.2887e-18
v -28.546 13.3079 -0.709471 0.39 0.29 0.18
vn -0.309017 0.951057 1.64435e-18
v -28.666 13.2207 -0.709471 0.39 0.29 0.18
vn -0.809017 0.587785 2.36584e-18
v -28.7119 13.0797 -0.709471 0.39 0.29 0.18
vn -1 -1.19404e-17 -9.22853e-19
v -28.666 12.9386 -0.709471 0.39 0.29 0.18
vn -0.809017 -0.587785 2.01358e-19
v -28.546 12.8514 -0.709471 0.39 0.29 0.18
vn -0.309017 -0.951057 -3.2887e-18
v -28.3977 12.8514 -0.709471 0.39 0.29 0.18
vn 0.309017 -0.951057 1.64435e-18
v -28.2777 12.9386 -0.709471 0.39 0.29 0.18
vn 0.809017 -0.587785 2.36584e-18
v -28.2319 13.0797 -1.05276 0.39 0.29 0.18
vn 0.902051 0.097698 -0.420428
v -28.2777 13.2207 -1.05276 0.39 0.29 0.18
vn 0.672349 0.609252 -0.420428
v -28.3977 13.3079 -1.05276 0.39 0.29 0.18
vn 0.185833 0.888092 -0.420428
v -28.546 13.3079 -1.05276 0.39 0.29 0.18
vn -0.371665 0.827711 -0.420428
v -28.666 13.2207 -1.05276 0.39 0.29 0.18
vn -0.7872 0.451173 -0.420428
v -28.7119 13.0797 -1.05276 0.39 0.29 0.18
vn -0.902051 -0.097698 -0.420428
v -28.666 12.9386 -1.05276 0.39 0.29 0.18
vn -0.672349 -0.609252 -0.420428
v -28.546 12.8514 -1.05276 0.39 0.29 0.18
vn -0.185833 -0.888092 -0.420428
v -28.3977 12.8514 -1.05276 0.39 0.29 0.18
vn 0.371665 -0.827711 -0.420428
v -28.2777 12.9386 -1.05276 0.39 0.29 0.18
vn 0.7872 -0.451173 -0.420428
v -51.9186 -1.99922 0.112702 0.39 0.29 0.18
vn 0 0 1
v -51.9186 -1.99922 -1.75408 0.39 0.29 0.18
vn 0 0 -1
v -51.6786 -1.99922 0.112702 0.39 0.29 0.18
vn 0.941026 -0.101919 0.322617
v -51.7244 -1.85816 0.112702 0.39 0.29 0.18
vn 0.821213 0.470667 0.322617
v -51.8444 -1.77097 0.112702 0.39 0.29 0.18
vn 0.387724 0.863474 0.322617
v -51.9927 -1.77097 0.112702 0.39 0.29 0.18
vn -0.193862 0.926464 0.322617
v -52.1127 -1.85816 0.112702 0.39 0.29 0.18
vn -0.7014 0.635576 0.322617
v -52.1586 -1.99922 0.112702 0.39 0.29 0.18
vn -0.941026 0.101919 0.322617
v -52.1127 -2.14029 0.112702 0.39 0.29 0.18
vn -0.821213 -0.470667 0.322617
v -51.9927 -2.22748 0.112702 0.39 0.29 0.18
vn -0.387724 -0.863474 0.322617
v -51.8444 -2.22748 0.112702 0.39 0.29 0.18
vn 0.193862 -0.926464 0.322617
v -51.7244 -2.14029 0.112702 0.39 0.29 0.18
vn 0.7014 -0.635576 0.322617
v -51.6786 -1.99922 -0.353994 0.39 0.29 0.18
vn 1 0 -9.4744e-20
v -51.7244 -1.85816 -0.353994 0.39 0.29 0.18
vn 0.809017 0.587785 -1.75387e-18
v -51.8444 -1.77097 -0.353994 0.39 0.29 0.18
vn 0.309017 0.951057 7.8593e-19
v -51.9927 -1.77097 -0.353994 0.39 0.29 0.18
vn -0.309017 0.951057 1.18798e-18
v -52.1127 -1.85816 -0.353994 0.39 0.29 0.18
vn -0.809017 0.587785 3.44938e-18
v -52.1586 -1.99922 -0.353994 0.39 0.29 0.18
vn -1 0 1.6575e-18
v -52.1127 -2.14029 -0.353994 0.39 0.29 0.18
vn -0.809017 -0.587785 9.95237e-19
v -51.9927 -2.22748 -0.353994 0.39 0.29 0.18
vn -0.309017 -0.951057 3.94782e-18
v -51.8444 -2.22748 -0.353994 0.39 0.29 0.18
vn 0.309017 -0.951057 -1.97391e-18
v -51.7244 -2.14029 -0.353994 0.39 0.29 0.18
vn 0.809017 -0.587785 -3.45849e-18
v -51.6786 -1.99922 -0.820691 0.39 0.29 0.18
vn 1 1.75661e-17 -9.4744e-20
v -51.7244 -1.85816 -0.820691 0.39 0.29 0.18
vn 0.809017 0.587785 -1.75387e-18
v -51.8444 -1.77097 -0.820691 0.39 0.29 0.18
vn 0.309017 0.951057 7.8593e-19
v -51.9927 -1.77097 -0.820691 0.39 0.29 0.18
vn -0.309017 0.951057 1.18798e-18
v -52.1127 -1.85816 -0.820691 0.39 0.29 0.18
vn -0.809017 0.587785 3.44938e-18
v -52.1586 -1.99922 -0.820691 0.39 0.29 0.18
vn -1 -8.78304e-18 1.6575e-18
v -52.1127 -2.14029 -0.820691 0.39 0.29 0.18
vn -0.809017 -0.587785 9.95237e-19
v -51.9927 -2.22748 -0.820691 0.39 0.29 0.18
vn -0.309017 -0.951057 3.94782e-18
v -51.8444 -2.22748 -0.820691 0.39 0.29 0.18
vn 0.309017 -0.951057 -1.97391e-18
v -51.7244 -2.14029 -0.820691 0.39 0.29 0.18
vn 0.809017 -0.587785 -3.45849e-18
v -51.6786 -1.99922 -1.28739 0.39 0.29 0.18
vn 1 -3.51322e-17 -9.4744e-20
v -51.7244 -1.85816 -1.28739 0.39 0.29 0.18
vn 0.809017 0.587785 -1.75387e-18
v -51.8444 -1.77097 -1.28739 0.39 0.29 0.18
vn 0.309017 0.951057 7.8593e-19
v -51.9927 -1.77097 -1.28739 0.39 0.29 0.18
vn -0.309017 0.951057 1.18798e-18
v -52.1127 -1.85816 -1.28739 0.39 0.29 0.18
vn -0.809017 0.587785 3.44938e-18
v -52.1586 -1.99922 -1.28739 0.39 0.29 0.18
vn -1 2.63491e-17 1.6575e-18
v -52.1127 -2.14029 -1.28739 0.39 0.29 0.18
vn -0.809017 -0.587785 9.95237e-19
v -51.9927 -2.22748 -1.28739 0.39 0.29 0.18
vn -0.309017 -0.951057 3.94782e-18
v -51.8444 -2.22748 -1.28739 0.39 0.29 0.18
vn 0.309017 -0.951057 -1.97391e-18
v -51.7244 -2.14029 -1.28739 0.39 0.29 0.18
vn 0.809017 -0.587785 -3.45849e-18
v -51.6786 -1.99922 -1.75408 0.39 0.29 0.18
vn 0.941026 0.101919 -0.322617
v -51.7244 -1.85816 -1.75408 0.39 0.29 0.18
vn 0.7014 0.635576 -0.322617
v -51.8444 -1.77097 -1.75408 0.39 0.29 0.18
vn 0.193862 0.926464 -0.322617
v -51.9927 -1.77097 -1.75408 0.39 0.29 0.18
vn -0.387724 0.863474 -0.322617
v -52.1127 -1.85816 -1.75408 0.39 0.29 0.18
vn -0.821213 0.470667 -0.322617
v -52.1586 -1.99922 -1.75408 0.39 0.29 0.18
vn -0.941026 -0.101919 -0.322617
v -52.1127 -2.14029 -1.75408 0.39 0.29 0.18
vn -0.7014 -0.635576 -0.322617
v -51.9927 -2.22748 -1.75408 0.39 0.29 0.18
vn -0.193862 -0.926464 -0.322617
v -51.8444 -2.22748 -1.75408 0.39 0.29 0.18
vn 0.387724 -0.863474 -0.322617
v -51.7244 -2.14029 -1.75408 0.39 0.29 0.18
vn 0.821213 -0.470667 -0.322617
v 31.7819 -2.74592 -1.17756 0.39 0.29 0.18
vn 0 0 1
v 31.7819 -2.74592 -1.62756 0.39 0.29 0.18
vn 0 0 -1
v 32.0219 -2.74592 -1.17756 0.39 0.29 0.18
vn 0.574064 -0.0621749 0.816446
v 31.9761 -2.60486 -1.17756 0.39 0.29 0.18
vn 0.500973 0.287126 0.816446
v 31.8561 -2.51767 -1.17756 0.39 0.29 0.18
vn 0.236527 0.526754 0.816446
v 31.7078 -2.51767 -1.17756 0.39 0.29 0.18
vn -0.118264 0.56518 0.816446
v 31.5878 -2.60486 -1.17756 0.39 0.29 0.18
vn -0.427882 0.387727 0.816446
v 31.5419 -2.74592 -1.17756 0.39 0.29 0.18
vn -0.574064 0.0621749 0.816446
v 31.5878 -2.88699 -1.17756 0.39 0.29 0.18
vn -0.500973 -0.287126 0.816446
v 31.7078 -2.97418 -1.17756 0.39 0.29 0.18
vn -0.236527 -0.526754 0.816446
v 31.8561 -2.97418 -1.17756 0.39 0.29 0.18
vn 0.118264 -0.56518 0.816446
v 31.9761 -2.88699 -1.17756 0.39 0.29 0.18
vn 0.427882 -0.387727 0.816446
v 32.0219 -2.74592 -1.29006 0.39 0.29 0.18
vn 1 0 3.57706e-19
v 31.9761 -2.60486 -1.29006 0.39 0.29 0.18
vn 0.809017 0.587785 -6.32079e-19
v 31.8561 -2.51767 -1.29006 0.39 0.29 0.18
vn 0.309017 0.951057 1.66669e-19
v 31.7078 -2.51767 -1.29006 0.39 0.29 0.18
vn -0.309017 0.951057 -8.33343e-20
v 31.5878 -2.60486 -1.29006 0.39 0.29 0.18
vn -0.809017 0.587785 1.8633e-18
v 31.5419 -2.74592 -1.29006 0.39 0.29 0.18
vn -1 0 6.29287e-18
v 31.5878 -2.88699 -1.29006 0.39 0.29 0.18
vn -0.809017 -0.587785 9.65017e-18
v 31.7078 -2.97418 -1.29006 0.39 0.29 0.18
vn -0.309017 -0.951057 1.03687e-17
v 31.8561 -2.97418 -1.29006 0.39 0.29 0.18
vn 0.309017 -0.951057 -8.33343e-20
v 31.9761 -2.88699 -1.29006 0.39 0.29 0.18
vn 0.809017 -0.587785 1.91038e-19
v 32.0219 -2.74592 -1.40256 0.39 0.29 0.18
vn 1 0 3.57706e-19
v 31.9761 -2.60486 -1.40256 0.39 0.29 0.18
vn 0.809017 0.587785 -6.32079e-19
v 31.8561 -2.51767 -1.40256 0.39 0.29 0.18
vn 0.309017 0.951057 1.66669e-19
v 31.7078 -2.51767 -1.40256 0.39 0.29 0.18
vn -0.309017 0.951057 -8.33343e-20
v 31.5878 -2.60486 -1.40256 0.39 0.29 0.18
vn -0.809017 0.587785 1.8633e-18
v 31.5419 -2.74592 -1.40256 0.39 0.29 0.18
vn -1 0 6.29287e-18
v 31.5878 -2.88699 -1.40256 0.39 0.29 0.18
vn -0.809017 -0.587785 9.65017e-18
v 31.7078 -2.97418 -1.40256 0.39 0.29 0.18
vn -0.309017 -0.951057 1.03687e-17
v 31.8561 -2.97418 -1.40256 0.39 0.29 0.18
vn 0.309017 -0.951057 -8.33343e-20
v 31.9761 -2.88699 -1.40256 0.39 0.29 0.18
vn 0.809017 -0.587785 1.91038e-19
v 32.0219 -2.74592 -1.51506 0.39 0.29 0.18
vn 1 0 3.57706e-19
v 31.9761 -2.60486 -1.51506 0.39 0.29 0.18
vn 0.809017 0.587785 -6.32079e-19
v 31.8561 -2.51767 -1.51506 0.39 0.29 0.18
vn 0.309017 0.951057 1.66669e-19
v 31.7078 -2.51767 -1.51506 0.39 0.29 0.18
vn -0.309017 0.951057 -8.33343e-20
v 31.5878 -2.60486 -1.51506 0.39 0.29 0.18
vn -0.809017 0.587785 1.8633e-18
v 31.5419 -2.74592 -1.51506 0.39 0.29 0.18
vn -1 0 6.29287e-18
v 31.5878 -2.88699 -1.51506 0.39 0.29 0.18
vn -0.809017 -0.587785 9.65017e-18
v 31.7078 -2.97418 -1.51506 0.39 0.29 0.18
vn -0.309017 -0.951057 1.03687e-17
v 31.8561 -2.97418 -1.51506 0.39 0.29 0.18
vn 0.309017 -0.951057 -8.33343e-20
v 31.9761 -2.88699 -1.51506 0.39 0.29 0.18
vn 0.809017 -0.587785 1.91038e-19
v 32.0219 -2.74592 -1.62756 0.39 0.29 0.18
vn 0.574064 0.0621749 -0.816446
v 31.9761 -2.60486 -1.62756 0.39 0.29 0.18
vn 0.427882 0.387727 -0.816446
v 31.8561 -2.51767 -1.62756 0.39 0.29 0.18
vn 0.118264 0.56518 -0.816446
v 31.7078 -2.51767 -1.62756 0.39 0.29 0.18
vn -0.236527 0.526754 -0.816446
v 31.5878 -2.60486 -1.62756 0.39 0.29 0.18
vn -0.500973 0.287126 -0.816446
v 31.5419 -2.74592 -1.62756 0.39 0.29 0.18
vn -0.574064 -0.0621749 -0.816446
v 31.5878 -2.88699 -1.62756 0.39 0.29 0.18
vn -0.427882 -0.387727 -0.816446
v 31.7078 -2.97418 -1.62756 0.39 0.29 0.18
vn -0.118264 -0.56518 -0.816446
v 31.8561 -2.97418 -1.62756 0.39 0.29 0.18
vn 0.236527 -0.526754 -0.816446
v 31.9761 -2.88699 -1.62756 0.39 0.29 0.18
vn 0.500973 -0.287126 -0.816446
v -29.2489 -6.93667 1.15083 0.31 0.82 0.77
vn 0 0 1
v -29.2489 -6.93667 -1.53524 0.31 0.82 0.77
vn 0 0 -1
v -29.1289 -6.93667 1.15083 0.31 0.82 0.77
vn 0.987285 -0.106929 0.117618
v -29.1518 -6.86614 1.15083 0.31 0.82 0.77
vn 0.861582 0.493804 0.117618
v -29.2118 -6.82254 1.15083 0.31 0.82 0.77
vn 0.406784 0.905921 0.117618
v -29.2859 -6.82254 1.15083 0.31 0.82 0.77
vn -0.203392 0.972007 0.117618
v -29.3459 -6.86614 1.15083 0.31 0.82 0.77
vn -0.735879 0.666819 0.117618
v -29.3689 -6.93667 1.15083 0.31 0.82 0.77
vn -0.987285 0.106929 0.117618
v -29.3459 -7.0072 1.15083 0.31 0.82 0.77
vn -0.861582 -0.493804 0.117618
v -29.2859 -7.0508 1.15083 0.31 0.82 0.77
vn -0.406784 -0.905921 0.117618
v -29.2118 -7.0508 1.15083 0.31 0.82 0.77
vn 0.203392 -0.972007 0.117618
v -29.1518 -7.0072 1.15083 0.31 0.82 0.77
vn 0.735879 -0.666819 0.117618
v -29.1289 -6.93667 0.479309 0.31 0.82 0.77
vn 1 0 -2.35887e-19
v -29.1518 -6.86614 0.479309 0.31 0.82 0.77
vn 0.809017 0.587785 7.30409e-19
v -29.2118 -6.82254 0.479309 0.31 0.82 0.77
vn 0.309017 0.951057 5.17269e-19
v -29.2859 -6.82254 0.479309 0.31 0.82 0.77
vn -0.309017 0.951057 -2.58635e-19
v -29.3459 -6.86614 0.479309 0.31 0.82 0.77
vn -0.809017 0.587785 -7.53156e-19
v -29.3689 -6.93667 0.479309 0.31 0.82 0.77
vn -1 0 -2.35887e-19
v -29.3459 -7.0072 0.479309 0.31 0.82 0.77
vn -0.809017 -0.587785 7.30409e-19
v -29.2859 -7.0508 0.479309 0.31 0.82 0.77
vn -0.309017 -0.951057 5.17269e-19
v -29.2118 -7.0508 0.479309 0.31 0.82 0.77
vn 0.309017 -0.951057 -2.58635e-19
v -29.1518 -7.0072 0.479309 0.31 0.82 0.77
vn 0.809017 -0.587785 -7.53156e-19
v -29.1289 -6.93667 -0.192209 0.31 0.82 0.77
vn 1 1.22082e-17 -2.35887e-19
v -29.1518 -6.86614 -0.192209 0.31 0.82 0.77
vn 0.809017 0.587785 7.30409e-19
v -29.2118 -6.82254 -0.192209 0.31 0.82 0.77
vn 0.309017 0.951057 5.17269e-19
v -29.2859 -6.82254 -0.192209 0.31 0.82 0.77
vn -0.309017 0.951057 -2.58635e-19
v -29.3459 -6.86614 -0.192209 0.31 0.82 0.77
vn -0.809017 0.587785 -7.53156e-19
v -29.3689 -6.93667 -0.192209 0.31 0.82 0.77
vn -1 -1.22082e-17 -2.35887e-19
v -29.3459 -7.0072 -0.192209 0.31 0.82 0.77
vn -0.809017 -0.587785 7.30409e-19
v -29.2859 -7.0508 -0.192209 0.31 0.82 0.77
vn -0.309017 -0.951057 5.17269e-19
v -29.2118 -7.0508 -0.192209 0.31 0.82 0.77
vn 0.309017 -0.951057 -2.58635e-19
v -29.1518 -7.0072 -0.192209 0.31 0.82 0.77
vn 0.809017 -0.587785 -7.53156e-19
v -29.1289 -6.93667 -0.863727 0.31 0.82 0.77
vn 1 -1.22082e-17 -2.35887e-19
v -29.1518 -6.86614 -0.863727 0.31 0.82 0.77
vn 0.809017 0.587785 7.30409e-19
v -29.2118 -6.82254 -0.863727 0.31 0.82 0.77
vn 0.309017 0.951057 5.17269e-19
v -29.2859 -6.82254 -0.863727 0.31 0.82 0.77
vn -0.309017 0.951057 -2.58635e-19
v -29.3459 -6.86614 -0.863727 0.31 0.82 0.77
vn -0.809017 0.587785 -7.53156e-19
v -29.3689 -6.93667 -0.863727 0.31 0.82 0.77
vn -1 1.83123e-17 -2.35887e-19
v -29.3459 -7.0072 -0.863727 0.31 0.82 0.77
vn -0.809017 -0.587785 7.30409e-19
v -29.2859 -7.0508 -0.863727 0.31 0.82 0.77
vn -0.309017 -0.951057 5.17269e-19
v -29.2118 -7.0508 -0.863727 0.31 0.82 0.77
vn 0.309017 -0.951057 -2.58635e-19
v -29.1518 -7.0072 -0.863727 0.31 0.82 0.77
vn 0.809017 -0.587785 -7.53156e-19
v -29.1289 -6.93667 -1.53524 0.31 0.82 0.77
vn 0.987285 0.106929 -0.117618
v -29.1518 -6.86614 -1.53524 0.31 0.82 0.77
vn 0.735879 0.666819 -0.117618
v -29.2118 -6.82254 -1.53524 0.31 0.82 0.77
vn 0.203392 0.972007 -0.117618
v -29.2859 -6.82254 -1.53524 0.31 0.82 0.77
vn -0.406784 0.905921 -0.117618
v -29.3459 -6.86614 -1.53524 0.31 0.82 0.77
vn -0.861582 0.493804 -0.117618
v -29.3689 -6.93667 -1.53524 0.31 0.82 0.77
vn -0.987285 -0.106929 -0.117618
v -29.3459 -7.0072 -1.53524 0.31 0.82 0.77
vn -0.735879 -0.666819 -0.117618
v -29.2859 -7.0508 -1.53524 0.31 0.82 0.77
vn -0.203392 -0.972007 -0.117618
v -29.2118 -7.0508 -1.53524 0.31 0.82 0.77
vn 0.406784 -0.905921 -0.117618
v -29.1518 -7.0072 -1.53524 0.31 0.82 0.77
vn 0.861582 -0.493804 -0.117618
v 1.43007 -4.22688 0.393942 0.31 0.82 0.77
vn 0 0 1
v 1.43007 -4.22688 -1.56126 0.31 0.82 0.77
vn 0 0 -1
v 1.55007 -4.22688 0.393942 0.31 0.82 0.77
vn 0.981281 -0.106279 0.160602
v 1.52715 -4.15634 0.393942 0.31 0.82 0.77
vn 0.856342 0.490801 0.160602
v 1.46715 -4.11275 0.393942 0.31 0.82 0.77
vn 0.40431 0.900411 0.160602
v 1.39299 -4.11275 0.393942 0.31 0.82 0.77
vn -0.202155 0.966095 0.160602
v 1.33299 -4.15634 0.393942 0.31 0.82 0.77
vn -0.731403 0.662764 0.160602
v 1.31007 -4.22688 0.393942 0.31 0.82 0.77
vn -0.981281 0.106279 0.160602
v 1.33299 -4.29741 0.393942 0.31 0.82 0.77
vn -0.856342 -0.490801 0.160602
v 1.39299 -4.341 0.393942 0.31 0.82 0.77
vn -0.40431 -0.900411 0.160602
v 1.46715 -4.341 0.393942 0.31 0.82 0.77
vn 0.202155 -0.966095 0.160602
v 1.52715 -4.29741 0.393942 0.31 0.82 0.77
vn 0.731403 -0.662764 0.160602
v 1.55007 -4.22688 -0.0948577 0.31 0.82 0.77
vn 1 0 3.89946e-19
v 1.52715 -4.15634 -0.0948577 0.31 0.82 0.77
vn 0.809017 0.587785 -1.44503e-18
v 1.46715 -4.11275 -0.0948577 0.31 0.82 0.77
vn 0.309017 0.951057 -1.33028e-18
v 1.39299 -4.11275 -0.0948577 0.31 0.82 0.77
vn -0.309017 0.951057 6.65139e-19
v 1.33299 -4.15634 -0.0948577 0.31 0.82 0.77
vn -0.809017 0.587785 1.72022e-18
v 1.31007 -4.22688 -0.0948577 0.31 0.82 0.77
vn -1 0 3.89946e-19
v 1.33299 -4.29741 -0.0948577 0.31 0.82 0.77
vn -0.809017 -0.587785 -1.44503e-18
v 1.39299 -4.341 -0.0948577 0.31 0.82 0.77
vn -0.309017 -0.951057 -1.33028e-18
v 1.46715 -4.341 -0.0948577 0.31 0.82 0.77
vn 0.309017 -0.951057 6.65139e-19
v 1.52715 -4.29741 -0.0948577 0.31 0.82 0.77
vn 0.809017 -0.587785 1.72022e-18
v 1.55007 -4.22688 -0.583657 0.31 0.82 0.77
vn 1 0 3.89946e-19
v 1.52715 -4.15634 -0.583657 0.31 0.82 0.77
vn 0.809017 0.587785 -1.44503e-18
v 1.46715 -4.11275 -0.583657 0.31 0.82 0.77
vn 0.309017 0.951057 -1.33028e-18
v 1.39299 -4.11275 -0.583657 0.31 0.82 0.77
vn -0.309017 0.951057 6.65139e-19
v 1.33299 -4.15634 -0.583657 0.31 0.82 0.77
vn -0.809017 0.587785 1.72022e-18
v 1.31007 -4.22688 -0.583657 0.31 0.82 0.77
vn -1 8.38587e-18 3.89946e-19
v 1.33299 -4.29741 -0.583657 0.31 0.82 0.77
vn -0.809017 -0.587785 -1.44503e-18
v 1.39299 -4.341 -0.583657 0.31 0.82 0.77
vn -0.309017 -0.951057 -1.33028e-18
v 1.46715 -4.341 -0.583657 0.31 0.82 0.77
vn 0.309017 -0.951057 6.65139e-19
v 1.52715 -4.29741 -0.583657 0.31 0.82 0.77
vn 0.809017 -0.587785 1.72022e-18
v 1.55007 -4.22688 -1.07246 0.31 0.82 0.77
vn 1 1.67717e-17 3.89946e-19
v 1.52715 -4.15634 -1.07246 0.31 0.82 0.77
vn 0.809017 0.587785 -1.44503e-18
v 1.46715 -4.11275 -1.07246 0.31 0.82 0.77
vn 0.309017 0.951057 -1.33028e-18
v 1.39299 -4.11275 -1.07246 0.31 0.82 0.77
vn -0.309017 0.951057 6.65139e-19
v 1.33299 -4.15634 -1.07246 0.31 0.82 0.77
vn -0.809017 0.587785 1.72022e-18
v 1.31007 -4.22688 -1.07246 0.31 0.82 0.77
vn -1 -2.51576e-17 3.89946e-19
v 1.33299 -4.29741 -1.07246 0.31 0.82 0.77
vn -0.809017 -0.587785 -1.44503e-18
v 1.39299 -4.341 -1.07246 0.31 0.82 0.77
vn -0.309017 -0.951057 -1.33028e-18
v 1.46715 -4.341 -1.07246 0.31 0.82 0.77
vn 0.309017 -0.951057 6.65139e-19
v 1.52715 -4.29741 -1.07246 0.31 0.82 0.77
vn 0.809017 -0.587785 1.72022e-18
v 1.55007 -4.22688 -1.56126 0.31 0.82 0.77
vn 0.981281 0.106279 -0.160602
v 1.52715 -4.15634 -1.56126 0.31 0.82 0.77
vn 0.731403 0.662764 -0.160602
v 1.46715 -4.11275 -1.56126 0.31 0.82 0.77
vn 0.202155 0.966095 -0.160602
v 1.39299 -4.11275 -1.56126 0.31 0.82 0.77
vn -0.40431 0.900411 -0.160602
v 1.33299 -4.15634 -1.56126 0.31 0.82 0.77
vn -0.856342 0.490801 -0.160602
v 1.31007 -4.22688 -1.56126 0.31 0.82 0.77
vn -0.981281 -0.106279 -0.160602
v 1.33299 -4.29741 -1.56126 0.31 0.82 0.77
vn -0.731403 -0.662764 -0.160602
v 1.39299 -4.341 -1.56126 0.31 0.82 0.77
vn -0.202155 -0.966095 -0.160602
v 1.46715 -4.341 -1.56126 0.31 0.82 0.77
vn 0.40431 -0.900411 -0.160602
v 1.52715 -4.29741 -1.56126 0.31 0.82 0.77
vn 0.856342 -0.490801 -0.160602
v 0.680158 4.9235 0.402809 0.31 0.82 0.77
vn 0 0 1
v 0.680158 4.9235 -1.80245 0.31 0.82 0.77
vn 0 0 -1
v 0.800158 4.9235 0.402809 0.31 0.82 0.77
vn 0.983999 -0.106574 0.142786
v 0.77724 4.99404 0.402809 0.31 0.82 0.77
vn 0.858714 0.49216 0.142786
v 0.71724 5.03763 0.402809 0.31 0.82 0.77
vn 0.40543 0.902906 0.142786
v 0.643076 5.03763 0.402809 0.31 0.82 0.77
vn -0.202715 0.968772 0.142786
v 0.583076 4.99404 0.402809 0.31 0.82 0.77
vn -0.73343 0.6646 0.142786
v 0.560158 4.9235 0.402809 0.31 0.82 0.77
vn -0.983999 0.106574 0.142786
v 0.583076 4.85297 0.402809 0.31 0.82 0.77
vn -0.858714 -0.49216 0.142786
v 0.643076 4.80938 0.402809 0.31 0.82 0.77
vn -0.40543 -0.902906 0.142786
v 0.71724 4.80938 0.402809 0.31 0.82 0.77
vn 0.202715 -0.968772 0.142786
v 0.77724 4.85297 0.402809 0.31 0.82 0.77
vn 0.73343 -0.6646 0.142786
v 0.800158 4.9235 -0.148504 0.31 0.82 0.77
vn 1 0 1.34714e-19
v 0.77724 4.99404 -0.148504 0.31 0.82 0.77
vn 0.809017 0.587785 4.05944e-19
v 0.71724 5.03763 -0.148504 0.31 0.82 0.77
vn 0.309017 0.951057 1.35074e-18
v 0.643076 5.03763 -0.148504 0.31 0.82 0.77
vn -0.309017 0.951057 -6.75371e-19
v 0.583076 4.99404 -0.148504 0.31 0.82 0.77
vn -0.809017 0.587785 -1.21603e-18
v 0.560158 4.9235 -0.148504 0.31 0.82 0.77
vn -1 0 1.34714e-19
v 0.583076 4.85297 -0.148504 0.31 0.82 0.77
vn -0.809017 -0.587785 4.05944e-19
v 0.643076 4.80938 -0.148504 0.31 0.82 0.77
vn -0.309017 -0.951057 1.35074e-18
v 0.71724 4.80938 -0.148504 0.31 0.82 0.77
vn 0.309017 -0.951057 -6.75371e-19
v 0.77724 4.85297 -0.148504 0.31 0.82 0.77
vn 0.809017 -0.587785 -1.21603e-18
v 0.800158 4.9235 -0.699818 0.31 0.82 0.77
vn 1 -2.974e-17 1.34714e-19
v 0.77724 4.99404 -0.699818 0.31 0.82 0.77
vn 0.809017 0.587785 4.05944e-19
v 0.71724 5.03763 -0.699818 0.31 0.82 0.77
vn 0.309017 0.951057 1.35074e-18
v 0.643076 5.03763 -0.699818 0.31 0.82 0.77
vn -0.309017 0.951057 -6.75371e-19
v 0.583076 4.99404 -0.699818 0.31 0.82 0.77
vn -0.809017 0.587785 -1.21603e-18
v 0.560158 4.9235 -0.699818 0.31 0.82 0.77
vn -1 2.2305e-17 1.34714e-19
v 0.583076 4.85297 -0.699818 0.31 0.82 0.77
vn -0.809017 -0.587785 4.05944e-19
v 0.643076 4.80938 -0.699818 0.31 0.82 0.77
vn -0.309017 -0.951057 1.35074e-18
v 0.71724 4.80938 -0.699818 0.31 0.82 0.77
vn 0.309017 -0.951057 -6.75371e-19
v 0.77724 4.85297 -0.699818 0.31 0.82 0.77
vn 0.809017 -0.587785 -1.21603e-18
v 0.800158 4.9235 -1.25113 0.31 0.82 0.77
vn 1 2.974e-17 1.34714e-19
v 0.77724 4.99404 -1.25113 0.31 0.82 0.77
vn 0.809017 0.587785 4.05944e-19
v 0.71724 5.03763 -1.25113 0.31 0.82 0.77
vn 0.309017 0.951057 1.35074e-18
v 0.643076 5.03763 -1.25113 0.31 0.82 0.77
vn -0.309017 0.951057 -6.75371e-19
v 0.583076 4.99404 -1.25113 0.31 0.82 0.77
vn -0.809017 0.587785 -1.21603e-18
v 0.560158 4.9235 -1.25113 0.31 0.82 0.77
vn -1 -2.974e-17 1.34714e-19
v 0.583076 4.85297 -1.25113 0.31 0.82 0.77
vn -0.809017 -0.587785 4.05944e-19
v 0.643076 4.80938 -1.25113 0.31 0.82 0.77
vn -0.309017 -0.951057 1.35074e-18
v 0.71724 4.80938 -1.25113 0.31 0.82 0.77
vn 0.309017 -0.951057 -6.75371e-19
v 0.77724 4.85297 -1.25113 0.31 0.82 0.77
vn 0.809017 -0.587785 -1.21603e-18
v 0.800158 4.9235 -1.80245 0.31 0.82 0.77
vn 0.983999 0.106574 -0.142786
v 0.77724 4.99404 -1.80245 0.31 0.82 0.77
vn 0.73343 0.6646 -0.142786
v 0.71724 5.03763 -1.80245 0.31 0.82 0.77
vn 0.202715 0.968772 -0.142786
v 0.643076 5.03763 -1.80245 0.31 0.82 0.77
vn -0.40543 0.902906 -0.142786
v 0.583076 4.99404 -1.80245 0.31 0.82 0.77
vn -0.858714 0.49216 -0.142786
v 0.560158 4.9235 -1.80245 0.31 0.82 0.77
vn -0.983999 -0.106574 -0.142786
v 0.583076 4.85297 -1.80245 0.31 0.82 0.77
vn -0.73343 -0.6646 -0.142786
v 0.643076 4.80938 -1.80245 0.31 0.82 0.77
vn -0.202715 -0.968772 -0.142786
v 0.71724 4.80938 -1.80245 0.31 0.82 0.77
vn 0.40543 -0.902906 -0.142786
v 0.77724 4.85297 -1.80245 0.31 0.82 0.77
vn 0.858714 -0.49216 -0.142786
v -15.4336 4.84989 0.356295 0.31 0.82 0.77
vn 0 0 1
v -15.4336 4.84989 -1.78292 0.31 0.82 0.77
vn 0 0 -1
v -15.3136 4.84989 0.356295 0.31 0.82 0.77
vn 0.983371 -0.106506 0.1471
v -15.3365 4.92042 0.356295 0.31 0.82 0.77
vn 0.858166 0.491846 0.1471
v -15.3965 4.96402 0.356295 0.31 0.82 0.77
vn 0.405171 0.902329 0.1471
v -15.4707 4.96402 0.356295 0.31 0.82 0.77
vn -0.202586 0.968153 0.1471
v -15.5307 4.92042 0.356295 0.31 0.82 0.77
vn -0.732961 0.664176 0.1471
v -15.5536 4.84989 0.356295 0.31 0.82 0.77
vn -0.983371 0.106506 0.1471
v -15.5307 4.77936 0.356295 0.31 0.82 0.77
vn -0.858166 -0.491846 0.1471
v -15.4707 4.73576 0.356295 0.31 0.82 0.77
vn -0.405171 -0.902329 0.1471
v -15.3965 4.73576 0.356295 0.31 0.82 0.77
vn 0.202586 -0.968153 0.1471
v -15.3365 4.77936 0.356295 0.31 0.82 0.77
vn 0.732961 -0.664176 0.1471
v -15.3136 4.84989 -0.178509 0.31 0.82 0.77
vn 1 0 -2.96188e-19
v -15.3365 4.92042 -0.178509 0.31 0.82 0.77
vn 0.809017 0.587785 6.46254e-20
v -15.3965 4.96402 -0.178509 0.31 0.82 0.77
vn 0.309017 0.951057 -1.0555e-18
v -15.4707 4.96402 -0.178509 0.31 0.82 0.77
vn -0.309017 0.951057 5.27751e-19
v -15.5307 4.92042 -0.178509 0.31 0.82 0.77
vn -0.809017 0.587785 7.59314e-19
v -15.5536 4.84989 -0.178509 0.31 0.82 0.77
vn -1 0 -2.96188e-19
v -15.5307 4.77936 -0.178509 0.31 0.82 0.77
vn -0.809017 -0.587785 6.46254e-20
v -15.4707 4.73576 -0.178509 0.31 0.82 0.77
vn -0.309017 -0.951057 -1.0555e-18
v -15.3965 4.73576 -0.178509 0.31 0.82 0.77
vn 0.309017 -0.951057 5.27751e-19
v -15.3365 4.77936 -0.178509 0.31 0.82 0.77
vn 0.809017 -0.587785 7.59314e-19
v -15.3136 4.84989 -0.713312 0.31 0.82 0.77
vn 1 0 -2.96188e-19
v -15.3365 4.92042 -0.713312 0.31 0.82 0.77
vn 0.809017 0.587785 6.46254e-20
v -15.3965 4.96402 -0.713312 0.31 0.82 0.77
vn 0.309017 0.951057 -1.0555e-18
v -15.4707 4.96402 -0.713312 0.31 0.82 0.77
vn -0.309017 0.951057 5.27751e-19
v -15.5307 4.92042 -0.713312 0.31 0.82 0.77
vn -0.809017 0.587785 7.59314e-19
v -15.5536 4.84989 -0.713312 0.31 0.82 0.77
vn -1 0 -2.96188e-19
v -15.5307 4.77936 -0.713312 0.31 0.82 0.77
vn -0.809017 -0.587785 6.46254e-20
v -15.4707 4.73576 -0.713312 0.31 0.82 0.77
vn -0.309017 -0.951057 -1.0555e-18
v -15.3965 4.73576 -0.713312 0.31 0.82 0.77
vn 0.309017 -0.951057 5.27751e-19
v -15.3365 4.77936 -0.713312 0.31 0.82 0.77
vn 0.809017 -0.587785 7.59314e-19
v -15.3136 4.84989 -1.24812 0.31 0.82 0.77
vn 1 0 -2.96188e-19
v -15.3365 4.92042 -1.24812 0.31 0.82 0.77
vn 0.809017 0.587785 6.46254e-20
v -15.3965 4.96402 -1.24812 0.31 0.82 0.77
vn 0.309017 0.951057 -1.0555e-18
v -15.4707 4.96402 -1.24812 0.31 0.82 0.77
vn -0.309017 0.951057 5.27751e-19
v -15.5307 4.92042 -1.24812 0.31 0.82 0.77
vn -0.809017 0.587785 7.59314e-19
v -15.5536 4.84989 -1.24812 0.31 0.82 0.77
vn -1 0 -2.96188e-19
v -15.5307 4.77936 -1.24812 0.31 0.82 0.77
vn -0.809017 -0.587785 6.46254e-20
v -15.4707 4.73576 -1.24812 0.31 0.82 0.77
vn -0.309017 -0.951057 -1.0555e-18
v -15.3965 4.73576 -1.24812 0.31 0.82 0.77
vn 0.309017 -0.951057 5.27751e-19
v -15.3365 4.77936 -1.24812 0.31 0.82 0.77
vn 0.809017 -0.587785 7.59314e-19
v -15.3136 4.84989 -1.78292 0.31 0.82 0.77
vn 0.983371 0.106506 -0.1471
v -15.3365 4.92042 -1.78292 0.31 0.82 0.77
vn 0.732961 0.664176 -0.1471
v -15.3965 4.96402 -1.78292 0.31 0.82 0.77
vn 0.202586 0.968153 -0.1471
v -15.4707 4.96402 -1.78292 0.31 0.82 0.77
vn -0.405171 0.902329 -0.1471
v -15.5307 4.92042 -1.78292 0.31 0.82 0.77
vn -0.858166 0.491846 -0.1471
v -15.5536 4.84989 -1.78292 0.31 0.82 0.77
vn -0.983371 -0.106506 -0.1471
v -15.5307 4.77936 -1.78292 0.31 0.82 0.77
vn -0.732961 -0.664176 -0.1471
v -15.4707 4.73576 -1.78292 0.31 0.82 0.77
vn -0.202586 -0.968153 -0.1471
v -15.3965 4.73576 -1.78292 0.31 0.82 0.77
vn 0.405171 -0.902329 -0.1471
v -15.3365 4.77936 -1.78292 0.31 0.82 0.77
vn 0.858166 -0.491846 -0.1471
v 9.77353 -4.68933 0.67068 0.31 0.82 0.77
vn 0 0 1
v 9.77353 -4.68933 -0.97985 0.31 0.82 0.77
vn 0 0 -1
v 9.89353 -4.68933 0.67068 0.31 0.82 0.77
vn 0.976217 -0.105731 0.189266
v 9.87061 -4.6188 0.67068 0.31 0.82 0.77
vn 0.851923 0.488268 0.189266
v 9.81061 -4.57521 0.67068 0.31 0.82 0.77
vn 0.402223 0.895765 0.189266
v 9.73645 -4.57521 0.67068 0.31 0.82 0.77
vn -0.201112 0.96111 0.189266
v 9.67645 -4.6188 0.67068 0.31 0.82 0.77
vn -0.727629 0.659344 0.189266
v 9.65353 -4.68933 0.67068 0.31 0.82 0.77
vn -0.976217 0.105731 0.189266
v 9.67645 -4.75987 0.67068 0.31 0.82 0.77
vn -0.851923 -0.488268 0.189266
v 9.73645 -4.80346 0.67068 0.31 0.82 0.77
vn -0.402223 -0.895765 0.189266
v 9.81061 -4.80346 0.67068 0.31 0.82 0.77
vn 0.201112 -0.96111 0.189266
v 9.87061 -4.75987 0.67068 0.31 0.82 0.77
vn 0.727629 -0.659344 0.189266
v 9.89353 -4.68933 0.258047 0.31 0.82 0.77
vn 1 0 -3.83883e-19
v 9.87061 -4.6188 0.258047 0.31 0.82 0.77
vn 0.809017 0.587785 8.37595e-20
v 9.81061 -4.57521 0.258047 0.31 0.82 0.77
vn 0.309017 0.951057 -1.36801e-18
v 9.73645 -4.57521 0.258047 0.31 0.82 0.77
vn -0.309017 0.951057 6.84006e-19
v 9.67645 -4.6188 0.258047 0.31 0.82 0.77
vn -0.809017 0.587785 9.84129e-19
v 9.65353 -4.68933 0.258047 0.31 0.82 0.77
vn -1 9.9338e-18 -3.83883e-19
v 9.67645 -4.75987 0.258047 0.31 0.82 0.77
vn -0.809017 -0.587785 8.37595e-20
v 9.73645 -4.80346 0.258047 0.31 0.82 0.77
vn -0.309017 -0.951057 -1.36801e-18
v 9.81061 -4.80346 0.258047 0.31 0.82 0.77
vn 0.309017 -0.951057 6.84006e-19
v 9.87061 -4.75987 0.258047 0.31 0.82 0.77
vn 0.809017 -0.587785 9.84129e-19
v 9.89353 -4.68933 -0.154585 0.31 0.82 0.77
vn 1 -1.98676e-17 -3.83883e-19
v 9.87061 -4.6188 -0.154585 0.31 0.82 0.77
vn 0.809017 0.587785 8.37595e-20
v 9.81061 -4.57521 -0.154585 0.31 0.82 0.77
vn 0.309017 0.951057 -1.36801e-18
v 9.73645 -4.57521 -0.154585 0.31 0.82 0.77
vn -0.309017 0.951057 6.84006e-19
v 9.67645 -4.6188 -0.154585 0.31 0.82 0.77
vn -0.809017 0.587785 9.84129e-19
v 9.65353 -4.68933 -0.154585 0.31 0.82 0.77
vn -1 9.9338e-18 -3.83883e-19
v 9.67645 -4.75987 -0.154585 0.31 0.82 0.77
vn -0.809017 -0.587785 8.37595e-20
v 9.73645 -4.80346 -0.154585 0.31 0.82 0.77
vn -0.309017 -0.951057 -1.36801e-18
v 9.81061 -4.80346 -0.154585 0.31 0.82 0.77
vn 0.309017 -0.951057 6.84006e-19
v 9.87061 -4.75987 -0.154585 0.31 0.82 0.77
vn 0.809017 -0.587785 9.84129e-19
v 9.89353 -4.68933 -0.567218 0.31 0.82 0.77
vn 1 0 -3.83883e-19
v 9.87061 -4.6188 -0.567218 0.31 0.82 0.77
vn 0.809017 0.587785 8.37595e-20
v 9.81061 -4.57521 -0.567218 0.31 0.82 0.77
vn 0.309017 0.951057 -1.36801e-18
v 9.73645 -4.57521 -0.567218 0.31 0.82 0.77
vn -0.309017 0.951057 6.84006e-19
v 9.67645 -4.6188 -0.567218 0.31 0.82 0.77
vn -0.809017 0.587785 9.84129e-19
v 9.65353 -4.68933 -0.567218 0.31 0.82 0.77
vn -1 -9.9338e-18 -3.83883e-19
v 9.67645 -4.75987 -0.567218 0.31 0.82 0.77
vn -0.809017 -0.587785 8.37595e-20
v 9.73645 -4.80346 -0.567218 0.31 0.82 0.77
vn -0.309017 -0.951057 -1.36801e-18
v 9.81061 -4.80346 -0.567218 0.31 0.82 0.77
vn 0.309017 -0.951057 6.84006e-19
v 9.87061 -4.75987 -0.567218 0.31 0.82 0.77
vn 0.809017 -0.587785 9.84129e-19
v 9.89353 -4.68933 -0.97985 0.31 0.82 0.77
vn 0.976217 0.105731 -0.189266
v 9.87061 -4.6188 -0.97985 0.31 0.82 0.77
vn 0.727629 0.659344 -0.189266
v 9.81061 -4.57521 -0.97985 0.31 0.82 0.77
vn 0.201112 0.96111 -0.189266
v 9.73645 -4.57521 -0.97985 0.31 0.82 0.77
vn -0.402223 0.895765 -0.189266
v 9.67645 -4.6188 -0.97985 0.31 0.82 0.77
vn -0.851923 0.488268 -0.189266
v 9.65353 -4.68933 -0.97985 0.31 0.82 0.77
vn -0.976217 -0.105731 -0.189266
v 9.67645 -4.75987 -0.97985 0.31 0.82 0.77
vn -0.727629 -0.659344 -0.189266
v 9.73645 -4.80346 -0.97985 0.31 0.82 0.77
vn -0.201112 -0.96111 -0.189266
v 9.81061 -4.80346 -0.97985 0.31 0.82 0.77
vn 0.402223 -0.895765 -0.189266
v 9.87061 -4.75987 -0.97985 0.31 0.82 0.77
vn 0.851923 -0.488268 -0.189266
v -29.336 -24.2179 1.37033 0.31 0.82 0.77
vn 0 0 1
v -29.336 -24.2179 -0.418144 0.31 0.82 0.77
vn 0 0 -1
v -29.216 -24.2179 1.37033 0.31 0.82 0.77
vn 0.97882 -0.106013 0.175134
v -29.2389 -24.1473 1.37033 0.31 0.82 0.77
vn 0.854195 0.48957 0.175134
v -29.2989 -24.1037 1.37033 0.31 0.82 0.77
vn 0.403296 0.898154 0.175134
v -29.3731 -24.1037 1.37033 0.31 0.82 0.77
vn -0.201648 0.963673 0.175134
v -29.4331 -24.1473 1.37033 0.31 0.82 0.77
vn -0.72957 0.661102 0.175134
v -29.456 -24.2179 1.37033 0.31 0.82 0.77
vn -0.97882 0.106013 0.175134
v -29.4331 -24.2884 1.37033 0.31 0.82 0.77
vn -0.854195 -0.48957 0.175134
v -29.3731 -24.332 1.37033 0.31 0.82 0.77
vn -0.403296 -0.898154 0.175134
v -29.2989 -24.332 1.37033 0.31 0.82 0.77
vn 0.201648 -0.963673 0.175134
v -29.2389 -24.2884 1.37033 0.31 0.82 0.77
vn 0.72957 -0.661102 0.175134
v -29.216 -24.2179 0.923212 0.31 0.82 0.77
vn 1 0 -3.54274e-19
v -29.2389 -24.1473 0.923212 0.31 0.82 0.77
vn 0.809017 0.587785 1.64704e-18
v -29.2989 -24.1037 0.923212 0.31 0.82 0.77
vn 0.309017 0.951057 1.87699e-18
v -29.3731 -24.1037 0.923212 0.31 0.82 0.77
vn -0.309017 0.951057 -9.38495e-19
v -29.4331 -24.1473 0.923212 0.31 0.82 0.77
vn -0.809017 0.587785 -2.23126e-18
v -29.456 -24.2179 0.923212 0.31 0.82 0.77
vn -1 0 -3.54274e-19
v -29.4331 -24.2884 0.923212 0.31 0.82 0.77
vn -0.809017 -0.587785 1.64704e-18
v -29.3731 -24.332 0.923212 0.31 0.82 0.77
vn -0.309017 -0.951057 1.87699e-18
v -29.2989 -24.332 0.923212 0.31 0.82 0.77
vn 0.309017 -0.951057 -9.38495e-19
v -29.2389 -24.2884 0.923212 0.31 0.82 0.77
vn 0.809017 -0.587785 -2.23126e-18
v -29.216 -24.2179 0.476093 0.31 0.82 0.77
vn 1 0 -3.54274e-19
v -29.2389 -24.1473 0.476093 0.31 0.82 0.77
vn 0.809017 0.587785 1.64704e-18
v -29.2989 -24.1037 0.476093 0.31 0.82 0.77
vn 0.309017 0.951057 1.87699e-18
v -29.3731 -24.1037 0.476093 0.31 0.82 0.77
vn -0.309017 0.951057 -9.38495e-19
v -29.4331 -24.1473 0.476093 0.31 0.82 0.77
vn -0.809017 0.587785 -2.23126e-18
v -29.456 -24.2179 0.476093 0.31 0.82 0.77
vn -1 0 -3.54274e-19
v -29.4331 -24.2884 0.476093 0.31 0.82 0.77
vn -0.809017 -0.587785 1.64704e-18
v -29.3731 -24.332 0.476093 0.31 0.82 0.77
vn -0.309017 -0.951057 1.87699e-18
v -29.2989 -24.332 0.476093 0.31 0.82 0.77
vn 0.309017 -0.951057 -9.38495e-19
v -29.2389 -24.2884 0.476093 0.31 0.82 0.77
vn 0.809017 -0.587785 -2.23126e-18
v -29.216 -24.2179 0.028975 0.31 0.82 0.77
vn 1 0 -3.54274e-19
v -29.2389 -24.1473 0.028975 0.31 0.82 0.77
vn 0.809017 0.587785 1.64704e-18
v -29.2989 -24.1037 0.028975 0.31 0.82 0.77
vn 0.309017 0.951057 1.87699e-18
v -29.3731 -24.1037 0.028975 0.31 0.82 0.77
vn -0.309017 0.951057 -9.38495e-19
v -29.4331 -24.1473 0.028975 0.31 0.82 0.77
vn -0.809017 0.587785 -2.23126e-18
v -29.456 -24.2179 0.028975 0.31 0.82 0.77
vn -1 0 -3.54274e-19
v -29.4331 -24.2884 0.028975 0.31 0.82 0.77
vn -0.809017 -0.587785 1.64704e-18
v -29.3731 -24.332 0.028975 0.31 0.82 0.77
vn -0.309017 -0.951057 1.87699e-18
v -29.2989 -24.332 0.028975 0.31 0.82 0.77
vn 0.309017 -0.951057 -9.38495e-19
v -29.2389 -24.2884 0.028975 0.31 0.82 0.77
vn 0.809017 -0.587785 -2.23126e-18
v -29.216 -24.2179 -0.418144 0.31 0.82 0.77
vn 0.97882 0.106013 -0.175134
v -29.2389 -24.1473 -0.418144 0.31 0.82 0.77
vn 0.72957 0.661102 -0.175134
v -29.2989 -24.1037 -0.418144 0.31 0.82 0.77
vn 0.201648 0.963673 -0.175134
v -29.3731 -24.1037 -0.418144 0.31 0.82 0.77
vn -0.403296 0.898154 -0.175134
v -29.4331 -24.1473 -0.418144 0.31 0.82 0.77
vn -0.854195 0.48957 -0.175134
v -29.456 -24.2179 -0.418144 0.31 0.82 0.77
vn -0.97882 -0.106013 -0.175134
v -29.4331 -24.2884 -0.418144 0.31 0.82 0.77
vn -0.72957 -0.661102 -0.175134
v -29.3731 -24.332 -0.418144 0.31 0.82 0.77
vn -0.201648 -0.963673 -0.175134
v -29.2989 -24.332 -0.418144 0.31 0.82 0.77
vn 0.403296 -0.898154 -0.175134
v -29.2389 -24.2884 -0.418144 0.31 0.82 0.77
vn 0.854195 -0.48957 -0.175134
v -19.2135 1.17026 0.982561 0.31 0.82 0.77
vn 0 0 1
v -19.2135 1.17026 -0.162419 0.31 0.82 0.77
vn 0 0 -1
v -19.0935 1.17026 0.982561 0.31 0.82 0.77
vn 0.957897 -0.103746 0.267714
v -19.1164 1.24079 0.982561 0.31 0.82 0.77
vn 0.835935 0.479105 0.267714
v -19.1764 1.28439 0.982561 0.31 0.82 0.77
vn 0.394675 0.878954 0.267714
v -19.2505 1.28439 0.982561 0.31 0.82 0.77
vn -0.197338 0.943073 0.267714
v -19.3105 1.24079 0.982561 0.31 0.82 0.77
vn -0.713974 0.64697 0.267714
v -19.3335 1.17026 0.982561 0.31 0.82 0.77
vn -0.957897 0.103746 0.267714
v -19.3105 1.09972 0.982561 0.31 0.82 0.77
vn -0.835935 -0.479105 0.267714
v -19.2505 1.05613 0.982561 0.31 0.82 0.77
vn -0.394675 -0.878954 0.267714
v -19.1764 1.05613 0.982561 0.31 0.82 0.77
vn 0.197338 -0.943073 0.267714
v -19.1164 1.09972 0.982561 0.31 0.82 0.77
vn 0.713974 -0.64697 0.267714
v -19.0935 1.17026 0.696316 0.31 0.82 0.77
vn 1 1.43199e-17 3.9891e-19
v -19.1164 1.24079 0.696316 0.31 0.82 0.77
vn 0.809017 0.587785 8.11322e-19
v -19.1764 1.28439 0.696316 0.31 0.82 0.77
vn 0.309017 0.951057 3.21828e-18
v -19.2505 1.28439 0.696316 0.31 0.82 0.77
vn -0.309017 0.951057 -1.60914e-18
v -19.3105 1.24079 0.696316 0.31 0.82 0.77
vn -0.809017 0.587785 -2.81937e-18
v -19.3335 1.17026 0.696316 0.31 0.82 0.77
vn -1 -1.43199e-17 1.23661e-18
v -19.3105 1.09972 0.696316 0.31 0.82 0.77
vn -0.809017 -0.587785 -9.08642e-20
v -19.2505 1.05613 0.696316 0.31 0.82 0.77
vn -0.309017 -0.951057 -1.9369e-18
v -19.1764 1.05613 0.696316 0.31 0.82 0.77
vn 0.309017 -0.951057 -1.60914e-18
v -19.1164 1.09972 0.696316 0.31 0.82 0.77
vn 0.809017 -0.587785 -2.81937e-18
v -19.0935 1.17026 0.410071 0.31 0.82 0.77
vn 1 1.43199e-17 3.9891e-19
v -19.1164 1.24079 0.410071 0.31 0.82 0.77
vn 0.809017 0.587785 8.11322e-19
v -19.1764 1.28439 0.410071 0.31 0.82 0.77
vn 0.309017 0.951057 3.21828e-18
v -19.2505 1.28439 0.410071 0.31 0.82 0.77
vn -0.309017 0.951057 -1.60914e-18
v -19.3105 1.24079 0.410071 0.31 0.82 0.77
vn -0.809017 0.587785 -2.81937e-18
v -19.3335 1.17026 0.410071 0.31 0.82 0.77
vn -1 -7.15997e-18 1.23661e-18
v -19.3105 1.09972 0.410071 0.31 0.82 0.77
vn -0.809017 -0.587785 -9.08642e-20
v -19.2505 1.05613 0.410071 0.31 0.82 0.77
vn -0.309017 -0.951057 -1.9369e-18
v -19.1764 1.05613 0.410071 0.31 0.82 0.77
vn 0.309017 -0.951057 -1.60914e-18
v -19.1164 1.09972 0.410071 0.31 0.82 0.77
vn 0.809017 -0.587785 -2.81937e-18
v -19.0935 1.17026 0.123826 0.31 0.82 0.77
vn 1 -2.86399e-17 3.9891e-19
v -19.1164 1.24079 0.123826 0.31 0.82 0.77
vn 0.809017 0.587785 8.11322e-19
v -19.1764 1.28439 0.123826 0.31 0.82 0.77
vn 0.309017 0.951057 3.21828e-18
v -19.2505 1.28439 0.123826 0.31 0.82 0.77
vn -0.309017 0.951057 -1.60914e-18
v -19.3105 1.24079 0.123826 0.31 0.82 0.77
vn -0.809017 0.587785 -2.81937e-18
v -19.3335 1.17026 0.123826 0.31 0.82 0.77
vn -1 2.14799e-17 1.23661e-18
v -19.3105 1.09972 0.123826 0.31 0.82 0.77
vn -0.809017 -0.587785 -9.08642e-20
v -19.2505 1.05613 0.123826 0.31 0.82 0.77
vn -0.309017 -0.951057 -1.9369e-18
v -19.1764 1.05613 0.123826 0.31 0.82 0.77
vn 0.309017 -0.951057 -1.60914e-18
v -19.1164 1.09972 0.123826 0.31 0.82 0.77
vn 0.809017 -0.587785 -2.81937e-18
v -19.0935 1.17026 -0.162419 0.31 0.82 0.77
vn 0.957897 0.103746 -0.267714
v -19.1164 1.24079 -0.162419 0.31 0.82 0.77
vn 0.713974 0.64697 -0.267714
v -19.1764 1.28439 -0.162419 0.31 0.82 0.77
vn 0.197338 0.943073 -0.267714
v -19.2505 1.28439 -0.162419 0.31 0.82 0.77
vn -0.394675 0.878954 -0.267714
v -19.3105 1.24079 -0.162419 0.31 0.82 0.77
vn -0.835935 0.479105 -0.267714
v -19.3335 1.17026 -0.162419 0.31 0.82 0.77
vn -0.957897 -0.103746 -0.267714
v -19.3105 1.09972 -0.162419 0.31 0.82 0.77
vn -0.713974 -0.64697 -0.267714
v -19.2505 1.05613 -0.162419 0.31 0.82 0.77
vn -0.197338 -0.943073 -0.267714
v -19.1764 1.05613 -0.162419 0.31 0.82 0.77
vn 0.394675 -0.878954 -0.267714
v -19.1164 1.09972 -0.162419 0.31 0.82 0.77
vn 0.835935 -0.479105 -0.267714
v 29.4718 10.9291 1.47713 0.31 0.82 0.77
vn 0 0 1
v 29.4718 10.9291 -0.37256 0.31 0.82 0.77
vn 0 0 -1
v 29.5918 10.9291 1.47713 0.31 0.82 0.77
vn 0.979799 -0.106119 0.169507
v 29.5689 10.9997 1.47713 0.31 0.82 0.77
vn 0.855049 0.49006 0.169507
v 29.5089 11.0433 1.47713 0.31 0.82 0.77
vn 0.403699 0.899052 0.169507
v 29.4347 11.0433 1.47713 0.31 0.82 0.77
vn -0.20185 0.964637 0.169507
v 29.3747 10.9997 1.47713 0.31 0.82 0.77
vn -0.730299 0.661763 0.169507
v 29.3518 10.9291 1.47713 0.31 0.82 0.77
vn -0.979799 0.106119 0.169507
v 29.3747 10.8586 1.47713 0.31 0.82 0.77
vn -0.855049 -0.49006 0.169507
v 29.4347 10.815 1.47713 0.31 0.82 0.77
vn -0.403699 -0.899052 0.169507
v 29.5089 10.815 1.47713 0.31 0.82 0.77
vn 0.20185 -0.964637 0.169507
v 29.5689 10.8586 1.47713 0.31 0.82 0.77
vn 0.730299 -0.661763 0.169507
v 29.5918 10.9291 1.01471 0.31 0.82 0.77
vn 1 0 -3.42549e-19
v 29.5689 10.9997 1.01471 0.31 0.82 0.77
vn 0.809017 0.587785 1.06068e-18
v 29.5089 11.0433 1.01471 0.31 0.82 0.77
vn 0.309017 0.951057 7.51163e-19
v 29.4347 11.0433 1.01471 0.31 0.82 0.77
vn -0.309017 0.951057 -3.75582e-19
v 29.3747 10.9997 1.01471 0.31 0.82 0.77
vn -0.809017 0.587785 -1.09371e-18
v 29.3518 10.9291 1.01471 0.31 0.82 0.77
vn -1 0 -3.42549e-19
v 29.3747 10.8586 1.01471 0.31 0.82 0.77
vn -0.809017 -0.587785 1.06068e-18
v 29.4347 10.815 1.01471 0.31 0.82 0.77
vn -0.309017 -0.951057 7.51163e-19
v 29.5089 10.815 1.01471 0.31 0.82 0.77
vn 0.309017 -0.951057 -3.75582e-19
v 29.5689 10.8586 1.01471 0.31 0.82 0.77
vn 0.809017 -0.587785 -1.09371e-18
v 29.5918 10.9291 0.552287 0.31 0.82 0.77
vn 1 0 -3.42549e-19
v 29.5689 10.9997 0.552287 0.31 0.82 0.77
vn 0.809017 0.587785 1.06068e-18
v 29.5089 11.0433 0.552287 0.31 0.82 0.77
vn 0.309017 0.951057 7.51163e-19
v 29.4347 11.0433 0.552287 0.31 0.82 0.77
vn -0.309017 0.951057 -3.75582e-19
v 29.3747 10.9997 0.552287 0.31 0.82 0.77
vn -0.809017 0.587785 -1.09371e-18
v 29.3518 10.9291 0.552287 0.31 0.82 0.77
vn -1 0 -3.42549e-19
v 29.3747 10.8586 0.552287 0.31 0.82 0.77
vn -0.809017 -0.587785 1.06068e-18
v 29.4347 10.815 0.552287 0.31 0.82 0.77
vn -0.309017 -0.951057 7.51163e-19
v 29.5089 10.815 0.552287 0.31 0.82 0.77
vn 0.309017 -0.951057 -3.75582e-19
v 29.5689 10.8586 0.552287 0.31 0.82 0.77
vn 0.809017 -0.587785 -1.09371e-18
v 29.5918 10.9291 0.0898637 0.31 0.82 0.77
vn 1 0 -3.42549e-19
v 29.5689 10.9997 0.0898637 0.31 0.82 0.77
vn 0.809017 0.587785 1.06068e-18
v 29.5089 11.0433 0.0898637 0.31 0.82 0.77
vn 0.309017 0.951057 7.51163e-19
v 29.4347 11.0433 0.0898637 0.31 0.82 0.77
vn -0.309017 0.951057 -3.75582e-19
v 29.3747 10.9997 0.0898637 0.31 0.82 0.77
vn -0.809017 0.587785 -1.09371e-18
v 29.3518 10.9291 0.0898637 0.31 0.82 0.77
vn -1 0 -3.42549e-19
v 29.3747 10.8586 0.0898637 0.31 0.82 0.77
vn -0.809017 -0.587785 1.06068e-18
v 29.4347 10.815 0.0898637 0.31 0.82 0.77
vn -0.309017 -0.951057 7.51163e-19
v 29.5089 10.815 0.0898637 0.31 0.82 0.77
vn 0.309017 -0.951057 -3.75582e-19
v 29.5689 10.8586 0.0898637 0.31 0.82 0.77
vn 0.809017 -0.587785 -1.09371e-18
v 29.5918 10.9291 -0.37256 0.31 0.82 0.77
vn 0.979799 0.106119 -0.169507
v 29.5689 10.9997 -0.37256 0.31 0.82 0.77
vn 0.730299 0.661763 -0.169507
v 29.5089 11.0433 -0.37256 0.31 0.82 0.77
vn 0.20185 0.964637 -0.169507
v 29.4347 11.0433 -0.37256 0.31 0.82 0.77
vn -0.403699 0.899052 -0.169507
v 29.3747 10.9997 -0.37256 0.31 0.82 0.77
vn -0.855049 0.49006 -0.169507
v 29.3518 10.9291 -0.37256 0.31 0.82 0.77
vn -0.979799 -0.106119 -0.169507
v 29.3747 10.8586 -0.37256 0.31 0.82 0.77
vn -0.730299 -0.661763 -0.169507
v 29.4347 10.815 -0.37256 0.31 0.82 0.77
vn -0.20185 -0.964637 -0.169507
v 29.5089 10.815 -0.37256 0.31 0.82 0.77
vn 0.403699 -0.899052 -0.169507
v 29.5689 10.8586 -0.37256 0.31 0.82 0.77
vn 0.855049 -0.49006 -0.169507
v -41.2443 -19.4861 0.851111 0.31 0.82 0.77
vn 0 0 1
v -41.2443 -19.4861 -0.363079 0.31 0.82 0.77
vn 0 0 -1
v -41.1243 -19.4861 0.851111 0.31 0.82 0.77
vn 0.961721 -0.104161 0.253462
v -41.1472 -19.4155 0.851111 0.31 0.82 0.77
vn 0.839273 0.481018 0.253462
v -41.2072 -19.3719 0.851111 0.31 0.82 0.77
vn 0.396251 0.882464 0.253462
v -41.2814 -19.3719 0.851111 0.31 0.82 0.77
vn -0.198125 0.946839 0.253462
v -41.3414 -19.4155 0.851111 0.31 0.82 0.77
vn -0.716825 0.649553 0.253462
v -41.3643 -19.4861 0.851111 0.31 0.82 0.77
vn -0.961721 0.104161 0.253462
v -41.3414 -19.5566 0.851111 0.31 0.82 0.77
vn -0.839273 -0.481018 0.253462
v -41.2814 -19.6002 0.851111 0.31 0.82 0.77
vn -0.396251 -0.882464 0.253462
v -41.2072 -19.6002 0.851111 0.31 0.82 0.77
vn 0.198125 -0.946839 0.253462
v -41.1472 -19.5566 0.851111 0.31 0.82 0.77
vn 0.716825 -0.649553 0.253462
v -41.1243 -19.4861 0.547563 0.31 0.82 0.77
vn 1 0 9.79329e-20
v -41.1472 -19.4155 0.547563 0.31 0.82 0.77
vn 0.809017 0.587785 1.18652e-18
v -41.2072 -19.3719 0.547563 0.31 0.82 0.77
vn 0.309017 0.951057 2.76476e-18
v -41.2814 -19.3719 0.547563 0.31 0.82 0.77
vn -0.309017 0.951057 -1.38238e-18
v -41.3414 -19.4155 0.547563 0.31 0.82 0.77
vn -0.809017 0.587785 -2.66683e-18
v -41.3643 -19.4861 0.547563 0.31 0.82 0.77
vn -1 0 9.79329e-20
v -41.3414 -19.5566 0.547563 0.31 0.82 0.77
vn -0.809017 -0.587785 1.18652e-18
v -41.2814 -19.6002 0.547563 0.31 0.82 0.77
vn -0.309017 -0.951057 2.76476e-18
v -41.2072 -19.6002 0.547563 0.31 0.82 0.77
vn 0.309017 -0.951057 -1.38238e-18
v -41.1472 -19.5566 0.547563 0.31 0.82 0.77
vn 0.809017 -0.587785 -2.66683e-18
v -41.1243 -19.4861 0.244016 0.31 0.82 0.77
vn 1 0 9.79329e-20
v -41.1472 -19.4155 0.244016 0.31 0.82 0.77
vn 0.809017 0.587785 1.18652e-18
v -41.2072 -19.3719 0.244016 0.31 0.82 0.77
vn 0.309017 0.951057 2.76476e-18
v -41.2814 -19.3719 0.244016 0.31 0.82 0.77
vn -0.309017 0.951057 -1.38238e-18
v -41.3414 -19.4155 0.244016 0.31 0.82 0.77
vn -0.809017 0.587785 -2.66683e-18
v -41.3643 -19.4861 0.244016 0.31 0.82 0.77
vn -1 0 9.79329e-20
v -41.3414 -19.5566 0.244016 0.31 0.82 0.77
vn -0.809017 -0.587785 1.18652e-18
v -41.2814 -19.6002 0.244016 0.31 0.82 0.77
vn -0.309017 -0.951057 2.76476e-18
v -41.2072 -19.6002 0.244016 0.31 0.82 0.77
vn 0.309017 -0.951057 -1.38238e-18
v -41.1472 -19.5566 0.244016 0.31 0.82 0.77
vn 0.809017 -0.587785 -2.66683e-18
v -41.1243 -19.4861 -0.0595318 0.31 0.82 0.77
vn 1 0 9.79329e-20
v -41.1472 -19.4155 -0.0595318 0.31 0.82 0.77
vn 0.809017 0.587785 1.18652e-18
v -41.2072 -19.3719 -0.0595318 0.31 0.82 0.77
vn 0.309017 0.951057 2.76476e-18
v -41.2814 -19.3719 -0.0595318 0.31 0.82 0.77
vn -0.309017 0.951057 -1.38238e-18
v -41.3414 -19.4155 -0.0595318 0.31 0.82 0.77
vn -0.809017 0.587785 -2.66683e-18
v -41.3643 -19.4861 -0.0595318 0.31 0.82 0.77
vn -1 0 9.79329e-20
v -41.3414 -19.5566 -0.0595318 0.31 0.82 0.77
vn -0.809017 -0.587785 1.18652e-18
v -41.2814 -19.6002 -0.0595318 0.31 0.82 0.77
vn -0.309017 -0.951057 2.76476e-18
v -41.2072 -19.6002 -0.0595318 0.31 0.82 0.77
vn 0.309017 -0.951057 -1.38238e-18
v -41.1472 -19.5566 -0.0595318 0.31 0.82 0.77
vn 0.809017 -0.587785 -2.66683e-18
v -41.1243 -19.4861 -0.363079 0.31 0.82 0.77
vn 0.961721 0.104161 -0.253462
v -41.1472 -19.4155 -0.363079 0.31 0.82 0.77
vn 0.716825 0.649553 -0.253462
v -41.2072 -19.3719 -0.363079 0.31 0.82 0.77
vn 0.198125 0.946839 -0.253462
v -41.2814 -19.3719 -0.363079 0.31 0.82 0.77
vn -0.396251 0.882464 -0.253462
v -41.3414 -19.4155 -0.363079 0.31 0.82 0.77
vn -0.839273 0.481018 -0.253462
v -41.3643 -19.4861 -0.363079 0.31 0.82 0.77
vn -0.961721 -0.104161 -0.253462
v -41.3414 -19.5566 -0.363079 0.31 0.82 0.77
vn -0.716825 -0.649553 -0.253462
v -41.2814 -19.6002 -0.363079 0.31 0.82 0.77
vn -0.198125 -0.946839 -0.253462
v -41.2072 -19.6002 -0.363079 0.31 0.82 0.77
vn 0.396251 -0.882464 -0.253462
v -41.1472 -19.5566 -0.363079 0.31 0.82 0.77
vn 0.839273 -0.481018 -0.253462
v -19.2138 1.16914 -1.27995 0.31 0.82 0.77
vn 0 0 1
v -19.2138 1.16914 -1.72995 0.31 0.82 0.77
vn 0 0 -1
v -19.0938 1.16914 -1.27995 0.31 0.82 0.77
vn 0.811799 -0.0879232 0.577279
v -19.1167 1.23967 -1.27995 0.31 0.82 0.77
vn 0.708439 0.406032 0.577279
v -19.1767 1.28326 -1.27995 0.31 0.82 0.77
vn 0.33448 0.744897 0.577279
v -19.2509 1.28326 -1.27995 0.31 0.82 0.77
vn -0.16724 0.799237 0.577279
v -19.3109 1.23967 -1.27995 0.31 0.82 0.77
vn -0.605079 0.548295 0.577279
v -19.3338 1.16914 -1.27995 0.31 0.82 0.77
vn -0.811799 0.0879232 0.577279
v -19.3109 1.0986 -1.27995 0.31 0.82 0.77
vn -0.708439 -0.406032 0.577279
v -19.2509 1.05501 -1.27995 0.31 0.82 0.77
vn -0.33448 -0.744897 0.577279
v -19.1767 1.05501 -1.27995 0.31 0.82 0.77
vn 0.16724 -0.799237 0.577279
v -19.1167 1.0986 -1.27995 0.31 0.82 0.77
vn 0.605079 -0.548295 0.577279
v -19.0938 1.16914 -1.39245 0.31 0.82 0.77
vn 1 0 1.01499e-18
v -19.1167 1.23967 -1.39245 0.31 0.82 0.77
vn 0.809017 0.587785 2.06433e-18
v -19.1767 1.28326 -1.39245 0.31 0.82 0.77
vn 0.309017 0.951057 8.1886e-18
v -19.2509 1.28326 -1.39245 0.31 0.82 0.77
vn -0.309017 0.951057 -4.0943e-18
v -19.3109 1.23967 -1.39245 0.31 0.82 0.77
vn -0.809017 0.587785 -7.17361e-18
v -19.3338 1.16914 -1.39245 0.31 0.82 0.77
vn -1 0 3.14643e-18
v -19.3109 1.0986 -1.39245 0.31 0.82 0.77
vn -0.809017 -0.587785 -2.31195e-19
v -19.2509 1.05501 -1.39245 0.31 0.82 0.77
vn -0.309017 -0.951057 -4.92824e-18
v -19.1767 1.05501 -1.39245 0.31 0.82 0.77
vn 0.309017 -0.951057 -4.0943e-18
v -19.1167 1.0986 -1.39245 0.31 0.82 0.77
vn 0.809017 -0.587785 -7.17361e-18
v -19.0938 1.16914 -1.50495 0.31 0.82 0.77
vn 1 0 1.01499e-18
v -19.1167 1.23967 -1.50495 0.31 0.82 0.77
vn 0.809017 0.587785 2.06433e-18
v -19.1767 1.28326 -1.50495 0.31 0.82 0.77
vn 0.309017 0.951057 8.1886e-18
v -19.2509 1.28326 -1.50495 0.31 0.82 0.77
vn -0.309017 0.951057 -4.0943e-18
v -19.3109 1.23967 -1.50495 0.31 0.82 0.77
vn -0.809017 0.587785 -7.17361e-18
v -19.3338 1.16914 -1.50495 0.31 0.82 0.77
vn -1 0 3.14643e-18
v -19.3109 1.0986 -1.50495 0.31 0.82 0.77
vn -0.809017 -0.587785 -2.31195e-19
v -19.2509 1.05501 -1.50495 0.31 0.82 0.77
vn -0.309017 -0.951057 -4.92824e-18
v -19.1767 1.05501 -1.50495 0.31 0.82 0.77
vn 0.309017 -0.951057 -4.0943e-18
v -19.1167 1.0986 -1.50495 0.31 0.82 0.77
vn 0.809017 -0.587785 -7.17361e-18
v -19.0938 1.16914 -1.61745 0.31 0.82 0.77
vn 1 0 1.01499e-18
v -19.1167 1.23967 -1.61745 0.31 0.82 0.77
vn 0.809017 0.587785 2.06433e-18
v -19.1767 1.28326 -1.61745 0.31 0.82 0.77
vn 0.309017 0.951057 8.1886e-18
v -19.2509 1.28326 -1.61745 0.31 0.82 0.77
vn -0.309017 0.951057 -4.0943e-18
v -19.3109 1.23967 -1.61745 0.31 0.82 0.77
vn -0.809017 0.587785 -7.17361e-18
v -19.3338 1.16914 -1.61745 0.31 0.82 0.77
vn -1 0 3.14643e-18
v -19.3109 1.0986 -1.61745 0.31 0.82 0.77
vn -0.809017 -0.587785 -2.31195e-19
v -19.2509 1.05501 -1.61745 0.31 0.82 0.77
vn -0.309017 -0.951057 -4.92824e-18
v -19.1767 1.05501 -1.61745 0.31 0.82 0.77
vn 0.309017 -0.951057 -4.0943e-18
v -19.1167 1.0986 -1.61745 0.31 0.82 0.77
vn 0.809017 -0.587785 -7.17361e-18
v -19.0938 1.16914 -1.72995 0.31 0.82 0.77
vn 0.811799 0.0879232 -0.577279
v -19.1167 1.23967 -1.72995 0.31 0.82 0.77
vn 0.605079 0.548295 -0.577279
v -19.1767 1.28326 -1.72995 0.31 0.82 0.77
vn 0.16724 0.799237 -0.577279
v -19.2509 1.28326 -1.72995 0.31 0.82 0.77
vn -0.33448 0.744897 -0.577279
v -19.3109 1.23967 -1.72995 0.31 0.82 0.77
vn -0.708439 0.406032 -0.577279
v -19.3338 1.16914 -1.72995 0.31 0.82 0.77
vn -0.811799 -0.0879232 -0.577279
v -19.3109 1.0986 -1.72995 0.31 0.82 0.77
vn -0.605079 -0.548295 -0.577279
v -19.2509 1.05501 -1.72995 0.31 0.82 0.77
vn -0.16724 -0.799237 -0.577279
v -19.1767 1.05501 -1.72995 0.31 0.82 0.77
vn 0.33448 -0.744897 -0.577279
v -19.1167 1.0986 -1.72995 0.31 0.82 0.77
vn 0.708439 -0.406032 -0.577279
v -13.219 -12.7751 0.87753 0.31 0.82 0.77
vn 0 0 1
v -13.219 -12.7751 0.42753 0.31 0.82 0.77
vn 0 0 -1
v -13.099 -12.7751 0.87753 0.31 0.82 0.77
vn 0.811799 -0.0879232 0.577279
v -13.1219 -12.7045 0.87753 0.31 0.82 0.77
vn 0.708439 0.406032 0.577279
v -13.1819 -12.6609 0.87753 0.31 0.82 0.77
vn 0.33448 0.744897 0.577279
v -13.256 -12.6609 0.87753 0.31 0.82 0.77
vn -0.16724 0.799237 0.577279
v -13.316 -12.7045 0.87753 0.31 0.82 0.77
vn -0.605079 0.548295 0.577279
v -13.339 -12.7751 0.87753 0.31 0.82 0.77
vn -0.811799 0.0879232 0.577279
v -13.316 -12.8456 0.87753 0.31 0.82 0.77
vn -0.708439 -0.406032 0.577279
v -13.256 -12.8892 0.87753 0.31 0.82 0.77
vn -0.33448 -0.744897 0.577279
v -13.1819 -12.8892 0.87753 0.31 0.82 0.77
vn 0.16724 -0.799237 0.577279
v -13.1219 -12.8456 0.87753 0.31 0.82 0.77
vn 0.605079 -0.548295 0.577279
v -13.099 -12.7751 0.76503 0.31 0.82 0.77
vn 1 -5.46535e-17 -1.40802e-18
v -13.1219 -12.7045 0.76503 0.31 0.82 0.77
vn 0.809017 0.587785 3.07217e-19
v -13.1819 -12.6609 0.76503 0.31 0.82 0.77
vn 0.309017 0.951057 -5.01766e-18
v -13.256 -12.6609 0.76503 0.31 0.82 0.77
vn -0.309017 0.951057 2.50883e-18
v -13.316 -12.7045 0.76503 0.31 0.82 0.77
vn -0.809017 0.587785 3.60963e-18
v -13.339 -12.7751 0.76503 0.31 0.82 0.77
vn -1 5.46535e-17 -1.40802e-18
v -13.316 -12.8456 0.76503 0.31 0.82 0.77
vn -0.809017 -0.587785 3.07217e-19
v -13.256 -12.8892 0.76503 0.31 0.82 0.77
vn -0.309017 -0.951057 -5.01766e-18
v -13.1819 -12.8892 0.76503 0.31 0.82 0.77
vn 0.309017 -0.951057 2.50883e-18
v -13.1219 -12.8456 0.76503 0.31 0.82 0.77
vn 0.809017 -0.587785 3.60963e-18
v -13.099 -12.7751 0.65253 0.31 0.82 0.77
vn 1 0 -1.40802e-18
v -13.1219 -12.7045 0.65253 0.31 0.82 0.77
vn 0.809017 0.587785 3.07217e-19
v -13.1819 -12.6609 0.65253 0.31 0.82 0.77
vn 0.309017 0.951057 -5.01766e-18
v -13.256 -12.6609 0.65253 0.31 0.82 0.77
vn -0.309017 0.951057 2.50883e-18
v -13.316 -12.7045 0.65253 0.31 0.82 0.77
vn -0.809017 0.587785 3.60963e-18
v -13.339 -12.7751 0.65253 0.31 0.82 0.77
vn -1 0 -1.40802e-18
v -13.316 -12.8456 0.65253 0.31 0.82 0.77
vn -0.809017 -0.587785 3.07217e-19
v -13.256 -12.8892 0.65253 0.31 0.82 0.77
vn -0.309017 -0.951057 -5.01766e-18
v -13.1819 -12.8892 0.65253 0.31 0.82 0.77
vn 0.309017 -0.951057 2.50883e-18
v -13.1219 -12.8456 0.65253 0.31 0.82 0.77
vn 0.809017 -0.587785 3.60963e-18
v -13.099 -12.7751 0.54003 0.31 0.82 0.77
vn 1 5.46535e-17 -1.40802e-18
v -13.1219 -12.7045 0.54003 0.31 0.82 0.77
vn 0.809017 0.587785 3.07217e-19
v -13.1819 -12.6609 0.54003 0.31 0.82 0.77
vn 0.309017 0.951057 -5.01766e-18
v -13.256 -12.6609 0.54003 0.31 0.82 0.77
vn -0.309017 0.951057 2.50883e-18
v -13.316 -12.7045 0.54003 0.31 0.82 0.77
vn -0.809017 0.587785 3.60963e-18
v -13.339 -12.7751 0.54003 0.31 0.82 0.77
vn -1 -5.46535e-17 -1.40802e-18
v -13.316 -12.8456 0.54003 0.31 0.82 0.77
vn -0.809017 -0.587785 3.07217e-19
v -13.256 -12.8892 0.54003 0.31 0.82 0.77
vn -0.309017 -0.951057 -5.01766e-18
v -13.1819 -12.8892 0.54003 0.31 0.82 0.77
vn 0.309017 -0.951057 2.50883e-18
v -13.1219 -12.8456 0.54003 0.31 0.82 0.77
vn 0.809017 -0.587785 3.60963e-18
v -13.099 -12.7751 0.42753 0.31 0.82 0.77
vn 0.811799 0.0879232 -0.577279
v -13.1219 -12.7045 0.42753 0.31 0.82 0.77
vn 0.605079 0.548295 -0.577279
v -13.1819 -12.6609 0.42753 0.31 0.82 0.77
vn 0.16724 0.799237 -0.577279
v -13.256 -12.6609 0.42753 0.31 0.82 0.77
vn -0.33448 0.744897 -0.577279
v -13.316 -12.7045 0.42753 0.31 0.82 0.77
vn -0.708439 0.406032 -0.577279
v -13.339 -12.7751 0.42753 0.31 0.82 0.77
vn -0.811799 -0.0879232 -0.577279
v -13.316 -12.8456 0.42753 0.31 0.82 0.77
vn -0.605079 -0.548295 -0.577279
v -13.256 -12.8892 0.42753 0.31 0.82 0.77
vn -0.16724 -0.799237 -0.577279
v -13.1819 -12.8892 0.42753 0.31 0.82 0.77
vn 0.33448 -0.744897 -0.577279
v -13.1219 -12.8456 0.42753 0.31 0.82 0.77
vn 0.708439 -0.406032 -0.577279
v -41.1907 -19.3549 1.88573 0.48 0.7 0.95
vn 0 0 1
v -41.1907 -19.3549 0.773946 0.48 0.7 0.95
vn 0 0 -1
v -41.0307 -19.3549 1.88573 0.48 0.7 0.95
vn 0.928874 -0.100603 0.356472
v -41.0613 -19.2609 1.88573 0.48 0.7 0.95
vn 0.810608 0.464589 0.356472
v -41.1413 -19.2028 1.88573 0.48 0.7 0.95
vn 0.382717 0.852323 0.356472
v -41.2402 -19.2028 1.88573 0.48 0.7 0.95
vn -0.191359 0.9145 0.356472
v -41.3202 -19.2609 1.88573 0.48 0.7 0.95
vn -0.692342 0.627368 0.356472
v -41.3507 -19.3549 1.88573 0.48 0.7 0.95
vn -0.928874 0.100603 0.356472
v -41.3202 -19.449 1.88573 0.48 0.7 0.95
vn -0.810608 -0.464589 0.356472
v -41.2402 -19.5071 1.88573 0.48 0.7 0.95
vn -0.382717 -0.852323 0.356472
v -41.1413 -19.5071 1.88573 0.48 0.7 0.95
vn 0.191359 -0.9145 0.356472
v -41.0613 -19.449 1.88573 0.48 0.7 0.95
vn 0.692342 -0.627368 0.356472
v -41.0307 -19.3549 1.60778 0.48 0.7 0.95
vn 1 0 -3.16089e-19
v -41.0613 -19.2609 1.60778 0.48 0.7 0.95
vn 0.809017 0.587785 8.27171e-19
v -41.1413 -19.2028 1.60778 0.48 0.7 0.95
vn 0.309017 0.951057 3.89984e-19
v -41.2402 -19.2028 1.60778 0.48 0.7 0.95
vn -0.309017 0.951057 -1.94992e-19
v -41.3202 -19.2609 1.60778 0.48 0.7 0.95
vn -0.809017 0.587785 -7.06073e-19
v -41.3507 -19.3549 1.60778 0.48 0.7 0.95
vn -1 0 -3.16089e-19
v -41.3202 -19.449 1.60778 0.48 0.7 0.95
vn -0.809017 -0.587785 8.27171e-19
v -41.2402 -19.5071 1.60778 0.48 0.7 0.95
vn -0.309017 -0.951057 3.89984e-19
v -41.1413 -19.5071 1.60778 0.48 0.7 0.95
vn 0.309017 -0.951057 -1.94992e-19
v -41.0613 -19.449 1.60778 0.48 0.7 0.95
vn 0.809017 -0.587785 -7.06073e-19
v -41.0307 -19.3549 1.32984 0.48 0.7 0.95
vn 1 0 -3.16089e-19
v -41.0613 -19.2609 1.32984 0.48 0.7 0.95
vn 0.809017 0.587785 8.27171e-19
v -41.1413 -19.2028 1.32984 0.48 0.7 0.95
vn 0.309017 0.951057 3.89984e-19
v -41.2402 -19.2028 1.32984 0.48 0.7 0.95
vn -0.309017 0.951057 -1.94992e-19
v -41.3202 -19.2609 1.32984 0.48 0.7 0.95
vn -0.809017 0.587785 -7.06073e-19
v -41.3507 -19.3549 1.32984 0.48 0.7 0.95
vn -1 0 -3.16089e-19
v -41.3202 -19.449 1.32984 0.48 0.7 0.95
vn -0.809017 -0.587785 8.27171e-19
v -41.2402 -19.5071 1.32984 0.48 0.7 0.95
vn -0.309017 -0.951057 3.89984e-19
v -41.1413 -19.5071 1.32984 0.48 0.7 0.95
vn 0.309017 -0.951057 -1.94992e-19
v -41.0613 -19.449 1.32984 0.48 0.7 0.95
vn 0.809017 -0.587785 -7.06073e-19
v -41.0307 -19.3549 1.05189 0.48 0.7 0.95
vn 1 0 -3.16089e-19
v -41.0613 -19.2609 1.05189 0.48 0.7 0.95
vn 0.809017 0.587785 8.27171e-19
v -41.1413 -19.2028 1.05189 0.48 0.7 0.95
vn 0.309017 0.951057 3.89984e-19
v -41.2402 -19.2028 1.05189 0.48 0.7 0.95
vn -0.309017 0.951057 -1.94992e-19
v -41.3202 -19.2609 1.05189 0.48 0.7 0.95
vn -0.809017 0.587785 -7.06073e-19
v -41.3507 -19.3549 1.05189 0.48 0.7 0.95
vn -1 0 -3.16089e-19
v -41.3202 -19.449 1.05189 0.48 0.7 0.95
vn -0.809017 -0.587785 8.27171e-19
v -41.2402 -19.5071 1.05189 0.48 0.7 0.95
vn -0.309017 -0.951057 3.89984e-19
v -41.1413 -19.5071 1.05189 0.48 0.7 0.95
vn 0.309017 -0.951057 -1.94992e-19
v -41.0613 -19.449 1.05189 0.48 0.7 0.95
vn 0.809017 -0.587785 -7.06073e-19
v -41.0307 -19.3549 0.773946 0.48 0.7 0.95
vn 0.928874 0.100603 -0.356472
v -41.0613 -19.2609 0.773946 0.48 0.7 0.95
vn 0.692342 0.627368 -0.356472
v -41.1413 -19.2028 0.773946 0.48 0.7 0.95
vn 0.191359 0.9145 -0.356472
v -41.2402 -19.2028 0.773946 0.48 0.7 0.95
vn -0.382717 0.852323 -0.356472
v -41.3202 -19.2609 0.773946 0.48 0.7 0.95
vn -0.810608 0.464589 -0.356472
v -41.3507 -19.3549 0.773946 0.48 0.7 0.95
vn -0.928874 -0.100603 -0.356472
v -41.3202 -19.449 0.773946 0.48 0.7 0.95
vn -0.692342 -0.627368 -0.356472
v -41.2402 -19.5071 0.773946 0.48 0.7 0.95
vn -0.191359 -0.9145 -0.356472
v -41.1413 -19.5071 0.773946 0.48 0.7 0.95
vn 0.382717 -0.852323 -0.356472
v -41.0613 -19.449 0.773946 0.48 0.7 0.95
vn 0.810608 -0.464589 -0.356472
v -15.3445 4.91991 0.870272 0.48 0.7 0.95
vn 0 0 1
v -15.3445 4.91991 -0.132153 0.48 0.7 0.95
vn 0 0 -1
v -15.1845 4.91991 0.870272 0.48 0.7 0.95
vn 0.915585 -0.0991639 0.389705
v -15.2151 5.01396 0.870272 0.48 0.7 0.95
vn 0.799011 0.457942 0.389705
v -15.2951 5.07208 0.870272 0.48 0.7 0.95
vn 0.377242 0.84013 0.389705
v -15.394 5.07208 0.870272 0.48 0.7 0.95
vn -0.188621 0.901417 0.389705
v -15.474 5.01396 0.870272 0.48 0.7 0.95
vn -0.682437 0.618393 0.389705
v -15.5045 4.91991 0.870272 0.48 0.7 0.95
vn -0.915585 0.0991639 0.389705
v -15.474 4.82587 0.870272 0.48 0.7 0.95
vn -0.799011 -0.457942 0.389705
v -15.394 4.76774 0.870272 0.48 0.7 0.95
vn -0.377242 -0.84013 0.389705
v -15.2951 4.76774 0.870272 0.48 0.7 0.95
vn 0.188621 -0.901417 0.389705
v -15.2151 4.82587 0.870272 0.48 0.7 0.95
vn 0.682437 -0.618393 0.389705
v -15.1845 4.91991 0.619666 0.48 0.7 0.95
vn 1 0 4.44542e-19
v -15.2151 5.01396 0.619666 0.48 0.7 0.95
vn 0.809017 0.587785 5.7398e-19
v -15.2951 5.07208 0.619666 0.48 0.7 0.95
vn 0.309017 0.951057 2.92613e-18
v -15.394 5.07208 0.619666 0.48 0.7 0.95
vn -0.309017 0.951057 -1.46306e-18
v -15.474 5.01396 0.619666 0.48 0.7 0.95
vn -0.809017 0.587785 -2.48158e-18
v -15.5045 4.91991 0.619666 0.48 0.7 0.95
vn -1 0 4.44542e-19
v -15.474 4.82587 0.619666 0.48 0.7 0.95
vn -0.809017 -0.587785 5.7398e-19
v -15.394 4.76774 0.619666 0.48 0.7 0.95
vn -0.309017 -0.951057 2.92613e-18
v -15.2951 4.76774 0.619666 0.48 0.7 0.95
vn 0.309017 -0.951057 -1.46306e-18
v -15.2151 4.82587 0.619666 0.48 0.7 0.95
vn 0.809017 -0.587785 -2.48158e-18
v -15.1845 4.91991 0.36906 0.48 0.7 0.95
vn 1 0 4.44542e-19
v -15.2151 5.01396 0.36906 0.48 0.7 0.95
vn 0.809017 0.587785 5.7398e-19
v -15.2951 5.07208 0.36906 0.48 0.7 0.95
vn 0.309017 0.951057 2.92613e-18
v -15.394 5.07208 0.36906 0.48 0.7 0.95
vn -0.309017 0.951057 -1.46306e-18
v -15.474 5.01396 0.36906 0.48 0.7 0.95
vn -0.809017 0.587785 -2.48158e-18
v -15.5045 4.91991 0.36906 0.48 0.7 0.95
vn -1 0 4.44542e-19
v -15.474 4.82587 0.36906 0.48 0.7 0.95
vn -0.809017 -0.587785 5.7398e-19
v -15.394 4.76774 0.36906 0.48 0.7 0.95
vn -0.309017 -0.951057 2.92613e-18
v -15.2951 4.76774 0.36906 0.48 0.7 0.95
vn 0.309017 -0.951057 -1.46306e-18
v -15.2151 4.82587 0.36906 0.48 0.7 0.95
vn 0.809017 -0.587785 -2.48158e-18
v -15.1845 4.91991 0.118454 0.48 0.7 0.95
vn 1 0 4.44542e-19
v -15.2151 5.01396 0.118454 0.48 0.7 0.95
vn 0.809017 0.587785 5.7398e-19
v -15.2951 5.07208 0.118454 0.48 0.7 0.95
vn 0.309017 0.951057 2.92613e-18
v -15.394 5.07208 0.118454 0.48 0.7 0.95
vn -0.309017 0.951057 -1.46306e-18
v -15.474 5.01396 0.118454 0.48 0.7 0.95
vn -0.809017 0.587785 -2.48158e-18
v -15.5045 4.91991 0.118454 0.48 0.7 0.95
vn -1 0 4.44542e-19
v -15.474 4.82587 0.118454 0.48 0.7 0.95
vn -0.809017 -0.587785 5.7398e-19
v -15.394 4.76774 0.118454 0.48 0.7 0.95
vn -0.309017 -0.951057 2.92613e-18
v -15.2951 4.76774 0.118454 0.48 0.7 0.95
vn 0.309017 -0.951057 -1.46306e-18
v -15.2151 4.82587 0.118454 0.48 0.7 0.95
vn 0.809017 -0.587785 -2.48158e-18
v -15.1845 4.91991 -0.132153 0.48 0.7 0.95
vn 0.915585 0.0991639 -0.389705
v -15.2151 5.01396 -0.132153 0.48 0.7 0.95
vn 0.682437 0.618393 -0.389705
v -15.2951 5.07208 -0.132153 0.48 0.7 0.95
vn 0.188621 0.901417 -0.389705
v -15.394 5.07208 -0.132153 0.48 0.7 0.95
vn -0.377242 0.84013 -0.389705
v -15.474 5.01396 -0.132153 0.48 0.7 0.95
vn -0.799011 0.457942 -0.389705
v -15.5045 4.91991 -0.132153 0.48 0.7 0.95
vn -0.915585 -0.0991639 -0.389705
v -15.474 4.82587 -0.132153 0.48 0.7 0.95
vn -0.682437 -0.618393 -0.389705
v -15.394 4.76774 -0.132153 0.48 0.7 0.95
vn -0.188621 -0.901417 -0.389705
v -15.2951 4.76774 -0.132153 0.48 0.7 0.95
vn 0.377242 -0.84013 -0.389705
v -15.2151 4.82587 -0.132153 0.48 0.7 0.95
vn 0.799011 -0.457942 -0.389705
v 32.886 11.1276 1.50125 0.48 0.7 0.95
vn 0 0 1
v 32.886 11.1276 0.870196 0.48 0.7 0.95
vn 0 0 -1
v 33.046 11.1276 1.50125 0.48 0.7 0.95
vn 0.825107 -0.0893645 0.557865
v 33.0154 11.2216 1.50125 0.48 0.7 0.95
vn 0.720052 0.412688 0.557865
v 32.9354 11.2797 1.50125 0.48 0.7 0.95
vn 0.339963 0.757108 0.557865
v 32.8365 11.2797 1.50125 0.48 0.7 0.95
vn -0.169981 0.812338 0.557865
v 32.7565 11.2216 1.50125 0.48 0.7 0.95
vn -0.614998 0.557283 0.557865
v 32.726 11.1276 1.50125 0.48 0.7 0.95
vn -0.825107 0.0893645 0.557865
v 32.7565 11.0335 1.50125 0.48 0.7 0.95
vn -0.720052 -0.412688 0.557865
v 32.8365 10.9754 1.50125 0.48 0.7 0.95
vn -0.339963 -0.757108 0.557865
v 32.9354 10.9754 1.50125 0.48 0.7 0.95
vn 0.169981 -0.812338 0.557865
v 33.0154 11.0335 1.50125 0.48 0.7 0.95
vn 0.614998 -0.557283 0.557865
v 33.046 11.1276 1.34349 0.48 0.7 0.95
vn 1 0 -1.34911e-18
v 33.0154 11.2216 1.34349 0.48 0.7 0.95
vn 0.809017 0.587785 6.15956e-18
v 32.9354 11.2797 1.34349 0.48 0.7 0.95
vn 0.309017 0.951057 6.92269e-18
v 32.8365 11.2797 1.34349 0.48 0.7 0.95
vn -0.309017 0.951057 -3.46135e-18
v 32.7565 11.2216 1.34349 0.48 0.7 0.95
vn -0.809017 0.587785 -8.2718e-18
v 32.726 11.1276 1.34349 0.48 0.7 0.95
vn -1 0 -1.34911e-18
v 32.7565 11.0335 1.34349 0.48 0.7 0.95
vn -0.809017 -0.587785 6.15956e-18
v 32.8365 10.9754 1.34349 0.48 0.7 0.95
vn -0.309017 -0.951057 6.92269e-18
v 32.9354 10.9754 1.34349 0.48 0.7 0.95
vn 0.309017 -0.951057 -3.46135e-18
v 33.0154 11.0335 1.34349 0.48 0.7 0.95
vn 0.809017 -0.587785 -8.2718e-18
v 33.046 11.1276 1.18573 0.48 0.7 0.95
vn 1 0 -1.34911e-18
v 33.0154 11.2216 1.18573 0.48 0.7 0.95
vn 0.809017 0.587785 6.15956e-18
v 32.9354 11.2797 1.18573 0.48 0.7 0.95
vn 0.309017 0.951057 6.92269e-18
v 32.8365 11.2797 1.18573 0.48 0.7 0.95
vn -0.309017 0.951057 -3.46135e-18
v 32.7565 11.2216 1.18573 0.48 0.7 0.95
vn -0.809017 0.587785 -8.2718e-18
v 32.726 11.1276 1.18573 0.48 0.7 0.95
vn -1 0 -1.34911e-18
v 32.7565 11.0335 1.18573 0.48 0.7 0.95
vn -0.809017 -0.587785 6.15956e-18
v 32.8365 10.9754 1.18573 0.48 0.7 0.95
vn -0.309017 -0.951057 6.92269e-18
v 32.9354 10.9754 1.18573 0.48 0.7 0.95
vn 0.309017 -0.951057 -3.46135e-18
v 33.0154 11.0335 1.18573 0.48 0.7 0.95
vn 0.809017 -0.587785 -8.2718e-18
v 33.046 11.1276 1.02796 0.48 0.7 0.95
vn 1 3.89727e-17 -1.34911e-18
v 33.0154 11.2216 1.02796 0.48 0.7 0.95
vn 0.809017 0.587785 6.15956e-18
v 32.9354 11.2797 1.02796 0.48 0.7 0.95
vn 0.309017 0.951057 6.92269e-18
v 32.8365 11.2797 1.02796 0.48 0.7 0.95
vn -0.309017 0.951057 -3.46135e-18
v 32.7565 11.2216 1.02796 0.48 0.7 0.95
vn -0.809017 0.587785 -8.2718e-18
v 32.726 11.1276 1.02796 0.48 0.7 0.95
vn -1 -3.89727e-17 -1.34911e-18
v 32.7565 11.0335 1.02796 0.48 0.7 0.95
vn -0.809017 -0.587785 6.15956e-18
v 32.8365 10.9754 1.02796 0.48 0.7 0.95
vn -0.309017 -0.951057 6.92269e-18
v 32.9354 10.9754 1.02796 0.48 0.7 0.95
vn 0.309017 -0.951057 -3.46135e-18
v 33.0154 11.0335 1.02796 0.48 0.7 0.95
vn 0.809017 -0.587785 -8.2718e-18
v 33.046 11.1276 0.870196 0.48 0.7 0.95
vn 0.825107 0.0893645 -0.557865
v 33.0154 11.2216 0.870196 0.48 0.7 0.95
vn 0.614998 0.557283 -0.557865
v 32.9354 11.2797 0.870196 0.48 0.7 0.95
vn 0.169981 0.812338 -0.557865
v 32.8365 11.2797 0.870196 0.48 0.7 0.95
vn -0.339963 0.757108 -0.557865
v 32.7565 11.2216 0.870196 0.48 0.7 0.95
vn -0.720052 0.412688 -0.557865
v 32.726 11.1276 0.870196 0.48 0.7 0.95
vn -0.825107 -0.0893645 -0.557865
v 32.7565 11.0335 0.870196 0.48 0.7 0.95
vn -0.614998 -0.557283 -0.557865
v 32.8365 10.9754 0.870196 0.48 0.7 0.95
vn -0.169981 -0.812338 -0.557865
v 32.9354 10.9754 0.870196 0.48 0.7 0.95
vn 0.339963 -0.757108 -0.557865
v 33.0154 11.0335 0.870196 0.48 0.7 0.95
vn 0.720052 -0.412688 -0.557865
f 5//5 8//8 6//6
f 5//5 7//7 8//8
f 1//1 3//3 5//5
f 3//3 7//7 5//5
f 1//1 2//2 3//3
f 2//2 4//4 3//3
f 2//2 6//6 8//8
f 2//2 8//8 4//4
f 3//3 4//4 8//8
f 3//3 8//8 7//7
f 1//1 5//5 2//2
f 2//2 5//5 6//6
f 13//13 16//16 14//14
f 13//13 15//15 16//16
f 9//9 11//11 13//13
f 11//11 15//15 13//13
f 9//9 10//10 11//11
f 10//10 12//12 11//11
f 10//10 14//14 16//16
f 10//10 16//16 12//12
f 11//11 12//12 16//16
f 11//11 16//16 15//15
f 9//9 13//13 10//10
f 10//10 13//13 14//14
f 21//21 24//24 22//22
f 21//21 23//23 24//24
f 17//17 19//19 21//21
f 19//19 23//23 21//21
f 17//17 18//18 19//19
f 18//18 20//20 19//19
f 18//18 22//22 24//24
f 18//18 24//24 20//20
f 19//19 20//20 24//24
f 19//19 24//24 23//23
f 17//17 21//21 18//18
f 18//18 21//21 22//22
f 29//29 32//32 30//30
f 29//29 31//31 32//32
f 25//25 27//27 29//29
f 27//27 31//31 29//29
f 25//25 26//26 27//27
f 26//26 28//28 27//27
f 26//26 30//30 32//32
f 26//26 32//32 28//28
f 27//27 28//28 32//32
f 27//27 32//32 31//31
f 25//25 29//29 26//26
f 26//26 29//29 30//30
f 37//37 40//40 38//38
f 37//37 39//39 40//40
f 33//33 35//35 37//37
f 35//35 39//39 37//37
f 33//33 34//34 35//35
f 34//34 36//36 35//35
f 34//34 38//38 40//40
f 34//34 40//40 36//36
f 35//35 36//36 40//40
f 35//35 40//40 39//39
f 33//33 37//37 34//34
f 34//34 37//37 38//38
f 45//45 48//48 46//46
f 45//45 47//47 48//48
f 41//41 43//43 45//45
f 43//43 47//47 45//45
f 41//41 42//42 43//43
f 42//42 44//44 43//43
f 42//42 46//46 48//48
f 42//42 48//48 44//44
f 43//43 44//44 48//48
f 43//43 48//48 47//47
f 41//41 45//45 42//42
f 42//42 45//45 46//46
f 53//53 56//56 54//54
f 53//53 55//55 56//56
f 49//49 51//51 53//53
f 51//51 55//55 53//53
f 49//49 50//50 51//51
f 50//50 52//52 51//51
f 50//50 54//54 56//56
f 50//50 56//56 52//52
f 51//51 52//52 56//56
f 51//51 56//56 55//55
f 49//49 53//53 50//50
f 50//50 53//53 54//54
f 61//61 64//64 62//62
f 61//61 63//63 64//64
f 57//57 59//59 61//61
f 59//59 63//63 61//61
f 57//57 58//58 59//59
f 58//58 60//60 59//59
f 58//58 62//62 64//64
f 58//58 64//64 60//60
f 59//59 60//60 64//64
f 59//59 64//64 63//63
f 57//57 61//61 58//58
f 58//58 61//61 62//62
f 69//69 72//72 70//70
f 69//69 71//71 72//72
f 65//65 67//67 69//69
f 67//67 71//71 69//69
f 65//65 66//66 67//67
f 66//66 68//68 67//67
f 66//66 70//70 72//72
f 66//66 72//72 68//68
f 67//67 68//68 72//72
f 67//67 72//72 71//71
f 65//65 69//69 66//66
f 66//66 69//69 70//70
f 73//73 75//75 76//76
f 74//74 116//116 115//115
f 73//73 76//76 77//77
f 74//74 117//117 116//116
f 73//73 77//77 78//78
f 74//74 118//118 117//117
f 73//73 78//78 79//79
f 74//74 119//119 118//118
f 73//73 79//79 80//80
f 74//74 120//120 119//119
f 73//73 80//80 81//81
f 74//74 121//121 120//120
f 73//73 81//81 82//82
f 74//74 122//122 121//121
f 73//73 82//82 83//83
f 74//74 123//123 122//122
f 73//73 83//83 84//84
f 74//74 124//124 123//123
f 73//73 84//84 75//75
f 74//74 115//115 124//124
f 85//85 76//76 75//75
f 85//85 86//86 76//76
f 86//86 77//77 76//76
f 86//86 87//87 77//77
f 87//87 78//78 77//77
f 87//87 88//88 78//78
f 88//88 79//79 78//78
f 88//88 89//89 79//79
f 89//89 80//80 79//79
f 89//89 90//90 80//80
f 90//90 81//81 80//80
f 90//90 91//91 81//81
f 91//91 82//82 81//81
f 91//91 92//92 82//82
f 92//92 83//83 82//82
f 92//92 93//93 83//83
f 93//93 84//84 83//83
f 93//93 94//94 84//84
f 94//94 75//75 84//84
f 94//94 85//85 75//75
f 95//95 86//86 85//85
f 95//95 96//96 86//86
f 96//96 87//87 86//86
f 96//96 97//97 87//87
f 97//97 88//88 87//87
f 97//97 98//98 88//88
f 98//98 89//89 88//88
f 98//98 99//99 89//89
f 99//99 90//90 89//89
f 99//99 100//100 90//90
f 100//100 91//91 90//90
f 100//100 101//101 91//91
f 101//101 92//92 91//91
f 101//101 102//102 92//92
f 102//102 93//93 92//92
f 102//102 103//103 93//93
f 103//103 94//94 93//93
f 103//103 104//104 94//94
f 104//104 85//85 94//94
f 104//104 95//95 85//85
f 105//105 96//96 95//95
f 105//105 106//106 96//96
f 106//106 97//97 96//96
f 106//106 107//107 97//97
f 107//107 98//98 97//97
f 107//107 108//108 98//98
f 108//108 99//99 98//98
f 108//108 109//109 99//99
f 109//109 100//100 99//99
f 109//109 110//110 100//100
f 110//110 101//101 100//100
f 110//110 111//111 101//101
f 111//111 102//102 101//101
f 111//111 112//112 102//102
f 112//112 103//103 102//102
f 112//112 113//113 103//103
f 113//113 104//104 103//103
f 113//113 114//114 104//104
f 114//114 95//95 104//104
f 114//114 105//105 95//95
f 115//115 106//106 105//105
f 115//115 116//116 106//106
f 116//116 107//107 106//106
f 116//116 117//117 107//107
f 117//117 108//108 107//107
f 117//117 118//118 108//108
f 118//118 109//109 108//108
f 118//118 119//119 109//109
f 119//119 110//110 109//109
f 119//119 120//120 110//110
f 120//120 111//111 110//110
f 120//120 121//121 111//111
f 121//121 112//112 111//111
f 121//121 122//122 112//112
f 122//122 113//113 112//112
f 122//122 123//123 113//113
f 123//123 114//114 113//113
f 123//123 124//124 114//114
f 124//124 105//105 114//114
f 124//124 115//115 105//105
f 125//125 127//127 128//128
f 126//126 168//168 167//167
f 125//125 128//128 129//129
f 126//126 169//169 168//168
f 125//125 129//129 130//130
f 126//126 170//170 169//169
f 125//125 130//130 131//131
f 126//126 171//171 170//170
f 125//125 131//131 132//132
f 126//126 172//172 171//171
f 125//125 132//132 133//133
f 126//126 173//173 172//172
f 125//125 133//133 134//134
f 126//126 174//174 173//173
f 125//125 134//134 135//135
f 126//126 175//175 174//174
f 125//125 135//135 136//136
f 126//126 176//176 175//175
f 125//125 136//136 127//127
f 126//126 167//167 176//176
f 137//137 128//128 127//127
f 137//137 138//138 128//128
f 138//138 129//129 128//128
f 138//138 139//139 129//129
f 139//139 130//130 129//129
f 139//139 140//140 130//130
f 140//140 131//131 130//130
f 140//140 141//141 131//131
f 141//141 132//132 131//131
f 141//141 142//142 132//132
f 142//142 133//133 132//132
f 142//142 143//143 133//133
f 143//143 134//134 133//133
f 143//143 144//144 134//134
f 144//144 135//135 134//134
f 144//144 145//145 135//135
f 145//145 136//136 135//135
f 145//145 146//146 136//136
f 146//146 127//127 136//136
f 146//146 137//137 127//127
f 147//147 138//138 137//137
f 147//147 148//148 138//138
f 148//148 139//139 138//138
f 148//148 149//149 139//139
f 149//149 140//140 139//139
f 149//149 150//150 140//140
f 150//150 141//141 140//140
f 150//150 151//151 141//141
f 151//151 142//142 141//141
f 151//151 152//152 142//142
f 152//152 143//143 142//142
f 152//152 153//153 143//143
f 153//153 144//144 143//143
f 153//153 154//154 144//144
f 154//154 145//145 144//144
f 154//154 155//155 145//145
f 155//155 146//146 145//145
f 155//155 156//156 146//146
f 156//156 137//137 146//146
f 156//156 147//147 137//137
f 157//157 148//148 147//147
f 157//157 158//158 148//148
f 158//158 149//149 148//148
f 158//158 159//159 149//149
f 159//159 150//150 149//149
f 159//159 160//160 150//150
f 160//160 151//151 150//150
f 160//160 161//161 151//151
f 161//161 152//152 151//151
f 161//161 162//162 152//152
f 162//162 153//153 152//152
f 162//162 163//163 153//153
f 163//163 154//154 153//153
f 163//163 164//164 154//154
f 164//164 155//155 154//154
f 164//164 165//165 155//155
f 165//165 156//156 155//155
f 165//165 166//166 156//156
f 166//166 147//147 156//156
f 166//166 157//157 147//147
f 167//167 158//158 157//157
f 167//167 168//168 158//158
f 168//168 159//159 158//158
f 168//168 169//169 159//159
f 169//169 160//160 159//159
f 169//169 170//170 160//160
f 170//170 161//161 160//160
f 170//170 171//171 161//161
f 171//171 162//162 161//161
f 171//171 172//172 162//162
f 172//172 163//163 162//162
f 172//172 173//173 163//163
f 173//173 164//164 163//163
f 173//173 174//174 164//164
f 174//174 165//165 164//164
f 174//174 175//175 165//165
f 175//175 166//166 165//165
f 175//175 176//176 166//166
f 176//176 157//157 166//166
f 176//176 167//167 157//157
f 177//177 179//179 180//180
f 178//178 220//220 219//219
f 177//177 180//180 181//181
f 178//178 221//221 220//220
f 177//177 181//181 182//182
f 178//178 222//222 221//221
f 177//177 182//182 183//183
f 178//178 223//223 222//222
f 177//177 183//183 184//184
f 178//178 224//224 223//223
f 177//177 184//184 185//185
f 178//178 225//225 224//224
f 177//177 185//185 186//186
f 178//178 226//226 225//225
f 177//177 186//186 187//187
f 178//178 227//227 226//226
f 177//177 187//187 188//188
f 178//178 228//228 227//227
f 177//177 188//188 179//179
f 178//178 219//219 228//228
f 189//189 180//180 179//179
f 189//189 190//190 180//180
f 190//190 181//181 180//180
f 190//190 191//191 181//181
f 191//191 182//182 181//181
f 191//191 192//192 182//182
f 192//192 183//183 182//182
f 192//192 193//193 183//183
f 193//193 184//184 183//183
f 193//193 194//194 184//184
f 194//194 185//185 184//184
f 194//194 195//195 185//185
f 195//195 186//186 185//185
f 195//195 196//196 186//186
f 196//196 187//187 186//186
f 196//196 197//197 187//187
f 197//197 188//188 187//187
f 197//197 198//198 188//188
f 198//198 179//179 188//188
f 198//198 189//189 179//179
f 199//199 190//190 189//189
f 199//199 200//200 190//190
f 200//200 191//191 190//190
f 200//200 201//201 191//191
f 201//201 192//192 191//191
f 201//201 202//202 192//192
f 202//202 193//193 192//192
f 202//202 203//203 193//193
f 203//203 194//194 193//193
f 203//203 204//204 194//194
f 204//204 195//195 194//194
f 204//204 205//205 195//195
f 205//205 196//196 195//195
f 205//205 206//206 196//196
f 206//206 197//197 196//196
f 206//206 207//207 197//197
f 207//207 198//198 197//197
f 207//207 208//208 198//198
f 208//208 189//189 198//198
f 208//208 199//199 189//189
f 209//209 200//200 199//199
f 209//209 210//210 200//200
f 210//210 201//201 200//200
f 210//210 211//211 201//201
f 211//211 202//202 201//201
f 211//211 212//212 202//202
f 212//212 203//203 202//202
f 212//212 213//213 203//203
f 213//213 204//204 203//203
f 213//213 214//214 204//204
f 214//214 205//205 204//204
f 214//214 215//215 205//205
f 215//215 206//206 205//205
f 215//215 216//216 206//206
f 216//216 207//207 206//206
f 216//216 217//217 207//207
f 217//217 208//208 207//207
f 217//217 218//218 208//208
f 218//218 199//199 208//208
f 218//218 209//209 199//199
f 219//219 210//210 209//209
f 219//219 220//220 210//210
f 220//220 211//211 210//210
f 220//220 221//221 211//211
f 221//221 212//212 211//211
f 221//221 222//222 212//212
f 222//222 213//213 212//212
f 222//222 223//223 213//213
f 223//223 214//214 213//213
f 223//223 224//224 214//214
f 224//224 215//215 214//214
f 224//224 225//225 215//215
f 225//225 216//216 215//215
f 225//225 226//226 216//216
f 226//226 217//217 216//216
f 226//226 227//227 217//217
f 227//227 218//218 217//217
f 227//227 228//228 218//218
f 228//228 209//209 218//218
f 228//228 219//219 209//209
f 229//229 231//231 232//232
f 230//230 272//272 271//271
f 229//229 232//232 233//233
f 230//230 273//273 272//272
f 229//229 233//233 234//234
f 230//230 274//274 273//273
f 229//229 234//234 235//235
f 230//230 275//275 274//274
f 229//229 235//235 236//236
f 230//230 276//276 275//275
f 229//229 236//236 237//237
f 230//230 277//277 276//276
f 229//229 237//237 238//238
f 230//230 278//278 277//277
f 229//229 238//238 239//239
f 230//230 279//279 278//278
f 229//229 239//239 240//240
f 230//230 280//280 279//279
f 229//229 240//240 231//231
f 230//230 271//271 280//280
f 241//241 232//232 231//231
f 241//241 242//242 232//232
f 242//242 233//233 232//232
f 242//242 243//243 233//233
f 243//243 234//234 233//233
f 243//243 244//244 234//234
f 244//244 235//235 234//234
f 244//244 245//245 235//235
f 245//245 236//236 235//235
f 245//245 246//246 236//236
f 246//246 237//237 236//236
f 246//246 247//247 237//237
f 247//247 238//238 237//237
f 247//247 248//248 238//238
f 248//248 239//239 238//238
f 248//248 249//249 239//239
f 249//249 240//240 239//239
f 249//249 250//250 240//240
f 250//250 231//231 240//240
f 250//250 241//241 231//231
f 251//251 242//242 241//241
f 251//251 252//252 242//242
f 252//252 243//243 242//242
f 252//252 253//253 243//243
f 253//253 244//244 243//243
f 253//253 254//254 244//244
f 254//254 245//245 244//244
f 254//254 255//255 245//245
f 255//255 246//246 245//245
f 255//255 256//256 246//246
f 256//256 247//247 246//246
f 256//256 257//257 247//247
f 257//257 248//248 247//247
f 257//257 258//258 248//248
f 258//258 249//249 248//248
f 258//258 259//259 249//249
f 259//259 250//250 249//249
f 259//259 260//260 250//250
f 260//260 241//241 250//250
f 260//260 251//251 241//241
f 261//261 252//252 251//251
f 261//261 262//262 252//252
f 262//262 253//253 252//252
f 262//262 263//263 253//253
f 263//263 254//254 253//253
f 263//263 264//264 254//254
f 264//264 255//255 254//254
f 264//264 265//265 255//255
f 265//265 256//256 255//255
f 265//265 266//266 256//256
f 266//266 257//257 256//256
f 266//266 267//267 257//257
f 267//267 258//258 257//257
f 267//267 268//268 258//258
f 268//268 259//259 258//258
f 268//268 269//269 259//259
f 269//269 260//260 259//259
f 269//269 270//270 260//260
f 270//270 251//251 260//260
f 270//270 261//261 251//251
f 271//271 262//262 261//261
f 271//271 272//272 262//262
f 272//272 263//263 262//262
f 272//272 273//273 263//263
f 273//273 264//264 263//263
f 273//273 274//274 264//264
f 274//274 265//265 264//264
f 274//274 275//275 265//265
f 275//275 266//266 265//265
f 275//275 276//276 266//266
f 276//276 267//267 266//266
f 276//276 277//277 267//267
f 277//277 268//268 267//267
f 277//277 278//278 268//268
f 278//278 269//269 268//268
f 278//278 279//279 269//269
f 279//279 270//270 269//269
f 279//279 280//280 270//270
f 280//280 261//261 270//270
f 280//280 271//271 261//261
f 281//281 283//283 284//284
f 282//282 324//324 323//323
f 281//281 284//284 285//285
f 282//282 325//325 324//324
f 281//281 285//285 286//286
f 282//282 326//326 325//325
f 281//281 286//286 287//287
f 282//282 327//327 326//326
f 281//281 287//287 288//288
f 282//282 328//328 327//327
f 281//281 288//288 289//289
f 282//282 329//329 328//328
f 281//281 289//289 290//290
f 282//282 330//330 329//329
f 281//281 290//290 291//291
f 282//282 331//331 330//330
f 281//281 291//291 292//292
f 282//282 332//332 331//331
f 281//281 292//292 283//283
f 282//282 323//323 332//332
f 293//293 284//284 283//283
f 293//293 294//294 284//284
f 294//294 285//285 284//284
f 294//294 295//295 285//285
f 295//295 286//286 285//285
f 295//295 296//296 286//286
f 296//296 287//287 286//286
f 296//296 297//297 287//287
f 297//297 288//288 287//287
f 297//297 298//298 288//288
f 298//298 289//289 288//288
f 298//298 299//299 289//289
f 299//299 290//290 289//289
f 299//299 300//300 290//290
f 300//300 291//291 290//290
f 300//300 301//301 291//291
f 301//301 292//292 291//291
f 301//301 302//302 292//292
f 302//302 283//283 292//292
f 302//302 293//293 283//283
f 303//303 294//294 293//293
f 303//303 304//304 294//294
f 304//304 295//295 294//294
f 304//304 305//305 295//295
f 305//305 296//296 295//295
f 305//305 306//306 296//296
f 306//306 297//297 296//296
f 306//306 307//307 297//297
f 307//307 298//298 297//297
f 307//307 308//308 298//298
f 308//308 299//299 298//298
f 308//308 309//309 299//299
f 309//309 300//300 299//299
f 309//309 310//310 300//300
f 310//310 301//301 300//300
f 310//310 311//311 301//301
f 311//311 302//302 301//301
f 311//311 312//312 302//302
f 312//312 293//293 302//302
f 312//312 303//303 293//293
f 313//313 304//304 303//303
f 313//313 314//314 304//304
f 314//314 305//305 304//304
f 314//314 315//315 305//305
f 315//315 306//306 305//305
f 315//315 316//316 306//306
f 316//316 307//307 306//306
f 316//316 317//317 307//307
f 317//317 308//308 307//307
f 317//317 318//318 308//308
f 318//318 309//309 308//308
f 318//318 319//319 309//309
f 319//319 310//310 309//309
f 319//319 320//320 310//310
f 320//320 311//311 310//310
f 320//320 321//321 311//311
f 321//321 312//312 311//311
f 321//321 322//322 312//312
f 322//322 303//303 312//312
f 322//322 313//313 303//303
f 323//323 314//314 313//313
f 323//323 324//324 314//314
f 324//324 315//315 314//314
f 324//324 325//325 315//315
f 325//325 316//316 315//315
f 325//325 326//326 316//316
f 326//326 317//317 316//316
f 326//326 327//327 317//317
f 327//327 318//318 317//317
f 327//327 328//328 318//318
f 328//328 319//319 318//318
f 328//328 329//329 319//319
f 329//329 320//320 319//319
f 329//329 330//330 320//320
f 330//330 321//321 320//320
f 330//330 331//331 321//321
f 331//331 322//322 321//321
f 331//331 332//332 322//322
f 332//332 313//313 322//322
f 332//332 323//323 313//313
f 333//333 335//335 336//336
f 334//334 376//376 375//375
f 333//333 336//336 337//337
f 334//334 377//377 376//376
f 333//333 337//337 338//338
f 334//334 378//378 377//377
f 333//333 338//338 339//339
f 334//334 379//379 378//378
f 333//333 339//339 340//340
f 334//334 380//380 379//379
f 333//333 340//340 341//341
f 334//334 381//381 380//380
f 333//333 341//341 342//342
f 334//334 382//382 381//381
f 333//333 342//342 343//343
f 334//334 383//383 382//382
f 333//333 343//343 344//344
f 334//334 384//384 383//383
f 333//333 344//344 335//335
f 334//334 375//375 384//384
f 345//345 336//336 335//335
f 345//345 346//346 336//336
f 346//346 337//337 336//336
f 346//346 347//347 337//337
f 347//347 338//338 337//337
f 347//347 348//348 338//338
f 348//348 339//339 338//338
f 348//348 349//349 339//339
f 349//349 340//340 339//339
f 349//349 350//350 340//340
f 350//350 341//341 340//340
f 350//350 351//351 341//341
f 351//351 342//342 341//341
f 351//351 352//352 342//342
f 352//352 343//343 342//342
f 352//352 353//353 343//343
f 353//353 344//344 343//343
f 353//353 354//354 344//344
f 354//354 335//335 344//344
f 354//354 345//345 335//335
f 355//355 346//346 345//345
f 355//355 356//356 346//346
f 356//356 347//347 346//346
f 356//356 357//357 347//347
f 357//357 348//348 347//347
f 357//357 358//358 348//348
f 358//358 349//349 348//348
f 358//358 359//359 349//349
f 359//359 350//350 349//349
f 359//359 360//360 350//350
f 360//360 351//351 350//350
f 360//360 361//361 351//351
f 361//361 352//352 351//351
f 361//361 362//362 352//352
f 362//362 353//353 352//352
f 362//362 363//363 353//353
f 363//363 354//354 353//353
f 363//363 364//364 354//354
f 364//364 345//345 354//354
f 364//364 355//355 345//345
f 365//365 356//356 355//355
f 365//365 366//366 356//356
f 366//366 357//357 356//356
f 366//366 367//367 357//357
f 367//367 358//358 357//357
f 367//367 368//368 358//358
f 368//368 359//359 358//358
f 368//368 369//369 359//359
f 369//369 360//360 359//359
f 369//369 370//370 360//360
f 370//370 361//361 360//360
f 370//370 371//371 361//361
f 371//371 362//362 361//361
f 371//371 372//372 362//362
f 372//372 363//363 362//362
f 372//372 373//373 363//363
f 373//373 364//364 363//363
f 373//373 374//374 364//364
f 374//374 355//355 364//364
f 374//374 365//365 355//355
f 375//375 366//366 365//365
f 375//375 376//376 366//366
f 376//376 367//367 366//366
f 376//376 377//377 367//367
f 377//377 368//368 367//367
f 377//377 378//378 368//368
f 378//378 369//369 368//368
f 378//378 379//379 369//369
f 379//379 370//370 369//369
f 379//379 380//380 370//370
f 380//380 371//371 370//370
f 380//380 381//381 371//371
f 381//381 372//372 371//371
f 381//381 382//382 372//372
f 382//382 373//373 372//372
f 382//382 383//383 373//373
f 383//383 374//374 373//373
f 383//383 384//384 374//374
f 384//384 365//365 374//374
f 384//384 375//375 365//365
f 385//385 387//387 388//388
f 386//386 428//428 427//427
f 385//385 388//388 389//389
f 386//386 429//429 428//428
f 385//385 389//389 390//390
f 386//386 430//430 429//429
f 385//385 390//390 391//391
f 386//386 431//431 430//430
f 385//385 391//391 392//392
f 386//386 432//432 431//431
f 385//385 392//392 393//393
f 386//386 433//433 432//432
f 385//385 393//393 394//394
f 386//386 434//434 433//433
f 385//385 394//394 395//395
f 386//386 435//435 434//434
f 385//385 395//395 396//396
f 386//386 436//436 435//435
f 385//385 396//396 387//387
f 386//386 427//427 436//436
f 397//397 388//388 387//387
f 397//397 398//398 388//388
f 398//398 389//389 388//388
f 398//398 399//399 389//389
f 399//399 390//390 389//389
f 399//399 400//400 390//390
f 400//400 391//391 390//390
f 400//400 401//401 391//391
f 401//401 392//392 391//391
f 401//401 402//402 392//392
f 402//402 393//393 392//392
f 402//402 403//403 393//393
f 403//403 394//394 393//393
f 403//403 404//404 394//394
f 404//404 395//395 394//394
f 404//404 405//405 395//395
f 405//405 396//396 395//395
f 405//405 406//406 396//396
f 406//406 387//387 396//396
f 406//406 397//397 387//387
f 407//407 398//398 397//397
f 407//407 408//408 398//398
f 408//408 399//399 398//398
f 408//408 409//409 399//399
f 409//409 400//400 399//399
f 409//409 410//410 400//400
f 410//410 401//401 400//400
f 410//410 411//411 401//401
f 411//411 402//402 401//401
f 411//411 412//412 402//402
f 412//412 403//403 402//402
f 412//412 413//413 403//403
f 413//413 404//404 403//403
f 413//413 414//414 404//404
f 414//414 405//405 404//404
f 414//414 415//415 405//405
f 415//415 406//406 405//405
f 415//415 416//416 406//406
f 416//416 397//397 406//406
f 416//416 407//407 397//397
f 417//417 408//408 407//407
f 417//417 418//418 408//408
f 418//418 409//409 408//408
f 418//418 419//419 409//409
f 419//419 410//410 409//409
f 419//419 420//420 410//410
f 420//420 411//411 410//410
f 420//420 421//421 411//411
f 421//421 412//412 411//411
f 421//421 422//422 412//412
f 422//422 413//413 412//412
f 422//422 423//423 413//413
f 423//423 414//414 413//413
f 423//423 424//424 414//414
f 424//424 415//415 414//414
f 424//424 425//425 415//415
f 425//425 416//416 415//415
f 425//425 426//426 416//416
f 426//426 407//407 416//416
f 426//426 417//417 407//407
f 427//427 418//418 417//417
f 427//427 428//428 418//418
f 428//428 419//419 418//418
f 428//428 429//429 419//419
f 429//429 420//420 419//419
f 429//429 430//430 420//420
f 430//430 421//421 420//420
f 430//430 431//431 421//421
f 431//431 422//422 421//421
f 431//431 432//432 422//422
f 432//432 423//423 422//422
f 432//432 433//433 423//423
f 433//433 424//424 423//423
f 433//433 434//434 424//424
f 434//434 425//425 424//424
f 434//434 435//435 425//425
f 435//435 426//426 425//425
f 435//435 436//436 426//426
f 436//436 417//417 426//426
f 436//436 427//427 417//417
f 437//437 439//439 440//440
f 438//438 480//480 479//479
f 437//437 440//440 441//441
f 438//438 481//481 480//480
f 437//437 441//441 442//442
f 438//438 482//482 481//481
f 437//437 442//442 443//443
f 438//438 483//483 482//482
f 437//437 443//443 444//444
f 438//438 484//484 483//483
f 437//437 444//444 445//445
f 438//438 485//485 484//484
f 437//437 445//445 446//446
f 438//438 486//486 485//485
f 437//437 446//446 447//447
f 438//438 487//487 486//486
f 437//437 447//447 448//448
f 438//438 488//488 487//487
f 437//437 448//448 439//439
f 438//438 479//479 488//488
f 449//449 440//440 439//439
f 449//449 450//450 440//440
f 450//450 441//441 440//440
f 450//450 451//451 441//441
f 451//451 442//442 441//441
f 451//451 452//452 442//442
f 452//452 443//443 442//442
f 452//452 453//453 443//443
f 453//453 444//444 443//443
f 453//453 454//454 444//444
f 454//454 445//445 444//444
f 454//454 455//455 445//445
f 455//455 446//446 445//445
f 455//455 456//456 446//446
f 456//456 447//447 446//446
f 456//456 457//457 447//447
f 457//457 448//448 447//447
f 457//457 458//458 448//448
f 458//458 439//439 448//448
f 458//458 449//449 439//439
f 459//459 450//450 449//449
f 459//459 460//460 450//450
f 460//460 451//451 450//450
f 460//460 461//461 451//451
f 461//461 452//452 451//451
f 461//461 462//462 452//452
f 462//462 453//453 452//452
f 462//462 463//463 453//453
f 463//463 454//454 453//453
f 463//463 464//464 454//454
f 464//464 455//455 454//454
f 464//464 465//465 455//455
f 465//465 456//456 455//455
f 465//465 466//466 456//456
f 466//466 457//457 456//456
f 466//466 467//467 457//457
f 467//467 458//458 457//457
f 467//467 468//468 458//458
f 468//468 449//449 458//458
f 468//468 459//459 449//449
f 469//469 460//460 459//459
f 469//469 470//470 460//460
f 470//470 461//461 460//460
f 470//470 471//471 461//461
f 471//471 462//462 461//461
f 471//471 472//472 462//462
f 472//472 463//463 462//462
f 472//472 473//473 463//463
f 473//473 464//464 463//463
f 473//473 474//474 464//464
f 474//474 465//465 464//464
f 474//474 475//475 465//465
f 475//475 466//466 465//465
f 475//475 476//476 466//466
f 476//476 467//467 466//466
f 476//476 477//477 467//467
f 477//477 468//468 467//467
f 477//477 478//478 468//468
f 478//478 459//459 468//468
f 478//478 469//469 459//459
f 479//479 470//470 469//469
f 479//479 480//480 470//470
f 480//480 471//471 470//470
f 480//480 481//481 471//471
f 481//481 472//472 471//471
f 481//481 482//482 472//472
f 482//482 473//473 472//472
f 482//482 483//483 473//473
f 483//483 474//474 473//473
f 483//483 484//484 474//474
f 484//484 475//475 474//474
f 484//484 485//485 475//475
f 485//485 476//476 475//475
f 485//485 486//486 476//476
f 486//486 477//477 476//476
f 486//486 487//487 477//477
f 487//487 478//478 477//477
f 487//487 488//488 478//478
f 488//488 469//469 478//478
f 488//488 479//479 469//469
f 489//489 491//491 492//492
f 490//490 532//532 531//531
f 489//489 492//492 493//493
f 490//490 533//533 532//532
f 489//489 493//493 494//494
f 490//490 534//534 533//533
f 489//489 494//494 495//495
f 490//490 535//535 534//534
f 489//489 495//495 496//496
f 490//490 536//536 535//535
f 489//489 496//496 497//497
f 490//490 537//537 536//536
f 489//489 497//497 498//498
f 490//490 538//538 537//537
f 489//489 498//498 499//499
f 490//490 539//539 538//538
f 489//489 499//499 500//500
f 490//490 540//540 539//539
f 489//489 500//500 491//491
f 490//490 531//531 540//540
f 501//501 492//492 491//491
f 501//501 502//502 492//492
f 502//502 493//493 492//492
f 502//502 503//503 493//493
f 503//503 494//494 493//493
f 503//503 504//504 494//494
f 504//504 495//495 494//494
f 504//504 505//505 495//495
f 505//505 496//496 495//495
f 505//505 506//506 496//496
f 506//506 497//497 496//496
f 506//506 507//507 497//497
f 507//507 498//498 497//497
f 507//507 508//508 498//498
f 508//508 499//499 498//498
f 508//508 509//509 499//499
f 509//509 500//500 499//499
f 509//509 510//510 500//500
f 510//510 491//491 500//500
f 510//510 501//501 491//491
f 511//511 502//502 501//501
f 511//511 512//512 502//502
f 512//512 503//503 502//502
f 512//512 513//513 503//503
f 513//513 504//504 503//503
f 513//513 514//514 504//504
f 514//514 505//505 504//504
f 514//514 515//515 505//505
f 515//515 506//506 505//505
f 515//515 516//516 506//506
f 516//516 507//507 506//506
f 516//516 517//517 507//507
f 517//517 508//508 507//507
f 517//517 518//518 508//508
f 518//518 509//509 508//508
f 518//518 519//519 509//509
f 519//519 510//510 509//509
f 519//519 520//520 510//510
f 520//520 501//501 510//510
f 520//520 511//511 501//501
f 521//521 512//512 511//511
f 521//521 522//522 512//512
f 522//522 513//513 512//512
f 522//522 523//523 513//513
f 523//523 514//514 513//513
f 523//523 524//524 514//514
f 524//524 515//515 514//514
f 524//524 525//525 515//515
f 525//525 516//516 515//515
f 525//525 526//526 516//516
f 526//526 517//517 516//516
f 526//526 527//527 517//517
f 527//527 518//518 517//517
f 527//527 528//528 518//518
f 528//528 519//519 518//518
f 528//528 529//529 519//519
f 529//529 520//520 519//519
f 529//529 530//530 520//520
f 530//530 511//511 520//520
f 530//530 521//521 511//511
f 531//531 522//522 521//521
f 531//531 532//532 522//522
f 532//532 523//523 522//522
f 532//532 533//533 523//523
f 533//533 524//524 523//523
f 533//533 534//534 524//524
f 534//534 525//525 524//524
f 534//534 535//535 525//525
f 535//535 526//526 525//525
f 535//535 536//536 526//526
f 536//536 527//527 526//526
f 536//536 537//537 527//527
f 537//537 528//528 527//527
f 537//537 538//538 528//528
f 538//538 529//529 528//528
f 538//538 539//539 529//529
f 539//539 530//530 529//529
f 539//539 540//540 530//530
f 540//540 521//521 530//530
f 540//540 531//531 521//521
f 541//541 543//543 544//544
f 542//542 584//584 583//583
f 541//541 544//544 545//545
f 542//542 585//585 584//584
f 541//541 545//545 546//546
f 542//542 586//586 585//585
f 541//541 546//546 547//547
f 542//542 587//587 586//586
f 541//541 547//547 548//548
f 542//542 588//588 587//587
f 541//541 548//548 549//549
f 542//542 589//589 588//588
f 541//541 549//549 550//550
f 542//542 590//590 589//589
f 541//541 550//550 551//551
f 542//542 591//591 590//590
f 541//541 551//551 552//552
f 542//542 592//592 591//591
f 541//541 552//552 543//543
f 542//542 583//583 592//592
f 553//553 544//544 543//543
f 553//553 554//554 544//544
f 554//554 545//545 544//544
f 554//554 555//555 545//545
f 555//555 546//546 545//545
f 555//555 556//556 546//546
f 556//556 547//547 546//546
f 556//556 557//557 547//547
f 557//557 548//548 547//547
f 557//557 558//558 548//548
f 558//558 549//549 548//548
f 558//558 559//559 549//549
f 559//559 550//550 549//549
f 559//559 560//560 550//550
f 560//560 551//551 550//550
f 560//560 561//561 551//551
f 561//561 552//552 551//551
f 561//561 562//562 552//552
f 562//562 543//543 552//552
f 562//562 553//553 543//543
f 563//563 554//554 553//553
f 563//563 564//564 554//554
f 564//564 555//555 554//554
f 564//564 565//565 555//555
f 565//565 556//556 555//555
f 565//565 566//566 556//556
f 566//566 557//557 556//556
f 566//566 567//567 557//557
f 567//567 558//558 557//557
f 567//567 568//568 558//558
f 568//568 559//559 558//558
f 568//568 569//569 559//559
f 569//569 560//560 559//559
f 569//569 570//570 560//560
f 570//570 561//561 560//560
f 570//570 571//571 561//561
f 571//571 562//562 561//561
f 571//571 572//572 562//562
f 572//572 553//553 562//562
f 572//572 563//563 553//553
f 573//573 564//564 563//563
f 573//573 574//574 564//564
f 574//574 565//565 564//564
f 574//574 575//575 565//565
f 575//575 566//566 565//565
f 575//575 576//576 566//566
f 576//576 567//567 566//566
f 576//576 577//577 567//567
f 577//577 568//568 567//567
f 577//577 578//578 568//568
f 578//578 569//569 568//568
f 578//578 579//579 569//569
f 579//579 570//570 569//569
f 579//579 580//580 570//570
f 580//580 571//571 570//570
f 580//580 581//581 571//571
f 581//581 572//572 571//571
f 581//581 582//582 572//572
f 582//582 563//563 572//572
f 582//582 573//573 563//563
f 583//583 574//574 573//573
f 583//583 584//584 574//574
f 584//584 575//575 574//574
f 584//584 585//585 575//575
f 585//585 576//576 575//575
f 585//585 586//586 576//576
f 586//586 577//577 576//576
f 586//586 587//587 577//577
f 587//587 578//578 577//577
f 587//587 588//588 578//578
f 588//588 579//579 578//578
f 588//588 589//589 579//579
f 589//589 580//580 579//579
f 589//589 590//590 580//580
f 590//590 581//581 580//580
f 590//590 591//591 581//581
f 591//591 582//582 581//581
f 591//591 592//592 582//582
f 592//592 573//573 582//582
f 592//592 583//583 573//573
f 593//593 595//595 596//596
f 594//594 636//636 635//635
f 593//593 596//596 597//597
f 594//594 637//637 636//636
f 593//593 597//597 598//598
f 594//594 638//638 637//637
f 593//593 598//598 599//599
f 594//594 639//639 638//638
f 593//593 599//599 600//600
f 594//594 640//640 639//639
f 593//593 600//600 601//601
f 594//594 641//641 640//640
f 593//593 601//601 602//602
f 594//594 642//642 641//641
f 593//593 602//602 603//603
f 594//594 643//643 642//642
f 593//593 603//603 604//604
f 594//594 644//644 643//643
f 593//593 604//604 595//595
f 594//594 635//635 644//644
f 605//605 596//596 595//595
f 605//605 606//606 596//596
f 606//606 597//597 596//596
f 606//606 607//607 597//597
f 607//607 598//598 597//597
f 607//607 608//608 598//598
f 608//608 599//599 598//598
f 608//608 609//609 599//599
f 609//609 600//600 599//599
f 609//609 610//610 600//600
f 610//610 601//601 600//600
f 610//610 611//611 601//601
f 611//611 602//602 601//601
f 611//611 612//612 602//602
f 612//612 603//603 602//602
f 612//612 613//613 603//603
f 613//613 604//604 603//603
f 613//613 614//614 604//604
f 614//614 595//595 604//604
f 614//614 605//605 595//595
f 615//615 606//606 605//605
f 615//615 616//616 606//606
f 616//616 607//607 606//606
f 616//616 617//617 607//607
f 617//617 608//608 607//607
f 617//617 618//618 608//608
f 618//618 609//609 608//608
f 618//618 619//619 609//609
f 619//619 610//610 609//609
f 619//619 620//620 610//610
f 620//620 611//611 610//610
f 620//620 621//621 611//611
f 621//621 612//612 611//611
f 621//621 622//622 612//612
f 622//622 613//613 612//612
f 622//622 623//623 613//613
f 623//623 614//614 613//613
f 623//623 624//624 614//614
f 624//624 605//605 614//614
f 624//624 615//615 605//605
f 625//625 616//616 615//615
f 625//625 626//626 616//616
f 626//626 617//617 616//616
f 626//626 627//627 617//617
f 627//627 618//618 617//617
f 627//627 628//628 618//618
f 628//628 619//619 618//618
f 628//628 629//629 619//619
f 629//629 620//620 619//619
f 629//629 630//630 620//620
f 630//630 621//621 620//620
f 630//630 631//631 621//621
f 631//631 622//622 621//621
f 631//631 632//632 622//622
f 632//632 623//623 622//622
f 632//632 633//633 623//623
f 633//633 624//624 623//623
f 633//633 634//634 624//624
f 634//634 615//615 624//624
f 634//634 625//625 615//615
f 635//635 626//626 625//625
f 635//635 636//636 626//626
f 636//636 627//627 626//626
f 636//636 637//637 627//627
f 637//637 628//628 627//627
f 637//637 638//638 628//628
f 638//638 629//629 628//628
f 638//638 639//639 629//629
f 639//639 630//630 629//629
f 639//639 640//640 630//630
f 640//640 631//631 630//630
f 640//640 641//641 631//631
f 641//641 632//632 631//631
f 641//641 642//642 632//632
f 642//642 633//633 632//632
f 642//642 643//643 633//633
f 643//643 634//634 633//633
f 643//643 644//644 634//634
f 644//644 625//625 634//634
f 644//644 635//635 625//625
f 645//645 647//647 648//648
f 646//646 688//688 687//687
f 645//645 648//648 649//649
f 646//646 689//689 688//688
f 645//645 649//649 650//650
f 646//646 690//690 689//689
f 645//645 650//650 651//651
f 646//646 691//691 690//690
f 645//645 651//651 652//652
f 646//646 692//692 691//691
f 645//645 652//652 653//653
f 646//646 693//693 692//692
f 645//645 653//653 654//654
f 646//646 694//694 693//693
f 645//645 654//654 655//655
f 646//646 695//695 694//694
f 645//645 655//655 656//656
f 646//646 696//696 695//695
f 645//645 656//656 647//647
f 646//646 687//687 696//696
f 657//657 648//648 647//647
f 657//657 658//658 648//648
f 658//658 649//649 648//648
f 658//658 659//659 649//649
f 659//659 650//650 649//649
f 659//659 660//660 650//650
f 660//660 651//651 650//650
f 660//660 661//661 651//651
f 661//661 652//652 651//651
f 661//661 662//662 652//652
f 662//662 653//653 652//652
f 662//662 663//663 653//653
f 663//663 654//654 653//653
f 663//663 664//664 654//654
f 664//664 655//655 654//654
f 664//664 665//665 655//655
f 665//665 656//656 655//655
f 665//665 666//666 656//656
f 666//666 647//647 656//656
f 666//666 657//657 647//647
f 667//667 658//658 657//657
f 667//667 668//668 658//658
f 668//668 659//659 658//658
f 668//668 669//669 659//659
f 669//669 660//660 659//659
f 669//669 670//670 660//660
f 670//670 661//661 660//660
f 670//670 671//671 661//661
f 671//671 662//662 661//661
f 671//671 672//672 662//662
f 672//672 663//663 662//662
f 672//672 673//673 663//663
f 673//673 664//664 663//663
f 673//673 674//674 664//664
f 674//674 665//665 664//664
f 674//674 675//675 665//665
f 675//675 666//666 665//665
f 675//675 676//676 666//666
f 676//676 657//657 666//666
f 676//676 667//667 657//657
f 677//677 668//668 667//667
f 677//677 678//678 668//668
f 678//678 669//669 668//668
f 678//678 679//679 669//669
f 679//679 670//670 669//669
f 679//679 680//680 670//670
f 680//680 671//671 670//670
f 680//680 681//681 671//671
f 681//681 672//672 671//671
f 681//681 682//682 672//672
f 682//682 673//673 672//672
f 682//682 683//683 673//673
f 683//683 674//674 673//673
f 683//683 684//684 674//674
f 684//684 675//675 674//674
f 684//684 685//685 675//675
f 685//685 676//676 675//675
f 685//685 686//686 676//676
f 686//686 667//667 676//676
f 686//686 677//677 667//667
f 687//687 678//678 677//677
f 687//687 688//688 678//678
f 688//688 679//679 678//678
f 688//688 689//689 679//679
f 689//689 680//680 679//679
f 689//689 690//690 680//680
f 690//690 681//681 680//680
f 690//690 691//691 681//681
f 691//691 682//682 681//681
f 691//691 692//692 682//682
f 692//692 683//683 682//682
f 692//692 693//693 683//683
f 693//693 684//684 683//683
f 693//693 694//694 684//684
f 694//694 685//685 684//684
f 694//694 695//695 685//685
f 695//695 686//686 685//685
f 695//695 696//696 686//686
f 696//696 677//677 686//686
f 696//696 687//687 677//677
f 697//697 699//699 700//700
f 698//698 740//740 739//739
f 697//697 700//700 701//701
f 698//698 741//741 740//740
f 697//697 701//701 702//702
f 698//698 742//742 741//741
f 697//697 702//702 703//703
f 698//698 743//743 742//742
f 697//697 703//703 704//704
f 698//698 744//744 743//743
f 697//697 704//704 705//705
f 698//698 745//745 744//744
f 697//697 705//705 706//706
f 698//698 746//746 745//745
f 697//697 706//706 707//707
f 698//698 747//747 746//746
f 697//697 707//707 708//708
f 698//698 748//748 747//747
f 697//697 708//708 699//699
f 698//698 739//739 748//748
f 709//709 700//700 699//699
f 709//709 710//710 700//700
f 710//710 701//701 700//700
f 710//710 711//711 701//701
f 711//711 702//702 701//701
f 711//711 712//712 702//702
f 712//712 703//703 702//702
f 712//712 713//713 703//703
f 713//713 704//704 703//703
f 713//713 714//714 704//704
f 714//714 705//705 704//704
f 714//714 715//715 705//705
f 715//715 706//706 705//705
f 715//715 716//716 706//706
f 716//716 707//707 706//706
f 716//716 717//717 707//707
f 717//717 708//708 707//707
f 717//717 718//718 708//708
f 718//718 699//699 708//708
f 718//718 709//709 699//699
f 719//719 710//710 709//709
f 719//719 720//720 710//710
f 720//720 711//711 710//710
f 720//720 721//721 711//711
f 721//721 712//712 711//711
f 721//721 722//722 712//712
f 722//722 713//713 712//712
f 722//722 723//723 713//713
f 723//723 714//714 713//713
f 723//723 724//724 714//714
f 724//724 715//715 714//714
f 724//724 725//725 715//715
f 725//725 716//716 715//715
f 725//725 726//726 716//716
f 726//726 717//717 716//716
f 726//726 727//727 717//717
f 727//727 718//718 717//717
f 727//727 728//728 718//718
f 728//728 709//709 718//718
f 728//728 719//719 709//709
f 729//729 720//720 719//719
f 729//729 730//730 720//720
f 730//730 721//721 720//720
f 730//730 731//731 721//721
f 731//731 722//722 721//721
f 731//731 732//732 722//722
f 732//732 723//723 722//722
f 732//732 733//733 723//723
f 733//733 724//724 723//723
f 733//733 734//734 724//724
f 734//734 725//725 724//724
f 734//734 735//735 725//725
f 735//735 726//726 725//725
f 735//735 736//736 726//726
f 736//736 727//727 726//726
f 736//736 737//737 727//727
f 737//737 728//728 727//727
f 737//737 738//738 728//728
f 738//738 719//719 728//728
f 738//738 729//729 719//719
f 739//739 730//730 729//729
f 739//739 740//740 730//730
f 740//740 731//731 730//730
f 740//740 741//741 731//731
f 741//741 732//732 731//731
f 741//741 742//742 732//732
f 742//742 733//733 732//732
f 742//742 743//743 733//733
f 743//743 734//734 733//733
f 743//743 744//744 734//734
f 744//744 735//735 734//734
f 744//744 745//745 735//735
f 745//745 736//736 735//735
f 745//745 746//746 736//736
f 746//746 737//737 736//736
f 746//746 747//747 737//737
f 747//747 738//738 737//737
f 747//747 748//748 738//738
f 748//748 729//729 738//738
f 748//748 739//739 729//729
f 749//749 751//751 752//752
f 750//750 792//792 791//791
f 749//749 752//752 753//753
f 750//750 793//793 792//792
f 749//749 753//753 754//754
f 750//750 794//794 793//793
f 749//749 754//754 755//755
f 750//750 795//795 794//794
f 749//749 755//755 756//756
f 750//750 796//796 795//795
f 749//749 756//756 757//757
f 750//750 797//797 796//796
f 749//749 757//757 758//758
f 750//750 798//798 797//797
f 749//749 758//758 759//759
f 750//750 799//799 798//798
f 749//749 759//759 760//760
f 750//750 800//800 799//799
f 749//749 760//760 751//751
f 750//750 791//791 800//800
f 761//761 752//752 751//751
f 761//761 762//762 752//752
f 762//762 753//753 752//752
f 762//762 763//763 753//753
f 763//763 754//754 753//753
f 763//763 764//764 754//754
f 764//764 755//755 754//754
f 764//764 765//765 755//755
f 765//765 756//756 755//755
f 765//765 766//766 756//756
f 766//766 757//757 756//756
f 766//766 767//767 757//757
f 767//767 758//758 757//757
f 767//767 768//768 758//758
f 768//768 759//759 758//758
f 768//768 769//769 759//759
f 769//769 760//760 759//759
f 769//769 770//770 760//760
f 770//770 751//751 760//760
f 770//770 761//761 751//751
f 771//771 762//762 761//761
f 771//771 772//772 762//762
f 772//772 763//763 762//762
f 772//772 773//773 763//763
f 773//773 764//764 763//763
f 773//773 774//774 764//764
f 774//774 765//765 764//764
f 774//774 775//775 765//765
f 775//775 766//766 765//765
f 775//775 776//776 766//766
f 776//776 767//767 766//766
f 776//776 777//777 767//767
f 777//777 768//768 767//767
f 777//777 778//778 768//768
f 778//778 769//769 768//768
f 778//778 779//779 769//769
f 779//779 770//770 769//769
f 779//779 780//780 770//770
f 780//780 761//761 770//770
f 780//780 771//771 761//761
f 781//781 772//772 771//771
f 781//781 782//782 772//772
f 782//782 773//773 772//772
f 782//782 783//783 773//773
f 783//783 774//774 773//773
f 783//783 784//784 774//774
f 784//784 775//775 774//774
f 784//784 785//785 775//775
f 785//785 776//776 775//775
f 785//785 786//786 776//776
f 786//786 777//777 776//776
f 786//786 787//787 777//777
f 787//787 778//778 777//777
f 787//787 788//788 778//778
f 788//788 779//779 778//778
f 788//788 789//789 779//779
f 789//789 780//780 779//779
f 789//789 790//790 780//780
f 790//790 771//771 780//780
f 790//790 781//781 771//771
f 791//791 782//782 781//781
f 791//791 792//792 782//782
f 792//792 783//783 782//782
f 792//792 793//793 783//783
f 793//793 784//784 783//783
f 793//793 794//794 784//784
f 794//794 785//785 784//784
f 794//794 795//795 785//785
f 795//795 786//786 785//785
f 795//795 796//796 786//786
f 796//796 787//787 786//786
f 796//796 797//797 787//787
f 797//797 788//788 787//787
f 797//797 798//798 788//788
f 798//798 789//789 788//788
f 798//798 799//799 789//789
f 799//799 790//790 789//789
f 799//799 800//800 790//790
f 800//800 781//781 790//790
f 800//800 791//791 781//781
f 801//801 803//803 804//804
f 802//802 844//844 843//843
f 801//801 804//804 805//805
f 802//802 845//845 844//844
f 801//801 805//805 806//806
f 802//802 846//846 845//845
f 801//801 806//806 807//807
f 802//802 847//847 846//846
f 801//801 807//807 808//808
f 802//802 848//848 847//847
f 801//801 808//808 809//809
f 802//802 849//849 848//848
f 801//801 809//809 810//810
f 802//802 850//850 849//849
f 801//801 810//810 811//811
f 802//802 851//851 850//850
f 801//801 811//811 812//812
f 802//802 852//852 851//851
f 801//801 812//812 803//803
f 802//802 843//843 852//852
f 813//813 804//804 803//803
f 813//813 814//814 804//804
f 814//814 805//805 804//804
f 814//814 815//815 805//805
f 815//815 806//806 805//805
f 815//815 816//816 806//806
f 816//816 807//807 806//806
f 816//816 817//817 807//807
f 817//817 808//808 807//807
f 817//817 818//818 808//808
f 818//818 809//809 808//808
f 818//818 819//819 809//809
f 819//819 810//810 809//809
f 819//819 820//820 810//810
f 820//820 811//811 810//810
f 820//820 821//821 811//811
f 821//821 812//812 811//811
f 821//821 822//822 812//812
f 822//822 803//803 812//812
f 822//822 813//813 803//803
f 823//823 814//814 813//813
f 823//823 824//824 814//814
f 824//824 815//815 814//814
f 824//824 825//825 815//815
f 825//825 816//816 815//815
f 825//825 826//826 816//816
f 826//826 817//817 816//816
f 826//826 827//827 817//817
f 827//827 818//818 817//817
f 827//827 828//828 818//818
f 828//828 819//819 818//818
f 828//828 829//829 819//819
f 829//829 820//820 819//819
f 829//829 830//830 820//820
f 830//830 821//821 820//820
f 830//830 831//831 821//821
f 831//831 822//822 821//821
f 831//831 832//832 822//822
f 832//832 813//813 822//822
f 832//832 823//823 813//813
f 833//833 824//824 823//823
f 833//833 834//834 824//824
f 834//834 825//825 824//824
f 834//834 835//835 825//825
f 835//835 826//826 825//825
f 835//835 836//836 826//826
f 836//836 827//827 826//826
f 836//836 837//837 827//827
f 837//837 828//828 827//827
f 837//837 838//838 828//828
f 838//838 829//829 828//828
f 838//838 839//839 829//829
f 839//839 830//830 829//829
f 839//839 840//840 830//830
f 840//840 831//831 830//830
f 840//840 841//841 831//831
f 841//841 832//832 831//831
f 841//841 842//842 832//832
f 842//842 823//823 832//832
f 842//842 833//833 823//823
f 843//843 834//834 833//833
f 843//843 844//844 834//834
f 844//844 835//835 834//834
f 844//844 845//845 835//835
f 845//845 836//836 835//835
f 845//845 846//846 836//836
f 846//846 837//837 836//836
f 846//846 847//847 837//837
f 847//847 838//838 837//837
f 847//847 848//848 838//838
f 848//848 839//839 838//838
f 848//848 849//849 839//839
f 849//849 840//840 839//839
f 849//849 850//850 840//840
f 850//850 841//841 840//840
f 850//850 851//851 841//841
f 851//851 842//842 841//841
f 851//851 852//852 842//842
f 852//852 833//833 842//842
f 852//852 843//843 833//833
f 853//853 855//855 856//856
f 854//854 896//896 895//895
f 853//853 856//856 857//857
f 854//854 897//897 896//896
f 853//853 857//857 858//858
f 854//854 898//898 897//897
f 853//853 858//858 859//859
f 854//854 899//899 898//898
f 853//853 859//859 860//860
f 854//854 900//900 899//899
f 853//853 860//860 861//861
f 854//854 901//901 900//900
f 853//853 861//861 862//862
f 854//854 902//902 901//901
f 853//853 862//862 863//863
f 854//854 903//903 902//902
f 853//853 863//863 864//864
f 854//854 904//904 903//903
f 853//853 864//864 855//855
f 854//854 895//895 904//904
f 865//865 856//856 855//855
f 865//865 866//866 856//856
f 866//866 857//857 856//856
f 866//866 867//867 857//857
f 867//867 858//858 857//857
f 867//867 868//868 858//858
f 868//868 859//859 858//858
f 868//868 869//869 859//859
f 869//869 860//860 859//859
f 869//869 870//870 860//860
f 870//870 861//861 860//860
f 870//870 871//871 861//861
f 871//871 862//862 861//861
f 871//871 872//872 862//862
f 872//872 863//863 862//862
f 872//872 873//873 863//863
f 873//873 864//864 863//863
f 873//873 874//874 864//864
f 874//874 855//855 864//864
f 874//874 865//865 855//855
f 875//875 866//866 865//865
f 875//875 876//876 866//866
f 876//876 867//867 866//866
f 876//876 877//877 867//867
f 877//877 868//868 867//867
f 877//877 878//878 868//868
f 878//878 869//869 868//868
f 878//878 879//879 869//869
f 879//879 870//870 869//869
f 879//879 880//880 870//870
f 880//880 871//871 870//870
f 880//880 881//881 871//871
f 881//881 872//872 871//871
f 881//881 882//882 872//872
f 882//882 873//873 872//872
f 882//882 883//883 873//873
f 883//883 874//874 873//873
f 883//883 884//884 874//874
f 884//884 865//865 874//874
f 884//884 875//875 865//865
f 885//885 876//876 875//875
f 885//885 886//886 876//876
f 886//886 877//877 876//876
f 886//886 887//887 877//877
f 887//887 878//878 877//877
f 887//887 888//888 878//878
f 888//888 879//879 878//878
f 888//888 889//889 879//879
f 889//889 880//880 879//879
f 889//889 890//890 880//880
f 890//890 881//881 880//880
f 890//890 891//891 881//881
f 891//891 882//882 881//881
f 891//891 892//892 882//882
f 892//892 883//883 882//882
f 892//892 893//893 883//883
f 893//893 884//884 883//883
f 893//893 894//894 884//884
f 894//894 875//875 884//884
f 894//894 885//885 875//875
f 895//895 886//886 885//885
f 895//895 896//896 886//886
f 896//896 887//887 886//886
f 896//896 897//897 887//887
f 897//897 888//888 887//887
f 897//897 898//898 888//888
f 898//898 889//889 888//888
f 898//898 899//899 889//889
f 899//899 890//890 889//889
f 899//899 900//900 890//890
f 900//900 891//891 890//890
f 900//900 901//901 891//891
f 901//901 892//892 891//891
f 901//901 902//902 892//892
f 902//902 893//893 892//892
f 902//902 903//903 893//893
f 903//903 894//894 893//893
f 903//903 904//904 894//894
f 904//904 885//885 894//894
f 904//904 895//895 885//885
f 905//905 907//907 908//908
f 906//906 948//948 947//947
f 905//905 908//908 909//909
f 906//906 949//949 948//948
f 905//905 909//909 910//910
f 906//906 950//950 949//949
f 905//905 910//910 911//911
f 906//906 951//951 950//950
f 905//905 911//911 912//912
f 906//906 952//952 951//951
f 905//905 912//912 913//913
f 906//906 953//953 952//952
f 905//905 913//913 914//914
f 906//906 954//954 953//953
f 905//905 914//914 915//915
f 906//906 955//955 954//954
f 905//905 915//915 916//916
f 906//906 956//956 955//955
f 905//905 916//916 907//907
f 906//906 947//947 956//956
f 917//917 908//908 907//907
f 917//917 918//918 908//908
f 918//918 909//909 908//908
f 918//918 919//919 909//909
f 919//919 910//910 909//909
f 919//919 920//920 910//910
f 920//920 911//911 910//910
f 920//920 921//921 911//911
f 921//921 912//912 911//911
f 921//921 922//922 912//912
f 922//922 913//913 912//912
f 922//922 923//923 913//913
f 923//923 914//914 913//913
f 923//923 924//924 914//914
f 924//924 915//915 914//914
f 924//924 925//925 915//915
f 925//925 916//916 915//915
f 925//925 926//926 916//916
f 926//926 907//907 916//916
f 926//926 917//917 907//907
f 927//927 918//918 917//917
f 927//927 928//928 918//918
f 928//928 919//919 918//918
f 928//928 929//929 919//919
f 929//929 920//920 919//919
f 929//929 930//930 920//920
f 930//930 921//921 920//920
f 930//930 931//931 921//921
f 931//931 922//922 921//921
f 931//931 932//932 922//922
f 932//932 923//923 922//922
f 932//932 933//933 923//923
f 933//933 924//924 923//923
f 933//933 934//934 924//924
f 934//934 925//925 924//924
f 934//934 935//935 925//925
f 935//935 926//926 925//925
f 935//935 936//936 926//926
f 936//936 917//917 926//926
f 936//936 927//927 917//917
f 937//937 928//928 927//927
f 937//937 938//938 928//928
f 938//938 929//929 928//928
f 938//938 939//939 929//929
f 939//939 930//930 929//929
f 939//939 940//940 930//930
f 940//940 931//931 930//930
f 940//940 941//941 931//931
f 941//941 932//932 931//931
f 941//941 942//942 932//932
f 942//942 933//933 932//932
f 942//942 943//943 933//933
f 943//943 934//934 933//933
f 943//943 944//944 934//934
f 944//944 935//935 934//934
f 944//944 945//945 935//935
f 945//945 936//936 935//935
f 945//945 946//946 936//936
f 946//946 927//927 936//936
f 946//946 937//937 927//927
f 947//947 938//938 937//937
f 947//947 948//948 938//938
f 948//948 939//939 938//938
f 948//948 949//949 939//939
f 949//949 940//940 939//939
f 949//949 950//950 940//940
f 950//950 941//941 940//940
f 950//950 951//951 941//941
f 951//951 942//942 941//941
f 951//951 952//952 942//942
f 952//952 943//943 942//942
f 952//952 953//953 943//943
f 953//953 944//944 943//943
f 953//953 954//954 944//944
f 954//954 945//945 944//944
f 954//954 955//955 945//945
f 955//955 946//946 945//945
f 955//955 956//956 946//946
f 956//956 937//937 946//946
f 956//956 947//947 937//937
f 957//957 959//959 960//960
f 958//958 1000//1000 999//999
f 957//957 960//960 961//961
f 958//958 1001//1001 1000//1000
f 957//957 961//961 962//962
f 958//958 1002//1002 1001//1001
f 957//957 962//962 963//963
f 958//958 1003//1003 1002//1002
f 957//957 963//963 964//964
f 958//958 1004//1004 1003//1003
f 957//957 964//964 965//965
f 958//958 1005//1005 1004//1004
f 957//957 965//965 966//966
f 958//958 1006//1006 1005//1005
f 957//957 966//966 967//967
f 958//958 1007//1007 1006//1006
f 957//957 967//967 968//968
f 958//958 1008//1008 1007//1007
f 957//957 968//968 959//959
f 958//958 999//999 1008//1008
f 969//969 960//960 959//959
f 969//969 970//970 960//960
f 970//970 961//961 960//960
f 970//970 971//971 961//961
f 971//971 962//962 961//961
f 971//971 972//972 962//962
f 972//972 963//963 962//962
f 972//972 973//973 963//963
f 973//973 964//964 963//963
f 973//973 974//974 964//964
f 974//974 965//965 964//964
f 974//974 975//975 965//965
f 975//975 966//966 965//965
f 975//975 976//976 966//966
f 976//976 967//967 966//966
f 976//976 977//977 967//967
f 977//977 968//968 967//967
f 977//977 978//978 968//968
f 978//978 959//959 968//968
f 978//978 969//969 959//959
f 979//979 970//970 969//969
f 979//979 980//980 970//970
f 980//980 971//971 970//970
f 980//980 981//981 971//971
f 981//981 972//972 971//971
f 981//981 982//982 972//972
f 982//982 973//973 972//972
f 982//982 983//983 973//973
f 983//983 974//974 973//973
f 983//983 984//984 974//974
f 984//984 975//975 974//974
f 984//984 985//985 975//975
f 985//985 976//976 975//975
f 985//985 986//986 976//976
f 986//986 977//977 976//976
f 986//986 987//987 977//977
f 987//987 978//978 977//977
f 987//987 988//988 978//978
f 988//988 969//969 978//978
f 988//988 979//979 969//969
f 989//989 980//980 979//979
f 989//989 990//990 980//980
f 990//990 981//981 980//980
f 990//990 991//991 981//981
f 991//991 982//982 981//981
f 991//991 992//992 982//982
f 992//992 983//983 982//982
f 992//992 993//993 983//983
f 993//993 984//984 983//983
f 993//993 994//994 984//984
f 994//994 985//985 984//984
f 994//994 995//995 985//985
f 995//995 986//986 985//985
f 995//995 996//996 986//986
f 996//996 987//987 986//986
f 996//996 997//997 987//987
f 997//997 988//988 987//987
f 997//997 998//998 988//988
f 998//998 979//979 988//988
f 998//998 989//989 979//979
f 999//999 990//990 989//989
f 999//999 1000//1000 990//990
f 1000//1000 991//991 990//990
f 1000//1000 1001//1001 991//991
f 1001//1001 992//992 991//991
f 1001//1001 1002//1002 992//992
f 1002//1002 993//993 992//992
f 1002//1002 1003//1003 993//993
f 1003//1003 994//994 993//993
f 1003//1003 1004//1004 994//994
f 1004//1004 995//995 994//994
f 1004//1004 1005//1005 995//995
f 1005//1005 996//996 995//995
f 1005//1005 1006//1006 996//996
f 1006//1006 997//997 996//996
f 1006//1006 1007//1007 997//997
f 1007//1007 998//998 997//997
f 1007//1007 1008//1008 998//998
f 1008//1008 989//989 998//998
f 1008//1008 999//999 989//989
f 1009//1009 1011//1011 1012//1012
f 1010//1010 1052//1052 1051//1051
f 1009//1009 1012//1012 1013//1013
f 1010//1010 1053//1053 1052//1052
f 1009//1009 1013//1013 1014//1014
f 1010//1010 1054//1054 1053//1053
f 1009//1009 1014//1014 1015//1015
f 1010//1010 1055//1055 1054//1054
f 1009//1009 1015//1015 1016//1016
f 1010//1010 1056//1056 1055//1055
f 1009//1009 1016//1016 1017//1017
f 1010//1010 1057//1057 1056//1056
f 1009//1009 1017//1017 1018//1018
f 1010//1010 1058//1058 1057//1057
f 1009//1009 1018//1018 1019//1019
f 1010//1010 1059//1059 1058//1058
f 1009//1009 1019//1019 1020//1020
f 1010//1010 1060//1060 1059//1059
f 1009//1009 1020//1020 1011//1011
f 1010//1010 1051//1051 1060//1060
f 1021//1021 1012//1012 1011//1011
f 1021//1021 1022//1022 1012//1012
f 1022//1022 1013//1013 1012//1012
f 1022//1022 1023//1023 1013//1013
f 1023//1023 1014//1014 1013//1013
f 1023//1023 1024//1024 1014//1014
f 1024//1024 1015//1015 1014//1014
f 1024//1024 1025//1025 1015//1015
f 1025//1025 1016//1016 1015//1015
f 1025//1025 1026//1026 1016//1016
f 1026//1026 1017//1017 1016//1016
f 1026//1026 1027//1027 1017//1017
f 1027//1027 1018//1018 1017//1017
f 1027//1027 1028//1028 1018//1018
f 1028//1028 1019//1019 1018//1018
f 1028//1028 1029//1029 1019//1019
f 1029//1029 1020//1020 1019//1019
f 1029//1029 1030//1030 1020//1020
f 1030//1030 1011//1011 1020//1020
f 1030//1030 1021//1021 1011//1011
f 1031//1031 1022//1022 1021//1021
f 1031//1031 1032//1032 1022//1022
f 1032//1032 1023//1023 1022//1022
f 1032//1032 1033//1033 1023//1023
f 1033//1033 1024//1024 1023//1023
f 1033//1033 1034//1034 1024//1024
f 1034//1034 1025//1025 1024//1024
f 1034//1034 1035//1035 1025//1025
f 1035//1035 1026//1026 1025//1025
f 1035//1035 1036//1036 1026//1026
f 1036//1036 1027//1027 1026//1026
f 1036//1036 1037//1037 1027//1027
f 1037//1037 1028//1028 1027//1027
f 1037//1037 1038//1038 1028//1028
f 1038//1038 1029//1029 1028//1028
f 1038//1038 1039//1039 1029//1029
f 1039//1039 1030//1030 1029//1029
f 1039//1039 1040//1040 1030//1030
f 1040//1040 1021//1021 1030//1030
f 1040//1040 1031//1031 1021//1021
f 1041//1041 1032//1032 1031//1031
f 1041//1041 1042//1042 1032//1032
f 1042//1042 1033//1033 1032//1032
f 1042//1042 1043//1043 1033//1033
f 1043//1043 1034//1034 1033//1033
f 1043//1043 1044//1044 1034//1034
f 1044//1044 1035//1035 1034//1034
f 1044//1044 1045//1045 1035//1035
f 1045//1045 1036//1036 1035//1035
f 1045//1045 1046//1046 1036//1036
f 1046//1046 1037//1037 1036//1036
f 1046//1046 1047//1047 1037//1037
f 1047//1047 1038//1038 1037//1037
f 1047//1047 1048//1048 1038//1038
f 1048//1048 1039//1039 1038//1038
f 1048//1048 1049//1049 1039//1039
f 1049//1049 1040//1040 1039//1039
f 1049//1049 1050//1050 1040//1040
f 1050//1050 1031//1031 1040//1040
f 1050//1050 1041//1041 1031//1031
f 1051//1051 1042//1042 1041//1041
f 1051//1051 1052//1052 1042//1042
f 1052//1052 1043//1043 1042//1042
f 1052//1052 1053//1053 1043//1043
f 1053//1053 1044//1044 1043//1043
f 1053//1053 1054//1054 1044//1044
f 1054//1054 1045//1045 1044//1044
f 1054//1054 1055//1055 1045//1045
f 1055//1055 1046//1046 1045//1045
f 1055//1055 1056//1056 1046//1046
f 1056//1056 1047//1047 1046//1046
f 1056//1056 1057//1057 1047//1047
f 1057//1057 1048//1048 1047//1047
f 1057//1057 1058//1058 1048//1048
f 1058//1058 1049//1049 1048//1048
f 1058//1058 1059//1059 1049//1049
f 1059//1059 1050//1050 1049//1049
f 1059//1059 1060//1060 1050//1050
f 1060//1060 1041//1041 1050//1050
f 1060//1060 1051//1051 1041//1041
f 1061//1061 1063//1063 1064//1064
f 1062//1062 1104//1104 1103//1103
f 1061//1061 1064//1064 1065//1065
f 1062//1062 1105//1105 1104//1104
f 1061//1061 1065//1065 1066//1066
f 1062//1062 1106//1106 1105//1105
f 1061//1061 1066//1066 1067//1067
f 1062//1062 1107//1107 1106//1106
f 1061//1061 1067//1067 1068//1068
f 1062//1062 1108//1108 1107//1107
f 1061//1061 1068//1068 1069//1069
f 1062//1062 1109//1109 1108//1108
f 1061//1061 1069//1069 1070//1070
f 1062//1062 1110//1110 1109//1109
f 1061//1061 1070//1070 1071//1071
f 1062//1062 1111//1111 1110//1110
f 1061//1061 1071//1071 1072//1072
f 1062//1062 1112//1112 1111//1111
f 1061//1061 1072//1072 1063//1063
f 1062//1062 1103//1103 1112//1112
f 1073//1073 1064//1064 1063//1063
f 1073//1073 1074//1074 1064//1064
f 1074//1074 1065//1065 1064//1064
f 1074//1074 1075//1075 1065//1065
f 1075//1075 1066//1066 1065//1065
f 1075//1075 1076//1076 1066//1066
f 1076//1076 1067//1067 1066//1066
f 1076//1076 1077//1077 1067//1067
f 1077//1077 1068//1068 1067//1067
f 1077//1077 1078//1078 1068//1068
f 1078//1078 1069//1069 1068//1068
f 1078//1078 1079//1079 1069//1069
f 1079//1079 1070//1070 1069//1069
f 1079//1079 1080//1080 1070//1070
f 1080//1080 1071//1071 1070//1070
f 1080//1080 1081//1081 1071//1071
f 1081//1081 1072//1072 1071//1071
f 1081//1081 1082//1082 1072//1072
f 1082//1082 1063//1063 1072//1072
f 1082//1082 1073//1073 1063//1063
f 1083//1083 1074//1074 1073//1073
f 1083//1083 1084//1084 1074//1074
f 1084//1084 1075//1075 1074//1074
f 1084//1084 1085//1085 1075//1075
f 1085//1085 1076//1076 1075//1075
f 1085//1085 1086//1086 1076//1076
f 1086//1086 1077//1077 1076//1076
f 1086//1086 1087//1087 1077//1077
f 1087//1087 1078//1078 1077//1077
f 1087//1087 1088//1088 1078//1078
f 1088//1088 1079//1079 1078//1078
f 1088//1088 1089//1089 1079//1079
f 1089//1089 1080//1080 1079//1079
f 1089//1089 1090//1090 1080//1080
f 1090//1090 1081//1081 1080//1080
f 1090//1090 1091//1091 1081//1081
f 1091//1091 1082//1082 1081//1081
f 1091//1091 1092//1092 1082//1082
f 1092//1092 1073//1073 1082//1082
f 1092//1092 1083//1083 1073//1073
f 1093//1093 1084//1084 1083//1083
f 1093//1093 1094//1094 1084//1084
f 1094//1094 1085//1085 1084//1084
f 1094//1094 1095//1095 1085//1085
f 1095//1095 1086//1086 1085//1085
f 1095//1095 1096//1096 1086//1086
f 1096//1096 1087//1087 1086//1086
f 1096//1096 1097//1097 1087//1087
f 1097//1097 1088//1088 1087//1087
f 1097//1097 1098//1098 1088//1088
f 1098//1098 1089//1089 1088//1088
f 1098//1098 1099//1099 1089//1089
f 1099//1099 1090//1090 1089//1089
f 1099//1099 1100//1100 1090//1090
f 1100//1100 1091//1091 1090//1090
f 1100//1100 1101//1101 1091//1091
f 1101//1101 1092//1092 1091//1091
f 1101//1101 1102//1102 1092//1092
f 1102//1102 1083//1083 1092//1092
f 1102//1102 1093//1093 1083//1083
f 1103//1103 1094//1094 1093//1093
f 1103//1103 1104//1104 1094//1094
f 1104//1104 1095//1095 1094//1094
f 1104//1104 1105//1105 1095//1095
f 1105//1105 1096//1096 1095//1095
f 1105//1105 1106//1106 1096//1096
f 1106//1106 1097//1097 1096//1096
f 1106//1106 1107//1107 1097//1097
f 1107//1107 1098//1098 1097//1097
f 1107//1107 1108//1108 1098//1098
f 1108//1108 1099//1099 1098//1098
f 1108//1108 1109//1109 1099//1099
f 1109//1109 1100//1100 1099//1099
f 1109//1109 1110//1110 1100//1100
f 1110//1110 1101//1101 1100//1100
f 1110//1110 1111//1111 1101//1101
f 1111//1111 1102//1102 1101//1101
f 1111//1111 1112//1112 1102//1102
f 1112//1112 1093//1093 1102//1102
f 1112//1112 1103//1103 1093//1093
f 1113//1113 1115//1115 1116//1116
f 1114//1114 1156//1156 1155//1155
f 1113//1113 1116//1116 1117//1117
f 1114//1114 1157//1157 1156//1156
f 1113//1113 1117//1117 1118//1118
f 1114//1114 1158//1158 1157//1157
f 1113//1113 1118//1118 1119//1119
f 1114//1114 1159//1159 1158//1158
f 1113//1113 1119//1119 1120//1120
f 1114//1114 1160//1160 1159//1159
f 1113//1113 1120//1120 1121//1121
f 1114//1114 1161//1161 1160//1160
f 1113//1113 1121//1121 1122//1122
f 1114//1114 1162//1162 1161//1161
f 1113//1113 1122//1122 1123//1123
f 1114//1114 1163//1163 1162//1162
f 1113//1113 1123//1123 1124//1124
f 1114//1114 1164//1164 1163//1163
f 1113//1113 1124//1124 1115//1115
f 1114//1114 1155//1155 1164//1164
f 1125//1125 1116//1116 1115//1115
f 1125//1125 1126//1126 1116//1116
f 1126//1126 1117//1117 1116//1116
f 1126//1126 1127//1127 1117//1117
f 1127//1127 1118//1118 1117//1117
f 1127//1127 1128//1128 1118//1118
f 1128//1128 1119//1119 1118//1118
f 1128//1128 1129//1129 1119//1119
f 1129//1129 1120//1120 1119//1119
f 1129//1129 1130//1130 1120//1120
f 1130//1130 1121//1121 1120//1120
f 1130//1130 1131//1131 1121//1121
f 1131//1131 1122//1122 1121//1121
f 1131//1131 1132//1132 1122//1122
f 1132//1132 1123//1123 1122//1122
f 1132//1132 1133//1133 1123//1123
f 1133//1133 1124//1124 1123//1123
f 1133//1133 1134//1134 1124//1124
f 1134//1134 1115//1115 1124//1124
f 1134//1134 1125//1125 1115//1115
f 1135//1135 1126//1126 1125//1125
f 1135//1135 1136//1136 1126//1126
f 1136//1136 1127//1127 1126//1126
f 1136//1136 1137//1137 1127//1127
f 1137//1137 1128//1128 1127//1127
f 1137//1137 1138//1138 1128//1128
f 1138//1138 1129//1129 1128//1128
f 1138//1138 1139//1139 1129//1129
f 1139//1139 1130//1130 1129//1129
f 1139//1139 1140//1140 1130//1130
f 1140//1140 1131//1131 1130//1130
f 1140//1140 1141//1141 1131//1131
f 1141//1141 1132//1132 1131//1131
f 1141//1141 1142//1142 1132//1132
f 1142//1142 1133//1133 1132//1132
f 1142//1142 1143//1143 1133//1133
f 1143//1143 1134//1134 1133//1133
f 1143//1143 1144//1144 1134//1134
f 1144//1144 1125//1125 1134//1134
f 1144//1144 1135//1135 1125//1125
f 1145//1145 1136//1136 1135//1135
f 1145//1145 1146//1146 1136//1136
f 1146//1146 1137//1137 1136//1136
f 1146//1146 1147//1147 1137//1137
f 1147//1147 1138//1138 1137//1137
f 1147//1147 1148//1148 1138//1138
f 1148//1148 1139//1139 1138//1138
f 1148//1148 1149//1149 1139//1139
f 1149//1149 1140//1140 1139//1139
f 1149//1149 1150//1150 1140//1140
f 1150//1150 1141//1141 1140//1140
f 1150//1150 1151//1151 1141//1141
f 1151//1151 1142//1142 1141//1141
f 1151//1151 1152//1152 1142//1142
f 1152//1152 1143//1143 1142//1142
f 1152//1152 1153//1153 1143//1143
f 1153//1153 1144//1144 1143//1143
f 1153//1153 1154//1154 1144//1144
f 1154//1154 1135//1135 1144//1144
f 1154//1154 1145//1145 1135//1135
f 1155//1155 1146//1146 1145//1145
f 1155//1155 1156//1156 1146//1146
f 1156//1156 1147//1147 1146//1146
f 1156//1156 1157//1157 1147//1147
f 1157//1157 1148//1148 1147//1147
f 1157//1157 1158//1158 1148//1148
f 1158//1158 1149//1149 1148//1148
f 1158//1158 1159//1159 1149//1149
f 1159//1159 1150//1150 1149//1149
f 1159//1159 1160//1160 1150//1150
f 1160//1160 1151//1151 1150//1150
f 1160//1160 1161//1161 1151//1151
f 1161//1161 1152//1152 1151//1151
f 1161//1161 1162//1162 1152//1152
f 1162//1162 1153//1153 1152//1152
f 1162//1162 1163//1163 1153//1153
f 1163//1163 1154//1154 1153//1153
f 1163//1163 1164//1164 1154//1154
f 1164//1164 1145//1145 1154//1154
f 1164//1164 1155//1155 1145//1145
f 1165//1165 1167//1167 1168//1168
f 1166//1166 1208//1208 1207//1207
f 1165//1165 1168//1168 1169//1169
f 1166//1166 1209//1209 1208//1208
f 1165//1165 1169//1169 1170//1170
f 1166//1166 1210//1210 1209//1209
f 1165//1165 1170//1170 1171//1171
f 1166//1166 1211//1211 1210//1210
f 1165//1165 1171//1171 1172//1172
f 1166//1166 1212//1212 1211//1211
f 1165//1165 1172//1172 1173//1173
f 1166//1166 1213//1213 1212//1212
f 1165//1165 1173//1173 1174//1174
f 1166//1166 1214//1214 1213//1213
f 1165//1165 1174//1174 1175//1175
f 1166//1166 1215//1215 1214//1214
f 1165//1165 1175//1175 1176//1176
f 1166//1166 1216//1216 1215//1215
f 1165//1165 1176//1176 1167//1167
f 1166//1166 1207//1207 1216//1216
f 1177//1177 1168//1168 1167//1167
f 1177//1177 1178//1178 1168//1168
f 1178//1178 1169//1169 1168//1168
f 1178//1178 1179//1179 1169//1169
f 1179//1179 1170//1170 1169//1169
f 1179//1179 1180//1180 1170//1170
f 1180//1180 1171//1171 1170//1170
f 1180//1180 1181//1181 1171//1171
f 1181//1181 1172//1172 1171//1171
f 1181//1181 1182//1182 1172//1172
f 1182//1182 1173//1173 1172//1172
f 1182//1182 1183//1183 1173//1173
f 1183//1183 1174//1174 1173//1173
f 1183//1183 1184//1184 1174//1174
f 1184//1184 1175//1175 1174//1174
f 1184//1184 1185//1185 1175//1175
f 1185//1185 1176//1176 1175//1175
f 1185//1185 1186//1186 1176//1176
f 1186//1186 1167//1167 1176//1176
f 1186//1186 1177//1177 1167//1167
f 1187//1187 1178//1178 1177//1177
f 1187//1187 1188//1188 1178//1178
f 1188//1188 1179//1179 1178//1178
f 1188//1188 1189//1189 1179//1179
f 1189//1189 1180//1180 1179//1179
f 1189//1189 1190//1190 1180//1180
f 1190//1190 1181//1181 1180//1180
f 1190//1190 1191//1191 1181//1181
f 1191//1191 1182//1182 1181//1181
f 1191//1191 1192//1192 1182//1182
f 1192//1192 1183//1183 1182//1182
f 1192//1192 1193//1193 1183//1183
f 1193//1193 1184//1184 1183//1183
f 1193//1193 1194//1194 1184//1184
f 1194//1194 1185//1185 1184//1184
f 1194//1194 1195//1195 1185//1185
f 1195//1195 1186//1186 1185//1185
f 1195//1195 1196//1196 1186//1186
f 1196//1196 1177//1177 1186//1186
f 1196//1196 1187//1187 1177//1177
f 1197//1197 1188//1188 1187//1187
f 1197//1197 1198//1198 1188//1188
f 1198//1198 1189//1189 1188//1188
f 1198//1198 1199//1199 1189//1189
f 1199//1199 1190//1190 1189//1189
f 1199//1199 1200//1200 1190//1190
f 1200//1200 1191//1191 1190//1190
f 1200//1200 1201//1201 1191//1191
f 1201//1201 1192//1192 1191//1191
f 1201//1201 1202//1202 1192//1192
f 1202//1202 1193//1193 1192//1192
f 1202//1202 1203//1203 1193//1193
f 1203//1203 1194//1194 1193//1193
f 1203//1203 1204//1204 1194//1194
f 1204//1204 1195//1195 1194//1194
f 1204//1204 1205//1205 1195//1195
f 1205//1205 1196//1196 1195//1195
f 1205//1205 1206//1206 1196//1196
f 1206//1206 1187//1187 1196//1196
f 1206//1206 1197//1197 1187//1187
f 1207//1207 1198//1198 1197//1197
f 1207//1207 1208//1208 1198//1198
f 1208//1208 1199//1199 1198//1198
f 1208//1208 1209//1209 1199//1199
f 1209//1209 1200//1200 1199//1199
f 1209//1209 1210//1210 1200//1200
f 1210//1210 1201//1201 1200//1200
f 1210//1210 1211//1211 1201//1201
f 1211//1211 1202//1202 1201//1201
f 1211//1211 1212//1212 1202//1202
f 1212//1212 1203//1203 1202//1202
f 1212//1212 1213//1213 1203//1203
f 1213//1213 1204//1204 1203//1203
f 1213//1213 1214//1214 1204//1204
f 1214//1214 1205//1205 1204//1204
f 1214//1214 1215//1215 1205//1205
f 1215//1215 1206//1206 1205//1205
f 1215//1215 1216//1216 1206//1206
f 1216//1216 1197//1197 1206//1206
f 1216//1216 1207//1207 1197//1197
f 1217//1217 1219//1219 1220//1220
f 1218//1218 1260//1260 1259//1259
f 1217//1217 1220//1220 1221//1221
f 1218//1218 1261//1261 1260//1260
f 1217//1217 1221//1221 1222//1222
f 1218//1218 1262//1262 1261//1261
f 1217//1217 1222//1222 1223//1223
f 1218//1218 1263//1263 1262//1262
f 1217//1217 1223//1223 1224//1224
f 1218//1218 1264//1264 1263//1263
f 1217//1217 1224//1224 1225//1225
f 1218//1218 1265//1265 1264//1264
f 1217//1217 1225//1225 1226//1226
f 1218//1218 1266//1266 1265//1265
f 1217//1217 1226//1226 1227//1227
f 1218//1218 1267//1267 1266//1266
f 1217//1217 1227//1227 1228//1228
f 1218//1218 1268//1268 1267//1267
f 1217//1217 1228//1228 1219//1219
f 1218//1218 1259//1259 1268//1268
f 1229//1229 1220//1220 1219//1219
f 1229//1229 1230//1230 1220//1220
f 1230//1230 1221//1221 1220//1220
f 1230//1230 1231//1231 1221//1221
f 1231//1231 1222//1222 1221//1221
f 1231//1231 1232//1232 1222//1222
f 1232//1232 1223//1223 1222//1222
f 1232//1232 1233//1233 1223//1223
f 1233//1233 1224//1224 1223//1223
f 1233//1233 1234//1234 1224//1224
f 1234//1234 1225//1225 1224//1224
f 1234//1234 1235//1235 1225//1225
f 1235//1235 1226//1226 1225//1225
f 1235//1235 1236//1236 1226//1226
f 1236//1236 1227//1227 1226//1226
f 1236//1236 1237//1237 1227//1227
f 1237//1237 1228//1228 1227//1227
f 1237//1237 1238//1238 1228//1228
f 1238//1238 1219//1219 1228//1228
f 1238//1238 1229//1229 1219//1219
f 1239//1239 1230//1230 1229//1229
f 1239//1239 1240//1240 1230//1230
f 1240//1240 1231//1231 1230//1230
f 1240//1240 1241//1241 1231//1231
f 1241//1241 1232//1232 1231//1231
f 1241//1241 1242//1242 1232//1232
f 1242//1242 1233//1233 1232//1232
f 1242//1242 1243//1243 1233//1233
f 1243//1243 1234//1234 1233//1233
f 1243//1243 1244//1244 1234//1234
f 1244//1244 1235//1235 1234//1234
f 1244//1244 1245//1245 1235//1235
f 1245//1245 1236//1236 1235//1235
f 1245//1245 1246//1246 1236//1236
f 1246//1246 1237//1237 1236//1236
f 1246//1246 1247//1247 1237//1237
f 1247//1247 1238//1238 1237//1237
f 1247//1247 1248//1248 1238//1238
f 1248//1248 1229//1229 1238//1238
f 1248//1248 1239//1239 1229//1229
f 1249//1249 1240//1240 1239//1239
f 1249//1249 1250//1250 1240//1240
f 1250//1250 1241//1241 1240//1240
f 1250//1250 1251//1251 1241//1241
f 1251//1251 1242//1242 1241//1241
f 1251//1251 1252//1252 1242//1242
f 1252//1252 1243//1243 1242//1242
f 1252//1252 1253//1253 1243//1243
f 1253//1253 1244//1244 1243//1243
f 1253//1253 1254//1254 1244//1244
f 1254//1254 1245//1245 1244//1244
f 1254//1254 1255//1255 1245//1245
f 1255//1255 1246//1246 1245//1245
f 1255//1255 1256//1256 1246//1246
f 1256//1256 1247//1247 1246//1246
f 1256//1256 1257//1257 1247//1247
f 1257//1257 1248//1248 1247//1247
f 1257//1257 1258//1258 1248//1248
f 1258//1258 1239//1239 1248//1248
f 1258//1258 1249//1249 1239//1239
f 1259//1259 1250//1250 1249//1249
f 1259//1259 1260//1260 1250//1250
f 1260//1260 1251//1251 1250//1250
f 1260//1260 1261//1261 1251//1251
f 1261//1261 1252//1252 1251//1251
f 1261//1261 1262//1262 1252//1252
f 1262//1262 1253//1253 1252//1252
f 1262//1262 1263//1263 1253//1253
f 1263//1263 1254//1254 1253//1253
f 1263//1263 1264//1264 1254//1254
f 1264//1264 1255//1255 1254//1254
f 1264//1264 1265//1265 1255//1255
f 1265//1265 1256//1256 1255//1255
f 1265//1265 1266//1266 1256//1256
f 1266//1266 1257//1257 1256//1256
f 1266//1266 1267//1267 1257//1257
f 1267//1267 1258//1258 1257//1257
f 1267//1267 1268//1268 1258//1258
f 1268//1268 1249//1249 1258//1258
f 1268//1268 1259//1259 1249//1249
f 1269//1269 1271//1271 1272//1272
f 1270//1270 1312//1312 1311//1311
f 1269//1269 1272//1272 1273//1273
f 1270//1270 1313//1313 1312//1312
f 1269//1269 1273//1273 1274//1274
f 1270//1270 1314//1314 1313//1313
f 1269//1269 1274//1274 1275//1275
f 1270//1270 1315//1315 1314//1314
f 1269//1269 1275//1275 1276//1276
f 1270//1270 1316//1316 1315//1315
f 1269//1269 1276//1276 1277//1277
f 1270//1270 1317//1317 1316//1316
f 1269//1269 1277//1277 1278//1278
f 1270//1270 1318//1318 1317//1317
f 1269//1269 1278//1278 1279//1279
f 1270//1270 1319//1319 1318//1318
f 1269//1269 1279//1279 1280//1280
f 1270//1270 1320//1320 1319//1319
f 1269//1269 1280//1280 1271//1271
f 1270//1270 1311//1311 1320//1320
f 1281//1281 1272//1272 1271//1271
f 1281//1281 1282//1282 1272//1272
f 1282//1282 1273//1273 1272//1272
f 1282//1282 1283//1283 1273//1273
f 1283//1283 1274//1274 1273//1273
f 1283//1283 1284//1284 1274//1274
f 1284//1284 1275//1275 1274//1274
f 1284//1284 1285//1285 1275//1275
f 1285//1285 1276//1276 1275//1275
f 1285//1285 1286//1286 1276//1276
f 1286//1286 1277//1277 1276//1276
f 1286//1286 1287//1287 1277//1277
f 1287//1287 1278//1278 1277//1277
f 1287//1287 1288//1288 1278//1278
f 1288//1288 1279//1279 1278//1278
f 1288//1288 1289//1289 1279//1279
f 1289//1289 1280//1280 1279//1279
f 1289//1289 1290//1290 1280//1280
f 1290//1290 1271//1271 1280//1280
f 1290//1290 1281//1281 1271//1271
f 1291//1291 1282//1282 1281//1281
f 1291//1291 1292//1292 1282//1282
f 1292//1292 1283//1283 1282//1282
f 1292//1292 1293//1293 1283//1283
f 1293//1293 1284//1284 1283//1283
f 1293//1293 1294//1294 1284//1284
f 1294//1294 1285//1285 1284//1284
f 1294//1294 1295//1295 1285//1285
f 1295//1295 1286//1286 1285//1285
f 1295//1295 1296//1296 1286//1286
f 1296//1296 1287//1287 1286//1286
f 1296//1296 1297//1297 1287//1287
f 1297//1297 1288//1288 1287//1287
f 1297//1297 1298//1298 1288//1288
f 1298//1298 1289//1289 1288//1288
f 1298//1298 1299//1299 1289//1289
f 1299//1299 1290//1290 1289//1289
f 1299//1299 1300//1300 1290//1290
f 1300//1300 1281//1281 1290//1290
f 1300//1300 1291//1291 1281//1281
f 1301//1301 1292//1292 1291//1291
f 1301//1301 1302//1302 1292//1292
f 1302//1302 1293//1293 1292//1292
f 1302//1302 1303//1303 1293//1293
f 1303//1303 1294//1294 1293//1293
f 1303//1303 1304//1304 1294//1294
f 1304//1304 1295//1295 1294//1294
f 1304//1304 1305//1305 1295//1295
f 1305//1305 1296//1296 1295//1295
f 1305//1305 1306//1306 1296//1296
f 1306//1306 1297//1297 1296//1296
f 1306//1306 1307//1307 1297//1297
f 1307//1307 1298//1298 1297//1297
f 1307//1307 1308//1308 1298//1298
f 1308//1308 1299//1299 1298//1298
f 1308//1308 1309//1309 1299//1299
f 1309//1309 1300//1300 1299//1299
f 1309//1309 1310//1310 1300//1300
f 1310//1310 1291//1291 1300//1300
f 1310//1310 1301//1301 1291//1291
f 1311//1311 1302//1302 1301//1301
f 1311//1311 1312//1312 1302//1302
f 1312//1312 1303//1303 1302//1302
f 1312//1312 1313//1313 1303//1303
f 1313//1313 1304//1304 1303//1303
f 1313//1313 1314//1314 1304//1304
f 1314//1314 1305//1305 1304//1304
f 1314//1314 1315//1315 1305//1305
f 1315//1315 1306//1306 1305//1305
f 1315//1315 1316//1316 1306//1306
f 1316//1316 1307//1307 1306//1306
f 1316//1316 1317//1317 1307//1307
f 1317//1317 1308//1308 1307//1307
f 1317//1317 1318//1318 1308//1308
f 1318//1318 1309//1309 1308//1308
f 1318//1318 1319//1319 1309//1309
f 1319//1319 1310//1310 1309//1309
f 1319//1319 1320//1320 1310//1310
f 1320//1320 1301//1301 1310//1310
f 1320//1320 1311//1311 1301//1301
f 1321//1321 1323//1323 1324//1324
f 1322//1322 1364//1364 1363//1363
f 1321//1321 1324//1324 1325//1325
f 1322//1322 1365//1365 1364//1364
f 1321//1321 1325//1325 1326//1326
f 1322//1322 1366//1366 1365//1365
f 1321//1321 1326//1326 1327//1327
f 1322//1322 1367//1367 1366//1366
f 1321//1321 1327//1327 1328//1328
f 1322//1322 1368//1368 1367//1367
f 1321//1321 1328//1328 1329//1329
f 1322//1322 1369//1369 1368//1368
f 1321//1321 1329//1329 1330//1330
f 1322//1322 1370//1370 1369//1369
f 1321//1321 1330//1330 1331//1331
f 1322//1322 1371//1371 1370//1370
f 1321//1321 1331//1331 1332//1332
f 1322//1322 1372//1372 1371//1371
f 1321//1321 1332//1332 1323//1323
f 1322//1322 1363//1363 1372//1372
f 1333//1333 1324//1324 1323//1323
f 1333//1333 1334//1334 1324//1324
f 1334//1334 1325//1325 1324//1324
f 1334//1334 1335//1335 1325//1325
f 1335//1335 1326//1326 1325//1325
f 1335//1335 1336//1336 1326//1326
f 1336//1336 1327//1327 1326//1326
f 1336//1336 1337//1337 1327//1327
f 1337//1337 1328//1328 1327//1327
f 1337//1337 1338//1338 1328//1328
f 1338//1338 1329//1329 1328//1328
f 1338//1338 1339//1339 1329//1329
f 1339//1339 1330//1330 1329//1329
f 1339//1339 1340//1340 1330//1330
f 1340//1340 1331//1331 1330//1330
f 1340//1340 1341//1341 1331//1331
f 1341//1341 1332//1332 1331//1331
f 1341//1341 1342//1342 1332//1332
f 1342//1342 1323//1323 1332//1332
f 1342//1342 1333//1333 1323//1323
f 1343//1343 1334//1334 1333//1333
f 1343//1343 1344//1344 1334//1334
f 1344//1344 1335//1335 1334//1334
f 1344//1344 1345//1345 1335//1335
f 1345//1345 1336//1336 1335//1335
f 1345//1345 1346//1346 1336//1336
f 1346//1346 1337//1337 1336//1336
f 1346//1346 1347//1347 1337//1337
f 1347//1347 1338//1338 1337//1337
f 1347//1347 1348//1348 1338//1338
f 1348//1348 1339//1339 1338//1338
f 1348//1348 1349//1349 1339//1339
f 1349//1349 1340//1340 1339//1339
f 1349//1349 1350//1350 1340//1340
f 1350//1350 1341//1341 1340//1340
f 1350//1350 1351//1351 1341//1341
f 1351//1351 1342//1342 1341//1341
f 1351//1351 1352//1352 1342//1342
f 1352//1352 1333//1333 1342//1342
f 1352//1352 1343//1343 1333//1333
f 1353//1353 1344//1344 1343//1343
f 1353//1353 1354//1354 1344//1344
f 1354//1354 1345//1345 1344//1344
f 1354//1354 1355//1355 1345//1345
f 1355//1355 1346//1346 1345//1345
f 1355//1355 1356//1356 1346//1346
f 1356//1356 1347//1347 1346//1346
f 1356//1356 1357//1357 1347//1347
f 1357//1357 1348//1348 1347//1347
f 1357//1357 1358//1358 1348//1348
f 1358//1358 1349//1349 1348//1348
f 1358//1358 1359//1359 1349//1349
f 1359//1359 1350//1350 1349//1349
f 1359//1359 1360//1360 1350//1350
f 1360//1360 1351//1351 1350//1350
f 1360//1360 1361//1361 1351//1351
f 1361//1361 1352//1352 1351//1351
f 1361//1361 1362//1362 1352//1352
f 1362//1362 1343//1343 1352//1352
f 1362//1362 1353//1353 1343//1343
f 1363//1363 1354//1354 1353//1353
f 1363//1363 1364//1364 1354//1354
f 1364//1364 1355//1355 1354//1354
f 1364//1364 1365//1365 1355//1355
f 1365//1365 1356//1356 1355//1355
f 1365//1365 1366//1366 1356//1356
f 1366//1366 1357//1357 1356//1356
f 1366//1366 1367//1367 1357//1357
f 1367//1367 1358//1358 1357//1357
f 1367//1367 1368//1368 1358//1358
f 1368//1368 1359//1359 1358//1358
f 1368//1368 1369//1369 1359//1359
f 1369//1369 1360//1360 1359//1359
f 1369//1369 1370//1370 1360//1360
f 1370//1370 1361//1361 1360//1360
f 1370//1370 1371//1371 1361//1361
f 1371//1371 1362//1362 1361//1361
f 1371//1371 1372//1372 1362//1362
f 1372//1372 1353//1353 1362//1362
f 1372//1372 1363//1363 1353//1353
f 1373//1373 1375//1375 1376//1376
f 1374//1374 1416//1416 1415//1415
f 1373//1373 1376//1376 1377//1377
f 1374//1374 1417//1417 1416//1416
f 1373//1373 1377//1377 1378//1378
f 1374//1374 1418//1418 1417//1417
f 1373//1373 1378//1378 1379//1379
f 1374//1374 1419//1419 1418//1418
f 1373//1373 1379//1379 1380//1380
f 1374//1374 1420//1420 1419//1419
f 1373//1373 1380//1380 1381//1381
f 1374//1374 1421//1421 1420//1420
f 1373//1373 1381//1381 1382//1382
f 1374//1374 1422//1422 1421//1421
f 1373//1373 1382//1382 1383//1383
f 1374//1374 1423//1423 1422//1422
f 1373//1373 1383//1383 1384//1384
f 1374//1374 1424//1424 1423//1423
f 1373//1373 1384//1384 1375//1375
f 1374//1374 1415//1415 1424//1424
f 1385//1385 1376//1376 1375//1375
f 1385//1385 1386//1386 1376//1376
f 1386//1386 1377//1377 1376//1376
f 1386//1386 1387//1387 1377//1377
f 1387//1387 1378//1378 1377//1377
f 1387//1387 1388//1388 1378//1378
f 1388//1388 1379//1379 1378//1378
f 1388//1388 1389//1389 1379//1379
f 1389//1389 1380//1380 1379//1379
f 1389//1389 1390//1390 1380//1380
f 1390//1390 1381//1381 1380//1380
f 1390//1390 1391//1391 1381//1381
f 1391//1391 1382//1382 1381//1381
f 1391//1391 1392//1392 1382//1382
f 1392//1392 1383//1383 1382//1382
f 1392//1392 1393//1393 1383//1383
f 1393//1393 1384//1384 1383//1383
f 1393//1393 1394//1394 1384//1384
f 1394//1394 1375//1375 1384//1384
f 1394//1394 1385//1385 1375//1375
f 1395//1395 1386//1386 1385//1385
f 1395//1395 1396//1396 1386//1386
f 1396//1396 1387//1387 1386//1386
f 1396//1396 1397//1397 1387//1387
f 1397//1397 1388//1388 1387//1387
f 1397//1397 1398//1398 1388//1388
f 1398//1398 1389//1389 1388//1388
f 1398//1398 1399//1399 1389//1389
f 1399//1399 1390//1390 1389//1389
f 1399//1399 1400//1400 1390//1390
f 1400//1400 1391//1391 1390//1390
f 1400//1400 1401//1401 1391//1391
f 1401//1401 1392//1392 1391//1391
f 1401//1401 1402//1402 1392//1392
f 1402//1402 1393//1393 1392//1392
f 1402//1402 1403//1403 1393//1393
f 1403//1403 1394//1394 1393//1393
f 1403//1403 1404//1404 1394//1394
f 1404//1404 1385//1385 1394//1394
f 1404//1404 1395//1395 1385//1385
f 1405//1405 1396//1396 1395//1395
f 1405//1405 1406//1406 1396//1396
f 1406//1406 1397//1397 1396//1396
f 1406//1406 1407//1407 1397//1397
f 1407//1407 1398//1398 1397//1397
f 1407//1407 1408//1408 1398//1398
f 1408//1408 1399//1399 1398//1398
f 1408//1408 1409//1409 1399//1399
f 1409//1409 1400//1400 1399//1399
f 1409//1409 1410//1410 1400//1400
f 1410//1410 1401//1401 1400//1400
f 1410//1410 1411//1411 1401//1401
f 1411//1411 1402//1402 1401//1401
f 1411//1411 1412//1412 1402//1402
f 1412//1412 1403//1403 1402//1402
f 1412//1412 1413//1413 1403//1403
f 1413//1413 1404//1404 1403//1403
f 1413//1413 1414//1414 1404//1404
f 1414//1414 1395//1395 1404//1404
f 1414//1414 1405//1405 1395//1395
f 1415//1415 1406//1406 1405//1405
f 1415//1415 1416//1416 1406//1406
f 1416//1416 1407//1407 1406//1406
f 1416//1416 1417//1417 1407//1407
f 1417//1417 1408//1408 1407//1407
f 1417//1417 1418//1418 1408//1408
f 1418//1418 1409//1409 1408//1408
f 1418//1418 1419//1419 1409//1409
f 1419//1419 1410//1410 1409//1409
f 1419//1419 1420//1420 1410//1410
f 1420//1420 1411//1411 1410//1410
f 1420//1420 1421//1421 1411//1411
f 1421//1421 1412//1412 1411//1411
f 1421//1421 1422//1422 1412//1412
f 1422//1422 1413//1413 1412//1412
f 1422//1422 1423//1423 1413//1413
f 1423//1423 1414//1414 1413//1413
f 1423//1423 1424//1424 1414//1414
f 1424//1424 1405//1405 1414//1414
f 1424//1424 1415//1415 1405//1405
f 1425//1425 1427//1427 1428//1428
f 1426//1426 1468//1468 1467//1467
f 1425//1425 1428//1428 1429//1429
f 1426//1426 1469//1469 1468//1468
f 1425//1425 1429//1429 1430//1430
f 1426//1426 1470//1470 1469//1469
f 1425//1425 1430//1430 1431//1431
f 1426//1426 1471//1471 1470//1470
f 1425//1425 1431//1431 1432//1432
f 1426//1426 1472//1472 1471//1471
f 1425//1425 1432//1432 1433//1433
f 1426//1426 1473//1473 1472//1472
f 1425//1425 1433//1433 1434//1434
f 1426//1426 1474//1474 1473//1473
f 1425//1425 1434//1434 1435//1435
f 1426//1426 1475//1475 1474//1474
f 1425//1425 1435//1435 1436//1436
f 1426//1426 1476//1476 1475//1475
f 1425//1425 1436//1436 1427//1427
f 1426//1426 1467//1467 1476//1476
f 1437//1437 1428//1428 1427//1427
f 1437//1437 1438//1438 1428//1428
f 1438//1438 1429//1429 1428//1428
f 1438//1438 1439//1439 1429//1429
f 1439//1439 1430//1430 1429//1429
f 1439//1439 1440//1440 1430//1430
f 1440//1440 1431//1431 1430//1430
f 1440//1440 1441//1441 1431//1431
f 1441//1441 1432//1432 1431//1431
f 1441//1441 1442//1442 1432//1432
f 1442//1442 1433//1433 1432//1432
f 1442//1442 1443//1443 1433//1433
f 1443//1443 1434//1434 1433//1433
f 1443//1443 1444//1444 1434//1434
f 1444//1444 1435//1435 1434//1434
f 1444//1444 1445//1445 1435//1435
f 1445//1445 1436//1436 1435//1435
f 1445//1445 1446//1446 1436//1436
f 1446//1446 1427//1427 1436//1436
f 1446//1446 1437//1437 1427//1427
f 1447//1447 1438//1438 1437//1437
f 1447//1447 1448//1448 1438//1438
f 1448//1448 1439//1439 1438//1438
f 1448//1448 1449//1449 1439//1439
f 1449//1449 1440//1440 1439//1439
f 1449//1449 1450//1450 1440//1440
f 1450//1450 1441//1441 1440//1440
f 1450//1450 1451//1451 1441//1441
f 1451//1451 1442//1442 1441//1441
f 1451//1451 1452//1452 1442//1442
f 1452//1452 1443//1443 1442//1442
f 1452//1452 1453//1453 1443//1443
f 1453//1453 1444//1444 1443//1443
f 1453//1453 1454//1454 1444//1444
f 1454//1454 1445//1445 1444//1444
f 1454//1454 1455//1455 1445//1445
f 1455//1455 1446//1446 1445//1445
f 1455//1455 1456//1456 1446//1446
f 1456//1456 1437//1437 1446//1446
f 1456//1456 1447//1447 1437//1437
f 1457//1457 1448//1448 1447//1447
f 1457//1457 1458//1458 1448//1448
f 1458//1458 1449//1449 1448//1448
f 1458//1458 1459//1459 1449//1449
f 1459//1459 1450//1450 1449//1449
f 1459//1459 1460//1460 1450//1450
f 1460//1460 1451//1451 1450//1450
f 1460//1460 1461//1461 1451//1451
f 1461//1461 1452//1452 1451//1451
f 1461//1461 1462//1462 1452//1452
f 1462//1462 1453//1453 1452//1452
f 1462//1462 1463//1463 1453//1453
f 1463//1463 1454//1454 1453//1453
f 1463//1463 1464//1464 1454//1454
f 1464//1464 1455//1455 1454//1454
f 1464//1464 1465//1465 1455//1455
f 1465//1465 1456//1456 1455//1455
f 1465//1465 1466//1466 1456//1456
f 1466//1466 1447//1447 1456//1456
f 1466//1466 1457//1457 1447//1447
f 1467//1467 1458//1458 1457//1457
f 1467//1467 1468//1468 1458//1458
f 1468//1468 1459//1459 1458//1458
f 1468//1468 1469//1469 1459//1459
f 1469//1469 1460//1460 1459//1459
f 1469//1469 1470//1470 1460//1460
f 1470//1470 1461//1461 1460//1460
f 1470//1470 1471//1471 1461//1461
f 1471//1471 1462//1462 1461//1461
f 1471//1471 1472//1472 1462//1462
f 1472//1472 1463//1463 1462//1462
f 1472//1472 1473//1473 1463//1463
f 1473//1473 1464//1464 1463//1463
f 1473//1473 1474//1474 1464//1464
f 1474//1474 1465//1465 1464//1464
f 1474//1474 1475//1475 1465//1465
f 1475//1475 1466//1466 1465//1465
f 1475//1475 1476//1476 1466//1466
f 1476//1476 1457//1457 1466//1466
f 1476//1476 1467//1467 1457//1457
f 1477//1477 1479//1479 1480//1480
f 1478//1478 1520//1520 1519//1519
f 1477//1477 1480//1480 1481//1481
f 1478//1478 1521//1521 1520//1520
f 1477//1477 1481//1481 1482//1482
f 1478//1478 1522//1522 1521//1521
f 1477//1477 1482//1482 1483//1483
f 1478//1478 1523//1523 1522//1522
f 1477//1477 1483//1483 1484//1484
f 1478//1478 1524//1524 1523//1523
f 1477//1477 1484//1484 1485//1485
f 1478//1478 1525//1525 1524//1524
f 1477//1477 1485//1485 1486//1486
f 1478//1478 1526//1526 1525//1525
f 1477//1477 1486//1486 1487//1487
f 1478//1478 1527//1527 1526//1526
f 1477//1477 1487//1487 1488//1488
f 1478//1478 1528//1528 1527//1527
f 1477//1477 1488//1488 1479//1479
f 1478//1478 1519//1519 1528//1528
f 1489//1489 1480//1480 1479//1479
f 1489//1489 1490//1490 1480//1480
f 1490//1490 1481//1481 1480//1480
f 1490//1490 1491//1491 1481//1481
f 1491//1491 1482//1482 1481//1481
f 1491//1491 1492//1492 1482//1482
f 1492//1492 1483//1483 1482//1482
f 1492//1492 1493//1493 1483//1483
f 1493//1493 1484//1484 1483//1483
f 1493//1493 1494//1494 1484//1484
f 1494//1494 1485//1485 1484//1484
f 1494//1494 1495//1495 1485//1485
f 1495//1495 1486//1486 1485//1485
f 1495//1495 1496//1496 1486//1486
f 1496//1496 1487//1487 1486//1486
f 1496//1496 1497//1497 1487//1487
f 1497//1497 1488//1488 1487//1487
f 1497//1497 1498//1498 1488//1488
f 1498//1498 1479//1479 1488//1488
f 1498//1498 1489//1489 1479//1479
f 1499//1499 1490//1490 1489//1489
f 1499//1499 1500//1500 1490//1490
f 1500//1500 1491//1491 1490//1490
f 1500//1500 1501//1501 1491//1491
f 1501//1501 1492//1492 1491//1491
f 1501//1501 1502//1502 1492//1492
f 1502//1502 1493//1493 1492//1492
f 1502//1502 1503//1503 1493//1493
f 1503//1503 1494//1494 1493//1493
f 1503//1503 1504//1504 1494//1494
f 1504//1504 1495//1495 1494//1494
f 1504//1504 1505//1505 1495//1495
f 1505//1505 1496//1496 1495//1495
f 1505//1505 1506//1506 1496//1496
f 1506//1506 1497//1497 1496//1496
f 1506//1506 1507//1507 1497//1497
f 1507//1507 1498//1498 1497//1497
f 1507//1507 1508//1508 1498//1498
f 1508//1508 1489//1489 1498//1498
f 1508//1508 1499//1499 1489//1489
f 1509//1509 1500//1500 1499//1499
f 1509//1509 1510//1510 1500//1500
f 1510//1510 1501//1501 1500//1500
f 1510//1510 1511//1511 1501//1501
f 1511//1511 1502//1502 1501//1501
f 1511//1511 1512//1512 1502//1502
f 1512//1512 1503//1503 1502//1502
f 1512//1512 1513//1513 1503//1503
f 1513//1513 1504//1504 1503//1503
f 1513//1513 1514//1514 1504//1504
f 1514//1514 1505//1505 1504//1504
f 1514//1514 1515//1515 1505//1505
f 1515//1515 1506//1506 1505//1505
f 1515//1515 1516//1516 1506//1506
f 1516//1516 1507//1507 1506//1506
f 1516//1516 1517//1517 1507//1507
f 1517//1517 1508//1508 1507//1507
f 1517//1517 1518//1518 1508//1508
f 1518//1518 1499//1499 1508//1508
f 1518//1518 1509//1509 1499//1499
f 1519//1519 1510//1510 1509//1509
f 1519//1519 1520//1520 1510//1510
f 1520//1520 1511//1511 1510//1510
f 1520//1520 1521//1521 1511//1511
f 1521//1521 1512//1512 1511//1511
f 1521//1521 1522//1522 1512//1512
f 1522//1522 1513//1513 1512//1512
f 1522//1522 1523//1523 1513//1513
f 1523//1523 1514//1514 1513//1513
f 1523//1523 1524//1524 1514//1514
f 1524//1524 1515//1515 1514//1514
f 1524//1524 1525//1525 1515//1515
f 1525//1525 1516//1516 1515//1515
f 1525//1525 1526//1526 1516//1516
f 1526//1526 1517//1517 1516//1516
f 1526//1526 1527//1527 1517//1517
f 1527//1527 1518//1518 1517//1517
f 1527//1527 1528//1528 1518//1518
f 1528//1528 1509//1509 1518//1518
f 1528//1528 1519//1519 1509//1509
f 1529//1529 1531//1531 1532//1532
f 1530//1530 1572//1572 1571//1571
f 1529//1529 1532//1532 1533//1533
f 1530//1530 1573//1573 1572//1572
f 1529//1529 1533//1533 1534//1534
f 1530//1530 1574//1574 1573//1573
f 1529//1529 1534//1534 1535//1535
f 1530//1530 1575//1575 1574//1574
f 1529//1529 1535//1535 1536//1536
f 1530//1530 1576//1576 1575//1575
f 1529//1529 1536//1536 1537//1537
f 1530//1530 1577//1577 1576//1576
f 1529//1529 1537//1537 1538//1538
f 1530//1530 1578//1578 1577//1577
f 1529//1529 1538//1538 1539//1539
f 1530//1530 1579//1579 1578//1578
f 1529//1529 1539//1539 1540//1540
f 1530//1530 1580//1580 1579//1579
f 1529//1529 1540//1540 1531//1531
f 1530//1530 1571//1571 1580//1580
f 1541//1541 1532//1532 1531//1531
f 1541//1541 1542//1542 1532//1532
f 1542//1542 1533//1533 1532//1532
f 1542//1542 1543//1543 1533//1533
f 1543//1543 1534//1534 1533//1533
f 1543//1543 1544//1544 1534//1534
f 1544//1544 1535//1535 1534//1534
f 1544//1544 1545//1545 1535//1535
f 1545//1545 1536//1536 1535//1535
f 1545//1545 1546//1546 1536//1536
f 1546//1546 1537//1537 1536//1536
f 1546//1546 1547//1547 1537//1537
f 1547//1547 1538//1538 1537//1537
f 1547//1547 1548//1548 1538//1538
f 1548//1548 1539//1539 1538//1538
f 1548//1548 1549//1549 1539//1539
f 1549//1549 1540//1540 1539//1539
f 1549//1549 1550//1550 1540//1540
f 1550//1550 1531//1531 1540//1540
f 1550//1550 1541//1541 1531//1531
f 1551//1551 1542//1542 1541//1541
f 1551//1551 1552//1552 1542//1542
f 1552//1552 1543//1543 1542//1542
f 1552//1552 1553//1553 1543//1543
f 1553//1553 1544//1544 1543//1543
f 1553//1553 1554//1554 1544//1544
f 1554//1554 1545//1545 1544//1544
f 1554//1554 1555//1555 1545//1545
f 1555//1555 1546//1546 1545//1545
f 1555//1555 1556//1556 1546//1546
f 1556//1556 1547//1547 1546//1546
f 1556//1556 1557//1557 1547//1547
f 1557//1557 1548//1548 1547//1547
f 1557//1557 1558//1558 1548//1548
f 1558//1558 1549//1549 1548//1548
f 1558//1558 1559//1559 1549//1549
f 1559//1559 1550//1550 1549//1549
f 1559//1559 1560//1560 1550//1550
f 1560//1560 1541//1541 1550//1550
f 1560//1560 1551//1551 1541//1541
f 1561//1561 1552//1552 1551//1551
f 1561//1561 1562//1562 1552//1552
f 1562//1562 1553//1553 1552//1552
f 1562//1562 1563//1563 1553//1553
f 1563//1563 1554//1554 1553//1553
f 1563//1563 1564//1564 1554//1554
f 1564//1564 1555//1555 1554//1554
f 1564//1564 1565//1565 1555//1555
f 1565//1565 1556//1556 1555//1555
f 1565//1565 1566//1566 1556//1556
f 1566//1566 1557//1557 1556//1556
f 1566//1566 1567//1567 1557//1557
f 1567//1567 1558//1558 1557//1557
f 1567//1567 1568//1568 1558//1558
f 1568//1568 1559//1559 1558//1558
f 1568//1568 1569//1569 1559//1559
f 1569//1569 1560//1560 1559//1559
f 1569//1569 1570//1570 1560//1560
f 1570//1570 1551//1551 1560//1560
f 1570//1570 1561//1561 1551//1551
f 1571//1571 1562//1562 1561//1561
f 1571//1571 1572//1572 1562//1562
f 1572//1572 1563//1563 1562//1562
f 1572//1572 1573//1573 1563//1563
f 1573//1573 1564//1564 1563//1563
f 1573//1573 1574//1574 1564//1564
f 1574//1574 1565//1565 1564//1564
f 1574//1574 1575//1575 1565//1565
f 1575//1575 1566//1566 1565//1565
f 1575//1575 1576//1576 1566//1566
f 1576//1576 1567//1567 1566//1566
f 1576//1576 1577//1577 1567//1567
f 1577//1577 1568//1568 1567//1567
f 1577//1577 1578//1578 1568//1568
f 1578//1578 1569//1569 1568//1568
f 1578//1578 1579//1579 1569//1569
f 1579//1579 1570//1570 1569//1569
f 1579//1579 1580//1580 1570//1570
f 1580//1580 1561//1561 1570//1570
f 1580//1580 1571//1571 1561//1561
f 1581//1581 1583//1583 1584//1584
f 1582//1582 1624//1624 1623//1623
f 1581//1581 1584//1584 1585//1585
f 1582//1582 1625//1625 1624//1624
f 1581//1581 1585//1585 1586//1586
f 1582//1582 1626//1626 1625//1625
f 1581//1581 1586//1586 1587//1587
f 1582//1582 1627//1627 1626//1626
f 1581//1581 1587//1587 1588//1588
f 1582//1582 1628//1628 1627//1627
f 1581//1581 1588//1588 1589//1589
f 1582//1582 1629//1629 1628//1628
f 1581//1581 1589//1589 1590//1590
f 1582//1582 1630//1630 1629//1629
f 1581//1581 1590//1590 1591//1591
f 1582//1582 1631//1631 1630//1630
f 1581//1581 1591//1591 1592//1592
f 1582//1582 1632//1632 1631//1631
f 1581//1581 1592//1592 1583//1583
f 1582//1582 1623//1623 1632//1632
f 1593//1593 1584//1584 1583//1583
f 1593//1593 1594//1594 1584//1584
f 1594//1594 1585//1585 1584//1584
f 1594//1594 1595//1595 1585//1585
f 1595//1595 1586//1586 1585//1585
f 1595//1595 1596//1596 1586//1586
f 1596//1596 1587//1587 1586//1586
f 1596//1596 1597//1597 1587//1587
f 1597//1597 1588//1588 1587//1587
f 1597//1597 1598//1598 1588//1588
f 1598//1598 1589//1589 1588//1588
f 1598//1598 1599//1599 1589//1589
f 1599//1599 1590//1590 1589//1589
f 1599//1599 1600//1600 1590//1590
f 1600//1600 1591//1591 1590//1590
f 1600//1600 1601//1601 1591//1591
f 1601//1601 1592//1592 1591//1591
f 1601//1601 1602//1602 1592//1592
f 1602//1602 1583//1583 1592//1592
f 1602//1602 1593//1593 1583//1583
f 1603//1603 1594//1594 1593//1593
f 1603//1603 1604//1604 1594//1594
f 1604//1604 1595//1595 1594//1594
f 1604//1604 1605//1605 1595//1595
f 1605//1605 1596//1596 1595//1595
f 1605//1605 1606//1606 1596//1596
f 1606//1606 1597//1597 1596//1596
f 1606//1606 1607//1607 1597//1597
f 1607//1607 1598//1598 1597//1597
f 1607//1607 1608//1608 1598//1598
f 1608//1608 1599//1599 1598//1598
f 1608//1608 1609//1609 1599//1599
f 1609//1609 1600//1600 1599//1599
f 1609//1609 1610//1610 1600//1600
f 1610//1610 1601//1601 1600//1600
f 1610//1610 1611//1611 1601//1601
f 1611//1611 1602//1602 1601//1601
f 1611//1611 1612//1612 1602//1602
f 1612//1612 1593//1593 1602//1602
f 1612//1612 1603//1603 1593//1593
f 1613//1613 1604//1604 1603//1603
f 1613//1613 1614//1614 1604//1604
f 1614//1614 1605//1605 1604//1604
f 1614//1614 1615//1615 1605//1605
f 1615//1615 1606//1606 1605//1605
f 1615//1615 1616//1616 1606//1606
f 1616//1616 1607//1607 1606//1606
f 1616//1616 1617//1617 1607//1607
f 1617//1617 1608//1608 1607//1607
f 1617//1617 1618//1618 1608//1608
f 1618//1618 1609//1609 1608//1608
f 1618//1618 1619//1619 1609//1609
f 1619//1619 1610//1610 1609//1609
f 1619//1619 1620//1620 1610//1610
f 1620//1620 1611//1611 1610//1610
f 1620//1620 1621//1621 1611//1611
f 1621//1621 1612//1612 1611//1611
f 1621//1621 1622//1622 1612//1612
f 1622//1622 1603//1603 1612//1612
f 1622//1622 1613//1613 1603//1603
f 1623//1623 1614//1614 1613//1613
f 1623//1623 1624//1624 1614//1614
f 1624//1624 1615//1615 1614//1614
f 1624//1624 1625//1625 1615//1615
f 1625//1625 1616//1616 1615//1615
f 1625//1625 1626//1626 1616//1616
f 1626//1626 1617//1617 1616//1616
f 1626//1626 1627//1627 1617//1617
f 1627//1627 1618//1618 1617//1617
f 1627//1627 1628//1628 1618//1618
f 1628//1628 1619//1619 1618//1618
f 1628//1628 1629//1629 1619//1619
f 1629//1629 1620//1620 1619//1619
f 1629//1629 1630//1630 1620//1620
f 1630//1630 1621//1621 1620//1620
f 1630//1630 1631//1631 1621//1621
f 1631//1631 1622//1622 1621//1621
f 1631//1631 1632//1632 1622//1622
f 1632//1632 1613//1613 1622//1622
f 1632//1632 1623//1623 1613//1613
f 1633//1633 1635//1635 1636//1636
f 1634//1634 1676//1676 1675//1675
f 1633//1633 1636//1636 1637//1637
f 1634//1634 1677//1677 1676//1676
f 1633//1633 1637//1637 1638//1638
f 1634//1634 1678//1678 1677//1677
f 1633//1633 1638//1638 1639//1639
f 1634//1634 1679//1679 1678//1678
f 1633//1633 1639//1639 1640//1640
f 1634//1634 1680//1680 1679//1679
f 1633//1633 1640//1640 1641//1641
f 1634//1634 1681//1681 1680//1680
f 1633//1633 1641//1641 1642//1642
f 1634//1634 1682//1682 1681//1681
f 1633//1633 1642//1642 1643//1643
f 1634//1634 1683//1683 1682//1682
f 1633//1633 1643//1643 1644//1644
f 1634//1634 1684//1684 1683//1683
f 1633//1633 1644//1644 1635//1635
f 1634//1634 1675//1675 1684//1684
f 1645//1645 1636//1636 1635//1635
f 1645//1645 1646//1646 1636//1636
f 1646//1646 1637//1637 1636//1636
f 1646//1646 1647//1647 1637//1637
f 1647//1647 1638//1638 1637//1637
f 1647//1647 1648//1648 1638//1638
f 1648//1648 1639//1639 1638//1638
f 1648//1648 1649//1649 1639//1639
f 1649//1649 1640//1640 1639//1639
f 1649//1649 1650//1650 1640//1640
f 1650//1650 1641//1641 1640//1640
f 1650//1650 1651//1651 1641//1641
f 1651//1651 1642//1642 1641//1641
f 1651//1651 1652//1652 1642//1642
f 1652//1652 1643//1643 1642//1642
f 1652//1652 1653//1653 1643//1643
f 1653//1653 1644//1644 1643//1643
f 1653//1653 1654//1654 1644//1644
f 1654//1654 1635//1635 1644//1644
f 1654//1654 1645//1645 1635//1635
f 1655//1655 1646//1646 1645//1645
f 1655//1655 1656//1656 1646//1646
f 1656//1656 1647//1647 1646//1646
f 1656//1656 1657//1657 1647//1647
f 1657//1657 1648//1648 1647//1647
f 1657//1657 1658//1658 1648//1648
f 1658//1658 1649//1649 1648//1648
f 1658//1658 1659//1659 1649//1649
f 1659//1659 1650//1650 1649//1649
f 1659//1659 1660//1660 1650//1650
f 1660//1660 1651//1651 1650//1650
f 1660//1660 1661//1661 1651//1651
f 1661//1661 1652//1652 1651//1651
f 1661//1661 1662//1662 1652//1652
f 1662//1662 1653//1653 1652//1652
f 1662//1662 1663//1663 1653//1653
f 1663//1663 1654//1654 1653//1653
f 1663//1663 1664//1664 1654//1654
f 1664//1664 1645//1645 1654//1654
f 1664//1664 1655//1655 1645//1645
f 1665//1665 1656//1656 1655//1655
f 1665//1665 1666//1666 1656//1656
f 1666//1666 1657//1657 1656//1656
f 1666//1666 1667//1667 1657//1657
f 1667//1667 1658//1658 1657//1657
f 1667//1667 1668//1668 1658//1658
f 1668//1668 1659//1659 1658//1658
f 1668//1668 1669//1669 1659//1659
f 1669//1669 1660//1660 1659//1659
f 1669//1669 1670//1670 1660//1660
f 1670//1670 1661//1661 1660//1660
f 1670//1670 1671//1671 1661//1661
f 1671//1671 1662//1662 1661//1661
f 1671//1671 1672//1672 1662//1662
f 1672//1672 1663//1663 1662//1662
f 1672//1672 1673//1673 1663//1663
f 1673//1673 1664//1664 1663//1663
f 1673//1673 1674//1674 1664//1664
f 1674//1674 1655//1655 1664//1664
f 1674//1674 1665//1665 1655//1655
f 1675//1675 1666//1666 1665//1665
f 1675//1675 1676//1676 1666//1666
f 1676//1676 1667//1667 1666//1666
f 1676//1676 1677//1677 1667//1667
f 1677//1677 1668//1668 1667//1667
f 1677//1677 1678//1678 1668//1668
f 1678//1678 1669//1669 1668//1668
f 1678//1678 1679//1679 1669//1669
f 1679//1679 1670//1670 1669//1669
f 1679//1679 1680//1680 1670//1670
f 1680//1680 1671//1671 1670//1670
f 1680//1680 1681//1681 1671//1671
f 1681//1681 1672//1672 1671//1671
f 1681//1681 1682//1682 1672//1672
f 1682//1682 1673//1673 1672//1672
f 1682//1682 1683//1683 1673//1673
f 1683//1683 1674//1674 1673//1673
f 1683//1683 1684//1684 1674//1674
f 1684//1684 1665//1665 1674//1674
f 1684//1684 1675//1675 1665//1665
