# Created by Open3D 
# object name: iith-high-slope
# number of vertices: 5318
# number of triangles: 6904
v -25.226 -6.63714 -1.53475 0.267332 0.47711 0.355333
vn -0.159489 0.0732985 0.984475
v -25.2249 -6.4954 -1.5454 0.266033 0.475934 0.355148
vn -0.0764703 0.0845841 0.993478
v -25.2485 -6.30723 -1.56326 0.263854 0.473963 0.354836
vn -0.0772912 0.0821751 0.993616
v -25.2564 -6.13029 -1.57805 0.262049 0.47233 0.354578
vn -0.0776437 0.0754071 0.994125
v -25.2571 -5.91965 -1.59447 0.260045 0.470517 0.354292
vn -0.0775537 0.081169 0.993679
v -25.2821 -5.66482 -1.61798 0.257176 0.467921 0.353882
vn -0.0783502 0.0827852 0.993483
v -25.3085 -5.48512 -1.63591 0.254988 0.465941 0.35357
vn -0.080222 0.0830378 0.993312
v -25.3099 -5.3015 -1.6506 0.253196 0.46432 0.353314
vn -0.0794082 0.0767711 0.993882
v -25.291 -5.11058 -1.66297 0.251686 0.462954 0.353098
vn -0.0773807 0.0792373 0.993848
v -25.2895 -4.92968 -1.67716 0.249955 0.461387 0.352851
vn -0.0774444 0.0837263 0.993475
v -25.2894 -4.69864 -1.69566 0.247696 0.459344 0.352528
vn -0.0756202 0.0790962 0.993995
v -25.3073 -4.47046 -1.71666 0.245134 0.457026 0.352162
vn -0.148636 0.0792896 0.985708
v -25.2766 -4.32855 -1.72368 0.244278 0.456251 0.35204
vn -0.0758201 0.0740469 0.994368
v -25.2786 -4.12218 -1.74076 0.242192 0.454365 0.351742
vn -0.144151 0.0804814 0.986277
v -25.2591 -3.87718 -1.75797 0.240093 0.452465 0.351442
vn -0.1444 0.0809991 0.986199
v -25.2401 -3.69247 -1.77041 0.238575 0.451092 0.351225
vn -0.143196 0.0814 0.986341
v -25.2306 -3.50908 -1.78419 0.236894 0.44957 0.350985
vn -0.170632 0.084591 0.981697
v -25.0329 -7.8682 -1.41465 0.281988 0.49037 0.357427
vn -0.0801635 0.0840532 0.993232
v -25.048 -7.68072 -1.43065 0.280036 0.488604 0.357148
vn -0.0765445 0.0855927 0.993386
v -25.0863 -7.50178 -1.44946 0.277741 0.486527 0.35682
vn -0.0765945 0.0845374 0.993472
v -25.1328 -7.31774 -1.4699 0.275246 0.48427 0.356464
vn -0.146211 0.0734594 0.986522
v -25.1392 -7.08802 -1.48804 0.273033 0.482268 0.356148
vn -0.0762412 0.0849207 0.993467
v -25.176 -6.8603 -1.51055 0.270286 0.479783 0.355755
vn -0.0776649 0.0852835 0.993325
v -25.1951 -6.72502 -1.52358 0.268696 0.478344 0.355528
vn -0.075905 0.0835741 0.993606
v -25.1989 -3.95312 -1.74295 0.241926 0.454124 0.351704
vn -0.0755515 0.0752441 0.994299
v -25.1987 -3.4152 -1.78733 0.23651 0.449223 0.35093
vn -0.0757101 0.0781364 0.994064
v -25.1981 -3.27872 -1.79861 0.235134 0.447978 0.350733
vn -0.148474 0.082953 0.985431
v -25.16 -3.09875 -1.80809 0.233976 0.446931 0.350568
vn -0.0767539 0.0739959 0.9943
v -25.1154 -2.90761 -1.81764 0.232811 0.445877 0.350402
vn -0.0764117 0.0729991 0.994401
v -25.1583 -2.73621 -1.8384 0.230278 0.443585 0.35004
vn -0.152567 0.0842556 0.984695
v -25.0674 -2.48063 -1.84681 0.229252 0.442656 0.349893
vn -0.0758824 0.0771209 0.99413
v -25.0638 -2.28004 -1.86342 0.227225 0.440822 0.349604
vn -0.0782783 0.0770102 0.993953
v -25.0726 -2.10483 -1.87977 0.22523 0.439018 0.349319
vn -0.143634 0.0849747 0.985976
v -25.1144 -1.92617 -1.90129 0.222604 0.436641 0.348943
vn -0.154504 0.086212 0.984224
v -25.0072 -1.11817 -1.95621 0.215901 0.430577 0.347986
vn -0.146567 0.0867036 0.985394
v -25.0351 -0.851063 -1.98397 0.212514 0.427513 0.347502
vn -0.150803 0.0871754 0.984713
v -25.0381 -0.671463 -2.00042 0.210507 0.425697 0.347215
vn -0.0791355 0.10299 0.991529
v -25.0479 -0.491608 -2.01795 0.208367 0.423761 0.34691
vn -0.0857967 0.0904223 0.992201
v -25.0464 -0.311877 -2.0339 0.206421 0.422 0.346632
vn -0.0774961 0.0882217 0.993082
v -25.049 -0.0689987 -2.05624 0.203695 0.419534 0.346242
vn -0.0796599 0.0853927 0.993158
v -25.0437 0.128754 -2.07344 0.201596 0.417634 0.345942
vn -0.144504 0.0900429 0.985399
v -25.0017 0.535893 -2.10459 0.197795 0.414195 0.345399
vn -0.14656 0.0908762 0.985019
v -24.8154 -8.85805 -1.31159 0.294566 0.50175 0.359224
vn -0.0806397 0.0892019 0.992744
v -24.8738 -8.73235 -1.32898 0.292443 0.49983 0.35892
vn -0.178892 0.0635291 0.981815
v -24.9063 -8.52405 -1.34863 0.290045 0.497659 0.358578
vn -0.0793757 0.0885903 0.9929
v -24.9469 -8.31829 -1.36936 0.287515 0.495371 0.358216
vn -0.0778854 0.0861499 0.993233
v -24.9851 -8.11465 -1.3897 0.285034 0.493126 0.357862
vn -0.0776042 0.0851199 0.993344
v -24.9832 -1.74313 -1.89795 0.223011 0.43701 0.349002
vn -0.0775357 0.079108 0.993846
v -24.9763 -1.49658 -1.91845 0.22051 0.434747 0.348644
vn -0.083538 0.0807322 0.993229
v -24.9391 -1.29497 -1.93068 0.219018 0.433397 0.348431
vn -0.0756677 0.0827813 0.993691
v -24.9387 -0.986485 -1.95783 0.215704 0.430399 0.347958
vn -0.0767747 0.0939554 0.992612
v -24.9999 0.308566 -2.08345 0.200374 0.416529 0.345768
vn -0.0785339 0.0836344 0.993397
v -24.9996 0.445746 -2.09599 0.198844 0.415145 0.345549
vn -0.0791271 0.0875147 0.993016
v -24.978 0.687297 -2.11509 0.196513 0.413036 0.345216
vn -0.0791945 0.0834381 0.993361
v -24.9556 0.93771 -2.13502 0.194082 0.410836 0.344869
vn -0.0804716 0.0803286 0.993515
v -24.6114 -10.4075 -1.1742 0.311331 0.516918 0.361619
vn -0.142238 0.0669708 0.987564
v -24.6158 -10.2544 -1.1853 0.309976 0.515693 0.361425
vn -0.140435 0.0677309 0.987771
v -24.6366 -10.1125 -1.19802 0.308425 0.514289 0.361204
vn -0.142561 0.0677718 0.987463
v -24.6901 -9.88571 -1.22133 0.30558 0.511715 0.360797
vn -0.178204 0.0624626 0.982009
v -24.7173 -9.69981 -1.23814 0.303528 0.509859 0.360504
vn -0.148236 0.0680703 0.986607
v -24.7242 -9.50775 -1.25254 0.301771 0.508269 0.360253
vn -0.0782379 0.0818325 0.99357
v -24.7266 -9.31258 -1.26658 0.300057 0.506718 0.360008
vn -0.0766354 0.0776996 0.994027
v -24.7839 -9.13783 -1.28716 0.297546 0.504446 0.359649
vn -0.146291 0.0690657 0.986828
v -24.7833 -8.99153 -1.29745 0.296291 0.503311 0.35947
vn -0.0776424 0.0792143 0.993829
v -24.7255 2.12054 -2.21296 0.18457 0.40223 0.34351
vn -0.0940211 0.0720738 0.992958
v -24.6657 2.25222 -2.21686 0.184095 0.4018 0.343442
vn -0.0874713 0.0814798 0.992829
v -24.4955 -10.9092 -1.12371 0.317493 0.522493 0.362499
vn -0.142299 0.0665239 0.987586
v -24.4964 -10.7056 -1.13755 0.315804 0.520965 0.362258
vn -0.0834147 0.0743489 0.993738
v -24.5186 -10.5208 -1.15324 0.313888 0.519232 0.361984
vn -0.0799943 0.081812 0.993432
v -24.5998 -10.0004 -1.20046 0.308126 0.514019 0.361161
vn -0.0785356 0.0821732 0.993519
v -24.1097 3.99054 -2.30633 0.173176 0.391921 0.341882
vn -0.0845134 0.0774342 0.993409
v -24.0847 4.16598 -2.32029 0.171472 0.39038 0.341639
vn -0.156632 0.101723 0.982405
v -24.0173 4.28691 -2.32269 0.17118 0.390115 0.341597
vn -0.085066 0.0745078 0.993586
v -23.8907 4.49614 -2.32547 0.17084 0.389808 0.341549
vn -0.0844545 0.0697669 0.993982
v -23.7652 4.72101 -2.33013 0.170272 0.389294 0.341467
vn -0.0793462 0.0769093 0.993876
v -23.7192 4.86669 -2.33833 0.169271 0.388388 0.341324
vn -0.0811088 0.0776496 0.993676
v -23.623 5.0922 -2.34753 0.168149 0.387373 0.341164
vn -0.0817836 0.0754835 0.993788
v -23.5706 5.21428 -2.3525 0.167542 0.386823 0.341077
vn -0.0805475 0.0728834 0.994083
v -23.2016 -5.20055 -1.49317 0.272406 0.481701 0.356058
vn -0.0774495 0.078148 0.993929
v -23.2084 -5.07322 -1.50411 0.271072 0.480493 0.355867
vn -0.0776092 0.0821467 0.993594
v -23.2291 -4.90546 -1.52034 0.269091 0.478702 0.355584
vn -0.0777401 0.087423 0.993133
v -23.2723 -4.67914 -1.54467 0.266122 0.476015 0.35516
vn -0.0771339 0.0850084 0.99339
v -23.2778 -4.46892 -1.56216 0.263987 0.474084 0.354855
vn -0.0776645 0.0776317 0.993952
v -23.2822 -4.27798 -1.57804 0.26205 0.472331 0.354579
vn -0.0747737 0.0701539 0.99473
v -23.2565 -4.14734 -1.5846 0.261249 0.471607 0.354464
vn -0.0782737 0.0762623 0.994011
v -23.2441 -3.91298 -1.60161 0.259173 0.469728 0.354168
vn -0.0766131 0.0775055 0.994044
v -23.238 -3.70314 -1.61772 0.257207 0.46795 0.353887
vn -0.0760449 0.0782968 0.994026
v -23.2158 -3.47542 -1.63297 0.255347 0.466266 0.353621
vn -0.076992 0.0745397 0.994241
v -23.2116 -3.30474 -1.64636 0.253713 0.464788 0.353388
vn -0.0769983 0.073371 0.994328
v -23.0217 -7.27687 -1.31063 0.294682 0.501855 0.35924
vn -0.0770631 0.086938 0.993229
v -23.0278 -7.10672 -1.32387 0.293067 0.500394 0.35901
vn -0.0770335 0.0859156 0.99332
v -23.0863 -6.90146 -1.34763 0.290167 0.49777 0.358595
vn -0.0764424 0.0861192 0.993348
v -23.132 -6.67235 -1.37136 0.287272 0.495151 0.358182
vn -0.0759177 0.0838288 0.993584
v -23.131 -6.47877 -1.38551 0.285544 0.493588 0.357935
vn -0.0753789 0.0797821 0.993958
v -23.1694 -6.34992 -1.4009 0.283666 0.491888 0.357667
vn -0.0765855 0.08002 0.993847
v -23.1529 -6.10957 -1.41642 0.281773 0.490176 0.357396
vn -0.0758956 0.0755605 0.994249
v -23.158 -5.89837 -1.43312 0.279735 0.488332 0.357105
vn -0.0762736 0.0754571 0.994228
v -23.1773 -5.66684 -1.45363 0.277231 0.486067 0.356747
vn -0.0773549 0.0815793 0.99366
v -23.1868 -5.47703 -1.4696 0.275282 0.484303 0.356469
vn -0.0772454 0.0803041 0.993773
v -23.1953 -5.28523 -1.48566 0.273323 0.48253 0.356189
vn -0.0778317 0.0816708 0.993616
v -23.1788 -3.09148 -1.65903 0.252167 0.463389 0.353167
vn -0.0771697 0.0725113 0.994378
v -23.1353 -2.88178 -1.66989 0.250841 0.46219 0.352977
vn -0.0834143 0.0680634 0.994188
v -23.1349 -2.71054 -1.68418 0.249097 0.460612 0.352728
vn -0.0767146 0.0741317 0.994293
v -23.0587 -2.47798 -1.69221 0.248118 0.459726 0.352588
vn -0.0810132 0.0716447 0.994135
v -23.0579 -2.33989 -1.7038 0.246703 0.458445 0.352386
vn -0.0814196 0.0764061 0.993747
v -23.0584 -2.04523 -1.72906 0.243621 0.455657 0.351946
vn -0.0786384 0.0795937 0.993721
v -23.0519 -1.87919 -1.74236 0.241998 0.454189 0.351714
vn -0.0851188 0.0812793 0.99305
v -23.0393 -1.75453 -1.75121 0.240918 0.453211 0.35156
vn -0.0763167 0.0813937 0.993756
v -23.0141 -1.22247 -1.79386 0.235713 0.448503 0.350816
vn -0.0762217 0.0845707 0.993498
v -23.0061 -1.09226 -1.80411 0.234462 0.44737 0.350637
vn -0.0769046 0.0867029 0.993261
v -23.0079 -0.848341 -1.82603 0.231787 0.44495 0.350255
vn -0.0760379 0.0907072 0.992971
v -23.0178 -0.728234 -1.83827 0.230294 0.4436 0.350042
vn -0.0781722 0.0913857 0.992743
v -23.0272 -0.500326 -1.86015 0.227624 0.441183 0.349661
vn -0.0776665 0.0957298 0.992373
v -23.0159 -0.359958 -1.87108 0.22629 0.439977 0.34947
vn -0.0788527 0.0866929 0.99311
v -22.8079 -8.05516 -1.22316 0.305356 0.511512 0.360765
vn -0.0792244 0.0925278 0.992553
v -22.8641 -7.89355 -1.24297 0.302939 0.509325 0.36042
vn -0.0769473 0.087867 0.993156
v -22.9233 -7.66614 -1.26796 0.29989 0.506567 0.359984
vn -0.0770766 0.0865743 0.993259
v -22.961 -7.47726 -1.28711 0.297553 0.504453 0.35965
vn -0.0766877 0.0875716 0.993202
v -22.9867 -7.39572 -1.29682 0.296368 0.503381 0.359481
vn -0.0765575 0.0855991 0.993384
v -22.8779 -2.16634 -1.69122 0.248239 0.459835 0.352606
vn -0.0765373 0.081538 0.993727
v -22.9812 -1.67464 -1.7493 0.241151 0.453423 0.351593
vn -0.0779945 0.0939728 0.992515
v -22.9543 -1.48532 -1.7617 0.239638 0.452053 0.351377
vn -0.0782946 0.079234 0.993777
v -22.9498 -1.34814 -1.77301 0.238258 0.450804 0.35118
vn -0.0771386 0.0844075 0.993441
v -22.9817 -1.01803 -1.80698 0.234113 0.447054 0.350588
vn -0.149396 0.0871255 0.984931
v -22.961 -0.935649 -1.81114 0.233605 0.446595 0.350515
vn -0.0782515 0.0906456 0.992804
v -22.973 -0.278783 -1.87189 0.226191 0.439887 0.349456
vn -0.0821447 0.0807036 0.993347
v -22.938 -0.11212 -1.88171 0.224993 0.438803 0.349285
vn -0.0820204 0.0821446 0.99324
v -22.9856 0.0962432 -1.90799 0.221786 0.435902 0.348827
vn -0.0796263 0.083622 0.993311
v -22.9643 0.258622 -1.91965 0.220362 0.434614 0.348623
vn -0.0804416 0.0858842 0.993052
v -22.9214 0.483519 -1.93391 0.218622 0.433039 0.348375
vn -0.081487 0.0785794 0.993572
v -22.8628 0.703841 -1.94548 0.217211 0.431762 0.348173
vn -0.0825948 0.0785558 0.993482
v -22.916 6.55558 -2.39862 0.161913 0.381731 0.340273
vn -0.0833714 0.0721758 0.993901
v -22.8206 6.61525 -2.39129 0.162808 0.382541 0.340401
vn -0.0831952 0.0697611 0.994088
v -22.6194 -9.11402 -1.12215 0.317683 0.522666 0.362526
vn -0.0767599 0.0761842 0.994135
v -22.6067 -8.92646 -1.13296 0.316364 0.521472 0.362338
vn -0.0744863 0.0826574 0.99379
v -22.6291 -8.75589 -1.14793 0.314537 0.519819 0.362077
vn -0.0749368 0.0756884 0.994312
v -22.667 -8.52233 -1.16962 0.311889 0.517424 0.361698
vn -0.0744713 0.0839169 0.993686
v -22.7197 -8.31515 -1.19183 0.30918 0.514972 0.361311
vn -0.0755666 0.0873368 0.993309
v -22.7684 -8.13256 -1.21184 0.306738 0.512763 0.360963
vn -0.0750557 0.094192 0.992721
v -22.7086 1.46888 -1.99422 0.211263 0.426381 0.347323
vn -0.0829164 0.0783188 0.993474
v -22.6617 1.69481 -2.00873 0.209493 0.424779 0.34707
vn -0.0811082 0.0845006 0.993117
v -22.6517 1.83841 -2.02102 0.207993 0.423422 0.346856
vn -0.0796904 0.0905103 0.992702
v -22.7378 6.72421 -2.39104 0.162839 0.382569 0.340406
vn -0.0803647 0.072695 0.994111
v -22.7167 6.89709 -2.40651 0.160951 0.38086 0.340136
vn -0.141257 0.105552 0.98433
v -22.6609 7.0629 -2.41633 0.16 0.38 0.34
vn -0.145144 0.109348 0.98335
v -22.4389 -9.82137 -1.04823 0.326703 0.530827 0.363815
vn -0.0775379 0.0823408 0.993583
v -22.4789 -9.69612 -1.06241 0.324972 0.529261 0.363567
vn -0.0777585 0.0847615 0.993363
v -22.5108 -9.52682 -1.07835 0.323027 0.527501 0.36329
vn -0.0772312 0.0850463 0.993379
v -22.5721 -9.29994 -1.10261 0.320067 0.524823 0.362867
vn -0.0768123 0.0827885 0.993603
v -22.5118 7.14248 -2.40357 0.16131 0.381185 0.340187
vn -0.0809873 0.0736475 0.99399
v -22.4603 7.2611 -2.40902 0.160919 0.380832 0.340131
vn -0.141455 0.106985 0.984147
v -22.2426 -10.2485 -0.991339 0.333646 0.537108 0.364807
vn -0.145943 0.0635494 0.98725
v -22.3242 -10.0725 -1.01481 0.330781 0.534516 0.364397
vn -0.0811441 0.0904329 0.992591
v -22.399 -9.89375 -1.03755 0.328006 0.532005 0.364001
vn -0.0818161 0.0939226 0.992212
v -22.2761 3.17876 -2.09584 0.198862 0.415161 0.345552
vn -0.0819883 0.07705 0.99365
v -22.2372 3.2958 -2.10171 0.198146 0.414513 0.345449
vn -0.0832503 0.0729237 0.993857
v -22.3859 7.37096 -2.41029 0.16049 0.380443 0.34007
vn -0.0837228 0.069638 0.994053
v -22.3471 7.49167 -2.41786 0.16 0.38 0.34
vn -0.144009 0.109117 0.983542
v -22.2417 7.68346 -2.42374 0.16 0.38 0.34
vn -0.142083 0.108634 0.983876
v -22.0099 -10.7083 -0.9276 0.341424 0.544145 0.365918
vn -0.0785289 0.092206 0.992639
v -22.0858 -10.5306 -0.950082 0.33868 0.541663 0.365526
vn -0.0789169 0.0901154 0.9928
v -22.1686 -10.3533 -0.973665 0.335802 0.539059 0.365115
vn -0.0817921 0.0958069 0.992034
v -22.1691 3.44415 -2.10635 0.19758 0.414001 0.345369
vn -0.0834667 0.0721164 0.993898
v -22.0868 3.63468 -2.11321 0.196743 0.413244 0.345249
vn -0.0828557 0.0746643 0.993761
v -22.0131 3.82426 -2.12138 0.195746 0.412341 0.345107
vn -0.0815548 0.0747593 0.993861
v -22.0872 7.84817 -2.41975 0.160002 0.380001 0.34
vn -0.0884963 0.069572 0.993644
v -22.055 8.10989 -2.44394 0.16 0.38 0.34
vn -0.140706 0.108467 0.984092
v -22.0289 8.27773 -2.45876 0.16 0.38 0.34
vn -0.142734 0.109579 0.983677
v -21.8489 -11.2407 -0.870559 0.348384 0.550443 0.366912
vn -0.145421 0.0611202 0.98748
v -21.8574 -11.1034 -0.880348 0.34719 0.549362 0.366741
vn -0.0784896 0.0870011 0.993111
v -21.9237 -10.9042 -0.902555 0.34448 0.54691 0.366354
vn -0.0775724 0.0888949 0.993016
v -21.9823 3.94412 -2.12897 0.194819 0.411503 0.344974
vn -0.0823033 0.0764006 0.993675
v -21.9274 4.11551 -2.13828 0.193683 0.410475 0.344812
vn -0.0826003 0.0778935 0.993534
v -21.8634 4.32686 -2.15044 0.192199 0.409132 0.3446
vn -0.0797995 0.0752007 0.99397
v -21.9692 7.93897 -2.41294 0.160167 0.380151 0.340024
vn -0.0814442 0.07683 0.993712
v -21.9735 8.44545 -2.46947 0.16 0.38 0.34
vn -0.141334 0.110089 0.983822
v -21.6439 -12.0687 -0.790038 0.358211 0.559333 0.368316
vn -0.144332 0.0592375 0.987755
v -21.6887 -11.6863 -0.819706 0.35459 0.556058 0.367799
vn -0.144663 0.0598534 0.987669
v -21.7443 -11.5244 -0.837733 0.35239 0.554067 0.367484
vn -0.144678 0.0604916 0.987628
v -21.7814 -11.3519 -0.853777 0.350432 0.552296 0.367205
vn -0.0850586 0.0973884 0.991605
v -21.7543 4.50115 -2.15209 0.191998 0.40895 0.344571
vn -0.0866639 0.0756289 0.993363
v -21.7015 4.65847 -2.16054 0.190967 0.408018 0.344424
vn -0.0829012 0.0731941 0.993866
v -21.6978 8.51078 -2.43767 0.16 0.38 0.34
vn -0.080326 0.0837249 0.993246
v -21.6733 8.68629 -2.45378 0.16 0.38 0.34
vn -0.08182 0.0932142 0.992278
v -21.7759 8.91705 -2.4941 0.16 0.38 0.34
vn -0.139415 0.110037 0.984101
v -21.6958 9.07412 -2.50042 0.16 0.38 0.34
vn -0.138399 0.110427 0.984201
v -21.6363 9.22652 -2.50919 0.16 0.38 0.34
vn -0.137652 0.11046 0.984302
v -21.4226 -12.7048 -0.720143 0.36674 0.56705 0.369534
vn -0.07901 0.0759136 0.993979
v -21.4848 -12.5411 -0.738775 0.364466 0.564993 0.369209
vn -0.143891 0.0584933 0.987863
v -21.4737 -12.2965 -0.751653 0.362895 0.563571 0.368985
vn -0.0776852 0.0683422 0.994633
v -21.482 -11.8239 -0.781172 0.359292 0.560312 0.36847
vn -0.0774931 0.0672468 0.994722
v -21.4794 -11.7276 -0.786613 0.358628 0.559711 0.368375
vn -0.0777034 0.0900989 0.992897
v -21.4037 -6.28505 -1.27192 0.299406 0.50613 0.359915
vn -0.0856671 0.0826149 0.992893
v -21.4259 -6.08741 -1.28976 0.297229 0.504159 0.359604
vn -0.0778557 0.0740761 0.994209
v -21.4238 -5.21159 -1.35452 0.289326 0.497009 0.358475
vn -0.079817 0.080095 0.993586
v -21.4246 -5.0943 -1.36353 0.288226 0.496014 0.358318
vn -0.0879947 0.078245 0.993043
v -21.438 -4.70172 -1.39569 0.284302 0.492463 0.357757
vn -0.0807023 0.0812466 0.993421
v -21.4246 -4.48046 -1.41074 0.282465 0.490802 0.357495
vn -0.0858077 0.0770961 0.993324
v -21.444 -4.07587 -1.44554 0.278219 0.48696 0.356888
vn -0.0833926 0.0794256 0.993346
v -21.4438 -3.91892 -1.45797 0.276702 0.485587 0.356672
vn -0.0828614 0.0781136 0.993495
v -21.4373 -3.70286 -1.47421 0.27472 0.483794 0.356389
vn -0.0841151 0.0730624 0.993774
v -21.4029 -3.5234 -1.48323 0.273619 0.482798 0.356231
vn -0.0930932 0.0721834 0.993037
v -21.5707 9.34756 -2.51361 0.16 0.38 0.34
vn -0.0824711 0.0909999 0.99243
v -21.4774 9.50766 -2.51863 0.16 0.38 0.34
vn -0.138191 0.111853 0.984069
v -21.2142 -13.2829 -0.656557 0.374499 0.574071 0.370643
vn -0.0793216 0.0767133 0.993893
v -21.2585 -13.1107 -0.672833 0.372513 0.572274 0.370359
vn -0.0802437 0.0783702 0.99369
v -21.3542 -12.937 -0.696713 0.369599 0.569637 0.369943
vn -0.0829433 0.0822221 0.993157
v -21.2142 -7.2501 -1.1739 0.311368 0.516952 0.361624
vn -0.0772858 0.08794 0.993123
v -21.242 -7.11802 -1.18743 0.309716 0.515457 0.361388
vn -0.0817343 0.0822434 0.993255
v -21.2706 -6.88176 -1.20848 0.307147 0.513133 0.361021
vn -0.0857513 0.0801426 0.993088
v -21.3079 -6.66672 -1.22954 0.304577 0.510808 0.360654
vn -0.107233 0.0815707 0.990882
v -21.3687 -6.45969 -1.25385 0.301611 0.508124 0.36023
vn -0.0817795 0.0861598 0.992919
v -21.3661 -5.91289 -1.29318 0.296812 0.503782 0.359545
vn -0.154605 0.0725826 0.985307
v -21.3848 -5.66173 -1.31467 0.294189 0.501409 0.35917
vn -0.0827931 0.0758128 0.993679
v -21.2456 -5.45652 -1.30815 0.294985 0.502129 0.359284
vn -0.154206 0.0737253 0.985284
v -21.3201 -5.31168 -1.33069 0.292235 0.499641 0.358891
vn -0.154489 0.0742178 0.985203
v -21.2733 -4.86827 -1.35701 0.289023 0.496735 0.358432
vn -0.154313 0.0760621 0.98509
v -21.3575 -4.79942 -1.37553 0.286763 0.49469 0.358109
vn -0.154802 0.0757652 0.985036
v -21.3399 -4.29323 -1.41204 0.282307 0.490658 0.357472
vn -0.154234 0.0767243 0.985051
v -21.302 -4.17444 -1.41541 0.281896 0.490287 0.357414
vn -0.153286 0.0784909 0.98506
v -21.3772 -3.40396 -1.48885 0.272934 0.482179 0.356133
vn -0.0835979 0.0662459 0.994295
v -21.3208 -3.28386 -1.48972 0.272828 0.482082 0.356118
vn -0.15555 0.080367 0.984553
v -21.2479 -3.16311 -1.48808 0.273028 0.482264 0.356147
vn -0.155864 0.0808915 0.984461
v -21.2708 -2.91438 -1.51217 0.270088 0.479604 0.355727
vn -0.0855805 0.0760164 0.993427
v -21.327 -2.47498 -1.55768 0.264535 0.474579 0.354934
vn -0.0797918 0.0756847 0.993934
v -21.341 -2.27167 -1.57704 0.262171 0.472441 0.354596
vn -0.0758609 0.0863948 0.993369
v -21.3177 -2.057 -1.59161 0.260394 0.470832 0.354342
vn -0.154103 0.0836583 0.984507
v -21.3413 -1.90209 -1.6086 0.25832 0.468956 0.354046
vn -0.0693303 0.0837701 0.99407
v -21.3331 -1.73267 -1.62191 0.256696 0.467487 0.353814
vn -0.0728814 0.0888257 0.993377
v -21.3084 -1.47998 -1.63994 0.254496 0.465496 0.353499
vn -0.0741183 0.0779599 0.994198
v -21.274 -1.26942 -1.65294 0.25291 0.464061 0.353273
vn -0.0766416 0.0820483 0.993677
v -21.219 -1.06091 -1.66264 0.251726 0.462991 0.353104
vn -0.154555 0.087464 0.984105
v -21.2296 -0.907909 -1.67789 0.249865 0.461306 0.352838
vn -0.0841705 0.0827988 0.993005
v -21.2346 -0.734732 -1.69417 0.247879 0.459509 0.352554
vn -0.087048 0.0935522 0.991802
v -21.2526 -0.566813 -1.71209 0.245692 0.457531 0.352242
vn -0.0830589 0.083242 0.993062
v -21.3073 9.68696 -2.51512 0.16 0.38 0.34
vn -0.0897742 0.0767574 0.993
v -21.2357 9.84262 -2.52284 0.16 0.38 0.34
vn -0.138282 0.112699 0.98396
v -21.0257 -13.8806 -0.595688 0.381927 0.580791 0.371704
vn -0.0812594 0.0795538 0.993513
v -21.0762 -13.7021 -0.612935 0.379823 0.578887 0.371403
vn -0.0785933 0.0758979 0.994013
v -21.1336 -13.5107 -0.631996 0.377496 0.576783 0.371071
vn -0.0791052 0.0783299 0.993784
v -21.0113 -8.2679 -1.07325 0.32365 0.528064 0.363379
vn -0.0751154 0.0848966 0.993554
v -21.0333 -8.18714 -1.08203 0.322578 0.527095 0.363225
vn -0.0741772 0.0847434 0.993638
v -21.0618 -7.87098 -1.10767 0.319449 0.524264 0.362778
vn -0.153419 0.0663241 0.985933
v -21.1297 -7.70625 -1.12939 0.316799 0.521866 0.3624
vn -0.0799146 0.0845352 0.993211
v -21.1484 -7.48282 -1.14757 0.31458 0.519858 0.362083
vn -0.0834839 0.0814235 0.993177
v -21.1419 -7.31627 -1.15806 0.313301 0.518701 0.3619
vn -0.153242 0.0683788 0.98582
v -21.1989 -5.79721 -1.27553 0.298966 0.505731 0.359852
vn -0.151543 0.0714185 0.985867
v -21.1653 -4.93249 -1.33512 0.291693 0.499151 0.358813
vn -0.154056 0.0753902 0.985182
v -21.1791 -3.08 -1.48404 0.273521 0.482709 0.356217
vn -0.153416 0.0794636 0.984961
v -21.1607 -2.71411 -1.5114 0.270183 0.479689 0.35574
vn -0.154824 0.082494 0.984492
v -21.0296 -0.457407 -1.68673 0.248786 0.46033 0.352684
vn -0.154249 0.0890268 0.984013
v -21.123 -0.284717 -1.71716 0.245073 0.456971 0.352153
vn -0.15578 0.0894646 0.983732
v -21.1313 -0.112774 -1.73417 0.242997 0.455093 0.351857
vn -0.0848613 0.0767158 0.993435
v -21.1235 0.101787 -1.75268 0.240738 0.453049 0.351534
vn -0.0848416 0.0844281 0.992811
v -21.079 0.299983 -1.764 0.239357 0.451799 0.351337
vn -0.0869481 0.0807429 0.992935
v -21.0599 0.489397 -1.77864 0.23757 0.450183 0.351081
vn -0.0819646 0.083573 0.993125
v -21.0375 0.636419 -1.78888 0.23632 0.449052 0.350903
vn -0.0828487 0.0788829 0.993435
v -21.0742 5.93044 -2.20177 0.185935 0.403465 0.343705
vn -0.0898078 0.0688319 0.993578
v -21.0341 6.0455 -2.20825 0.185145 0.40275 0.343592
vn -0.0867137 0.071538 0.993661
v -21.1021 9.94258 -2.51557 0.16 0.38 0.34
vn -0.0930609 0.0720659 0.993049
v -21.0107 10.1068 -2.52165 0.16 0.38 0.34
vn -0.137472 0.113194 0.984016
v -20.8457 -14.2796 -0.547839 0.387766 0.586074 0.372538
vn -0.0848706 0.083362 0.992899
v -20.9677 -14.0964 -0.57538 0.384405 0.583033 0.372058
vn -0.1449 0.0520916 0.988074
v -20.8142 -8.91 -1.0008 0.332491 0.536064 0.364642
vn -0.0760168 0.0829136 0.993653
v -20.8673 -8.70406 -1.02233 0.329864 0.533686 0.364266
vn -0.0774595 0.0876172 0.993138
v -20.9397 -8.4959 -1.04711 0.326839 0.53095 0.363834
vn -0.0802164 0.0920553 0.992518
v -20.9865 -8.38136 -1.06189 0.325036 0.529318 0.363577
vn -0.0733679 0.0833981 0.993812
v -20.9652 -8.086 -1.07824 0.32304 0.527513 0.363291
vn -0.15155 0.0658622 0.986253
v -20.9531 -7.91199 -1.08805 0.321844 0.52643 0.363121
vn -0.152533 0.0670745 0.98602
v -20.9362 -7.33992 -1.12444 0.317403 0.522412 0.362486
vn -0.15133 0.0697686 0.986018
v -20.8617 1.38135 -1.83209 0.231048 0.444282 0.35015
vn -0.083268 0.0797718 0.993329
v -20.8679 10.2496 -2.51816 0.16 0.38 0.34
vn -0.137826 0.114184 0.983853
v -20.8573 14.956 -2.92205 0.16 0.38 0.34
vn -0.127049 0.117272 0.98494
v -20.8104 15.0383 -2.92579 0.16 0.38 0.34
vn -0.128312 0.11847 0.984632
v -20.6305 -14.6847 -0.495137 0.394198 0.591893 0.373457
vn -0.0799741 0.0795555 0.993617
v -20.6979 -14.4932 -0.51508 0.391764 0.589691 0.373109
vn -0.0794924 0.0799782 0.993622
v -20.7752 -14.3911 -0.531663 0.38974 0.58786 0.37282
vn -0.0885222 0.0908694 0.991921
v -20.6243 -9.32172 -0.94531 0.339262 0.54219 0.365609
vn -0.0942437 0.0873622 0.991709
v -20.7407 -9.07398 -0.978948 0.335158 0.538476 0.365023
vn -0.0805438 0.0915213 0.99254
v -20.6141 6.0235 -2.14332 0.193068 0.409919 0.344724
vn -0.0949148 0.0634226 0.993463
v -20.7591 6.36776 -2.20245 0.185853 0.403391 0.343693
vn -0.0921452 0.0721472 0.993128
v -20.6692 6.45993 -2.19919 0.18625 0.40375 0.34375
vn -0.146291 0.108278 0.983298
v -20.6978 10.3309 -2.50381 0.16 0.38 0.34
vn -0.088729 0.0748272 0.993241
v -20.6812 10.5118 -2.52249 0.16 0.38 0.34
vn -0.137772 0.114929 0.983774
v -20.6959 15.159 -2.92541 0.16 0.38 0.34
vn -0.126828 0.117733 0.984913
v -20.4593 -15.0699 -0.450234 0.399677 0.596851 0.37424
vn -0.141642 0.0514926 0.988578
v -20.5394 -14.9141 -0.469884 0.397279 0.594681 0.373897
vn -0.0834294 0.0825611 0.993088
v -20.4166 -9.81717 -0.88255 0.346921 0.549119 0.366703
vn -0.0811781 0.0933616 0.992317
v -20.4337 -9.69542 -0.892701 0.345682 0.547998 0.366526
vn -0.149398 0.0621859 0.98682
v -20.5379 -9.54429 -0.918073 0.342586 0.545197 0.366084
vn -0.0822342 0.0943392 0.992138
v -20.4798 2.89954 -1.92222 0.220049 0.43433 0.348578
vn -0.084539 0.0737892 0.993684
v -20.4239 3.06002 -1.92976 0.219129 0.433498 0.348447
vn -0.0846363 0.0794538 0.993239
v -20.5595 6.17066 -2.15122 0.192104 0.409046 0.344586
vn -0.0748432 0.0861035 0.993471
v -20.5099 6.55121 -2.18558 0.187911 0.405253 0.343987
vn -0.0754119 0.0919568 0.992903
v -20.488 6.73435 -2.20255 0.18584 0.403379 0.343691
vn -0.0784913 0.0953563 0.992344
v -20.4815 6.87856 -2.21757 0.184008 0.401722 0.34343
vn -0.0837165 0.0715415 0.993918
v -20.4066 7.03702 -2.2241 0.18321 0.401 0.343316
vn -0.0786824 0.0795566 0.99372
v -20.4934 10.6534 -2.51283 0.16 0.38 0.34
vn -0.087434 0.0760095 0.993266
v -20.5786 15.3342 -2.93125 0.16 0.38 0.34
vn -0.126968 0.117898 0.984875
v -20.4856 15.4403 -2.93198 0.16 0.38 0.34
vn -0.135291 0.129051 0.982366
v -20.2462 -15.4562 -0.399826 0.405828 0.602416 0.375118
vn -0.0775387 0.0794452 0.993819
v -20.3446 -15.3145 -0.42111 0.403231 0.600066 0.374747
vn -0.142135 0.0502503 0.988571
v -20.3792 -15.173 -0.433442 0.401726 0.598705 0.374532
vn -0.0800584 0.0825073 0.99337
v -20.2422 -10.2966 -0.826722 0.353734 0.555283 0.367676
vn -0.0795172 0.0912251 0.99265
v -20.3207 -10.0962 -0.850821 0.350793 0.552622 0.367256
vn -0.0941782 0.0824321 0.992137
v -20.3689 -9.92229 -0.868798 0.348599 0.550637 0.366943
vn -0.107057 0.0760005 0.991344
v -20.3978 3.16779 -1.93669 0.218284 0.432733 0.348326
vn -0.0845753 0.0744837 0.993629
v -20.2416 3.47737 -1.94407 0.217383 0.431918 0.348198
vn -0.0871474 0.0738052 0.993458
v -20.3603 7.14395 -2.22919 0.18259 0.400438 0.343227
vn -0.0777706 0.0769395 0.993998
v -20.2375 7.28399 -2.22675 0.182888 0.400708 0.34327
vn -0.081328 0.0778537 0.993642
v -20.3811 10.7795 -2.51196 0.16 0.38 0.34
vn -0.0897938 0.0741152 0.993199
v -20.2704 10.9084 -2.51171 0.16 0.38 0.34
vn -0.0898579 0.0729023 0.993283
v -20.3019 15.5341 -2.91955 0.16 0.38 0.34
vn -0.127119 0.118697 0.98476
v -20.0591 -15.8653 -0.352373 0.411619 0.607655 0.375946
vn -0.14202 0.0495013 0.988625
v -20.1222 -15.6958 -0.369943 0.409475 0.605716 0.375639
vn -0.0777881 0.081669 0.993619
v -20.1811 -15.5724 -0.384608 0.407685 0.604096 0.375384
vn -0.0804809 0.0822357 0.993358
v -20.0612 -10.7072 -0.774758 0.360075 0.56102 0.368582
vn -0.0900059 0.0874859 0.992091
v -20.1382 -10.4682 -0.80061 0.35692 0.558166 0.368131
vn -0.0968499 0.0828003 0.991849
v -20.1543 -10.3927 -0.807571 0.356071 0.557398 0.36801
vn -0.150152 0.0595481 0.986868
v -20.1941 3.54331 -1.94346 0.217457 0.431985 0.348208
vn -0.151644 0.100227 0.98334
v -20.1258 3.67947 -1.94694 0.217033 0.431601 0.348148
vn -0.155878 0.103242 0.982366
v -20.0701 3.87825 -1.95899 0.215562 0.43027 0.347937
vn -0.0866475 0.0759784 0.993338
v -20.0036 4.03066 -1.96462 0.214876 0.429649 0.347839
vn -0.0856415 0.0796111 0.99314
v -20.1685 7.51217 -2.24225 0.180995 0.398996 0.342999
vn -0.076514 0.0808961 0.993781
v -20.0749 7.72826 -2.25292 0.179693 0.397818 0.342813
vn -0.0779834 0.078177 0.993885
v -20.1734 10.996 -2.50855 0.16 0.38 0.34
vn -0.0858585 0.0762301 0.993387
v -20.0939 11.0959 -2.50929 0.16 0.38 0.34
vn -0.0908718 0.0700016 0.993399
v -20.0345 11.2076 -2.51425 0.16 0.38 0.34
vn -0.136379 0.116733 0.983755
v -20.1409 15.5849 -2.90492 0.16 0.38 0.34
vn -0.126482 0.118392 0.984878
v -20.0821 15.7115 -2.91267 0.16 0.38 0.34
vn -0.126393 0.11914 0.9848
v -20.0011 15.8263 -2.91618 0.16 0.38 0.34
vn -0.127693 0.120424 0.984476
v -19.8442 -16.2521 -0.302647 0.417687 0.613146 0.376812
vn -0.0801968 0.084881 0.993158
v -19.9424 -16.1038 -0.323872 0.415097 0.610802 0.376442
vn -0.139211 0.0496336 0.989018
v -19.9917 -15.9807 -0.337029 0.413492 0.60935 0.376213
vn -0.0777887 0.0808506 0.993686
v -19.8133 -11.453 -0.694072 0.369921 0.569929 0.369989
vn -0.082109 0.075014 0.993796
v -19.8735 -11.2865 -0.712666 0.367652 0.567876 0.369665
vn -0.122176 0.0653467 0.990355
v -19.9227 -11.1128 -0.730088 0.365526 0.565952 0.369361
vn -0.0944557 0.0747696 0.992717
v -19.9761 -10.9592 -0.747081 0.363453 0.564076 0.369065
vn -0.0957627 0.0765958 0.992453
v -19.9528 4.13288 -1.96748 0.214527 0.429334 0.34779
vn -0.154525 0.104269 0.982471
v -19.9249 4.27933 -1.97862 0.213167 0.428103 0.347595
vn -0.0902655 0.0665354 0.993693
v -19.9638 7.91626 -2.25797 0.179077 0.39726 0.342725
vn -0.0788065 0.0781348 0.993823
v -19.8643 8.06572 -2.26047 0.178773 0.396985 0.342682
vn -0.0809983 0.0743546 0.993937
v -19.8931 11.2721 -2.50236 0.16 0.38 0.34
vn -0.0871342 0.0726494 0.993544
v -19.901 15.9254 -2.91535 0.16 0.38 0.34
vn -0.135584 0.130993 0.982068
v -19.6175 -16.6352 -0.251959 0.423873 0.618742 0.377696
vn -0.0661092 0.0886735 0.993864
v -19.7119 -16.4806 -0.272758 0.421335 0.616446 0.377334
vn -0.136649 0.0498701 0.989363
v -19.7778 -16.3689 -0.287528 0.419532 0.614815 0.377076
vn -0.0956699 0.105713 0.989784
v -19.6361 -11.8592 -0.644593 0.375959 0.575392 0.370851
vn -0.0831467 0.0770464 0.993554
v -19.7252 -11.6791 -0.668043 0.373098 0.572803 0.370443
vn -0.0794939 0.0713053 0.994282
v -19.7826 -11.5316 -0.684994 0.371029 0.570931 0.370147
vn -0.0875886 0.0801703 0.992925
v -19.7189 8.29734 -2.26576 0.178127 0.396401 0.34259
vn -0.0818871 0.0833875 0.993147
v -19.624 8.44782 -2.26926 0.1777 0.396015 0.342529
vn -0.0835777 0.0766864 0.993546
v -19.7189 11.4908 -2.50431 0.16 0.38 0.34
vn -0.0862278 0.0721808 0.993657
v -19.7276 16.0235 -2.90506 0.16 0.38 0.34
vn -0.125907 0.119134 0.984863
v -19.4843 -16.8672 -0.222065 0.427521 0.622043 0.378217
vn -0.0547473 0.123614 0.990819
v -19.5535 -16.7517 -0.237329 0.425658 0.620357 0.377951
vn -0.000741289 0.127385 0.991853
v -19.4284 -12.2455 -0.592226 0.38235 0.581173 0.371764
vn -0.147601 0.053626 0.987592
v -19.4879 -12.1867 -0.604328 0.380873 0.579837 0.371553
vn -0.0839996 0.0811083 0.993159
v -19.5703 -11.9581 -0.629241 0.377833 0.577087 0.371119
vn -0.148059 0.0544377 0.987479
v -19.575 8.55047 -2.27399 0.177123 0.395492 0.342446
vn -0.0863207 0.0763381 0.993338
v -19.475 8.69064 -2.2757 0.176914 0.395303 0.342416
vn -0.0874029 0.0723103 0.993545
v -19.4871 11.6743 -2.49431 0.16 0.38 0.34
vn -0.0893493 0.0646913 0.993897
v -19.5887 16.15 -2.90271 0.16 0.38 0.34
vn -0.126563 0.121013 0.984549
v -19.4658 16.2898 -2.90408 0.16 0.38 0.34
vn -0.129859 0.127154 0.983346
v -19.3015 -19.128 0.0664817 0.462732 0.653901 0.383247
vn -0.129125 0.0486497 0.990434
v -19.232 -18.816 0.0602197 0.461968 0.653209 0.383138
vn -0.0115378 0.123404 0.992289
v -19.2603 -16.8556 -0.191577 0.431241 0.625409 0.378749
vn -0.137054 0.0482158 0.989389
v -19.2371 -12.916 -0.527825 0.390209 0.588284 0.372887
vn -0.0811294 0.077176 0.993711
v -19.3201 -12.71 -0.551063 0.387373 0.585718 0.372482
vn -0.0809328 0.075322 0.993869
v -19.3631 -12.5261 -0.567309 0.38539 0.583925 0.372199
vn -0.0828348 0.0745723 0.993769
v -19.2955 -12.3044 -0.569175 0.385163 0.583719 0.372166
vn -0.146858 0.0534619 0.987712
v -19.3297 -12.0099 -0.59034 0.38258 0.581382 0.371797
vn -0.147656 0.0540867 0.987559
v -19.3852 -10.2164 -0.701177 0.369054 0.569144 0.369865
vn -0.0844441 0.0863797 0.992677
v -19.3162 5.35936 -2.00078 0.210462 0.425656 0.347209
vn -0.0758338 0.0667874 0.994881
v -19.277 5.52151 -2.0126 0.20902 0.424351 0.347003
vn -0.0718073 0.0777968 0.99438
v -19.3024 8.89612 -2.27454 0.177055 0.395431 0.342436
vn -0.0818913 0.0746242 0.993844
v -19.244 9.04173 -2.28312 0.176008 0.394483 0.342287
vn -0.0853258 0.0757706 0.993468
v -19.2878 11.8666 -2.49001 0.16 0.38 0.34
vn -0.0889126 0.0657798 0.993865
v -19.2638 16.36 -2.88692 0.16 0.38 0.34
vn -0.125675 0.120757 0.984695
v -19.0442 -17.0821 -0.150759 0.436222 0.629915 0.37946
vn -0.13707 0.0472703 0.989433
v -19.0331 -16.8502 -0.160375 0.435049 0.628854 0.379293
vn -0.0969284 0.113239 0.988829
v -19.0505 -13.3198 -0.479171 0.396146 0.593656 0.373735
vn -0.0838612 0.0866764 0.992701
v -19.1637 -13.108 -0.506891 0.392763 0.590595 0.373252
vn -0.0809878 0.0807404 0.993439
v -19.174 -11.8362 -0.576578 0.384259 0.582901 0.372037
vn -0.147592 0.0563548 0.987442
v -19.1407 5.68833 -2.01004 0.209333 0.424635 0.347048
vn -0.150999 0.109031 0.982503
v -19.1033 5.88558 -2.02625 0.207355 0.422845 0.346765
vn -0.0762757 0.0783674 0.994002
v -19.0582 6.04283 -2.0369 0.206055 0.421669 0.346579
vn -0.0730001 0.0887553 0.993375
v -19.1465 9.16933 -2.28399 0.175903 0.394388 0.342272
vn -0.0812794 0.0753021 0.993843
v -19.0552 9.29546 -2.28565 0.175699 0.394204 0.342243
vn -0.0856929 0.0757819 0.993435
v -19.1813 11.9559 -2.48617 0.16 0.38 0.34
vn -0.0838269 0.0701795 0.994006
v -19.0863 12.0373 -2.483 0.16 0.38 0.34
vn -0.0923286 0.0617067 0.993815
v -19.0887 16.4523 -2.87595 0.16 0.38 0.34
vn -0.127129 0.124863 0.983996
v -18.8997 -19.6994 0.146938 0.47255 0.662784 0.38465
vn -0.0286279 0.133194 0.990676
v -18.8112 -17.6405 -0.0922441 0.443363 0.636376 0.38048
vn -0.0581036 0.0855111 0.994642
v -18.9044 -17.4546 -0.113779 0.440735 0.633998 0.380105
vn -0.0663157 0.108488 0.991883
v -18.9651 -17.306 -0.129156 0.438859 0.632301 0.379837
vn -0.137433 0.0466313 0.989413
v -18.9343 -17.1608 -0.131825 0.438533 0.632006 0.37979
vn -0.135977 0.0469783 0.989598
v -18.8218 -13.8411 -0.418992 0.40349 0.6003 0.374784
vn -0.0827896 0.0853528 0.992905
v -18.9018 -13.7045 -0.437623 0.401216 0.598243 0.374459
vn -0.0780475 0.0780983 0.993886
v -18.9643 -13.5066 -0.456858 0.398869 0.596119 0.374124
vn -0.0780214 0.0771657 0.993961
v -18.9322 6.11335 -2.02545 0.207452 0.422933 0.346779
vn -0.150147 0.110288 0.982493
v -18.9264 6.32628 -2.04859 0.204628 0.420378 0.346375
vn -0.07933 0.0815042 0.993511
v -18.8409 6.46976 -2.05175 0.204242 0.420029 0.34632
vn -0.0855965 0.0772191 0.993333
v -18.9598 9.37254 -2.28096 0.176271 0.394722 0.342324
vn -0.0802704 0.0690678 0.994377
v -18.8835 9.48601 -2.28341 0.175973 0.394452 0.342282
vn -0.0864525 0.0716079 0.993679
v -18.9239 12.1476 -2.47416 0.16 0.38 0.34
vn -0.0821018 0.0688607 0.994242
v -18.8244 12.3052 -2.47969 0.16 0.38 0.34
vn -0.134203 0.119436 0.98373
v -18.898 16.5493 -2.86366 0.16 0.38 0.34
vn -0.126617 0.124215 0.984144
v -18.6651 -18.0922 -0.051302 0.448359 0.640896 0.381194
vn -0.0125771 0.105692 0.994319
v -18.7321 -17.8014 -0.0739029 0.445601 0.638401 0.3808
vn -0.080046 0.0638978 0.994741
v -18.6432 -14.2051 -0.374782 0.408885 0.605181 0.375555
vn -0.144599 0.0482382 0.988314
v -18.7191 -14.0652 -0.392793 0.406687 0.603193 0.375241
vn -0.0797932 0.0816344 0.993463
v -18.7842 -13.9135 -0.409854 0.404605 0.601309 0.374944
vn -0.0792591 0.0798763 0.993649
v -18.6124 -5.89979 -1.09617 0.320853 0.525533 0.362979
vn -0.0776628 0.0803353 0.993738
v -18.6561 -5.68223 -1.11855 0.318121 0.523062 0.362589
vn 0 0 0
v -18.6623 -5.4521 -1.13573 0.316026 0.521166 0.362289
vn -0.0773167 0.075117 0.994173
v -18.6704 -5.29742 -1.14804 0.314523 0.519806 0.362075
vn -0.077428 0.0791329 0.993853
v -18.6848 -5.14008 -1.16172 0.312854 0.518296 0.361836
vn -0.07789 0.0775353 0.993942
v -18.7262 -4.90562 -1.18563 0.309936 0.515656 0.361419
vn -0.161401 0.0719022 0.984266
v -18.719 -4.69419 -1.19989 0.308195 0.514082 0.361171
vn -0.0780602 0.0773858 0.993941
v -18.7077 -4.53505 -1.20976 0.306992 0.512992 0.360999
vn -0.0775152 0.0665368 0.994768
v -18.6862 -4.29991 -1.22371 0.305289 0.511452 0.360756
vn -0.076786 0.073151 0.994361
v -18.7096 -4.12555 -1.24082 0.303202 0.509563 0.360457
vn -0.0783766 0.080445 0.993673
v -18.7224 -3.92005 -1.25868 0.301021 0.507591 0.360146
vn -0.0781446 0.0778022 0.993902
v -18.7166 -3.69602 -1.27499 0.299031 0.50579 0.359862
vn -0.0783171 0.0756287 0.994056
v -18.723 -3.49052 -1.29213 0.29694 0.503898 0.359563
vn -0.0795698 0.0790879 0.993687
v -18.75 -3.3074 -1.31114 0.29462 0.501799 0.359231
vn -0.162897 0.0781102 0.983546
v -18.7406 -3.14876 -1.32219 0.293272 0.500579 0.359039
vn -0.0802647 0.0780201 0.993715
v -18.7143 -2.92866 -1.33542 0.291658 0.499119 0.358808
vn -0.0817341 0.0590611 0.994903
v -18.7061 -2.70876 -1.35192 0.289644 0.497297 0.358521
vn -0.164427 0.0802018 0.983123
v -18.6624 -2.48474 -1.36294 0.288299 0.49608 0.358328
vn -0.166081 0.0810736 0.982774
v -18.6653 -2.31541 -1.37746 0.286527 0.494477 0.358075
vn -0.166994 0.0820269 0.98254
v -18.6096 -2.06069 -1.38939 0.285071 0.493159 0.357867
vn -0.166605 0.082815 0.98254
v -18.742 6.5839 -2.04961 0.204504 0.420265 0.346358
vn -0.149366 0.111816 0.982439
v -18.7088 6.73005 -2.06124 0.203085 0.418981 0.346155
vn -0.0908276 0.0840925 0.99231
v -18.6427 6.87965 -2.06832 0.202221 0.4182 0.346032
vn -0.0863067 0.0896771 0.992224
v -18.7099 9.70074 -2.28397 0.175905 0.39439 0.342272
vn -0.082017 0.072088 0.99402
v -18.622 9.85391 -2.28966 0.17521 0.393761 0.342173
vn -0.0867058 0.0733462 0.99353
v -18.7379 12.3458 -2.47285 0.16 0.38 0.34
vn -0.08073 0.0696934 0.994296
v -18.6695 12.4745 -2.47921 0.16 0.38 0.34
vn -0.133158 0.119423 0.983873
v -18.6829 16.6943 -2.85429 0.16 0.38 0.34
vn -0.125778 0.123354 0.98436
v -18.4802 -18.3178 -0.0158158 0.45269 0.644814 0.381813
vn -0.0284936 0.136342 0.990252
v -18.4485 -14.6874 -0.323049 0.415198 0.610893 0.376457
vn -0.0774938 0.0808046 0.993713
v -18.5286 -14.472 -0.345055 0.412512 0.608463 0.376073
vn -0.0773976 0.0785758 0.993899
v -18.5999 -14.3258 -0.362565 0.410375 0.60653 0.375768
vn -0.0781751 0.0799889 0.993726
v -18.4145 -7.10316 -0.983285 0.334628 0.537997 0.364947
vn -0.0753152 0.073835 0.994422
v -18.4783 -6.90373 -1.00674 0.331766 0.535408 0.364538
vn -0.167645 0.0620553 0.983892
v -18.5172 -6.67804 -1.02795 0.329177 0.533065 0.364168
vn -0.160415 0.0659259 0.984846
v -18.5638 -6.46052 -1.05009 0.326476 0.530621 0.363782
vn -0.160415 0.0659259 0.984846
v -18.5679 -6.30032 -1.06149 0.325085 0.529363 0.363584
vn -0.0774325 0.0737607 0.994265
v -18.581 -6.12344 -1.07563 0.323359 0.527801 0.363337
vn -0.0765265 0.0750077 0.994242
v -18.4798 -2.20394 -1.35532 0.289229 0.496922 0.358461
vn -0.0801377 0.0658421 0.994607
v -18.5782 -1.87583 -1.39976 0.283806 0.492015 0.357687
vn -0.166041 0.0836844 0.982562
v -18.5187 -1.67238 -1.40707 0.282913 0.491207 0.357559
vn -0.165251 0.0839891 0.982669
v -18.5344 -1.48832 -1.42566 0.280645 0.489155 0.357235
vn -0.167116 0.0854954 0.982223
v -18.4631 -1.24333 -1.43495 0.279511 0.488129 0.357073
vn -0.166772 0.0864535 0.982198
v -18.5347 -1.10832 -1.45903 0.276573 0.485471 0.356653
vn -0.167026 0.0869782 0.982109
v -18.5132 -0.806347 -1.48229 0.273734 0.482902 0.356248
vn -0.166812 0.0877946 0.982072
v -18.5221 -0.673737 -1.49575 0.272092 0.481417 0.356013
vn -0.166454 0.0888938 0.982034
v -18.4451 -0.50702 -1.4978 0.271842 0.481191 0.355977
vn -0.0799069 0.0994302 0.991831
v -18.503 -0.288776 -1.52759 0.268206 0.4779 0.355458
vn -0.16627 0.0899493 0.981969
v -18.4846 -0.0716304 -1.54455 0.266137 0.476029 0.355162
vn -0.0792614 0.091722 0.992625
v -18.4449 0.144686 -1.558 0.264495 0.474543 0.354928
vn -0.0804121 0.0759514 0.993864
v -18.4078 0.322168 -1.56843 0.263223 0.473392 0.354746
vn -0.0802929 0.0771647 0.99378
v -18.4034 0.425752 -1.57749 0.262116 0.472391 0.354588
vn -0.078772 0.0902739 0.992797
v -18.5677 7.06715 -2.07852 0.200975 0.417073 0.345854
vn -0.0865952 0.0824478 0.992826
v -18.4202 7.35945 -2.09003 0.199572 0.415803 0.345653
vn -0.0833248 0.0776411 0.993493
v -18.5322 9.93415 -2.28638 0.17561 0.394124 0.34223
vn -0.077227 0.071734 0.99443
v -18.4607 10.0506 -2.29016 0.17515 0.393707 0.342164
vn -0.0818514 0.0727229 0.993988
v -18.5072 12.6402 -2.47742 0.16 0.38 0.34
vn -0.0806649 0.0720232 0.994136
v -18.5151 16.7955 -2.8456 0.16 0.38 0.34
vn -0.124453 0.122208 0.984671
v -18.4515 16.9185 -2.85282 0.16 0.38 0.34
vn -0.12675 0.125747 0.983932
v -18.2251 -18.2987 0.017971 0.456813 0.648545 0.382402
vn -0.134026 0.0445207 0.989977
v -18.2247 -15.1036 -0.270953 0.421555 0.616645 0.377365
vn -0.0794665 0.0836088 0.993325
v -18.3281 -14.8961 -0.295657 0.41854 0.613917 0.376934
vn -0.0778 0.0811677 0.993659
v -18.2666 -7.83948 -0.912737 0.343237 0.545786 0.366177
vn -0.162838 0.0598105 0.984838
v -18.3032 -7.70386 -0.927104 0.341484 0.5442 0.365926
vn -0.160649 0.0613371 0.985104
v -18.3392 -7.53123 -0.943759 0.339452 0.542361 0.365636
vn -0.0777076 0.0886586 0.993026
v -18.3895 -7.3471 -0.963645 0.337025 0.540166 0.365289
vn -0.0765557 0.0783174 0.993985
v -18.2791 -1.33533 -1.39565 0.284307 0.492468 0.357758
vn -0.0749114 0.0770107 0.994212
v -18.354 -0.942409 -1.44307 0.27852 0.487232 0.356931
vn -0.0793068 0.0978214 0.992039
v -18.2765 0.977982 -1.60914 0.258255 0.468898 0.354036
vn -0.0775228 0.0789107 0.993863
v -18.2573 1.07459 -1.6153 0.257503 0.468217 0.353929
vn -0.0773555 0.0752801 0.994157
v -18.3477 7.24746 -2.06595 0.202509 0.418461 0.346073
vn -0.149005 0.114635 0.982169
v -18.3377 7.49307 -2.09315 0.199191 0.415458 0.345599
vn -0.0909531 0.0768677 0.992884
v -18.2119 7.66106 -2.09379 0.199112 0.415387 0.345587
vn -0.0865008 0.0776935 0.993218
v -18.2929 10.2603 -2.29149 0.174987 0.39356 0.342141
vn -0.0816765 0.0717419 0.994073
v -18.2009 10.4079 -2.29625 0.174406 0.393034 0.342058
vn -0.0881765 0.0678852 0.993789
v -18.3744 12.7451 -2.47228 0.16 0.38 0.34
vn -0.0843885 0.0661341 0.994236
v -18.2787 12.8281 -2.46954 0.16 0.38 0.34
vn -0.0812519 0.0683975 0.994344
v -18.2955 16.9665 -2.83911 0.16 0.38 0.34
vn -0.124217 0.122484 0.984666
v -18.0105 -18.8306 0.070734 0.463251 0.65437 0.383322
vn -0.133194 0.0441607 0.990106
v -18.0778 -18.7707 0.0590086 0.46182 0.653076 0.383117
vn -0.0151738 0.111247 0.993677
v -18.0121 -17.304 0.00149505 0.454802 0.646726 0.382115
vn -0.134988 0.0456103 0.989797
v -18.0915 -15.2957 -0.242832 0.424987 0.61975 0.377855
vn -0.0875545 0.101181 0.991008
v -18.016 -8.54101 -0.829604 0.353382 0.554965 0.367626
vn -0.0720692 0.0917315 0.993172
v -18.0998 -8.31309 -0.856765 0.350068 0.551966 0.367153
vn -0.0755508 0.0842623 0.993575
v -18.1738 -8.10037 -0.881639 0.347032 0.54922 0.366719
vn -0.161625 0.0594966 0.985057
v -18.1933 -7.92123 -0.895646 0.345323 0.547673 0.366475
vn -0.0763779 0.0857323 0.993386
v -18.1506 7.04634 -2.01257 0.209023 0.424355 0.347003
vn -0.0680569 0.079891 0.994478
v -18.0402 7.66047 -2.06772 0.202294 0.418266 0.346042
vn -0.0687692 0.101507 0.992455
v -18.0509 7.94704 -2.10328 0.197955 0.41434 0.345422
vn -0.0867904 0.0739891 0.993475
v -18.0676 10.5094 -2.28962 0.175215 0.393766 0.342174
vn -0.0811955 0.067536 0.994407
v -18.1867 12.9083 -2.46699 0.16 0.38 0.34
vn -0.0822953 0.0674119 0.994325
v -18.0847 13.0372 -2.46913 0.16 0.38 0.34
vn -0.133613 0.123115 0.983357
v -18.1414 17.066 -2.8321 0.16 0.38 0.34
vn -0.124819 0.124409 0.984349
v -17.8808 -19.0732 0.0988264 0.466679 0.657472 0.383811
vn -0.0913762 0.0736159 0.993092
v -17.9893 -18.9342 0.0781591 0.464157 0.65519 0.383451
vn -0.0260396 0.113761 0.993167
v -17.9448 -17.0205 -0.00246485 0.454319 0.646288 0.382046
vn -0.0726684 0.147821 0.986341
v -17.8482 -15.6464 -0.191856 0.431207 0.625378 0.378744
vn -0.0675861 0.0895426 0.993687
v -17.9222 -15.4692 -0.210516 0.42893 0.623318 0.378419
vn -0.13929 0.0462338 0.989172
v -17.8222 -9.0691 -0.767666 0.360941 0.561803 0.368706
vn -0.0586892 0.0976211 0.993492
v -17.8946 -8.86826 -0.790868 0.358109 0.559242 0.368301
vn -0.0572251 0.0951351 0.993818
v -17.9614 -8.68908 -0.812061 0.355523 0.556902 0.367932
vn -0.0618974 0.0939629 0.99365
v -17.9764 7.79417 -2.07389 0.201541 0.417585 0.345934
vn -0.148143 0.11646 0.982085
v -17.9353 8.09257 -2.10318 0.197967 0.414351 0.345424
vn -0.088017 0.0749563 0.993295
v -17.8389 8.24715 -2.10714 0.197483 0.413914 0.345355
vn -0.0811278 0.082299 0.9933
v -17.992 10.5962 -2.28945 0.175236 0.393785 0.342177
vn -0.0847294 0.0671046 0.994142
v -17.9003 10.6976 -2.28884 0.175311 0.393853 0.342187
vn -0.0763755 0.0733512 0.994377
v -17.8057 10.8426 -2.29322 0.174776 0.393369 0.342111
vn -0.0798165 0.0700016 0.994349
v -17.947 13.1387 -2.46314 0.16 0.38 0.34
vn -0.0833837 0.0673701 0.994238
v -17.8576 13.225 -2.46182 0.16 0.38 0.34
vn -0.0869501 0.0701619 0.993739
v -17.9678 17.1552 -2.82141 0.16 0.38 0.34
vn -0.12323 0.122919 0.984736
v -17.8569 17.2927 -2.8247 0.16 0.38 0.34
vn -0.124541 0.124489 0.984374
v -17.7893 -20.366 0.322212 0.493939 0.682136 0.387706
vn -0.00907875 0.178568 0.983886
v -17.6153 -19.4438 0.150429 0.472977 0.663169 0.384711
vn -0.0439718 0.162561 0.985718
v -17.6695 -16.0188 -0.149682 0.436354 0.630034 0.379479
vn -0.0886417 0.152051 0.98439
v -17.7496 -15.8721 -0.167638 0.434162 0.628052 0.379166
vn -0.0664535 0.0807172 0.994519
v -17.7995 -15.702 -0.182379 0.432364 0.626424 0.378909
vn -0.139238 0.0458535 0.989197
v -17.6347 -9.45903 -0.715541 0.367301 0.567558 0.369614
vn -0.0419081 0.10804 0.993263
v -17.7029 -9.31854 -0.73435 0.365006 0.565482 0.369287
vn -0.0665957 0.105907 0.992144
v -17.7716 -9.17435 -0.753524 0.362666 0.563365 0.368952
vn -0.0681539 0.0966702 0.99298
v -17.617 3.06725 -1.71111 0.245812 0.457639 0.352259
vn -0.0869579 0.0509881 0.994906
v -17.7982 8.34855 -2.11319 0.196746 0.413246 0.345249
vn -0.0768429 0.0847554 0.993434
v -17.7344 8.51581 -2.12377 0.195453 0.412077 0.345065
vn -0.0800806 0.0750416 0.99396
v -17.6187 8.69695 -2.12836 0.194894 0.411571 0.344985
vn -0.0785214 0.0718631 0.994319
v -17.7351 10.9321 -2.29425 0.17465 0.393255 0.342093
vn -0.0741258 0.07358 0.994531
v -17.6528 11.0599 -2.29838 0.174146 0.392798 0.342021
vn -0.0776331 0.0705748 0.994481
v -17.7571 13.3049 -2.45826 0.16 0.38 0.34
vn -0.0769123 0.0738845 0.994297
v -17.6658 13.465 -2.46596 0.16 0.38 0.34
vn -0.132777 0.123197 0.98346
v -17.7501 17.3796 -2.82222 0.16 0.38 0.34
vn -0.127036 0.128368 0.983556
v -17.613 17.442 -2.8129 0.16 0.38 0.34
vn -0.122432 0.122863 0.984843
v -17.4788 -19.4981 0.17097 0.475483 0.665437 0.385069
vn -0.0350661 0.162215 0.986132
v -17.4249 -16.459 -0.0957305 0.442937 0.635991 0.38042
vn 0.0258556 0.127415 0.991512
v -17.4509 -16.3193 -0.105457 0.441751 0.634917 0.38025
vn -0.0343789 0.102594 0.994129
v -17.4812 -16.0509 -0.121468 0.439797 0.633149 0.379971
vn -0.139752 0.0438769 0.989214
v -17.4059 -10.0479 -0.647032 0.375662 0.575122 0.370809
vn -0.0476123 0.0902067 0.994784
v -17.4691 -9.88526 -0.665808 0.37337 0.573049 0.370481
vn -0.0361498 0.0965988 0.994667
v -17.5228 -9.71644 -0.683467 0.371215 0.5711 0.370174
vn -0.0393565 0.100711 0.994137
v -17.5352 -9.57146 -0.693276 0.370018 0.570017 0.370003
vn -0.0822707 0.102106 0.991366
v -17.5868 3.16116 -1.71607 0.245206 0.457091 0.352172
vn -0.163388 0.104796 0.98098
v -17.5516 3.28408 -1.72337 0.244316 0.456286 0.352045
vn -0.166866 0.10956 0.979874
v -17.4951 8.79458 -2.12175 0.195701 0.412301 0.3451
vn -0.145796 0.118673 0.982171
v -17.444 8.95264 -2.1334 0.194278 0.411014 0.344897
vn -0.0794175 0.0702796 0.994361
v -17.572 11.1445 -2.29744 0.174261 0.392903 0.342037
vn -0.0798612 0.0670581 0.994548
v -17.4841 11.2242 -2.29492 0.174569 0.393181 0.342081
vn -0.0842155 0.0629026 0.99446
v -17.5089 13.6279 -2.46532 0.16 0.38 0.34
vn -0.0766798 0.0746226 0.994259
v -17.5286 17.5579 -2.81694 0.16 0.38 0.34
vn -0.122638 0.123712 0.984711
v -17.433 17.6558 -2.81735 0.16 0.38 0.34
vn -0.126608 0.129482 0.983466
v -17.2945 -19.5033 0.195725 0.478504 0.66817 0.385501
vn -0.132275 0.0425361 0.9903
v -17.3355 -16.5457 -0.079367 0.444934 0.637798 0.380705
vn -0.0381578 0.14363 0.988896
v -17.271 -10.319 -0.611292 0.380023 0.579069 0.371432
vn -0.06396 0.11265 0.991574
v -17.3796 -10.1506 -0.637453 0.376831 0.57618 0.370976
vn -0.0367521 0.112603 0.99296
v -17.3976 3.38035 -1.70797 0.246194 0.457985 0.352313
vn -0.0900501 0.0479632 0.994782
v -17.2703 3.51518 -1.70131 0.247007 0.45872 0.35243
vn -0.0772631 0.0801392 0.993785
v -17.2799 9.1509 -2.13328 0.194294 0.411028 0.344899
vn -0.0796681 0.0725299 0.994179
v -17.2172 9.26508 -2.13803 0.193714 0.410503 0.344816
vn -0.0776034 0.0714289 0.994422
v -17.3593 11.3245 -2.28982 0.175191 0.393744 0.34217
vn -0.0794749 0.0644614 0.99475
v -17.2617 11.4432 -2.29092 0.175057 0.393623 0.342151
vn -0.0797834 0.0695038 0.994386
v -17.3969 13.7424 -2.46473 0.16 0.38 0.34
vn -0.0756035 0.0758219 0.994251
v -17.2689 13.9021 -2.46776 0.16 0.38 0.34
vn -0.0797444 0.0718161 0.994225
v -17.2813 17.751 -2.81048 0.16 0.38 0.34
vn -0.123365 0.125676 0.984371
v -17.1196 -19.8391 0.233073 0.483062 0.672294 0.386152
vn -0.026494 0.136656 0.990264
v -17.1686 -19.6953 0.220563 0.481535 0.670913 0.385934
vn -0.131503 0.0415783 0.990443
v -17.1887 -19.523 0.210633 0.480323 0.669816 0.38576
vn -0.13116 0.0420053 0.990471
v -17.1177 -17.6961 0.14089 0.471812 0.662116 0.384545
vn -0.080991 0.0740636 0.993959
v -17.1407 -17.5446 0.131006 0.470606 0.661025 0.384372
vn -0.0198773 0.163633 0.986321
v -17.104 -16.5612 -0.0460099 0.449005 0.641481 0.381286
vn -0.13968 0.0424267 0.989287
v -17.0203 -10.8322 -0.545356 0.388069 0.586348 0.372581
vn -0.157747 0.0483043 0.986297
v -17.081 -10.7071 -0.561244 0.38613 0.584594 0.372304
vn -0.158011 0.0489863 0.986221
v -17.1654 -10.533 -0.583476 0.383417 0.58214 0.371917
vn -0.15787 0.0498716 0.9862
v -17.0183 4.61768 -1.78199 0.237161 0.449812 0.351023
vn -0.0824656 0.0891053 0.992602
v -17.1366 9.33923 -2.13523 0.194056 0.410812 0.344865
vn -0.145722 0.121312 0.98186
v -17.0517 9.45463 -2.13694 0.193847 0.410624 0.344835
vn -0.0809377 0.066282 0.994513
v -17.1585 11.5577 -2.29076 0.175076 0.39364 0.342154
vn -0.0791541 0.0672682 0.99459
v -17.0627 11.6772 -2.29234 0.174884 0.393466 0.342126
vn -0.0831458 0.0668042 0.994296
v -17.0738 14.0599 -2.46175 0.16 0.38 0.34
vn -0.081206 0.0696075 0.994264
v -17.1166 17.8716 -2.80529 0.16 0.38 0.34
vn -0.123145 0.126186 0.984334
v -16.8119 -20.2959 0.292552 0.49032 0.678861 0.387189
vn -0.00841774 0.0922882 0.995697
v -16.8738 -20.163 0.278963 0.488662 0.67736 0.386952
vn -0.0244097 0.112764 0.993322
v -16.8427 -19.925 0.273251 0.487965 0.67673 0.386852
vn -0.130094 0.0408611 0.990659
v -16.8166 -19.7083 0.267704 0.487288 0.676117 0.386755
vn -0.0667817 0.063157 0.995767
v -16.9065 -18.523 0.205544 0.479702 0.669254 0.385672
vn -0.0768273 0.0611741 0.995166
v -16.8705 -17.1224 0.0102416 0.455869 0.647691 0.382267
vn 0.0273638 0.165341 0.985857
v -16.9583 -16.9235 -0.0102961 0.453363 0.645424 0.381909
vn -0.0210053 0.175492 0.984257
v -16.9236 -16.7824 -0.0112974 0.453241 0.645313 0.381892
vn -0.138788 0.0412156 0.989464
v -16.8316 -11.2106 -0.496988 0.393972 0.591689 0.373425
vn -0.156475 0.0470077 0.986563
v -16.8665 -11.1494 -0.505459 0.392938 0.590753 0.373277
vn -0.157545 0.0473056 0.986378
v -16.9437 -10.9519 -0.527294 0.390273 0.588343 0.372896
vn -0.157303 0.0480537 0.986381
v -16.9204 -10.6229 -0.539706 0.388759 0.586972 0.37268
vn -0.0831198 0.0877856 0.992665
v -16.9491 4.74692 -1.78525 0.236764 0.449453 0.350966
vn -0.0776808 0.0742068 0.994213
v -16.8811 4.89348 -1.7908 0.236087 0.44884 0.35087
vn -0.0770599 0.0758923 0.994134
v -16.8256 5.05784 -1.80055 0.234896 0.447763 0.350699
vn -0.0761292 0.0802471 0.993864
v -16.9609 9.56621 -2.13737 0.193794 0.410575 0.344828
vn -0.0776785 0.0691196 0.99458
v -16.8416 9.72552 -2.13965 0.193517 0.410324 0.344788
vn -0.075815 0.0703878 0.994634
v -16.9329 11.7669 -2.28548 0.17572 0.394223 0.342246
vn -0.0812187 0.0644223 0.994612
v -16.8512 11.844 -2.28379 0.175927 0.39441 0.342275
vn -0.0821402 0.0636494 0.994586
v -16.9488 14.1659 -2.4586 0.16 0.38 0.34
vn -0.0771339 0.073139 0.994334
v -16.8757 14.2645 -2.46143 0.16 0.38 0.34
vn -0.0806584 0.0720603 0.994134
v -16.9368 17.9852 -2.79741 0.16 0.38 0.34
vn -0.121365 0.124708 0.984743
v -16.871 18.1021 -2.80412 0.16 0.38 0.34
vn -0.125348 0.128823 0.983714
v -16.6941 -20.4354 0.313696 0.4929 0.681195 0.387557
vn -0.0133799 0.158299 0.987301
v -16.7773 -20.3923 0.301032 0.491355 0.679797 0.387336
vn 0.0181078 0.164856 0.986151
v -16.6331 -17.3536 0.0528087 0.461064 0.652391 0.383009
vn 0.0134377 0.172699 0.984883
v -16.6208 -17.1174 0.0449294 0.460102 0.651521 0.382872
vn -0.137706 0.04073 0.989635
v -16.6247 -11.6946 -0.4416 0.400731 0.597804 0.37439
vn 0 0 0
v -16.6831 -11.5279 -0.458519 0.398666 0.595936 0.374095
vn -0.154872 0.0468586 0.986823
v -16.7769 -11.3193 -0.483145 0.395661 0.593217 0.373666
vn -0.15538 0.046885 0.986741
v -16.7588 -11.0079 -0.495096 0.394203 0.591898 0.373458
vn -0.082708 0.0825407 0.99315
v -16.7703 5.17579 -1.8051 0.234341 0.447261 0.35062
vn -0.0790517 0.0735722 0.994152
v -16.6953 5.3213 -1.80969 0.233781 0.446755 0.35054
vn -0.0761173 0.0788729 0.993974
v -16.6381 5.47217 -1.81795 0.232774 0.445843 0.350396
vn -0.0709356 0.0761013 0.994574
v -16.7044 9.91672 -2.14343 0.193054 0.409906 0.344722
vn -0.0733838 0.0732871 0.994607
v -16.7624 11.9227 -2.28137 0.176222 0.394677 0.342317
vn -0.0783197 0.065854 0.994751
v -16.6641 12.0393 -2.28247 0.176088 0.394556 0.342298
vn -0.0786203 0.0692062 0.9945
v -16.7792 14.3945 -2.4652 0.16 0.38 0.34
vn -0.12934 0.125022 0.983687
v -16.6388 14.4849 -2.45824 0.16 0.38 0.34
vn -0.0819686 0.0713204 0.99408
v -16.7678 18.1983 -2.8036 0.16 0.38 0.34
vn -0.122253 0.12628 0.984433
v -16.6594 18.2819 -2.8009 0.16 0.38 0.34
vn -0.120695 0.124574 0.984842
v -16.5469 -20.4067 0.331823 0.495112 0.683197 0.387873
vn -0.129717 0.0402975 0.990732
v -16.4836 -17.4397 0.0770657 0.464024 0.655069 0.383432
vn -0.0309037 0.194379 0.980439
v -16.534 -16.277 0.0223019 0.457341 0.649023 0.382477
vn -0.137412 0.0423311 0.989609
v -16.4406 -12.057 -0.396272 0.406262 0.602809 0.37518
vn -0.156752 0.0423779 0.986728
v -16.534 -11.8879 -0.418521 0.403547 0.600352 0.374792
vn -0.151894 0.0460038 0.987326
v -16.5812 -11.7965 -0.43009 0.402135 0.599075 0.374591
vn 0 0 0
v -16.4144 -5.06005 -0.991319 0.333648 0.53711 0.364807
vn -0.0779356 0.0812497 0.993642
v -16.4348 -4.91006 -1.00516 0.331959 0.535582 0.364566
vn -0.0771047 0.0772807 0.994023
v -16.4445 -4.6939 -1.02179 0.32993 0.533746 0.364276
vn -0.0775402 0.0781928 0.993918
v -16.4695 -4.4831 -1.04103 0.327581 0.531621 0.36394
vn -0.0766639 0.0728839 0.99439
v -16.4805 -4.29047 -1.05669 0.325671 0.529893 0.363667
vn -0.0756182 0.0711926 0.994592
v -16.4697 -4.08339 -1.06965 0.324089 0.528461 0.363441
vn -0.0767866 0.0749588 0.994226
v -16.4703 -3.89992 -1.08319 0.322437 0.526966 0.363205
vn -0.0779821 0.0757346 0.994074
v -16.4705 -3.70161 -1.0979 0.320642 0.525343 0.362949
vn -0.0782027 0.0738979 0.994195
v -16.4692 -3.48929 -1.11362 0.318723 0.523607 0.362675
vn -0.0785685 0.0749127 0.99409
v -16.4581 -3.31049 -1.12525 0.317304 0.522323 0.362472
vn -0.0796615 0.0785803 0.99372
v -16.462 -3.10869 -1.14153 0.315318 0.520526 0.362188
vn -0.0801489 0.0718449 0.99419
v -16.443 -2.92978 -1.1521 0.314028 0.519359 0.362004
vn -0.0787003 0.0600248 0.99509
v -16.4405 -2.7049 -1.16947 0.311908 0.51744 0.361701
vn -0.0719747 0.0759508 0.99451
v -16.4297 -2.51005 -1.18319 0.310234 0.515926 0.361462
vn -0.0725267 0.0735736 0.994649
v -16.4119 -2.26812 -1.19969 0.30822 0.514104 0.361174
vn -0.0729848 0.0777991 0.994294
v -16.4127 -2.04447 -1.21836 0.305941 0.512042 0.360849
vn -0.0703614 0.0686333 0.995158
v -16.5962 5.55835 -1.8212 0.232377 0.445484 0.35034
vn -0.0716696 0.0660886 0.995237
v -16.5346 5.65745 -1.8228 0.232182 0.445307 0.350312
vn -0.0735017 0.0663431 0.995086
v -16.4488 5.80923 -1.82674 0.2317 0.444872 0.350243
vn -0.0755607 0.0669276 0.994893
v -16.5744 10.0888 -2.14603 0.192738 0.40962 0.344677
vn -0.0752092 0.0728703 0.994502
v -16.4598 10.2479 -2.14939 0.192328 0.409249 0.344618
vn -0.0787064 0.0673085 0.994623
v -16.5746 12.1168 -2.27987 0.176405 0.394842 0.342344
vn -0.0794682 0.0630805 0.99484
v -16.4716 12.2523 -2.28287 0.176038 0.394511 0.342291
vn -0.0773309 0.0749547 0.994184
v -16.5187 14.596 -2.45663 0.16 0.38 0.34
vn -0.129346 0.125903 0.983574
v -16.411 14.6628 -2.45104 0.16 0.38 0.34
vn -0.0807831 0.0705662 0.994231
v -16.57 18.3799 -2.80238 0.16 0.38 0.34
vn -0.122027 0.126431 0.984441
v -16.477 18.4879 -2.80475 0.16 0.38 0.34
vn -0.12012 0.125477 0.984798
v -16.4242 18.6289 -2.8163 0.16 0.38 0.34
vn -0.129412 0.134985 0.98236
v -16.2435 -20.6689 0.381941 0.501228 0.68873 0.388747
vn -0.129903 0.0381929 0.990791
v -16.2164 -20.433 0.376074 0.500512 0.688082 0.388645
vn -0.11768 0.109999 0.986941
v -16.303 -20.3352 0.360839 0.498653 0.6864 0.388379
vn -0.0748947 0.0864018 0.993441
v -16.3406 -17.4685 0.098073 0.466587 0.657389 0.383798
vn -0.137385 0.0396343 0.989724
v -16.2433 -12.4571 -0.347917 0.412163 0.608147 0.376023
vn -0.155768 0.0421141 0.986896
v -16.3144 -12.2695 -0.367146 0.409816 0.606024 0.375688
vn -0.155984 0.0421211 0.986861
v -16.3618 -12.1599 -0.379362 0.408326 0.604676 0.375475
vn -0.154367 0.0440633 0.987031
v -16.2174 -6.46147 -0.866659 0.34886 0.550874 0.36698
vn -0.0753137 0.077177 0.994169
v -16.2533 -6.28032 -0.884029 0.346741 0.548956 0.366677
vn 0 0 0
v -16.268 -6.12547 -0.896187 0.345257 0.547614 0.366465
vn 0 0 0
v -16.3155 -5.91491 -0.917826 0.342616 0.545224 0.366088
vn -0.075916 0.0721489 0.994501
v -16.3337 -5.66898 -0.936743 0.340308 0.543136 0.365758
vn -0.0766988 0.0754278 0.994197
v -16.3378 -5.46578 -0.950651 0.338611 0.5416 0.365516
vn -0.180216 0.06393 0.981547
v -16.3609 -5.2973 -0.965871 0.336753 0.53992 0.36525
vn -0.176853 0.0650334 0.982086
v -16.3967 -5.18153 -0.97997 0.335033 0.538363 0.365005
vn -0.0783351 0.0778067 0.993886
v -16.389 -1.91043 -1.22531 0.305094 0.511275 0.360728
vn -0.177182 0.0820569 0.980751
v -16.3896 -1.7345 -1.24031 0.303264 0.50962 0.360466
vn -0.0662315 0.0758867 0.994914
v -16.3694 -1.47583 -1.25886 0.301 0.507571 0.360143
vn -0.0658687 0.07356 0.995113
v -16.3395 -1.27232 -1.27116 0.299499 0.506213 0.359928
vn -0.0672117 0.0782758 0.994664
v -16.3384 -1.0815 -1.28779 0.297469 0.504377 0.359638
vn -0.0695545 0.0928734 0.993246
v -16.3067 -0.904536 -1.29781 0.296247 0.503271 0.359464
vn -0.0728087 0.077138 0.994358
v -16.2987 -0.726788 -1.31241 0.294465 0.501659 0.359209
vn -0.0738154 0.092527 0.99297
v -16.3156 -0.490291 -1.33707 0.291456 0.498936 0.358779
vn -0.0755049 0.0995346 0.992165
v -16.294 -0.301999 -1.35056 0.28981 0.497447 0.358544
vn -0.0789461 0.0842103 0.993316
v -16.2511 -0.0951513 -1.36213 0.288398 0.49617 0.358343
vn -0.0799111 0.0782545 0.993726
v -16.3946 5.93009 -1.8323 0.231023 0.444258 0.350146
vn -0.0615272 0.0720786 0.995499
v -16.3195 6.08747 -1.8389 0.230217 0.44353 0.350031
vn -0.0636606 0.0663002 0.995767
v -16.2012 6.26461 -1.841 0.229961 0.443298 0.349994
vn -0.160324 0.118824 0.979886
v -16.3325 10.3549 -2.14439 0.192937 0.4098 0.344705
vn -0.143425 0.124731 0.98177
v -16.2392 10.4877 -2.14774 0.192529 0.409431 0.344647
vn -0.0769886 0.0670805 0.994773
v -16.319 12.3458 -2.2737 0.177158 0.395524 0.342451
vn -0.0820752 0.0623024 0.994677
v -16.248 12.4347 -2.27527 0.176967 0.395351 0.342424
vn -0.0761127 0.0746524 0.994301
v -16.3365 14.7602 -2.45376 0.16 0.38 0.34
vn -0.128643 0.126353 0.983609
v -16.315 18.7121 -2.81359 0.16 0.38 0.34
vn -0.119867 0.125502 0.984825
v -16.2097 18.8068 -2.81287 0.16 0.38 0.34
vn -0.120568 0.126586 0.984601
v -16.0708 -20.744 0.407369 0.504331 0.691538 0.38919
vn -0.128368 0.0394256 0.990943
v -16.1302 -17.6939 0.136086 0.471226 0.661586 0.384461
vn -0.0161449 0.114545 0.993287
v -16.1577 -17.5145 0.125225 0.469901 0.660386 0.384272
vn -0.136473 0.0389657 0.989877
v -16.1199 -17.3699 0.124752 0.469843 0.660334 0.384263
vn -0.135901 0.040543 0.989892
v -16.0815 -12.7119 -0.31192 0.416556 0.612122 0.376651
vn 0 0 0
v -16.1675 -12.5772 -0.33097 0.414231 0.610018 0.376319
vn -0.151153 0.0439288 0.987534
v -16.0195 -7.4059 -0.777005 0.359801 0.560772 0.368543
vn -0.0768714 0.0898492 0.992984
v -16.0588 -7.30192 -0.789737 0.358247 0.559367 0.368321
vn -0.0737575 0.0823168 0.993873
v -16.095 -7.11593 -0.80663 0.356186 0.557501 0.368027
vn -0.0761349 0.0865487 0.993334
v -16.1469 -6.91173 -0.827532 0.353635 0.555194 0.367662
vn -0.0753502 0.0777855 0.994119
v -16.1828 -6.65892 -0.848708 0.351051 0.552856 0.367293
vn -0.0748332 0.0746947 0.994395
v -16.144 0.771997 -1.42644 0.28055 0.489069 0.357221
vn -0.0784344 0.0869904 0.993117
v -16.1419 0.856586 -1.43446 0.279571 0.488184 0.357082
vn -0.07815 0.0747026 0.994139
v -16.0328 1.22475 -1.45172 0.277464 0.486277 0.356781
vn -0.0788497 0.069995 0.994426
v -16.198 6.15784 -1.82756 0.231601 0.444782 0.350229
vn -0.0795613 0.0732959 0.994132
v -16.1626 6.35663 -1.84586 0.229367 0.442761 0.34991
vn -0.0648989 0.0612278 0.996012
v -16.0692 6.49613 -1.8477 0.229142 0.442557 0.349877
vn -0.0641722 0.085504 0.994269
v -16.0594 10.6889 -2.14739 0.192572 0.40947 0.344653
vn -0.0764695 0.0660682 0.994881
v -16.1981 12.5407 -2.28201 0.176144 0.394606 0.342306
vn -0.0791161 0.0739963 0.994115
v -16.1043 12.6553 -2.28384 0.175921 0.394404 0.342274
vn -0.0746325 0.0771257 0.994224
v -16.1466 14.8882 -2.4454 0.16 0.38 0.34
vn -0.0801314 0.0725146 0.994143
v -16.0427 15.0422 -2.45168 0.16 0.38 0.34
vn -0.128418 0.126719 0.983591
v -16.1061 18.8965 -2.81174 0.16 0.38 0.34
vn -0.132714 0.142176 0.980904
v -15.8066 -21.3296 0.464384 0.511289 0.697833 0.390184
vn -0.037562 0.129119 0.990917
v -15.8471 -21.0374 0.44784 0.50927 0.696006 0.389896
vn -0.127972 0.0382775 0.991039
v -15.8969 -20.8864 0.435518 0.507766 0.694646 0.389681
vn -0.12814 0.0389889 0.990989
v -15.9202 -17.8909 0.172655 0.475689 0.665623 0.385098
vn -0.0722906 0.121349 0.989974
v -15.8319 -13.1162 -0.256626 0.423303 0.618227 0.377615
vn -0.148979 0.0411301 0.987985
v -15.9453 -12.9385 -0.281405 0.420279 0.615491 0.377183
vn 0 0 0
v -15.8308 -7.91659 -0.716274 0.367212 0.567478 0.369602
vn -0.076322 0.0853352 0.993425
v -15.9085 -7.6572 -0.743769 0.363857 0.564442 0.369122
vn -0.0783166 0.0897315 0.992882
v -15.9926 -7.48879 -0.767698 0.360937 0.5618 0.368705
vn -0.0766174 0.0878406 0.993184
v -15.92 1.47592 -1.45704 0.276816 0.485691 0.356688
vn 0 0 0
v -15.928 6.70327 -1.85021 0.228836 0.442281 0.349834
vn -0.0837366 0.0632082 0.994481
v -15.8373 6.80023 -1.84751 0.229166 0.442579 0.349881
vn -0.0966961 0.0506303 0.994025
v -15.9047 10.8849 -2.15024 0.192223 0.409154 0.344603
vn -0.0761698 0.0637995 0.995052
v -15.9941 12.766 -2.283 0.176024 0.394497 0.342289
vn -0.0813062 0.0701598 0.994217
v -15.8665 12.8617 -2.27788 0.176648 0.395063 0.342378
vn -0.0815765 0.0703286 0.994183
v -15.9533 15.1253 -2.45078 0.16 0.38 0.34
vn -0.0749631 0.0796217 0.994002
v -15.8649 15.2037 -2.44942 0.16 0.38 0.34
vn -0.0810035 0.0756244 0.993841
v -15.9078 19.0437 -2.80656 0.16 0.38 0.34
vn -0.123459 0.132326 0.983488
v -15.7759 -21.1637 0.461928 0.510989 0.697561 0.390141
vn -0.127369 0.0384563 0.99111
v -15.6142 -18.0123 0.21926 0.481376 0.670769 0.385911
vn -0.135234 0.0373542 0.990109
v -15.7355 -17.9666 0.200921 0.479138 0.668744 0.385591
vn -0.135863 0.0386661 0.989973
v -15.6482 -13.4228 -0.216167 0.428241 0.622694 0.37832
vn -0.148979 0.0411301 0.987985
v -15.7533 -13.2791 -0.237995 0.425577 0.620284 0.37794
vn -0.148979 0.0411301 0.987985
v -15.6178 -8.4757 -0.650435 0.375246 0.574747 0.370749
vn -0.0801216 0.0965103 0.992102
v -15.6598 -8.29129 -0.667055 0.373218 0.572912 0.37046
vn -0.170262 0.0505289 0.984103
v -15.771 -8.08724 -0.696887 0.369578 0.569618 0.36994
vn -0.0773134 0.0884499 0.993076
v -15.6799 6.92216 -1.83723 0.230421 0.443714 0.35006
vn -0.102996 0.0460889 0.993613
v -15.6064 7.07792 -1.8448 0.229497 0.442878 0.349928
vn -0.158263 0.122491 0.97977
v -15.7218 11.0579 -2.14625 0.192711 0.409595 0.344673
vn -0.0789741 0.0608504 0.995018
v -15.7841 12.9857 -2.2827 0.17606 0.39453 0.342294
vn -0.0801705 0.0714756 0.994215
v -15.659 13.0753 -2.27726 0.176724 0.395131 0.342389
vn -0.0795364 0.0715831 0.994258
v -15.7754 15.3414 -2.45565 0.16 0.38 0.34
vn -0.126999 0.127002 0.983739
v -15.6583 15.4515 -2.45481 0.16 0.38 0.34
vn -0.126014 0.126631 0.983913
v -15.7683 19.1253 -2.80014 0.16 0.38 0.34
vn -0.119066 0.126883 0.984746
v -15.6642 19.2142 -2.79902 0.16 0.38 0.34
vn -0.120824 0.129668 0.984168
v -15.4425 -21.311 0.510453 0.516911 0.702919 0.390987
vn -0.12735 0.0379095 0.991133
v -15.5914 -18.1064 0.225953 0.482193 0.671508 0.386028
vn -0.0702983 0.0961239 0.992884
v -15.4156 -13.8242 -0.16515 0.434466 0.628326 0.379209
vn -0.147658 0.0392872 0.988258
v -15.4844 -13.7013 -0.180315 0.432616 0.626652 0.378945
vn -0.147658 0.0392872 0.988258
v -15.575 -13.5462 -0.200143 0.430196 0.624463 0.378599
vn 0 0 0
v -15.4352 -8.8012 -0.602847 0.381054 0.580001 0.371579
vn -0.0806857 0.0997128 0.991739
v -15.4825 -8.68602 -0.616621 0.379373 0.57848 0.371339
vn -0.171754 0.0471716 0.98401
v -15.5357 -8.57524 -0.63126 0.377586 0.576864 0.371084
vn -0.169947 0.0494074 0.984214
v -15.5684 2.56141 -1.50891 0.270485 0.479963 0.355784
vn -0.084407 0.0515255 0.995098
v -15.5214 2.69973 -1.51567 0.269661 0.479217 0.355666
vn -0.0704906 0.075266 0.994669
v -15.4578 2.90782 -1.52729 0.268242 0.477934 0.355463
vn -0.0702541 0.0753437 0.99468
v -15.5781 6.99237 -1.82956 0.231357 0.444561 0.350194
vn -0.0740015 0.0718963 0.994663
v -15.5987 7.14561 -1.85205 0.228613 0.442078 0.349802
vn -0.158094 0.122777 0.979761
v -15.4873 7.29969 -1.85352 0.228432 0.441915 0.349776
vn -0.155055 0.122294 0.980307
v -15.5969 11.1874 -2.14513 0.192848 0.409719 0.344693
vn -0.0814568 0.0606694 0.994829
v -15.4847 11.2585 -2.13829 0.193682 0.410474 0.344812
vn -0.0846963 0.0561618 0.994823
v -15.5513 13.1796 -2.2762 0.176853 0.395248 0.342408
vn -0.0809496 0.0703967 0.994229
v -15.4447 13.2872 -2.27577 0.176905 0.395295 0.342415
vn -0.0806062 0.0718733 0.994151
v -15.518 15.5465 -2.44907 0.16 0.38 0.34
vn -0.0819852 0.0758554 0.993743
v -15.4415 15.6369 -2.45099 0.16 0.38 0.34
vn -0.126758 0.128896 0.983523
v -15.4771 19.3029 -2.78788 0.16 0.38 0.34
vn -0.119349 0.128248 0.984535
v -15.2592 -21.9518 0.55804 0.522718 0.708173 0.391817
vn -0.126965 0.0349248 0.991292
v -15.3609 -21.7925 0.539111 0.520408 0.706083 0.391487
vn -0.126867 0.0372396 0.99122
v -15.2543 -21.2874 0.533652 0.519742 0.705481 0.391392
vn -0.126444 0.0373028 0.991272
v -15.2225 -19.0348 0.310193 0.492473 0.680809 0.387496
vn -0.0938133 0.120239 0.988302
v -15.3416 -18.8929 0.288992 0.489885 0.678468 0.387126
vn -0.0548436 0.0649121 0.996383
v -15.3569 -18.5166 0.273158 0.487953 0.67672 0.38685
vn -0.0783439 0.0546106 0.99543
v -15.3916 -18.3727 0.263133 0.48673 0.675613 0.386676
vn -0.134901 0.036858 0.990173
v -15.2282 -14.0402 -0.128617 0.438924 0.63236 0.379846
vn -0.152596 0.0343213 0.987692
v -15.3364 -13.921 -0.149478 0.436379 0.630057 0.379483
vn -0.150393 0.036538 0.987951
v -15.2414 -9.06879 -0.556784 0.386675 0.585087 0.372382
vn -0.084239 0.0996085 0.991454
v -15.347 -8.91403 -0.582247 0.383567 0.582275 0.371938
vn -0.166408 0.0491796 0.98483
v -15.3175 7.53468 -1.85611 0.228117 0.44163 0.349731
vn -0.0734142 0.0755478 0.994436
v -15.2267 7.70151 -1.86289 0.227289 0.440881 0.349613
vn -0.155876 0.125453 0.979778
v -15.3472 11.3544 -2.13114 0.194555 0.411264 0.344936
vn -0.0767165 0.0609244 0.99519
v -15.2782 11.4357 -2.13193 0.194458 0.411176 0.344923
vn -0.0805419 0.0646585 0.994652
v -15.3091 13.3658 -2.26768 0.177893 0.396189 0.342556
vn -0.080275 0.0701923 0.994298
v -15.2323 13.5028 -2.27528 0.176965 0.395349 0.342424
vn -0.0810913 0.070721 0.994195
v -15.3091 15.6804 -2.43965 0.16 0.38 0.34
vn -0.0840194 0.0741161 0.993704
v -15.2103 15.8063 -2.44344 0.16 0.38 0.34
vn -0.0769767 0.083063 0.993567
v -15.2602 19.5045 -2.78787 0.16 0.38 0.34
vn -0.11715 0.127327 0.984918
v -15.0839 -21.955 0.580425 0.525449 0.710645 0.392207
vn -0.125822 0.0363246 0.991388
v -15.0314 -20.5195 0.532938 0.519654 0.705402 0.391379
vn -0.10273 0.103379 0.989323
v -15.0332 -18.9467 0.332509 0.495196 0.683273 0.387885
vn -0.133253 0.0359176 0.990431
v -15.0167 -17.8546 0.294875 0.490603 0.679117 0.387229
vn -0.133347 0.0365478 0.990395
v -15.0555 -17.6638 0.282442 0.489086 0.677745 0.387012
vn -0.106926 0.0695933 0.991828
v -15.0671 -14.3242 -0.0939338 0.443157 0.636189 0.380451
vn -0.148402 0.0354375 0.988292
v -15.1624 -14.1478 -0.114711 0.440621 0.633895 0.380089
vn -0.148051 0.0365391 0.988305
v -15.0171 -9.48939 -0.499182 0.393704 0.591446 0.373386
vn -0.0743804 0.0882231 0.99332
v -15.0743 -9.33404 -0.515941 0.391659 0.589596 0.373094
vn -0.0794153 0.0935581 0.992441
v -15.1456 -9.17587 -0.535366 0.389288 0.587451 0.372755
vn -0.169146 0.0456105 0.984535
v -15.0693 3.98181 -1.58085 0.261707 0.47202 0.35453
vn -0.0728964 0.0817266 0.993985
v -15.0286 4.09983 -1.58754 0.26089 0.471282 0.354413
vn -0.0811432 0.0761371 0.99379
v -15.1383 7.79761 -1.86112 0.227505 0.441076 0.349644
vn -0.0798779 0.0689918 0.994414
v -15.0615 7.95124 -1.86872 0.226579 0.440238 0.349511
vn -0.0773573 0.0800323 0.993786
v -15.1695 11.5305 -2.1289 0.194828 0.411511 0.344975
vn -0.0747821 0.0636007 0.99517
v -15.0655 11.6243 -2.12647 0.195125 0.41178 0.345018
vn -0.0736029 0.0689428 0.994902
v -15.1074 13.5903 -2.26994 0.177617 0.395939 0.342517
vn -0.0830551 0.0693429 0.994129
v -15.1046 15.9343 -2.4467 0.16 0.38 0.34
vn -0.078461 0.0821108 0.99353
v -15.151 19.7378 -2.80506 0.16 0.38 0.34
vn -0.119309 0.128556 0.984499
v -15.0712 19.8604 -2.81145 0.16 0.38 0.34
vn -0.128706 0.138075 0.982023
v -14.9018 -21.9324 0.602675 0.528165 0.713101 0.392595
vn -0.125729 0.0368318 0.991381
v -14.9538 -20.5618 0.544533 0.521069 0.706682 0.391581
vn -0.0653238 0.118783 0.990769
v -14.86 -18.9343 0.355325 0.49798 0.685792 0.388283
vn -0.132424 0.036232 0.990531
v -14.9787 -17.6983 0.294215 0.490523 0.679044 0.387218
vn -0.0526244 0.113385 0.992157
v -14.8354 -14.6396 -0.0479731 0.448765 0.641264 0.381252
vn -0.149165 0.0341182 0.988223
v -14.9157 -14.4772 -0.0657038 0.446602 0.639306 0.380943
vn -0.148402 0.0354375 0.988292
v -14.8209 -9.8377 -0.450621 0.39963 0.596808 0.374233
vn -0.0749419 0.0867174 0.99341
v -14.8696 -9.74159 -0.463013 0.398118 0.59544 0.374017
vn -0.0771673 0.0931886 0.992654
v -14.9542 -9.59455 -0.483809 0.39558 0.593144 0.373654
vn -0.0790921 0.0960437 0.99223
v -14.9428 4.2746 -1.59309 0.260213 0.470669 0.354316
vn -0.0800959 0.0771319 0.993798
v -14.8371 4.52498 -1.60445 0.258826 0.469414 0.354118
vn -0.0806809 0.0822084 0.993344
v -14.8067 4.62138 -1.61074 0.25806 0.468721 0.354009
vn -0.0787716 0.0783362 0.99381
v -14.9684 8.08061 -1.87068 0.226338 0.44002 0.349477
vn -0.0787162 0.0782837 0.993819
v -14.8661 8.31818 -1.88546 0.224535 0.438389 0.349219
vn -0.0766551 0.0844536 0.993475
v -14.9312 11.7625 -2.1257 0.195219 0.411865 0.345031
vn -0.0774698 0.0650023 0.994873
v -14.8403 11.8467 -2.12399 0.195428 0.412053 0.345061
vn -0.0750787 0.0636366 0.995145
v -14.9378 13.6884 -2.26006 0.178823 0.39703 0.342689
vn -0.0897894 0.0651525 0.993827
v -14.846 13.8073 -2.26347 0.178406 0.396653 0.342629
vn -0.0808988 0.0750071 0.993896
v -14.9247 16.0929 -2.44458 0.16 0.38 0.34
vn -0.0830447 0.0776805 0.993514
v -14.9976 19.9153 -2.8098 0.16 0.38 0.34
vn -0.116496 0.127154 0.985018
v -14.9082 20.026 -2.81356 0.16 0.38 0.34
vn -0.129889 0.142788 0.981193
v -14.6497 -21.8963 0.633225 0.531893 0.716474 0.393128
vn -0.125302 0.0360043 0.991465
v -14.6873 -21.7888 0.624521 0.53083 0.715513 0.392976
vn -0.125338 0.0368678 0.991429
v -14.7066 -21.0875 0.596045 0.527355 0.712369 0.392479
vn -0.068042 0.0859986 0.993969
v -14.7507 -20.8661 0.582109 0.525655 0.710831 0.392236
vn -0.0585598 0.0837506 0.994765
v -14.6363 -19.6284 0.409456 0.504586 0.691768 0.389227
vn -0.0733192 0.148437 0.9862
v -14.6667 -19.5408 0.402401 0.503725 0.690989 0.389104
vn -0.0573191 0.109252 0.99236
v -14.6402 -19.2448 0.395667 0.502903 0.690246 0.388986
vn -0.132385 0.0344943 0.990598
v -14.7667 -19.0815 0.373041 0.500142 0.687748 0.388592
vn -0.132891 0.0345738 0.990527
v -14.6708 -14.8769 -0.0152455 0.452759 0.644877 0.381823
vn -0.143959 0.0364959 0.98891
v -14.7809 -14.7324 -0.0366085 0.450152 0.642519 0.38145
vn -0.143959 0.0364959 0.98891
v -14.7019 -10.0659 -0.420874 0.40326 0.600092 0.374751
vn -0.0754186 0.0864121 0.993401
v -14.7737 -9.91774 -0.439212 0.401022 0.598068 0.374432
vn -0.0769853 0.0892843 0.993026
v -14.7775 4.3656 -1.57483 0.262441 0.472685 0.354634
vn -0.10926 0.0876831 0.990138
v -14.7506 4.7382 -1.61507 0.257532 0.468243 0.353933
vn -0.0819649 0.0749112 0.993816
v -14.669 4.90596 -1.62127 0.256774 0.467558 0.353825
vn -0.0844362 0.0681608 0.994095
v -14.7376 8.53772 -1.89403 0.223489 0.437443 0.34907
vn -0.150925 0.126603 0.980405
v -14.6208 8.66433 -1.8924 0.223688 0.437623 0.349098
vn -0.0802113 0.0765587 0.993833
v -14.7382 11.9487 -2.12315 0.19553 0.412146 0.345076
vn -0.0749891 0.0680675 0.994859
v -14.6334 12.0465 -2.12141 0.195742 0.412338 0.345106
vn -0.0798041 0.0575635 0.995147
v -14.6869 13.8677 -2.25016 0.18003 0.398122 0.342861
vn -0.0839736 0.0695717 0.994036
v -14.7096 16.284 -2.44243 0.16 0.38 0.34
vn -0.0871337 0.0760774 0.993287
v -14.7387 20.1052 -2.80371 0.16 0.38 0.34
vn -0.116405 0.127267 0.985014
v -14.6387 20.2019 -2.80447 0.16 0.38 0.34
vn -0.118952 0.13163 0.984136
v -14.4728 -22.1097 0.663285 0.535561 0.719793 0.393652
vn -0.12478 0.0356411 0.991544
v -14.5679 -21.9368 0.645036 0.533334 0.717778 0.393333
vn -0.124608 0.0364767 0.991535
v -14.4837 -19.5682 0.427655 0.506807 0.693777 0.389544
vn -0.13135 0.0338353 0.990759
v -14.5508 -19.2734 0.408579 0.504479 0.691671 0.389211
vn -0.130601 0.0354638 0.990801
v -14.4684 -15.0973 0.022188 0.457327 0.64901 0.382475
vn 0 0 0
v -14.5798 -14.9883 0.00205105 0.45487 0.646787 0.382124
vn 0 0 0
v -14.4091 -10.6725 -0.347405 0.412225 0.608204 0.376032
vn -0.164202 0.0379097 0.985698
v -14.4637 -10.5004 -0.363241 0.410293 0.606456 0.375756
vn -0.162373 0.039229 0.985949
v -14.5653 -10.2975 -0.388382 0.407225 0.60368 0.375318
vn 0 0 0
v -14.5422 5.1182 -1.62527 0.256287 0.467116 0.353755
vn -0.0860623 0.0656107 0.994127
v -14.4142 5.29358 -1.6248 0.256344 0.467168 0.353763
vn -0.0842874 0.0743735 0.993662
v -14.5441 8.76786 -1.89412 0.223479 0.437433 0.349068
vn -0.075027 0.0822332 0.993785
v -14.4583 8.91092 -1.89976 0.22279 0.43681 0.34897
vn -0.0740248 0.082434 0.993844
v -14.5624 12.1463 -2.12478 0.19533 0.411965 0.345047
vn -0.0809074 0.0712626 0.994171
v -14.4219 12.2814 -2.12319 0.195525 0.412142 0.345075
vn -0.0825097 0.0700075 0.994128
v -14.5842 13.972 -2.2503 0.180013 0.398107 0.342859
vn -0.0802976 0.0763491 0.993843
v -14.4967 14.097 -2.25531 0.179402 0.397554 0.342772
vn -0.0812937 0.0761936 0.993774
v -14.5818 16.3888 -2.44009 0.16 0.38 0.34
vn -0.124247 0.130412 0.983644
v -14.4578 16.4221 -2.42883 0.16 0.38 0.34
vn -0.0869874 0.0753252 0.993358
v -14.4942 20.3077 -2.8012 0.16 0.38 0.34
vn -0.116136 0.128708 0.984859
v -14.3193 -22.2814 0.68876 0.53867 0.722606 0.394096
vn -0.123932 0.0343635 0.991696
v -14.2905 -19.5664 0.453176 0.509921 0.696595 0.389989
vn -0.130312 0.0344605 0.990874
v -14.2744 -15.337 0.0586662 0.461779 0.653038 0.383111
vn 0 0 0
v -14.2082 -11.0207 -0.300853 0.417906 0.613344 0.376844
vn -0.16001 0.0383032 0.986372
v -14.2782 -10.9176 -0.3163 0.416021 0.611638 0.376574
vn -0.163711 0.0373453 0.985801
v -14.3466 -10.7618 -0.333559 0.413915 0.609733 0.376274
vn -0.163122 0.0381738 0.985867
v -14.3349 5.46064 -1.63198 0.255467 0.466375 0.353638
vn -0.0836658 0.0837803 0.992966
v -14.252 5.65904 -1.64273 0.254156 0.465189 0.353451
vn -0.0805237 0.0686726 0.994384
v -14.3286 9.11457 -1.90682 0.221928 0.43603 0.348847
vn -0.0769689 0.078687 0.993924
v -14.2366 9.24403 -1.90996 0.221545 0.435684 0.348792
vn -0.0785224 0.0772782 0.993913
v -14.3148 12.3678 -2.11983 0.195935 0.412512 0.345134
vn -0.0853409 0.0679006 0.994035
v -14.3655 14.1779 -2.24866 0.180213 0.398288 0.342888
vn -0.0779131 0.0766962 0.994006
v -14.2609 14.3086 -2.25231 0.179768 0.397885 0.342824
vn -0.0833567 0.0731033 0.993835
v -14.3102 16.4955 -2.41997 0.16 0.38 0.34
vn -0.0837219 0.0756195 0.993616
v -14.2405 16.6013 -2.42525 0.16 0.38 0.34
vn -0.124012 0.1308 0.983622
v -14.291 20.4983 -2.80218 0.16 0.38 0.34
vn -0.122381 0.13672 0.983021
v -14.0965 -19.8196 0.487302 0.514085 0.700363 0.390584
vn -0.068977 0.137707 0.988068
v -14.1748 -19.7215 0.4737 0.512426 0.698861 0.390347
vn -0.130946 0.0332262 0.990833
v -14.0135 -15.6348 0.106374 0.4676 0.658305 0.383943
vn -0.0416965 0.104665 0.993633
v -14.1044 -15.5226 0.0895511 0.465548 0.656448 0.38365
vn 0 0 0
v -14.0279 -11.2935 -0.261181 0.422747 0.617724 0.377535
vn -0.159664 0.0378982 0.986444
v -14.135 -11.159 -0.283692 0.42 0.615238 0.377143
vn -0.159664 0.0378982 0.986444
v -14.17 5.77487 -1.64328 0.254088 0.465127 0.353441
vn -0.166578 0.123829 0.978222
v -14.1113 5.90755 -1.65018 0.253246 0.464366 0.353321
vn -0.0728491 0.069593 0.994912
v -14.0211 6.05243 -1.65333 0.252862 0.464018 0.353266
vn -0.0731713 0.0675931 0.995026
v -14.156 9.34455 -1.91107 0.22141 0.435562 0.348773
vn -0.0797418 0.0756648 0.99394
v -14.0782 9.44306 -1.91241 0.221247 0.435414 0.34875
vn -0.0840465 0.0722203 0.993841
v -14.1921 12.3991 -2.10689 0.197514 0.413942 0.345359
vn -0.0773352 0.0602914 0.99518
v -14.079 12.4924 -2.10375 0.197897 0.414288 0.345414
vn -0.0758278 0.061327 0.995233
v -14.0602 14.4516 -2.24498 0.180662 0.398694 0.342952
vn -0.0789732 0.0752998 0.994029
v -14.1221 16.7103 -2.42488 0.16 0.38 0.34
vn -0.122483 0.129773 0.98395
v -14.1356 20.5968 -2.79682 0.16 0.38 0.34
vn -0.115341 0.128457 0.984985
v -14.0729 20.6683 -2.79885 0.16 0.38 0.34
vn -0.117117 0.131126 0.984423
v -13.9114 -22.0877 0.732842 0.544049 0.727473 0.394864
vn -0.124091 0.0354991 0.991636
v -13.8846 -21.8872 0.72904 0.543585 0.727053 0.394798
vn -0.0674498 0.091989 0.993473
v -13.9136 -20.0523 0.519009 0.517955 0.703864 0.391136
vn -0.043598 0.109798 0.992997
v -13.9331 -19.8164 0.508675 0.516694 0.702723 0.390956
vn -0.12976 0.0330026 0.990996
v -13.9403 -15.7371 0.120212 0.469289 0.659833 0.384184
vn -0.0533938 0.113514 0.992101
v -13.8736 -11.4813 -0.229263 0.426642 0.621248 0.378092
vn 0 0 0
v -13.8094 -2.00835 -0.95767 0.337754 0.540825 0.365393
vn -0.187643 0.0804108 0.97894
v -13.8063 -1.32982 -1.01444 0.330827 0.534558 0.364404
vn -0.190667 0.0854785 0.977926
v -13.9435 6.14151 -1.65156 0.253079 0.464214 0.353297
vn -0.16625 0.125308 0.978089
v -13.8529 6.31791 -1.65906 0.252163 0.463386 0.353166
vn -0.0711697 0.0739662 0.994718
v -13.9947 9.54121 -1.91288 0.221189 0.435361 0.348741
vn -0.0745257 0.0834645 0.99372
v -13.8733 9.72174 -1.91891 0.220453 0.434696 0.348636
vn -0.0809441 0.0632185 0.994712
v -13.9845 12.5995 -2.10515 0.197726 0.414133 0.345389
vn -0.0884746 0.065652 0.993912
v -13.9001 12.6598 -2.10162 0.198157 0.414523 0.345451
vn -0.0757644 0.0632519 0.995118
v -13.891 14.5987 -2.24252 0.180963 0.398966 0.342995
vn -0.0814147 0.0754313 0.993822
v -13.9731 16.7862 -2.41635 0.16 0.38 0.34
vn -0.0812082 0.0775379 0.993677
v -13.865 16.8456 -2.41077 0.160431 0.38039 0.340062
vn -0.0888399 0.0708719 0.993521
v -13.9682 20.7601 -2.79866 0.16 0.38 0.34
vn -0.136869 0.155702 0.978276
v -13.8609 20.8482 -2.79769 0.16 0.38 0.34
vn -0.146004 0.168899 0.974759
v -13.7364 -22.1081 0.755378 0.546799 0.729961 0.395257
vn -0.123514 0.0348531 0.991731
v -13.7336 -20.1618 0.546114 0.521262 0.706856 0.391609
vn -0.0804684 0.0723185 0.99413
v -13.7347 -15.9396 0.156249 0.473687 0.663812 0.384812
vn -0.058603 0.116616 0.991447
v -13.6319 -11.8683 -0.176806 0.433044 0.62704 0.379006
vn 0 0 0
v -13.7269 -11.7447 -0.196356 0.430658 0.624881 0.378665
vn 0 0 0
v -13.6249 -4.43515 -0.744372 0.363783 0.564375 0.369112
vn -0.190189 0.0623539 0.979765
v -13.6372 -4.30687 -0.755048 0.36248 0.563197 0.368926
vn -0.0570045 0.0805551 0.995119
v -13.6454 -4.12847 -0.768401 0.360851 0.561722 0.368693
vn -0.0557804 0.0765739 0.995502
v -13.6671 -3.92729 -0.786121 0.358689 0.559766 0.368384
vn -0.0565558 0.0809596 0.995112
v -13.6941 -3.68734 -0.807866 0.356035 0.557365 0.368005
vn -0.0573543 0.0837949 0.994831
v -13.7227 -3.47164 -0.828619 0.353502 0.555074 0.367643
vn -0.0583039 0.0845818 0.994709
v -13.74 -3.27107 -0.846443 0.351327 0.553106 0.367332
vn -0.0579102 0.0848163 0.994712
v -13.7511 -3.09555 -0.86146 0.349495 0.551448 0.367071
vn -0.0580411 0.085539 0.994643
v -13.7796 -2.91983 -0.880142 0.347215 0.549385 0.366745
vn -0.0588524 0.0834012 0.994777
v -13.7755 -2.69804 -0.896233 0.345251 0.547608 0.366464
vn -0.0571663 0.0830665 0.994903
v -13.7824 -2.50104 -0.912889 0.343219 0.545769 0.366174
vn -0.055921 0.0840759 0.994889
v -13.7877 -2.26065 -0.932983 0.340767 0.543551 0.365824
vn -0.0558205 0.0822671 0.995046
v -13.7973 -2.10908 -0.947084 0.339046 0.541994 0.365578
vn -0.0569224 0.0841334 0.994827
v -13.7979 -1.88609 -0.965507 0.336798 0.53996 0.365257
vn -0.0570794 0.0803995 0.995127
v -13.7915 -1.70679 -0.979252 0.335121 0.538442 0.365017
vn -0.0570776 0.0781855 0.995304
v -13.7894 -1.5058 -0.995932 0.333085 0.536601 0.364726
vn -0.0572276 0.0872162 0.994544
v -13.7871 -1.3027 -1.01306 0.330995 0.534709 0.364428
vn -0.0569403 0.0806788 0.995112
v -13.7686 -1.05213 -1.03152 0.328742 0.532672 0.364106
vn -0.0555277 0.0773115 0.995459
v -13.7405 -0.851643 -1.04404 0.327214 0.531289 0.363888
vn -0.052016 0.0824479 0.995237
v -13.7159 -0.676405 -1.05522 0.325851 0.530055 0.363693
vn -0.0496743 0.0711071 0.996231
v -13.6914 -0.503699 -1.06643 0.324482 0.528817 0.363497
vn -0.0490129 0.0806635 0.995536
v -13.6903 -0.315765 -1.08387 0.322354 0.526892 0.363193
vn -0.0510968 0.0811651 0.99539
v -13.7123 6.51137 -1.6605 0.251988 0.463227 0.353141
vn -0.0791423 0.0669002 0.994616
v -13.6886 9.90117 -1.9153 0.220894 0.435095 0.348699
vn -0.080036 0.0680032 0.99447
v -13.6136 10.0021 -1.9178 0.220589 0.434818 0.348656
vn -0.0718442 0.0715801 0.994844
v -13.7957 12.7517 -2.09968 0.198394 0.414737 0.345485
vn -0.0778699 0.0637533 0.994923
v -13.6435 12.8724 -2.09516 0.198945 0.415236 0.345564
vn -0.0770405 0.063615 0.994996
v -13.7317 14.702 -2.23558 0.18181 0.399732 0.343116
vn -0.0846242 0.0710502 0.993877
v -13.6187 14.8003 -2.23412 0.181988 0.399894 0.343141
vn -0.0841128 0.0752335 0.993612
v -13.7255 16.9266 -2.40422 0.161231 0.381114 0.340176
vn -0.0845997 0.073396 0.993708
v -13.6276 17.0015 -2.40208 0.161492 0.38135 0.340213
vn -0.0906385 0.0723726 0.993251
v -13.7339 20.9444 -2.79556 0.16 0.38 0.34
vn -0.138478 0.161366 0.977131
v -13.5025 -23.5959 0.83586 0.55662 0.738847 0.39666
vn -0.12321 0.033779 0.991806
v -13.4865 -23.1396 0.82224 0.554958 0.737343 0.396423
vn -0.122232 0.034012 0.991919
v -13.4378 -22.252 0.797525 0.551942 0.734614 0.395992
vn -0.0928077 0.0982832 0.990821
v -13.5606 -22.1886 0.780086 0.549814 0.732689 0.395688
vn -0.0827954 0.0816177 0.993219
v -13.436 -16.2649 0.208931 0.480116 0.669628 0.385731
vn -0.0531406 0.11312 0.992159
v -13.5144 -16.1232 0.193543 0.478238 0.667929 0.385463
vn -0.142562 0.0286168 0.989372
v -13.4549 -12.1452 -0.139299 0.437621 0.631181 0.37966
vn 0 0 0
v -13.5663 -11.9555 -0.163337 0.434687 0.628527 0.379241
vn 0 0 0
v -13.4122 -5.64991 -0.630732 0.377651 0.576922 0.371093
vn -0.187674 0.0539119 0.980751
v -13.435 -5.5211 -0.642315 0.376237 0.575643 0.370891
vn -0.0635192 0.0923102 0.993702
v -13.4829 -5.30512 -0.663864 0.373608 0.573264 0.370515
vn -0.0602193 0.0759973 0.995288
v -13.4925 -5.11195 -0.677025 0.372002 0.571811 0.370286
vn -0.0595736 0.0827221 0.99479
v -13.5488 -4.90251 -0.700452 0.369143 0.569224 0.369878
vn -0.0601852 0.0850033 0.994561
v -13.5747 -4.68583 -0.71881 0.366903 0.567198 0.369558
vn -0.0585033 0.0828648 0.994842
v -13.598 -4.53406 -0.732849 0.365189 0.565648 0.369313
vn -0.0586603 0.0883506 0.994361
v -13.5978 0.541752 -1.1497 0.31432 0.519623 0.362046
vn -0.0519582 0.08202 0.995275
v -13.5732 6.68554 -1.65993 0.252057 0.46329 0.353151
vn -0.0854628 0.0596548 0.994554
v -13.4512 6.81129 -1.65605 0.252531 0.463718 0.353219
vn -0.0875001 0.075417 0.993306
v -13.526 10.1145 -1.92008 0.220311 0.434567 0.348616
vn -0.0727048 0.0709849 0.994824
v -13.4356 10.2227 -1.92139 0.220151 0.434422 0.348593
vn -0.077198 0.0675959 0.994722
v -13.5272 12.9716 -2.09275 0.19924 0.415503 0.345606
vn -0.0787891 0.0682839 0.99455
v -13.4349 13.0327 -2.08847 0.199762 0.415975 0.34568
vn -0.0765523 0.0602982 0.995241
v -13.4895 14.898 -2.23052 0.182427 0.400291 0.343204
vn -0.0838151 0.073427 0.993772
v -13.5092 17.1058 -2.40137 0.161579 0.381428 0.340226
vn -0.0807088 0.0807521 0.993461
v -13.4965 21.1252 -2.79181 0.16 0.38 0.34
vn -0.128054 0.148317 0.980614
v -13.2088 -23.9055 0.882138 0.562268 0.743956 0.397467
vn -0.120717 0.0333163 0.992128
v -13.3287 -23.4932 0.853636 0.55879 0.74081 0.39697
vn -0.120671 0.0338151 0.992116
v -13.2729 -22.3233 0.820403 0.554734 0.73714 0.396391
vn -0.0969503 0.100066 0.990246
v -13.2256 -20.7283 0.62996 0.531494 0.716114 0.393071
vn -0.0528558 0.102842 0.993292
v -13.2444 -20.4718 0.619506 0.530218 0.714959 0.392888
vn -0.128322 0.0313041 0.991238
v -13.2252 -16.4055 0.243176 0.484294 0.673409 0.386328
vn -0.139141 0.0290017 0.989848
v -13.3488 -16.3352 0.223467 0.481889 0.671233 0.385984
vn -0.141839 0.0282518 0.989486
v -13.2322 -12.4629 -0.0937929 0.443174 0.636205 0.380453
vn 0 0 0
v -13.3429 -12.3104 -0.116163 0.440444 0.633735 0.380063
vn 0 0 0
v -13.2235 -6.25019 -0.562775 0.385944 0.584425 0.372278
vn -0.0595229 0.0892962 0.994225
v -13.2713 -6.08793 -0.58026 0.38381 0.582495 0.371973
vn -0.0590173 0.0830619 0.994795
v -13.3272 -5.89078 -0.601357 0.381235 0.580165 0.371605
vn -0.0618748 0.0877609 0.994218
v -13.3697 -5.74324 -0.617474 0.379269 0.578386 0.371324
vn -0.0634047 0.0896781 0.993951
v -13.3361 6.95389 -1.65578 0.252563 0.463748 0.353223
vn -0.0909335 0.0735925 0.993134
v -13.2325 7.08894 -1.6566 0.252463 0.463657 0.353209
vn -0.0874032 0.0767937 0.993209
v -13.3118 10.3443 -1.91965 0.220362 0.434614 0.348623
vn -0.0806991 0.0656418 0.994575
v -13.2327 10.4226 -1.91869 0.22048 0.43472 0.34864
vn -0.0783235 0.057156 0.995288
v -13.3275 13.1454 -2.08928 0.199663 0.415885 0.345666
vn -0.0757228 0.0675944 0.994835
v -13.2112 13.2541 -2.0884 0.19977 0.415983 0.345681
vn -0.07672 0.070586 0.994551
v -13.2845 15.0947 -2.23069 0.182406 0.400272 0.343201
vn -0.0838022 0.0752808 0.993635
v -13.2968 17.2669 -2.39677 0.16214 0.381936 0.340306
vn -0.0898122 0.0769035 0.992985
v -13.2911 21.2795 -2.78842 0.16 0.38 0.34
vn -0.11712 0.134889 0.983915
v -13.0951 -24.0678 0.901351 0.564612 0.746078 0.397802
vn -0.120609 0.0312428 0.992208
v -13.1423 -22.3661 0.837984 0.556879 0.739081 0.396697
vn -0.133054 0.0772902 0.988091
v -13.0333 -20.7493 0.655324 0.534589 0.718914 0.393513
vn -0.127251 0.0309553 0.991387
v -13.0114 -19.6014 0.622044 0.530528 0.71524 0.392933
vn -0.129246 0.032166 0.991091
v -13.0653 -19.4665 0.610701 0.529144 0.713987 0.392735
vn -0.0587171 0.100513 0.993202
v -13.072 -16.668 0.272253 0.487843 0.67662 0.386835
vn -0.0518558 0.102949 0.993334
v -13.184 -16.5237 0.252337 0.485412 0.674421 0.386487
vn -0.0514745 0.109443 0.992659
v -13.0511 -12.718 -0.0574776 0.447605 0.640214 0.381086
vn -0.153024 0.0301228 0.987763
v -13.1592 -12.5647 -0.0791237 0.444964 0.637825 0.380709
vn 0 0 0
v -13.0476 -6.82756 -0.50119 0.393459 0.591225 0.373351
vn -0.057683 0.0887335 0.994384
v -13.0953 -6.68069 -0.517158 0.39151 0.589462 0.373073
vn -0.0578498 0.0872223 0.994508
v -13.1451 -6.50566 -0.53509 0.389322 0.587482 0.37276
vn -0.0573954 0.0842054 0.994794
v -13.1833 -6.38474 -0.548335 0.387706 0.586019 0.372529
vn -0.0593512 0.088929 0.994268
v -13.162 2.08376 -1.2301 0.304509 0.510746 0.360644
vn -0.0536946 0.075129 0.995727
v -13.163 7.16246 -1.65491 0.252669 0.463844 0.353238
vn -0.0974192 0.0802121 0.992006
v -13.0964 7.30974 -1.66388 0.251575 0.462853 0.353082
vn -0.0766579 0.089817 0.993004
v -13.0155 7.46958 -1.67232 0.250544 0.461921 0.352935
vn -0.0782502 0.0797038 0.993743
v -13.1 10.5171 -1.91201 0.221295 0.435457 0.348756
vn -0.0820008 0.0642936 0.994556
v -13.1154 13.3511 -2.08879 0.199723 0.41594 0.345675
vn -0.0740627 0.0802466 0.99402
v -13.0187 13.4014 -2.08259 0.200479 0.416624 0.345783
vn -0.0775695 0.0643748 0.994906
v -13.1465 15.1634 -2.22219 0.183443 0.40121 0.343349
vn -0.0840259 0.0749949 0.993637
v -13.0534 15.2559 -2.22284 0.183364 0.401139 0.343338
vn -0.0810193 0.0770306 0.993731
v -13.1847 17.3464 -2.39366 0.162519 0.382279 0.34036
vn -0.0903829 0.0790788 0.992763
v -13.0765 17.4378 -2.39272 0.162634 0.382383 0.340376
vn -0.0852558 0.0845031 0.992769
v -13.1202 21.385 -2.78265 0.16 0.38 0.34
vn -0.111786 0.129178 0.9853
v -13.0519 21.4594 -2.78465 0.16 0.38 0.34
vn -0.112946 0.130429 0.985003
v -12.9394 -21.0848 0.677631 0.537311 0.721377 0.393902
vn -0.047839 0.106775 0.993132
v -12.9478 -20.8454 0.669252 0.536289 0.720452 0.393756
vn -0.281792 0.00890211 0.959434
v -12.8978 -19.7175 0.640482 0.532778 0.717275 0.393254
vn -0.135832 0.0701744 0.988244
v -12.8912 -16.8677 0.303277 0.491629 0.680045 0.387376
vn -0.051145 0.107922 0.992843
v -12.8254 -13.0163 -0.0134106 0.452983 0.64508 0.381855
vn -0.153024 0.0301228 0.987763
v -12.9332 -12.9024 -0.0335775 0.450522 0.642853 0.381503
vn -0.153024 0.0301228 0.987763
v -12.8321 -7.40678 -0.434764 0.401565 0.598559 0.374509
vn -0.0605454 0.0952266 0.993613
v -12.876 -7.29843 -0.447652 0.399992 0.597136 0.374285
vn -0.0584178 0.0906616 0.994167
v -12.9385 -7.09737 -0.468283 0.397475 0.594858 0.373925
vn -0.0580082 0.0921411 0.994055
v -12.9977 -6.94565 -0.486307 0.395275 0.592868 0.373611
vn -0.0594515 0.0971297 0.993495
v -12.9211 7.57691 -1.67142 0.250655 0.462021 0.352951
vn -0.16307 0.135201 0.977307
v -12.845 7.72629 -1.67955 0.249662 0.461123 0.352809
vn -0.0761856 0.0846826 0.993491
v -12.9235 10.6703 -1.9072 0.221883 0.435989 0.34884
vn -0.0789447 0.0638874 0.99483
v -12.9464 13.5341 -2.09127 0.19942 0.415665 0.345631
vn -0.0802947 0.0726629 0.994119
v -12.8013 13.6294 -2.08493 0.200193 0.416365 0.345742
vn -0.0865669 0.0695848 0.993813
v -12.9119 15.3486 -2.21733 0.184037 0.401748 0.343434
vn -0.0850221 0.0750205 0.993551
v -12.8642 15.4083 -2.21941 0.183783 0.401518 0.343398
vn -0.0877749 0.0727308 0.993482
v -12.9025 17.5763 -2.3901 0.162953 0.382672 0.340422
vn -0.0882611 0.0824294 0.992681
v -12.8039 17.64 -2.38667 0.163372 0.383051 0.340482
vn -0.120186 0.134013 0.983664
v -12.9526 21.5635 -2.78706 0.16 0.38 0.34
vn -0.119892 0.13883 0.983032
v -12.8056 21.6787 -2.78552 0.16 0.38 0.34
vn -0.114307 0.134167 0.984344
v -12.7721 -24.162 0.943514 0.569757 0.750733 0.398537
vn -0.119843 0.031289 0.9923
v -12.7139 -23.7005 0.935329 0.568759 0.749829 0.398394
vn -0.120209 0.0331306 0.992196
v -12.6894 -21.3218 0.716593 0.542066 0.725679 0.394581
vn -0.145513 0.114689 0.982686
v -12.6576 -17.0694 0.341492 0.496292 0.684264 0.388042
vn -0.140908 0.0238641 0.989735
v -12.7527 -16.9577 0.325204 0.494304 0.682466 0.387758
vn -0.138045 0.0286722 0.990011
v -12.6707 -13.2143 0.0161965 0.456596 0.648349 0.382371
vn 0 0 0
v -12.7484 -13.1156 0.0013867 0.454789 0.646714 0.382113
vn 0 0 0
v -12.6317 -7.82456 -0.380262 0.408216 0.604576 0.375459
vn -0.0617163 0.0992127 0.993151
v -12.6939 -7.71339 -0.396264 0.406263 0.602809 0.37518
vn -0.063222 0.101271 0.992848
v -12.77 -7.54898 -0.417179 0.403711 0.6005 0.374816
vn -0.0602118 0.0952904 0.993627
v -12.7733 3.34991 -1.30467 0.29541 0.502513 0.359344
vn -0.0598782 0.0737856 0.995475
v -12.6976 3.50492 -1.30938 0.294835 0.501993 0.359262
vn -0.0718237 0.0690843 0.995022
v -12.6516 3.62069 -1.31503 0.294145 0.50137 0.359164
vn -0.0943051 0.0859314 0.991828
v -12.7478 7.91304 -1.68959 0.248437 0.460015 0.352634
vn -0.0745806 0.0830458 0.993751
v -12.667 8.01201 -1.69017 0.248367 0.459951 0.352624
vn -0.0828994 0.0742134 0.993791
v -12.7869 10.7875 -1.90342 0.222343 0.436406 0.348906
vn -0.080684 0.072623 0.994091
v -12.7097 10.8817 -1.90535 0.222108 0.436193 0.348873
vn -0.0745328 0.0604379 0.995385
v -12.6696 13.692 -2.0759 0.201295 0.417362 0.345899
vn -0.0827585 0.0637504 0.994528
v -12.7321 15.4498 -2.20816 0.185156 0.40276 0.343594
vn -0.0928684 0.0689307 0.993289
v -12.6862 17.687 -2.3787 0.164345 0.383931 0.340621
vn -0.083261 0.0849797 0.992898
v -12.6427 21.7625 -2.77802 0.16 0.38 0.34
vn -0.112734 0.131472 0.984889
v -12.4333 -23.7635 0.971256 0.573143 0.753796 0.39902
vn -0.119373 0.0324101 0.99232
v -12.4952 -23.5099 0.955451 0.571214 0.752051 0.398745
vn -0.0597908 0.0414926 0.997348
v -12.4895 -21.427 0.745028 0.545536 0.728818 0.395077
vn -0.122973 0.0339838 0.991828
v -12.4711 -17.2988 0.37344 0.500191 0.687792 0.388599
vn -0.040478 0.114546 0.992593
v -12.5584 -17.1651 0.357865 0.49829 0.686072 0.388327
vn -0.136969 0.0261998 0.990229
v -12.4688 -13.4463 0.0537066 0.461173 0.65249 0.383025
vn -0.154478 0.0237462 0.987711
v -12.5724 -13.3284 0.0345539 0.458836 0.650376 0.382691
vn -0.149155 0.0295581 0.988372
v -12.4303 -8.29113 -0.325333 0.414919 0.610641 0.376417
vn -0.0587055 0.0876563 0.994419
v -12.5021 -8.0908 -0.346009 0.412396 0.608358 0.376057
vn -0.059938 0.094253 0.993742
v -12.5811 -7.94541 -0.366144 0.409939 0.606135 0.375706
vn -0.0614541 0.0965105 0.993433
v -12.5857 3.72552 -1.31568 0.294066 0.501298 0.359152
vn -0.0535998 0.0710743 0.99603
v -12.5208 3.91209 -1.32697 0.292688 0.500051 0.358955
vn -0.0528771 0.0714389 0.996042
v -12.4268 4.12981 -1.3371 0.291452 0.498933 0.358779
vn -0.0516322 0.0738898 0.995929
v -12.5715 8.1005 -1.68695 0.24876 0.460307 0.35268
vn -0.0879613 0.0708127 0.993604
v -12.4529 8.24244 -1.68764 0.248675 0.46023 0.352668
vn -0.0774199 0.0810052 0.993702
v -12.5857 10.9806 -1.90107 0.22263 0.436665 0.348947
vn -0.0788965 0.0645894 0.994788
v -12.464 11.0826 -1.89772 0.223039 0.437036 0.349006
vn -0.0811705 0.0615801 0.994796
v -12.5417 13.7579 -2.06792 0.202269 0.418243 0.346038
vn -0.0850988 0.0641019 0.994308
v -12.5213 15.5439 -2.19416 0.186864 0.404305 0.343838
vn -0.09088 0.0712864 0.993307
v -12.5081 17.8517 -2.37944 0.164254 0.383849 0.340608
vn -0.119486 0.133993 0.983753
v -12.4753 21.8381 -2.76899 0.16 0.38 0.34
vn -0.112444 0.131526 0.984915
v -12.2123 -24.2935 1.01495 0.578475 0.75862 0.399782
vn -0.118239 0.0319683 0.99247
v -12.2361 -24.1474 1.00739 0.577552 0.757785 0.39965
vn -0.118435 0.0320921 0.992443
v -12.202 -23.91 1.00379 0.577113 0.757388 0.399588
vn -0.0580651 0.0762902 0.995394
v -12.2543 -23.7262 0.991547 0.575619 0.756036 0.399374
vn -0.0616294 0.10409 0.992657
v -12.3284 -22.0613 0.927384 0.567789 0.748952 0.398256
vn -0.03113 0.101712 0.994327
v -12.2965 -21.5165 0.771974 0.548824 0.731793 0.395546
vn -0.0423145 0.0410788 0.998259
v -12.2245 -17.502 0.412767 0.50499 0.692134 0.389284
vn -0.137222 0.0241709 0.990245
v -12.3346 -17.381 0.394509 0.502762 0.690118 0.388966
vn -0.137209 0.0253273 0.990218
v -12.287 -13.6756 0.0875389 0.465302 0.656226 0.383615
vn -0.156365 0.0216834 0.987461
v -12.3782 -13.5312 0.0699228 0.463152 0.654281 0.383307
vn -0.154478 0.0237462 0.987711
v -12.2344 -8.67076 -0.276198 0.420915 0.616066 0.377274
vn -0.0594364 0.0950519 0.993696
v -12.3107 -8.51946 -0.295304 0.418583 0.613956 0.37694
vn -0.0610288 0.0966962 0.993441
v -12.3774 -8.39414 -0.311907 0.416557 0.612123 0.376651
vn -0.0610337 0.0959306 0.993515
v -12.3539 4.3359 -1.35009 0.289867 0.497499 0.358552
vn -0.0717849 0.078432 0.994332
v -12.2783 4.49238 -1.3564 0.289097 0.496802 0.358442
vn -0.0734878 0.0713506 0.99474
v -12.2059 4.60666 -1.35795 0.288908 0.496631 0.358415
vn -0.0582472 0.0597855 0.99651
v -12.3831 8.33005 -1.68872 0.248544 0.460111 0.352649
vn -0.157527 0.139439 0.977621
v -12.2929 8.50664 -1.69937 0.247244 0.458935 0.352463
vn -0.080338 0.0771911 0.993774
v -12.3294 11.1704 -1.8905 0.22392 0.437833 0.349131
vn -0.0796506 0.0727947 0.994161
v -12.2429 11.2609 -1.89085 0.223878 0.437794 0.349125
vn -0.0763389 0.0651327 0.994952
v -12.3005 13.9006 -2.05569 0.203762 0.419594 0.346252
vn -0.0803739 0.0646773 0.994664
v -12.2869 15.6368 -2.17715 0.18894 0.406184 0.344134
vn -0.095899 0.0697997 0.992941
v -12.331 17.9505 -2.37143 0.165232 0.384734 0.340747
vn -0.0825936 0.0841512 0.993024
v -12.226 18.084 -2.37696 0.164557 0.384123 0.340651
vn -0.119117 0.134489 0.98373
v -12.2856 21.9328 -2.76004 0.16 0.38 0.34
vn -0.111236 0.13125 0.985089
v -12.0286 -24.7311 1.0508 0.582849 0.762578 0.400407
vn -0.119601 0.0305221 0.992353
v -12.1479 -24.4638 1.02809 0.580078 0.760071 0.400011
vn -0.118344 0.0316279 0.992469
v -12.0526 -21.9156 0.814065 0.553961 0.736441 0.39628
vn 0.270285 0.132795 0.953578
v -12.0577 -21.7625 0.809044 0.553348 0.735886 0.396193
vn -0.00873833 0.0990946 0.99504
v -12.0774 -21.5551 0.800606 0.552318 0.734955 0.396045
vn -0.149508 -0.127325 0.980528
v -12.1944 -21.3719 0.920381 0.566934 0.748179 0.398133
vn -0.319391 -0.0601113 0.945715
v -12.1148 -17.6033 0.430401 0.507142 0.694081 0.389592
vn -0.136985 0.0229906 0.990306
v -12.1991 -17.5931 0.418484 0.505688 0.692765 0.389384
vn -0.0521912 0.12169 0.991195
v -12.1025 -13.8895 0.12099 0.469384 0.659919 0.384198
vn 0 0 0
v -12.0369 -9.03561 -0.228552 0.426729 0.621326 0.378104
vn -0.177697 0.0297903 0.983634
v -12.1017 -8.90344 -0.244464 0.424787 0.61957 0.377827
vn -0.0618729 0.100736 0.992987
v -12.0034 -2.32462 -0.828205 0.353553 0.555119 0.36765
vn -0.0575222 0.0824699 0.994932
v -12.0042 -2.10334 -0.84559 0.351431 0.5532 0.367347
vn -0.0579655 0.0824411 0.994909
v -12.0074 -1.93685 -0.859588 0.349723 0.551654 0.367103
vn -0.0572741 0.0789331 0.995233
v -12.0126 -1.27546 -0.916208 0.342814 0.545403 0.366116
vn -0.0567647 0.0858778 0.994687
v -12.007 -1.05574 -0.934412 0.340592 0.543393 0.365799
vn -0.0548903 0.0855876 0.994817
v -12.0188 -0.722973 -0.967274 0.336582 0.539765 0.365226
vn -0.0518098 0.0822712 0.995262
v -12.0023 -0.557923 -0.979145 0.335134 0.538454 0.365019
vn -0.0506682 0.0797623 0.995525
v -12.1237 4.75605 -1.36252 0.28835 0.496127 0.358336
vn -0.0588279 0.0586491 0.996544
v -12.0439 4.88215 -1.3646 0.288096 0.495897 0.358299
vn -0.0608513 0.0547688 0.996643
v -12.0708 8.72708 -1.69519 0.247753 0.459396 0.352536
vn -0.0833485 0.0744167 0.993738
v -12.1525 11.3455 -1.88985 0.224 0.437904 0.349143
vn -0.079507 0.0612646 0.99495
v -12.0226 11.4356 -1.88396 0.224719 0.438555 0.349246
vn -0.0810868 0.0613272 0.994819
v -12.1131 14.0543 -2.05241 0.204162 0.419956 0.346309
vn -0.076678 0.0701847 0.994583
v -12.0627 15.7324 -2.16197 0.190792 0.40786 0.344399
vn -0.0960648 0.0697452 0.992929
v -12.1172 18.1396 -2.37146 0.165228 0.38473 0.340747
vn -0.118632 0.135772 0.983612
v -12.1195 22.1517 -2.7705 0.16 0.38 0.34
vn -0.114362 0.137582 0.983866
v -11.8687 -25.0289 1.07913 0.586306 0.765706 0.400901
vn -0.120114 0.0297173 0.992315
v -11.8924 -24.8629 1.0711 0.585327 0.764819 0.400761
vn -0.117334 0.0313189 0.992599
v -11.9429 -24.7591 1.06184 0.584196 0.763797 0.400599
vn -0.117412 0.031789 0.992574
v -11.8733 -22.1068 0.841789 0.557344 0.739502 0.396763
vn 0.123448 0.247897 0.960889
v -11.9967 -21.9872 0.823066 0.555059 0.737434 0.396437
vn 0.0439735 0.18364 0.982009
v -11.8197 -17.8638 0.477101 0.512841 0.699237 0.390406
vn -0.052392 0.117278 0.991716
v -11.9005 -17.7103 0.462467 0.511055 0.697621 0.390151
vn -0.136167 0.0230179 0.990418
v -11.9403 -17.4965 0.451987 0.509776 0.696464 0.389968
vn -0.135642 0.0246044 0.990452
v -11.8849 -14.1139 0.159335 0.474063 0.664153 0.384866
vn 0 0 0
v -11.8606 -9.32378 -0.188167 0.431657 0.625785 0.378808
vn -0.0577202 0.093159 0.993977
v -11.9615 -9.12835 -0.212121 0.428734 0.62314 0.378391
vn -0.0612667 0.098837 0.993216
v -11.8277 -4.04605 -0.673232 0.372464 0.57223 0.370352
vn -0.0572136 0.0836097 0.994855
v -11.8405 -3.91291 -0.683997 0.371151 0.571041 0.370164
vn -0.0560835 0.0782227 0.995357
v -11.8593 -3.71913 -0.70002 0.369196 0.569272 0.369885
vn -0.0568363 0.0804471 0.995137
v -11.8844 -3.47969 -0.720718 0.36667 0.566987 0.369524
vn -0.057707 0.0820609 0.994955
v -11.9024 -3.25673 -0.739348 0.364396 0.56493 0.369199
vn -0.0586224 0.0832984 0.994799
v -11.9256 -3.09594 -0.755278 0.362452 0.563171 0.368922
vn -0.0586349 0.0874563 0.994441
v -11.9475 -2.93053 -0.771536 0.360468 0.561376 0.368638
vn -0.0574936 0.0836345 0.994837
v -11.9617 -2.6893 -0.791922 0.357981 0.559125 0.368283
vn -0.058029 0.0853405 0.994661
v -11.9888 -2.48915 -0.812575 0.35546 0.556845 0.367923
vn -0.0576659 0.0887262 0.994385
v -11.9746 -2.21224 -0.830688 0.35325 0.554845 0.367607
vn -0.207586 0.0758777 0.97527
v -11.9965 -1.71606 -0.875265 0.34781 0.549923 0.36683
vn -0.0572922 0.0793579 0.995198
v -11.9943 -1.50618 -0.892404 0.345719 0.548031 0.366531
vn -0.0580857 0.0902621 0.994223
v -11.9869 -1.39541 -0.900247 0.344762 0.547165 0.366395
vn -0.207812 0.0850328 0.974466
v -11.9932 -0.891252 -0.946264 0.339146 0.542085 0.365592
vn -0.210452 0.0894834 0.9735
v -11.9173 0.120533 -1.02726 0.329262 0.533141 0.36418
vn -0.0514178 0.0797966 0.995484
v -11.8959 5.0963 -1.36623 0.287897 0.495716 0.358271
vn -0.0639042 0.0491188 0.996747
v -11.9098 8.8864 -1.69244 0.248089 0.4597 0.352584
vn -0.0865562 0.0709959 0.993714
v -11.8562 11.5552 -1.87718 0.225546 0.439303 0.349364
vn -0.0818859 0.0627877 0.994662
v -11.9729 14.1571 -2.04838 0.204654 0.420401 0.346379
vn -0.0852098 0.0630397 0.994367
v -11.8577 14.2629 -2.04817 0.204679 0.420424 0.346383
vn -0.0875319 0.0736036 0.993439
v -11.9114 15.8106 -2.15373 0.191797 0.408769 0.344542
vn -0.0840308 0.0778191 0.99342
v -11.9493 18.1783 -2.35658 0.167044 0.386374 0.341006
vn -0.0857926 0.0800853 0.993089
v -11.8466 18.2425 -2.35307 0.167472 0.38676 0.341067
vn -0.0814451 0.0824346 0.993263
v -11.981 22.1886 -2.75976 0.16 0.38 0.34
vn -0.111113 0.131394 0.985084
v -11.8566 22.251 -2.75408 0.16 0.38 0.34
vn -0.111859 0.134225 0.984617
v -11.6999 -22.3133 0.869051 0.560671 0.742511 0.397239
vn 0.0488632 0.0487411 0.997616
v -11.6908 -22.1381 0.865291 0.560212 0.742096 0.397173
vn -0.12275 0.0283782 0.992032
v -11.6856 -18.0501 0.499651 0.515592 0.701726 0.390799
vn -0.0388199 0.111833 0.992969
v -11.7417 -17.9419 0.489557 0.514361 0.700612 0.390623
vn -0.133496 0.0239074 0.990761
v -11.6023 -14.4391 0.209084 0.480134 0.669645 0.385733
vn -0.148751 0.0202359 0.988668
v -11.7027 -14.3143 0.191334 0.477968 0.667686 0.385424
vn -0.146364 0.0228847 0.988966
v -11.6295 -9.6984 -0.136554 0.437956 0.631484 0.379708
vn -0.0576188 0.099914 0.993326
v -11.7403 -9.53813 -0.160593 0.435022 0.62883 0.379289
vn -0.0568433 0.0947967 0.993872
v -11.6396 -4.9081 -0.585655 0.383151 0.581899 0.371879
vn -0.0603186 0.0848478 0.994566
v -11.6899 -4.68936 -0.607691 0.380462 0.579466 0.371495
vn -0.0594074 0.0883321 0.994318
v -11.7301 -4.48184 -0.627474 0.378048 0.577282 0.37115
vn -0.058687 0.0829914 0.994821
v -11.77 -4.29947 -0.646193 0.375764 0.575215 0.370823
vn -0.0587311 0.0891136 0.994288
v -11.7374 5.3157 -1.36716 0.287783 0.495614 0.358255
vn -0.0662417 0.0635901 0.995775
v -11.6417 5.48311 -1.37284 0.287091 0.494987 0.358156
vn -0.0772568 0.0753187 0.994162
v -11.7108 9.09623 -1.6914 0.248217 0.459815 0.352602
vn -0.0802834 0.0758261 0.993884
v -11.7142 11.6395 -1.86891 0.226555 0.440217 0.349508
vn -0.0849907 0.0654342 0.994231
v -11.6983 14.3693 -2.04231 0.205394 0.421071 0.346485
vn -0.0978435 0.0639433 0.993145
v -11.7366 15.9153 -2.14633 0.192701 0.409587 0.344672
vn -0.076388 0.0756013 0.994208
v -11.6529 16.0139 -2.14963 0.192298 0.409222 0.344614
vn -0.0859595 0.0843399 0.992722
v -11.7155 18.3294 -2.34933 0.167928 0.387173 0.341133
vn -0.078328 0.0860347 0.993208
v -11.6856 22.3146 -2.74336 0.16 0.38 0.34
vn -0.110657 0.131467 0.985125
v -11.5716 -24.6528 1.10235 0.58914 0.768269 0.401306
vn -0.0923226 0.107195 0.989942
v -11.5223 -22.525 0.896775 0.564054 0.745573 0.397722
vn -0.068656 0.100678 0.992547
v -11.4818 -22.1079 0.890273 0.56326 0.744855 0.397609
vn -0.121333 0.0280338 0.992216
v -11.522 -18.1662 0.524482 0.518623 0.704468 0.391232
vn -0.132911 0.0235769 0.990848
v -11.4554 -14.6059 0.234503 0.483236 0.672452 0.386177
vn -0.148017 0.0197535 0.988787
v -11.5141 -14.5203 0.224013 0.481956 0.671294 0.385994
vn -0.147427 0.0208718 0.988853
v -11.4199 -10.0442 -0.0907945 0.44354 0.636536 0.380506
vn -0.0596056 0.101452 0.993053
v -11.5276 -9.86585 -0.1142 0.440684 0.633952 0.380098
vn -0.0560001 0.0978648 0.993623
v -11.4295 -5.71253 -0.503663 0.393157 0.590952 0.373308
vn -0.0584088 0.0838994 0.994761
v -11.4778 -5.46533 -0.524748 0.390584 0.588624 0.372941
vn -0.0593123 0.0817107 0.99489
v -11.5228 -5.2913 -0.542249 0.388448 0.586691 0.372635
vn -0.0615485 0.0868023 0.994322
v -11.5683 -5.11557 -0.560281 0.386248 0.5847 0.372321
vn -0.063607 0.092893 0.993642
v -11.5684 5.59627 -1.37529 0.286792 0.494716 0.358113
vn -0.0903702 0.0720844 0.993296
v -11.4736 5.71094 -1.37418 0.286927 0.494838 0.358132
vn -0.0808884 0.0596695 0.994935
v -11.5345 9.30257 -1.69388 0.247914 0.459541 0.352559
vn -0.0811172 0.073293 0.994006
v -11.426 9.43096 -1.69581 0.247678 0.459328 0.352525
vn -0.0802711 0.0724686 0.994135
v -11.5946 11.7554 -1.86866 0.226585 0.440243 0.349512
vn -0.0786271 0.0663507 0.994694
v -11.4715 11.8492 -1.86478 0.227059 0.440672 0.34958
vn -0.0782581 0.0642312 0.994862
v -11.5102 14.3766 -2.01864 0.208283 0.423685 0.346898
vn -0.0831247 0.0577971 0.994862
v -11.503 16.1251 -2.14647 0.192684 0.409571 0.344669
vn -0.0758345 0.0822891 0.993719
v -11.5196 18.4986 -2.34926 0.167937 0.387181 0.341134
vn -0.0772231 0.0865237 0.993252
v -11.5569 22.3684 -2.73613 0.16 0.38 0.34
vn -0.109934 0.131809 0.98516
v -11.4409 22.4417 -2.73299 0.16 0.38 0.34
vn -0.111192 0.134302 0.984682
v -11.2714 -22.5013 0.926899 0.56773 0.748898 0.398247
vn -0.121511 0.0270624 0.992221
v -11.2604 -18.4555 0.566041 0.523694 0.709057 0.391956
vn -0.0540874 0.125225 0.990653
v -11.3643 -18.3515 0.549833 0.521716 0.707267 0.391674
vn -0.0399423 0.10939 0.993196
v -11.2226 -14.8603 0.27411 0.488069 0.676825 0.386867
vn 0 0 0
v -11.3376 -14.738 0.254679 0.485698 0.674679 0.386528
vn -0.144239 0.022402 0.989289
v -11.2886 -10.2786 -0.0623442 0.447012 0.639677 0.381002
vn -0.0579575 0.0938385 0.993899
v -11.3583 -10.1477 -0.0775352 0.445158 0.638 0.380737
vn -0.056949 0.0948698 0.993859
v -11.2489 -6.33852 -0.441014 0.400802 0.597869 0.3744
vn -0.0583796 0.0925906 0.993991
v -11.3095 -6.13152 -0.461447 0.398309 0.595613 0.374044
vn -0.0567446 0.0836203 0.994881
v -11.3703 -5.90235 -0.483307 0.395641 0.593199 0.373663
vn -0.0580237 0.0851717 0.994675
v -11.2143 2.6668 -1.16906 0.311958 0.517486 0.361708
vn -0.0549847 0.0722951 0.995867
v -11.3138 5.89957 -1.37201 0.287192 0.495079 0.35817
vn -0.0802586 0.0620783 0.994839
v -11.3325 9.50947 -1.69282 0.248043 0.459658 0.352578
vn -0.0873722 0.0670235 0.993918
v -11.2083 9.60904 -1.68824 0.248602 0.460164 0.352657
vn -0.0917432 0.0705514 0.99328
v -11.3506 11.9474 -1.86197 0.227402 0.440983 0.349629
vn -0.0808327 0.0637672 0.994686
v -11.2464 12.0152 -1.85713 0.227992 0.441516 0.349713
vn -0.082231 0.0635958 0.994582
v -11.292 14.4887 -2.00614 0.209809 0.425065 0.347116
vn -0.0876242 0.0593209 0.994386
v -11.2904 16.3344 -2.14945 0.19232 0.409242 0.344617
vn -0.0744459 0.0860249 0.993508
v -11.2886 18.6761 -2.34635 0.168292 0.387503 0.341185
vn -0.0827176 0.0822311 0.993175
v -11.2775 22.5293 -2.72652 0.16 0.38 0.34
vn -0.114786 0.142403 0.98313
v -11.0465 -22.6281 0.957761 0.571496 0.752306 0.398785
vn -0.12059 0.0266426 0.992345
v -11.1298 -22.5186 0.944676 0.569899 0.750861 0.398557
vn -0.120597 0.0278391 0.992311
v -11.0163 -18.6145 0.602076 0.528091 0.713035 0.392584
vn -0.0611348 0.130331 0.989584
v -11.125 -18.517 0.585521 0.526071 0.711207 0.392296
vn -0.131763 0.0226853 0.991022
v -11.0536 -15.0524 0.302603 0.491546 0.679971 0.387364
vn -0.148955 0.0138564 0.988747
v -11.1399 -14.9607 0.288207 0.48979 0.678381 0.387113
vn 0 0 0
v -11.036 -10.6379 -0.0108232 0.453299 0.645366 0.3819
vn -0.0685445 0.106502 0.991947
v -11.1478 -10.5104 -0.0327847 0.450619 0.642941 0.381517
vn -0.0625254 0.0984595 0.993175
v -11.0211 -6.88046 -0.375589 0.408786 0.605092 0.375541
vn -0.0612677 0.0984065 0.993258
v -11.097 -6.69617 -0.397139 0.406156 0.602713 0.375165
vn -0.0599769 0.094199 0.993745
v -11.1737 -6.51502 -0.419119 0.403474 0.600286 0.374782
vn -0.058585 0.0922749 0.994009
v -11.1738 2.7476 -1.17093 0.31173 0.517279 0.361676
vn -0.0566652 0.0680791 0.996069
v -11.1218 2.89986 -1.17972 0.310657 0.516308 0.361522
vn -0.0538388 0.0699269 0.996098
v -11.0473 3.1252 -1.19375 0.308946 0.51476 0.361278
vn -0.0504062 0.0743118 0.99596
v -11.1108 6.10482 -1.36492 0.288057 0.495861 0.358294
vn -0.0603312 0.0523078 0.996807
v -11.0358 6.26826 -1.37522 0.2868 0.494724 0.358114
vn -0.176547 0.142351 0.973944
v -11.0804 9.7197 -1.68492 0.249007 0.46053 0.352715
vn -0.0909954 0.0834197 0.992351
v -11.0823 12.1357 -1.85171 0.228653 0.442115 0.349808
vn -0.079264 0.0639222 0.994802
v -11.1493 14.5568 -1.99733 0.210884 0.426037 0.347269
vn -0.0689516 0.0613537 0.995732
v -11.0377 14.666 -1.99859 0.21073 0.425899 0.347247
vn -0.0723949 0.066671 0.995145
v -11.071 16.5362 -2.15078 0.192158 0.409096 0.344594
vn -0.0800813 0.0807793 0.99351
v -11.1216 18.7516 -2.33706 0.169427 0.388529 0.341347
vn -0.0833141 0.0814461 0.993189
v -11.0367 18.8386 -2.3391 0.169177 0.388303 0.341311
vn -0.115445 0.135804 0.983987
v -11.1392 22.5584 -2.71501 0.16 0.38 0.34
vn -0.109742 0.132161 0.985135
v -11.0185 22.638 -2.71233 0.16 0.38 0.34
vn -0.108673 0.132038 0.98527
v -10.9192 -22.8376 0.978809 0.574064 0.75463 0.399152
vn -0.0626697 0.0909301 0.993883
v -10.8891 -22.7721 0.980711 0.574297 0.75484 0.399185
vn -0.120073 0.0266057 0.992409
v -10.8649 -18.7166 0.624315 0.530805 0.71549 0.392972
vn -0.132711 0.0187414 0.990978
v -10.8658 -15.2659 0.333891 0.495365 0.683425 0.387909
vn -0.14654 0.0156784 0.98908
v -10.9512 -15.15 0.319395 0.493596 0.681825 0.387657
vn -0.14654 0.0156784 0.98908
v -10.8415 -10.8862 0.0273639 0.457959 0.649582 0.382566
vn -0.169302 0.0184145 0.985392
v -10.9202 -10.7467 0.01123 0.45599 0.6478 0.382284
vn -0.0610168 0.100052 0.99311
v -10.8447 -7.24645 -0.328784 0.414498 0.61026 0.376357
vn -0.0613145 0.0988787 0.993209
v -10.9114 -7.10321 -0.346451 0.412342 0.608309 0.376049
vn -0.0600069 0.0963524 0.993537
v -10.9634 3.32199 -1.20255 0.307872 0.513789 0.361125
vn -0.0538815 0.0681487 0.996219
v -10.8744 3.52267 -1.21127 0.306808 0.512826 0.360973
vn -0.0527272 0.0732492 0.995919
v -10.844 3.61732 -1.21794 0.305993 0.512089 0.360856
vn -0.0512675 0.0767059 0.995735
v -10.9343 6.37463 -1.37265 0.287114 0.495008 0.358159
vn -0.055639 0.0562839 0.996863
v -10.841 6.49561 -1.37388 0.286963 0.494872 0.358138
vn -0.0572963 0.052866 0.996957
v -10.9161 9.92066 -1.68986 0.248405 0.459985 0.352629
vn -0.0830144 0.0696665 0.99411
v -10.8584 12.2993 -1.84447 0.229538 0.442915 0.349934
vn -0.077413 0.0655628 0.994841
v -10.9241 14.7729 -1.99932 0.210641 0.425818 0.347234
vn -0.0775314 0.074212 0.994224
v -10.8432 14.8314 -1.99734 0.210882 0.426036 0.347269
vn -0.0726144 0.0697889 0.994915
v -10.8673 16.6601 -2.14323 0.193079 0.409928 0.344726
vn -0.0816369 0.0785868 0.993559
v -10.8931 18.9219 -2.33379 0.169825 0.38889 0.341404
vn -0.115653 0.13724 0.983763
v -10.8691 22.7441 -2.71008 0.16 0.38 0.34
vn -0.11698 0.147965 0.98205
v -10.6928 -22.8582 1.00672 0.577471 0.757712 0.399639
vn -0.119766 0.0258384 0.992466
v -10.682 -18.9076 0.652338 0.534225 0.718584 0.393461
vn -0.13196 0.0180577 0.99109
v -10.7448 -18.7984 0.641897 0.532951 0.717432 0.393279
vn -0.129619 0.0209916 0.991342
v -10.7028 -15.4183 0.360209 0.498576 0.686331 0.388368
vn 0 0 0
v -10.7956 -15.3307 0.345236 0.496749 0.684678 0.388107
vn -0.143242 0.0181658 0.989521
v -10.6691 -11.0992 0.0604797 0.462 0.653238 0.383143
vn -0.0581788 0.099796 0.993306
v -10.768 -10.979 0.0415976 0.459696 0.651153 0.382814
vn -0.0581404 0.0979537 0.993491
v -10.6358 -7.66179 -0.27589 0.420952 0.6161 0.377279
vn -0.0599163 0.0931866 0.993844
v -10.7358 -7.45798 -0.301074 0.417879 0.613319 0.37684
vn -0.0593515 0.0927501 0.993919
v -10.7794 -7.3545 -0.312612 0.416471 0.612045 0.376639
vn -0.203742 0.0232486 0.978748
v -10.7786 3.7528 -1.22319 0.305352 0.511509 0.360765
vn -0.0575476 0.0628081 0.996365
v -10.7044 3.89806 -1.22824 0.304737 0.510952 0.360677
vn -0.0589759 0.0585401 0.996541
v -10.6082 4.05607 -1.23087 0.304416 0.510662 0.360631
vn -0.0599181 0.0584308 0.996492
v -10.6779 6.68474 -1.3731 0.287058 0.494958 0.358151
vn -0.0548044 0.0535309 0.997061
v -10.6857 10.0731 -1.67749 0.249913 0.46135 0.352845
vn -0.0946402 0.0822534 0.992108
v -10.7689 12.3662 -1.84192 0.229849 0.443197 0.349978
vn -0.0759596 0.0682944 0.994769
v -10.652 12.4653 -1.84042 0.230031 0.443362 0.350004
vn -0.0793214 0.0611236 0.994973
v -10.6661 14.9401 -1.99033 0.211737 0.42681 0.347391
vn -0.0743561 0.0658809 0.995053
v -10.7261 16.7509 -2.13878 0.193623 0.41042 0.344803
vn -0.0778756 0.0760462 0.994059
v -10.6447 16.8235 -2.13916 0.193576 0.410378 0.344797
vn -0.0749995 0.0825196 0.993763
v -10.7789 18.9504 -2.32438 0.170974 0.389929 0.341568
vn -0.0784527 0.0831017 0.993448
v -10.6876 19.0479 -2.32724 0.170624 0.389612 0.341518
vn -0.0776555 0.0847439 0.993372
v -10.7027 22.8259 -2.70272 0.16 0.38 0.34
vn -0.111444 0.138893 0.984017
v -10.4759 -22.9034 1.03402 0.580802 0.760725 0.400115
vn -0.118832 0.025591 0.992585
v -10.5115 -18.9756 0.676141 0.53713 0.721212 0.393876
vn -0.129553 0.0202172 0.991366
v -10.4782 -15.6427 0.396264 0.502976 0.690312 0.388997
vn -0.142942 0.0143096 0.989628
v -10.5847 -15.5254 0.379072 0.500878 0.688413 0.388697
vn -0.14062 0.0174819 0.989909
v -10.5059 -11.3056 0.0914249 0.465776 0.656655 0.383682
vn -0.061779 0.105036 0.992548
v -10.4283 -8.03806 -0.226191 0.427017 0.621587 0.378145
vn -0.188324 0.0243111 0.981806
v -10.5162 -7.91376 -0.246243 0.42457 0.619373 0.377796
vn -0.0605805 0.0957232 0.993563
v -10.5577 4.15271 -1.23435 0.303991 0.510277 0.36057
vn -0.0624746 0.052363 0.996672
v -10.4918 4.24093 -1.23362 0.30408 0.510358 0.360583
vn -0.0635364 0.0502831 0.996712
v -10.5344 6.86782 -1.37533 0.286786 0.494711 0.358112
vn -0.0546046 0.0530711 0.997097
v -10.5711 10.1934 -1.67837 0.249807 0.461254 0.35283
vn -0.0843625 0.0661031 0.99424
v -10.4775 10.2574 -1.6739 0.250352 0.461747 0.352907
vn -0.0880498 0.0780907 0.99305
v -10.4928 12.5614 -1.83266 0.230979 0.444219 0.35014
vn -0.0838953 0.0667805 0.994234
v -10.4394 12.643 -1.83759 0.230377 0.443674 0.350054
vn -0.0773334 0.0575325 0.995344
v -10.4567 15.0867 -1.98487 0.212404 0.427413 0.347486
vn -0.0707297 0.0676273 0.9952
v -10.4965 16.9416 -2.13791 0.193728 0.410516 0.344818
vn -0.0808108 0.0804008 0.993481
v -10.5623 19.152 -2.32712 0.170639 0.389625 0.34152
vn -0.0831517 0.082814 0.99309
v -10.4352 19.2536 -2.3265 0.170715 0.389695 0.341531
vn -0.114202 0.13839 0.983771
v -10.5331 22.9012 -2.6942 0.16 0.38 0.34
vn -0.111563 0.140496 0.983776
v -10.3449 -23.3095 1.06017 0.583992 0.763612 0.40057
vn -0.100887 0.124604 0.987064
v -10.3741 -23.0895 1.05103 0.582878 0.762604 0.400411
vn -0.118985 0.0255179 0.992568
v -10.2334 -19.2129 0.717017 0.542118 0.725726 0.394588
vn -0.129277 0.0181156 0.991443
v -10.3252 -19.1288 0.703463 0.540464 0.724229 0.394352
vn -0.129509 0.0190267 0.991396
v -10.2386 -15.8518 0.433786 0.507555 0.694454 0.389651
vn -0.143171 0.012413 0.98962
v -10.3378 -15.7475 0.41807 0.505637 0.692719 0.389377
vn -0.142942 0.0143096 0.989628
v -10.2049 -11.6699 0.147009 0.472559 0.662792 0.384651
vn -0.162239 0.0140849 0.986651
v -10.3112 -11.5194 0.127228 0.470145 0.660608 0.384306
vn -0.0599103 0.103405 0.992833
v -10.2929 -8.29129 -0.194623 0.43087 0.625072 0.378696
vn -0.0582895 0.0946147 0.993806
v -10.3843 -8.1436 -0.215364 0.428338 0.622782 0.378334
vn -0.0622314 0.100847 0.992954
v -10.399 4.38834 -1.23617 0.303769 0.510077 0.360538
vn -0.0625619 0.0505095 0.996762
v -10.3153 4.50078 -1.23571 0.303824 0.510127 0.360546
vn -0.0584687 0.0607081 0.996442
v -10.244 4.6457 -1.24275 0.302966 0.50935 0.360424
vn -0.0582264 0.0595677 0.996525
v -10.348 7.09671 -1.37748 0.286524 0.494474 0.358075
vn -0.0535741 0.0556847 0.99701
v -10.2454 7.24046 -1.38168 0.286012 0.494011 0.358002
vn -0.0473918 0.0647544 0.996775
v -10.3621 10.3392 -1.66897 0.250954 0.462292 0.352993
vn -0.105413 0.08195 0.991046
v -10.2679 10.4416 -1.67055 0.250761 0.462117 0.352966
vn -0.0838042 0.0673102 0.994206
v -10.3126 12.6965 -1.82808 0.231537 0.444724 0.35022
vn -0.0795682 0.0709051 0.994304
v -10.3653 15.1694 -1.98529 0.212353 0.427367 0.347479
vn -0.0669391 0.078862 0.994636
v -10.2729 15.2482 -1.98506 0.212381 0.427393 0.347483
vn -0.0663285 0.0732778 0.995103
v -10.3113 17.0253 -2.12737 0.195015 0.41168 0.345002
vn -0.0860297 0.0767196 0.993334
v -10.2688 19.2911 -2.31246 0.172428 0.391244 0.341775
vn -0.0906537 0.0803451 0.992636
v -10.3472 22.9407 -2.6791 0.16 0.38 0.34
vn -0.107952 0.13198 0.985357
v -10.2388 23.0382 -2.68044 0.16 0.38 0.34
vn -0.10954 0.136794 0.984524
v -10.0811 -23.0661 1.0854 0.587072 0.766399 0.40101
vn -0.118246 0.0253902 0.99266
v -10.0144 -22.1848 1.07078 0.585288 0.764784 0.400755
vn -0.0883062 0.076587 0.993145
v -10.1301 -19.2587 0.7313 0.543861 0.727303 0.394837
vn -0.128676 0.0174523 0.991533
v -10.0503 -16.0245 0.462998 0.51112 0.69768 0.39016
vn -0.141894 0.0122365 0.989806
v -10.1524 -15.9502 0.44745 0.509222 0.695963 0.389889
vn -0.141894 0.0122365 0.989806
v -10.0487 -11.8493 0.1751 0.475987 0.665893 0.385141
vn -0.162622 0.0114234 0.986622
v -10.1365 -11.7303 0.159118 0.474037 0.664129 0.384862
vn -0.0634589 0.106198 0.992318
v -10.024 -8.805 -0.134041 0.438262 0.631761 0.379752
vn -0.0557574 0.0964777 0.993772
v -10.0781 -8.70763 -0.145881 0.436818 0.630454 0.379545
vn -0.055219 0.0938483 0.994054
v -10.1511 -8.54926 -0.16249 0.434791 0.62862 0.379256
vn -0.0555145 0.0908194 0.994319
v -10.1789 4.7345 -1.2429 0.302947 0.509333 0.360421
vn -0.0627159 0.0526344 0.996643
v -10.0812 4.87626 -1.24468 0.30273 0.509136 0.36039
vn -0.0626081 0.0494305 0.996813
v -10.1628 7.3593 -1.38574 0.285517 0.493563 0.357931
vn -0.0517764 0.0613314 0.996774
v -10.0592 7.5006 -1.38984 0.285016 0.49311 0.357859
vn -0.0564254 0.058559 0.996688
v -10.123 10.5284 -1.66214 0.251787 0.463045 0.353112
vn -0.0910729 0.0734897 0.993129
v -10.0164 10.6143 -1.65952 0.252107 0.463335 0.353158
vn -0.0821189 0.0800421 0.993403
v -10.0949 12.8501 -1.82141 0.232351 0.445461 0.350336
vn -0.0797861 0.0636454 0.994778
v -10.0897 15.4376 -1.98966 0.211819 0.426884 0.347403
vn -0.0752294 0.0798392 0.993965
v -10.101 17.0707 -2.10842 0.197327 0.413772 0.345332
vn -0.0699743 0.0775134 0.994533
v -10.0345 17.2508 -2.12623 0.195154 0.411806 0.345022
vn -0.0797668 0.0842776 0.993244
v -10.0929 19.3481 -2.30011 0.173935 0.392608 0.341991
vn -0.094482 0.0750743 0.992692
v -10.111 23.0931 -2.67391 0.16 0.38 0.34
vn -0.10827 0.134939 0.984921
v -9.86188 -23.5039 1.1224 0.591587 0.770483 0.401655
vn -0.0305449 0.187054 0.981875
v -9.92885 -23.3395 1.11037 0.590119 0.769156 0.401446
vn -0.117707 0.0248938 0.992736
v -9.94868 -22.9888 1.09918 0.588754 0.76792 0.401251
vn -0.118144 0.0252574 0.992675
v -9.82328 -19.5329 0.775854 0.549298 0.732222 0.395614
vn -0.128659 0.0166244 0.99155
v -9.8016 -19.3476 0.775426 0.549246 0.732175 0.395607
vn -0.127862 0.0173292 0.991641
v -9.84125 -16.2779 0.495777 0.51512 0.701299 0.390731
vn -0.139505 0.01172 0.990152
v -9.94986 -16.1356 0.478682 0.513033 0.699411 0.390433
vn -0.140087 0.0121925 0.990064
v -9.84788 -12.0695 0.210507 0.480308 0.669802 0.385758
vn -0.0569739 0.0955757 0.99379
v -9.93459 -11.9404 0.194907 0.478404 0.66808 0.385486
vn -0.0614173 0.102796 0.992805
v -9.85355 -9.03541 -0.0984492 0.442606 0.635691 0.380372
vn -0.0629272 0.104014 0.992583
v -9.96235 -8.90191 -0.120906 0.439865 0.633211 0.379981
vn -0.060131 0.102384 0.992926
v -9.99338 4.99982 -1.24589 0.302582 0.509003 0.360369
vn -0.0675167 0.0404099 0.996899
v -9.88296 5.12325 -1.24292 0.302945 0.509331 0.360421
vn -0.0813825 0.0755374 0.993816
v -9.89476 7.69602 -1.39229 0.284717 0.492839 0.357817
vn -0.0579912 0.0580202 0.99663
v -9.90543 10.7307 -1.66117 0.251906 0.463153 0.353129
vn -0.0785826 0.0694275 0.994487
v -9.95099 12.9671 -1.81952 0.232582 0.44567 0.350369
vn -0.0689088 0.061376 0.995733
v -9.83535 13.0185 -1.81158 0.233551 0.446546 0.350507
vn -0.0815489 0.0624628 0.99471
v -9.89787 15.5545 -1.98271 0.212668 0.427652 0.347524
vn -0.0719269 0.0699017 0.994957
v -9.86487 17.3666 -2.12251 0.195608 0.412216 0.345087
vn -0.0678343 0.0845726 0.994106
v -9.91255 19.4754 -2.29718 0.174292 0.392931 0.342042
vn -0.112908 0.138155 0.983954
v -9.94822 23.1779 -2.66766 0.16 0.38 0.34
vn -0.107488 0.134345 0.985088
v -9.84193 23.2654 -2.66799 0.16 0.38 0.34
vn -0.110477 0.139355 0.984061
v -9.69932 -23.6503 1.14517 0.594366 0.772998 0.402052
vn 0.0423967 0.193738 0.980137
v -9.74566 -23.5452 1.13713 0.593384 0.772109 0.401912
vn -0.116381 0.0246698 0.992898
v -9.68827 -22.6538 1.12163 0.591494 0.770399 0.401642
vn -0.116822 0.0248748 0.992841
v -9.62154 -19.7016 0.804608 0.552807 0.735396 0.396115
vn -0.12618 0.0171723 0.991859
v -9.73032 -19.5972 0.788904 0.55089 0.733663 0.395841
vn -0.127014 0.0171488 0.991753
v -9.74845 -19.125 0.778388 0.549607 0.732501 0.395658
vn -0.125236 0.0179227 0.991965
v -9.76283 -18.992 0.77418 0.549093 0.732037 0.395585
vn -0.0716585 0.090966 0.993272
v -9.62001 -16.4609 0.529005 0.519174 0.704967 0.391311
vn -0.139041 0.0111106 0.990224
v -9.71695 -16.3564 0.514221 0.51737 0.703335 0.391053
vn -0.138815 0.0121379 0.990244
v -9.67397 -12.2758 0.240806 0.484005 0.673148 0.386286
vn -0.0557184 0.095169 0.993901
v -9.64536 -9.32183 -0.0560208 0.447783 0.640375 0.381112
vn -0.061981 0.0988957 0.993166
v -9.77233 -9.14645 -0.0817506 0.444643 0.637535 0.380663
vn -0.059564 0.0974858 0.993453
v -9.75826 5.32996 -1.25031 0.302042 0.508515 0.360292
vn -0.0704288 0.0701121 0.99505
v -9.64225 5.47297 -1.24996 0.302086 0.508554 0.360298
vn -0.0820244 0.0708609 0.994108
v -9.74762 7.85497 -1.3924 0.284703 0.492827 0.357815
vn -0.0588441 0.0571148 0.996632
v -9.60431 8.01596 -1.39382 0.284531 0.492671 0.35779
vn -0.0723981 0.0687442 0.995004
v -9.69991 10.8889 -1.65551 0.252596 0.463777 0.353228
vn -0.0798169 0.0686877 0.99444
v -9.6659 13.1253 -1.80495 0.23436 0.447278 0.350623
vn -0.0760917 0.0654072 0.994953
v -9.71818 15.655 -1.97502 0.213606 0.4285 0.347658
vn -0.0665519 0.0734027 0.995079
v -9.72927 17.4637 -2.12026 0.195882 0.412464 0.345126
vn -0.0780349 0.0789521 0.993819
v -9.7124 23.3228 -2.66174 0.16 0.38 0.34
vn -0.106905 0.134239 0.985166
v -9.60534 23.4221 -2.66367 0.16 0.38 0.34
vn -0.112524 0.144392 0.983102
v -9.47873 -24.4513 1.33868 0.61798 0.794362 0.405426
vn -0.0769326 0.170946 0.982272
v -9.50029 -23.8394 1.17312 0.597776 0.776083 0.402539
vn -0.0282144 0.227385 0.973396
v -9.49849 -19.8648 0.823012 0.555052 0.737428 0.396436
vn -0.126731 0.0159094 0.99181
v -9.50517 -16.5415 0.545927 0.521239 0.706836 0.391606
vn -0.136421 0.0135886 0.990558
v -9.47209 -12.5001 0.275238 0.488207 0.676949 0.386887
vn -0.0685319 0.107095 0.991884
v -9.58329 -12.3923 0.256506 0.485921 0.674881 0.38656
vn -0.0595867 0.0988512 0.993317
v -9.43202 -9.62082 -0.0137138 0.452946 0.645046 0.381849
vn -0.0556477 0.0955721 0.993866
v -9.49853 -9.5268 -0.0267731 0.451352 0.643605 0.381622
vn -0.0645699 0.104508 0.992426
v -9.41165 -3.25782 -0.499273 0.393693 0.591436 0.373385
vn -0.0731144 0.0876594 0.993464
v -9.44014 -3.10951 -0.514707 0.391809 0.589732 0.373116
vn -0.0741497 0.0878636 0.993369
v -9.4849 -2.93536 -0.536057 0.389204 0.587375 0.372743
vn -0.0760002 0.0906823 0.992976
v -9.51323 -2.6947 -0.558183 0.386504 0.584932 0.372358
vn -0.075772 0.0740721 0.99437
v -9.526 -2.50534 -0.57392 0.384584 0.583195 0.372083
vn -0.0766731 0.0822852 0.993655
v -9.5431 -2.26639 -0.594785 0.382037 0.580891 0.37172
vn -0.0761559 0.0780633 0.994035
v -9.54375 -2.10619 -0.60661 0.380594 0.579585 0.371513
vn -0.0762145 0.0853983 0.993428
v -9.5634 -1.94601 -0.623489 0.378535 0.577722 0.371219
vn -0.0765727 0.0848718 0.993445
v -9.56257 -1.73243 -0.639992 0.376521 0.5759 0.370932
vn -0.07691 0.079033 0.993901
v -9.56444 -1.50964 -0.658619 0.374248 0.573843 0.370607
vn -0.0771844 0.0790808 0.993876
v -9.56259 -1.28012 -0.67765 0.371925 0.571742 0.370275
vn -0.0775756 0.0839676 0.993444
v -9.55474 -1.05461 -0.695678 0.369725 0.569752 0.369961
vn -0.0767986 0.0929839 0.992701
v -9.5648 -0.894725 -0.71271 0.367647 0.567871 0.369664
vn -0.0769367 0.089214 0.993037
v -9.54919 -0.723114 -0.725029 0.366144 0.566511 0.369449
vn -0.076759 0.0840068 0.993504
v -9.54045 -0.533794 -0.741189 0.364172 0.564727 0.369167
vn -0.0763818 0.0897871 0.993028
v -9.52954 -0.3148 -0.760388 0.361829 0.562607 0.368833
vn -0.0770912 0.0833744 0.993532
v -9.48999 -0.0622325 -0.776846 0.35982 0.56079 0.368546
vn -0.0771496 0.0802881 0.993782
v -9.46701 0.119586 -0.790644 0.358136 0.559266 0.368305
vn -0.0783746 0.0753685 0.994071
v -9.4255 0.268709 -0.796852 0.357379 0.558581 0.368197
vn -0.078378 0.0731248 0.994238
v -9.57076 5.56637 -1.25076 0.301989 0.508466 0.360284
vn -0.078296 0.0765393 0.993988
v -9.48583 5.68812 -1.25364 0.301637 0.508148 0.360234
vn -0.0739899 0.0725114 0.994619
v -9.46519 8.14751 -1.39158 0.284804 0.492918 0.357829
vn -0.0890051 0.0769916 0.993051
v -9.5275 10.9826 -1.64479 0.253905 0.464961 0.353415
vn -0.089132 0.0948438 0.991494
v -9.48019 11.0557 -1.64948 0.253332 0.464443 0.353333
vn -0.0822251 0.0675872 0.994319
v -9.45635 13.2783 -1.8002 0.234939 0.447802 0.350706
vn -0.0732601 0.0681102 0.994984
v -9.53605 15.8533 -1.98168 0.212793 0.427765 0.347542
vn -0.0778151 0.074594 0.994173
v -9.54633 17.5486 -2.11073 0.197045 0.413517 0.345292
vn -0.0866678 0.0764134 0.993302
v -9.59216 19.3869 -2.24811 0.180281 0.398349 0.342897
vn -0.0854184 0.0763841 0.993413
v -9.53999 19.5443 -2.26425 0.178311 0.396567 0.342616
vn -0.112224 0.13821 0.984024
v -9.47932 19.6962 -2.27869 0.176549 0.394973 0.342364
vn -0.112291 0.138368 0.983994
v -9.50565 23.4246 -2.65322 0.16 0.38 0.34
vn -0.106409 0.134321 0.985208
v -9.26331 -23.8335 1.2006 0.60113 0.779117 0.403019
vn -0.0915864 0.0719668 0.993193
v -9.29465 -20.0286 0.85152 0.558531 0.740576 0.396933
vn -0.0591886 0.110323 0.992132
v -9.3431 -19.8945 0.843231 0.55752 0.739661 0.396789
vn -0.124385 0.0179322 0.992072
v -9.23148 -16.8148 0.586654 0.526209 0.711332 0.392316
vn -0.0793994 0.102813 0.991527
v -9.32105 -16.7134 0.573286 0.524578 0.709856 0.392083
vn -0.135026 0.0113384 0.990777
v -9.28856 -12.6778 0.305805 0.491937 0.680324 0.38742
vn -0.0653307 0.103849 0.992445
v -9.39535 -12.5721 0.288072 0.489773 0.678366 0.38711
vn -0.0641191 0.102855 0.992628
v -9.24866 -9.87474 0.0215542 0.45725 0.64894 0.382464
vn -0.0579079 0.0984667 0.993454
v -9.36756 -9.71682 -0.00116692 0.454477 0.646432 0.382068
vn -0.0558561 0.0956122 0.99385
v -9.20225 -4.21999 -0.401518 0.405622 0.602229 0.375089
vn -0.0683162 0.0799799 0.994453
v -9.22887 -4.11565 -0.412347 0.404301 0.601034 0.3749
vn -0.0688316 0.0832617 0.994148
v -9.26634 -3.92177 -0.430078 0.402137 0.599076 0.374591
vn -0.0682215 0.0830025 0.994211
v -9.32118 -3.68342 -0.454766 0.399124 0.59635 0.374161
vn -0.0694452 0.0803144 0.994348
v -9.37152 -3.46804 -0.478021 0.396286 0.593783 0.373755
vn -0.0724395 0.0858435 0.993672
v -9.38332 0.487238 -0.811145 0.355635 0.557003 0.367948
vn -0.0780507 0.075709 0.994071
v -9.32668 0.702504 -0.822286 0.354275 0.555773 0.367754
vn -0.0758291 0.0814119 0.993792
v -9.2772 0.91707 -0.835842 0.352621 0.554276 0.367517
vn -0.0769322 0.0745373 0.994246
v -9.22286 1.08601 -0.843306 0.35171 0.553452 0.367387
vn -0.0786549 0.0686842 0.994533
v -9.34057 5.89141 -1.25825 0.301074 0.507639 0.360153
vn -0.071329 0.0691002 0.995056
v -9.24084 6.01206 -1.25869 0.30102 0.50759 0.360146
vn -0.0723523 0.0637406 0.99534
v -9.29235 8.30104 -1.38759 0.28529 0.493358 0.357899
vn -0.0813242 0.0654807 0.994534
v -9.32667 11.151 -1.64215 0.254227 0.465253 0.353461
vn -0.088985 0.0751624 0.993193
v -9.31469 13.3713 -1.79556 0.235506 0.448315 0.350787
vn -0.074046 0.0688746 0.994874
v -9.39544 15.9509 -1.97872 0.213154 0.428092 0.347593
vn -0.0668806 0.0720665 0.995155
v -9.2945 16.0512 -1.98118 0.212854 0.42782 0.347551
vn -0.0649952 0.0742975 0.995116
v -9.38548 17.5994 -2.09897 0.19848 0.414815 0.345497
vn -0.0764457 0.0741603 0.994312
v -9.26365 17.6912 -2.09787 0.198615 0.414937 0.345516
vn -0.0761694 0.0798202 0.993895
v -9.31702 19.7324 -2.26536 0.178176 0.396445 0.342597
vn -0.111351 0.138536 0.984078
v -9.32183 23.531 -2.64791 0.16 0.38 0.34
vn -0.10697 0.136324 0.984872
v -9.0652 -24.8434 1.39692 0.625087 0.800793 0.406441
vn 0.0170708 0.185149 0.982562
v -9.03768 -24.07 1.23241 0.605012 0.78263 0.403573
vn -0.0388544 0.107317 0.993465
v -9.11078 -20.0338 0.874776 0.561369 0.743144 0.397338
vn -0.124724 0.0150393 0.992078
v -9.09628 -16.8972 0.606022 0.528573 0.713471 0.392653
vn -0.0644289 0.09872 0.993027
v -9.04777 -12.9168 0.345244 0.49675 0.684679 0.388107
vn -0.067571 0.105065 0.992167
v -9.16707 -12.7925 0.325773 0.494374 0.682529 0.387768
vn -0.0621282 0.100875 0.992957
v -9.10266 -10.0791 0.0489688 0.460595 0.651967 0.382942
vn -0.0599477 0.102769 0.992897
v -9.00583 -5.02871 -0.325815 0.41486 0.610588 0.376409
vn -0.0682747 0.0722405 0.995048
v -9.03263 -4.90335 -0.336052 0.413611 0.609457 0.37623
vn -0.0703321 0.0804208 0.994277
v -9.10473 -4.68742 -0.360285 0.410654 0.606782 0.375808
vn -0.0700143 0.077457 0.994534
v -9.14272 -4.48417 -0.376771 0.408642 0.604962 0.37552
vn -0.069054 0.0760585 0.994709
v -9.18121 -4.32688 -0.392084 0.406773 0.603271 0.375253
vn -0.0699033 0.0831225 0.994085
v -9.18733 1.19539 -0.84833 0.351097 0.552897 0.3673
vn -0.0755194 0.0774753 0.99413
v -9.15309 1.29573 -0.852723 0.350561 0.552412 0.367223
vn -0.0741875 0.0793812 0.99408
v -9.10491 1.47429 -0.864039 0.34918 0.551163 0.367026
vn -0.0740506 0.0801098 0.994032
v -9.03544 1.69081 -0.875799 0.347745 0.549865 0.366821
vn -0.0734806 0.0811419 0.99399
v -9.14221 6.12438 -1.25827 0.301072 0.507636 0.360153
vn -0.0848212 0.0714533 0.993831
v -9.03734 6.25841 -1.26045 0.300806 0.507396 0.360115
vn -0.0675761 0.0683112 0.995373
v -9.09021 8.47337 -1.38225 0.285942 0.493948 0.357992
vn -0.0922005 0.0732651 0.993041
v -9.10917 11.2708 -1.6296 0.255758 0.466638 0.35368
vn -0.0922423 0.0772694 0.992734
v -9.10615 13.5169 -1.79033 0.236144 0.448892 0.350878
vn -0.070052 0.0690377 0.995152
v -9.10698 16.1756 -1.97666 0.213406 0.42832 0.347629
vn -0.0716591 0.0774286 0.994419
v -9.14537 17.7867 -2.09778 0.198626 0.414947 0.345518
vn -0.0956409 0.0694543 0.99299
v -9.04853 17.8389 -2.09396 0.199091 0.415368 0.345584
vn -0.0776254 0.0727765 0.994323
v -9.08814 19.7608 -2.2435 0.180843 0.398858 0.342978
vn -0.0762058 0.0819258 0.993721
v -9.16709 23.5921 -2.6396 0.16 0.38 0.34
vn -0.105247 0.133744 0.985411
v -9.0503 23.6703 -2.63777 0.16 0.38 0.34
vn -0.109035 0.142146 0.983822
v -8.98368 -24.8682 1.4068 0.626293 0.801884 0.406613
vn 0.0268024 0.140087 0.989776
v -8.95682 -24.1128 1.24276 0.606275 0.783772 0.403754
vn -0.0232762 0.133035 0.990838
v -8.81782 -23.1353 1.23553 0.605392 0.782974 0.403627
vn -0.116015 0.0245676 0.992944
v -8.87199 -20.093 0.905632 0.565135 0.74655 0.397876
vn -0.123583 0.0174748 0.99218
v -8.86825 -17.1041 0.63898 0.532595 0.71711 0.393228
vn -0.060403 0.0981267 0.993339
v -8.9613 -16.9922 0.625366 0.530934 0.715607 0.392991
vn -0.134708 0.00852032 0.990849
v -8.87306 -13.06 0.373203 0.500162 0.687765 0.388595
vn -0.0655287 0.10343 0.992476
v -8.81641 -10.425 0.101101 0.466957 0.657723 0.383851
vn -0.0596486 0.103037 0.992887
v -8.89383 -10.3178 0.0871827 0.465259 0.656186 0.383608
vn -0.0586619 0.101128 0.993142
v -8.84257 -5.46952 -0.275939 0.420946 0.616094 0.377278
vn -0.0719675 0.0858953 0.993702
v -8.89589 -5.33446 -0.291625 0.419032 0.614362 0.377005
vn -0.0731078 0.0854151 0.99366
v -8.97426 -5.13294 -0.315379 0.416134 0.61174 0.376591
vn -0.0728627 0.084919 0.99372
v -8.96704 1.91818 -0.89007 0.346003 0.548289 0.366572
vn -0.0754119 0.076624 0.994204
v -8.87551 2.12904 -0.897482 0.345099 0.54747 0.366443
vn -0.0745045 0.0770324 0.994241
v -8.81182 2.29117 -0.905273 0.344148 0.54661 0.366307
vn -0.0744737 0.0773366 0.99422
v -8.94576 6.3486 -1.25814 0.301088 0.507651 0.360155
vn -0.0942152 0.0832091 0.992068
v -8.87327 6.454 -1.26213 0.3006 0.50721 0.360086
vn -0.0573511 0.0575828 0.996692
v -8.94018 8.57278 -1.37393 0.286957 0.494866 0.358137
vn -0.0873686 0.0517626 0.99483
v -8.82088 8.63692 -1.36504 0.288043 0.495848 0.358292
vn -0.0715286 0.0383765 0.9967
v -8.97242 11.3471 -1.62203 0.256681 0.467473 0.353812
vn -0.0894657 0.0907783 0.991844
v -8.86442 11.4668 -1.62586 0.256215 0.467051 0.353745
vn -0.0817142 0.0699669 0.994197
v -8.87456 13.678 -1.78477 0.236822 0.449506 0.350975
vn -0.0714052 0.0693064 0.995037
v -8.89571 16.2622 -1.96378 0.214977 0.429741 0.347854
vn -0.07652 0.067963 0.994749
v -8.91473 17.9021 -2.08749 0.199881 0.416083 0.345697
vn -0.0805613 0.0711337 0.994208
v -8.87671 19.8757 -2.23592 0.181768 0.399695 0.34311
vn -0.0863791 0.0787294 0.993147
v -8.87881 23.7239 -2.62675 0.16 0.38 0.34
vn -0.105137 0.134276 0.985351
v -8.64016 -24.3551 1.28479 0.611403 0.788412 0.404486
vn -0.0553259 0.0915282 0.994264
v -8.60236 -23.4868 1.26877 0.609448 0.786644 0.404207
vn -0.114462 0.0237689 0.993143
v -8.77169 -23.2291 1.24311 0.606318 0.783811 0.40376
vn -0.114312 0.0238558 0.993158
v -8.69148 -20.4408 0.933303 0.568511 0.749606 0.398359
vn -0.063006 0.115978 0.991251
v -8.74407 -20.3341 0.925207 0.567523 0.748712 0.398218
vn -0.123655 0.014714 0.992216
v -8.67105 -17.2515 0.66688 0.535999 0.72019 0.393714
vn -0.0611576 0.09672 0.993431
v -8.69001 -13.2333 0.402228 0.503704 0.69097 0.389101
vn -0.0658728 0.103455 0.99245
v -8.68967 -10.5457 0.123593 0.469702 0.660206 0.384243
vn -0.0652561 0.108685 0.991932
v -8.65419 -5.88784 -0.224022 0.427282 0.621827 0.378183
vn -0.0732424 0.0896907 0.993273
v -8.7561 -5.66223 -0.251702 0.423904 0.61877 0.377701
vn -0.0730468 0.0903736 0.993225
v -8.7898 2.37708 -0.912341 0.343286 0.54583 0.366184
vn -0.230724 0.138371 0.96313
v -8.75147 2.46614 -0.916198 0.342815 0.545404 0.366116
vn -0.0713292 0.08574 0.993761
v -8.6669 2.66878 -0.926095 0.341607 0.544311 0.365944
vn -0.0719769 0.0834611 0.993908
v -8.61648 2.83997 -0.939869 0.339926 0.542791 0.365704
vn -0.0703745 0.0921297 0.993257
v -8.76268 6.56797 -1.26062 0.300785 0.507377 0.360112
vn -0.0758195 0.0723771 0.994491
v -8.65732 6.68831 -1.26144 0.300685 0.507287 0.360098
vn -0.0801321 0.0701526 0.994313
v -8.7232 8.74006 -1.36627 0.287893 0.495712 0.35827
vn -0.0983083 0.0914706 0.990943
v -8.6055 8.80962 -1.35881 0.288803 0.496536 0.3584
vn -0.0653536 0.0434398 0.996916
v -8.69795 11.5561 -1.61645 0.257362 0.46809 0.353909
vn -0.0907988 0.0808737 0.99258
v -8.71131 13.7689 -1.77749 0.23771 0.450309 0.351101
vn -0.0758678 0.0739288 0.994373
v -8.64106 13.8339 -1.7785 0.237588 0.450198 0.351084
vn -0.0703726 0.06969 0.995083
v -8.71496 16.3625 -1.95684 0.215825 0.430508 0.347975
vn -0.0737089 0.0706524 0.994774
v -8.62394 16.4132 -1.95342 0.216242 0.430885 0.348035
vn -0.072707 0.0679369 0.995037
v -8.77688 17.9709 -2.0814 0.200625 0.416756 0.345804
vn -0.0784554 0.0722497 0.994296
v -8.6677 18.0298 -2.07729 0.201126 0.417209 0.345875
vn -0.0800639 0.0712479 0.99424
v -8.71839 19.9643 -2.23071 0.182404 0.400271 0.343201
vn -0.0849212 0.0808172 0.993105
v -8.61103 20.0161 -2.22604 0.182974 0.400786 0.343282
vn -0.110152 0.141699 0.983762
v -8.645 23.7634 -2.60721 0.16 0.38 0.34
vn -0.104512 0.134647 0.985367
v -8.75012 23.805 -2.62412 0.16 0.38 0.34
vn -0.106755 0.139279 0.984482
v -8.42632 -24.6413 1.31575 0.615182 0.791831 0.405026
vn -0.00518617 0.17907 0.983823
v -8.55493 -24.5008 1.29789 0.613003 0.78986 0.404715
vn 0.0334354 0.132191 0.99066
v -8.49838 -23.5556 1.28233 0.611103 0.788141 0.404443
vn -0.113489 0.0231392 0.99327
v -8.46445 -20.5266 0.962598 0.572086 0.75284 0.398869
vn -0.0873214 0.106523 0.990469
v -8.49671 -17.4013 0.69143 0.538995 0.722901 0.394142
vn -0.069187 0.104562 0.992109
v -8.57517 -17.3452 0.680499 0.537661 0.721694 0.393952
vn -0.0567175 0.0968373 0.993683
v -8.44249 -13.4316 0.440676 0.508396 0.695215 0.389771
vn -0.0585054 0.0980634 0.993459
v -8.56454 -13.3323 0.421803 0.506093 0.693131 0.389442
vn -0.0649639 0.102111 0.99265
v -8.42799 -10.8133 0.169081 0.475253 0.665229 0.385036
vn -0.0572597 0.0983399 0.993504
v -8.52954 -10.7087 0.151578 0.473117 0.663296 0.384731
vn -0.0631317 0.10692 0.992261
v -8.43241 -6.3253 -0.167507 0.434178 0.628066 0.379168
vn -0.0719964 0.089031 0.993423
v -8.54 -6.11953 -0.19439 0.430898 0.625098 0.3787
vn -0.0729439 0.0904451 0.993226
v -8.5636 2.96008 -0.945796 0.339203 0.542136 0.3656
vn -0.0801016 0.0691921 0.994382
v -8.45766 3.12657 -0.947018 0.339054 0.542001 0.365579
vn -0.0807062 0.0663542 0.994527
v -8.58458 6.76631 -1.26127 0.300706 0.507305 0.360101
vn -0.077078 0.0675611 0.994733
v -8.45575 6.88938 -1.25871 0.301018 0.507588 0.360145
vn -0.0821693 0.0734206 0.99391
v -8.47299 8.90863 -1.35407 0.289381 0.497059 0.358483
vn -0.0755662 0.0377862 0.996425
v -8.52133 11.6629 -1.60868 0.25831 0.468947 0.354044
vn -0.0876033 0.0802283 0.992919
v -8.53911 13.9136 -1.77774 0.237681 0.450283 0.351097
vn -0.0689551 0.0722967 0.994997
v -8.51675 16.5084 -1.95478 0.216076 0.430736 0.348011
vn -0.0723197 0.0766061 0.994435
v -8.48071 18.112 -2.0676 0.202309 0.418279 0.346044
vn -0.0798956 0.074021 0.994051
v -8.48748 20.0458 -2.21649 0.184139 0.40184 0.343448
vn -0.0900104 0.0785558 0.992838
v -8.49382 23.8958 -2.60932 0.16 0.38 0.34
vn -0.104371 0.135092 0.985321
v -8.29828 -26.1272 1.51861 0.639937 0.814229 0.408562
vn -0.00794795 0.10033 0.994923
v -8.26449 -24.477 1.33033 0.616961 0.793441 0.40528
vn -0.112944 0.0229499 0.993336
v -8.21751 -20.4242 0.991454 0.575608 0.756026 0.399373
vn -0.11946 0.0158753 0.992712
v -8.27116 -20.373 0.984155 0.574717 0.75522 0.399245
vn -0.121668 0.0155062 0.99245
v -8.33067 -17.5042 0.714307 0.541787 0.725426 0.394541
vn -0.0669786 0.103342 0.992388
v -8.25526 -13.6484 0.469341 0.511894 0.69838 0.390271
vn -0.152833 -0.00168298 0.988251
v -8.32954 -13.5481 0.458017 0.510512 0.69713 0.390073
vn -0.0666135 0.10434 0.992308
v -8.22666 -11.0373 0.203039 0.479397 0.668978 0.385628
vn -0.0616896 0.100193 0.993054
v -8.30669 -10.9417 0.189658 0.477764 0.6675 0.385395
vn -0.0582355 0.097603 0.99352
v -8.24879 -6.68969 -0.123428 0.439558 0.632933 0.379937
vn -0.0740066 0.0895831 0.993226
v -8.33559 -6.51403 -0.143971 0.437051 0.630665 0.379579
vn -0.0697821 0.0850669 0.993929
v -8.3335 3.33681 -0.95155 0.338501 0.541501 0.3655
vn -0.0801349 0.067271 0.994511
v -8.22502 3.50639 -0.953964 0.338206 0.541234 0.365458
vn -0.0802866 0.0679794 0.994451
v -8.29023 7.10874 -1.26657 0.300058 0.50672 0.360008
vn -0.058923 0.0546958 0.996763
v -8.38273 8.98541 -1.35253 0.289569 0.49723 0.35851
vn -0.0638707 0.0506123 0.996674
v -8.29942 9.06949 -1.35345 0.289457 0.497127 0.358494
vn -0.0730328 0.0729254 0.99466
v -8.36573 11.7747 -1.60495 0.258767 0.46936 0.35411
vn -0.0814203 0.0841225 0.993123
v -8.27955 11.8441 -1.60421 0.258857 0.469442 0.354122
vn -0.0816888 0.0805696 0.993396
v -8.31627 14.0663 -1.77288 0.238273 0.450819 0.351182
vn -0.0701304 0.0721168 0.994928
v -8.38279 16.552 -1.94524 0.217241 0.431789 0.348177
vn -0.0727106 0.0683588 0.995008
v -8.29966 16.6188 -1.94533 0.217229 0.431779 0.348176
vn -0.0801987 0.0725957 0.994132
v -8.33739 18.1617 -2.05833 0.20344 0.419303 0.346206
vn -0.0888536 0.0753376 0.993191
v -8.31868 20.1027 -2.2058 0.185443 0.40302 0.343635
vn -0.0910175 0.0788948 0.992719
v -8.28128 23.9959 -2.60056 0.16 0.38 0.34
vn -0.104465 0.13755 0.984971
v -8.0716 -26.1589 1.54434 0.643076 0.817069 0.409011
vn -0.040007 0.120935 0.991854
v -8.09444 -24.5756 1.35178 0.619578 0.795809 0.405654
vn -0.112045 0.0225127 0.993448
v -8.08183 -23.5335 1.32938 0.616845 0.793336 0.405264
vn -0.112207 0.0230089 0.993418
v -8.12549 -20.767 1.00743 0.577558 0.75779 0.399651
vn -0.120604 0.013012 0.992615
v -8.18842 -20.5473 0.996734 0.576252 0.756609 0.399465
vn -0.121118 0.0137575 0.992543
v -8.099 -17.668 0.746037 0.545659 0.72893 0.395094
vn -0.0643709 0.101991 0.992701
v -8.13624 -13.7295 0.487269 0.514081 0.700359 0.390583
vn -0.147631 0.000944693 0.989042
v -8.0393 -11.2086 0.234157 0.483194 0.672414 0.386171
vn -0.0644984 0.103204 0.992567
v -8.13747 -11.1108 0.217971 0.481219 0.670626 0.385888
vn -0.0678762 0.105505 0.9921
v -8.03176 -7.08763 -0.07448 0.445531 0.638337 0.38079
vn -0.0722163 0.0832607 0.993908
v -8.12985 -6.90915 -0.0962238 0.442877 0.635937 0.380411
vn -0.0725046 0.0844718 0.993784
v -8.12689 3.67087 -0.958532 0.337649 0.54073 0.365378
vn -0.0801925 0.0797394 0.993585
v -8.03981 3.82321 -0.964082 0.336972 0.540117 0.365282
vn -0.0864754 0.0764219 0.993319
v -8.10632 7.2762 -1.26271 0.30053 0.507146 0.360076
vn -0.0672979 0.0438238 0.99677
v -8.19155 9.16046 -1.35175 0.289665 0.497316 0.358524
vn -0.075942 0.0730461 0.994433
v -8.08561 9.25624 -1.35135 0.289713 0.497359 0.35853
vn -0.0712436 0.0758868 0.994568
v -8.15241 11.9269 -1.60003 0.259367 0.469903 0.354195
vn -0.0883133 0.084969 0.992462
v -8.05523 12.005 -1.59937 0.259447 0.469976 0.354207
vn -0.0799208 0.0796389 0.993615
v -8.16328 14.166 -1.76891 0.238757 0.451257 0.351251
vn -0.0733687 0.0674844 0.995019
v -8.04376 14.209 -1.76038 0.239799 0.452199 0.3514
vn -0.0796715 0.0736596 0.994096
v -8.09801 16.7227 -1.93694 0.218253 0.432705 0.348322
vn -0.0754065 0.0696858 0.994715
v -8.18137 18.1744 -2.04224 0.205404 0.421079 0.346486
vn -0.090594 0.0663819 0.993673
v -8.07989 18.2206 -2.03736 0.205999 0.421618 0.346571
vn -0.0888274 0.0750145 0.993218
v -8.10217 20.2123 -2.19743 0.186465 0.403945 0.343781
vn -0.109181 0.140451 0.984049
v -7.91582 -26.7168 1.57668 0.647024 0.820641 0.409575
vn -0.108502 0.0271108 0.993726
v -7.96759 -26.577 1.56722 0.645869 0.819596 0.40941
vn -0.108356 0.0273632 0.993735
v -7.81345 -25.0013 1.39288 0.624594 0.800347 0.406371
vn 0.00627052 0.134596 0.990881
v -7.90536 -24.8729 1.37973 0.622989 0.798895 0.406141
vn -0.111426 0.022161 0.993526
v -7.95207 -24.6116 1.36862 0.621633 0.797668 0.405948
vn -0.111326 0.0226807 0.993525
v -7.88657 -20.6827 1.03528 0.580956 0.760865 0.400137
vn -0.120168 0.0135198 0.992661
v -7.84818 -17.8432 0.779942 0.549797 0.732673 0.395685
vn -0.0623241 0.0988892 0.993145
v -7.95651 -17.7648 0.765344 0.548015 0.731061 0.395431
vn -0.0637076 0.100924 0.992852
v -7.86616 -13.9151 0.527424 0.518982 0.704793 0.391283
vn -0.0559084 0.097011 0.993712
v -7.99741 -13.7907 0.508039 0.516616 0.702653 0.390945
vn -0.0640994 0.104169 0.992492
v -7.80636 -11.4271 0.271937 0.487804 0.676585 0.386829
vn -0.0642746 0.102521 0.992652
v -7.91985 -11.3163 0.253676 0.485576 0.674569 0.386511
vn -0.0646808 0.103217 0.992554
v -7.88826 -7.31839 -0.0437124 0.449285 0.641734 0.381326
vn -0.0755308 0.0888707 0.993175
v -7.97991 -7.17317 -0.0632119 0.446906 0.639581 0.380987
vn -0.0725598 0.0843832 0.993788
v -7.96899 3.91463 -0.963539 0.337038 0.540177 0.365291
vn -0.088579 0.0695828 0.993636
v -7.87954 4.05211 -0.966852 0.336634 0.539811 0.365233
vn -0.0905945 0.0799613 0.992673
v -7.97858 7.38836 -1.25965 0.300903 0.507484 0.360129
vn -0.0708489 0.0377439 0.996773
v -7.89882 7.45686 -1.25765 0.301147 0.507705 0.360164
vn -0.0692344 0.0366241 0.996928
v -7.98813 9.36236 -1.35418 0.289367 0.497047 0.358481
vn -0.0934915 0.0900942 0.991535
v -7.89073 9.4313 -1.35082 0.289778 0.497418 0.35854
vn -0.082626 0.0706318 0.994074
v -7.87653 12.1159 -1.59295 0.26023 0.470684 0.354319
vn -0.0883843 0.0823577 0.992676
v -7.87324 14.324 -1.7569 0.240224 0.452584 0.351461
vn -0.0762236 0.0711835 0.994547
v -7.88499 16.8263 -1.92734 0.219424 0.433765 0.348489
vn -0.0864336 0.0655188 0.994101
v -7.90254 18.2766 -2.02532 0.207468 0.422948 0.346781
vn -0.0911742 0.0721031 0.993221
v -7.88011 20.2549 -2.17904 0.188709 0.405975 0.344101
vn -0.0934759 0.0793356 0.992456
v -7.93415 23.8402 -2.54251 0.16 0.38 0.34
vn -0.103296 0.135023 0.985443
v -7.85682 24.0439 -2.56245 0.16 0.38 0.34
vn -0.103713 0.136062 0.985257
v -7.64883 -26.5069 1.59988 0.649855 0.823202 0.409979
vn -0.0661169 0.126106 0.989811
v -7.73291 -25.0384 1.40269 0.625791 0.80143 0.406542
vn -0.110137 0.021887 0.993675
v -7.61529 -21.085 1.07318 0.585581 0.76505 0.400797
vn -0.118667 0.0122543 0.992859
v -7.66567 -20.9189 1.06501 0.584583 0.764147 0.400655
vn -0.119665 0.0127167 0.992733
v -7.72471 -20.6922 1.05495 0.583355 0.763036 0.400479
vn -0.119041 0.0151243 0.992774
v -7.61358 -18.0322 0.811345 0.553629 0.73614 0.396233
vn -0.126557 0.00682119 0.991936
v -7.70483 -17.9491 0.799131 0.552138 0.734792 0.39602
vn -0.126557 0.00682119 0.991936
v -7.70125 -14.0652 0.551498 0.521919 0.707451 0.391703
vn -0.0624847 0.102122 0.992807
v -7.67785 -11.5303 0.292537 0.490318 0.678859 0.387188
vn -0.0687732 0.106116 0.991973
v -7.65941 -7.68903 0.0031452 0.455003 0.646908 0.382143
vn -0.0689048 0.0776452 0.994597
v -7.74604 -7.53267 -0.0141784 0.452889 0.644995 0.381841
vn -0.0710898 0.0814445 0.994139
v -7.78044 4.16658 -0.964518 0.336919 0.540069 0.365274
vn -0.0840771 0.0697717 0.994014
v -7.70643 4.30605 -0.972365 0.335961 0.539203 0.365137
vn -0.0851936 0.08679 0.992577
v -7.64833 4.40076 -0.976181 0.335495 0.538781 0.365071
vn -0.0856022 0.0799507 0.993116
v -7.75602 7.55775 -1.25042 0.30203 0.508503 0.36029
vn -0.0712574 0.0378733 0.996739
v -7.60992 7.64573 -1.24058 0.30323 0.509589 0.360461
vn -0.0864089 0.0304352 0.995795
v -7.75887 9.53133 -1.34758 0.290173 0.497775 0.358596
vn -0.0787014 0.0704359 0.994407
v -7.62554 9.66844 -1.35077 0.289784 0.497423 0.358541
vn -0.0876329 0.0910815 0.99198
v -7.68271 12.2371 -1.58643 0.261026 0.471405 0.354432
vn -0.0865657 0.0837856 0.992717
v -7.68164 14.4436 -1.75165 0.240864 0.453162 0.351552
vn -0.0744136 0.0718739 0.994634
v -7.68207 16.8851 -1.91233 0.221256 0.435422 0.348751
vn -0.0867839 0.0628885 0.99424
v -7.66414 18.3301 -2.00608 0.209816 0.425072 0.347117
vn -0.0929648 0.0732324 0.992973
v -7.71643 20.2788 -2.16451 0.190482 0.407579 0.344355
vn -0.0986233 0.0800613 0.991899
v -7.6976 24.1546 -2.56103 0.16 0.38 0.34
vn -0.103857 0.138468 0.984906
v -7.53379 -25.289 1.43034 0.629165 0.804483 0.407024
vn -0.0417954 0.131541 0.990429
v -7.43933 -20.8558 1.09128 0.587789 0.767047 0.401113
vn -0.11857 0.0127497 0.992864
v -7.47114 -18.1047 0.830016 0.555907 0.738202 0.396558
vn -0.126557 0.00682119 0.991936
v -7.45138 -14.2677 0.587417 0.526303 0.711417 0.392329
vn -0.0646383 0.101806 0.992702
v -7.58302 -14.1792 0.568545 0.524 0.709333 0.392
vn -0.140064 0.00279398 0.990139
v -7.54044 -11.6541 0.314133 0.492953 0.681244 0.387565
vn -0.0641471 0.102188 0.992695
v -7.43622 -8.02984 0.0464124 0.460283 0.651685 0.382898
vn -0.195526 -0.00590976 0.980681
v -7.51978 -7.89473 0.0305667 0.45835 0.649935 0.382621
vn -0.0735536 0.0847294 0.993685
v -7.58803 -7.79541 0.0172796 0.456728 0.648468 0.38239
vn -0.072405 0.0833472 0.993887
v -7.40485 -1.55801 -0.487916 0.395079 0.59269 0.373583
vn -0.077468 0.0811315 0.993688
v -7.40439 -0.946908 -0.540642 0.388645 0.586869 0.372664
vn -0.0800705 0.0906735 0.992657
v -7.55339 4.5374 -0.979678 0.335069 0.538395 0.36501
vn -0.0941224 0.0813136 0.992234
v -7.4453 4.64265 -0.975098 0.335627 0.538901 0.36509
vn -0.0841773 0.0724313 0.993815
v -7.49784 7.71013 -1.23267 0.304195 0.510462 0.360599
vn -0.0726396 0.0434368 0.996412
v -7.46489 9.77209 -1.34425 0.29058 0.498144 0.358654
vn -0.0870509 0.0746279 0.993405
v -7.51061 12.3258 -1.57771 0.26209 0.472367 0.354584
vn -0.092623 0.0930358 0.991345
v -7.40803 12.423 -1.58009 0.2618 0.472105 0.354543
vn -0.073873 0.0766292 0.994319
v -7.4709 14.568 -1.74502 0.241674 0.453895 0.351668
vn -0.0750612 0.0710742 0.994643
v -7.53707 16.9461 -1.90458 0.222202 0.436278 0.348886
vn -0.0784318 0.0670636 0.994661
v -7.41273 17.0041 -1.89887 0.222899 0.436909 0.348986
vn -0.0830513 0.064689 0.994443
v -7.49312 18.3581 -1.99084 0.211675 0.426754 0.347382
vn -0.0962246 0.071193 0.99281
v -7.49658 20.2985 -2.14334 0.193065 0.409916 0.344724
vn -0.09141 0.0806974 0.992538
v -7.51064 24.1667 -2.54318 0.16 0.38 0.34
vn -0.102663 0.135238 0.98548
v -7.4201 24.2042 -2.53892 0.16 0.38 0.34
vn -0.102757 0.136938 0.985236
v -7.29105 -25.2484 1.45625 0.632327 0.807344 0.407475
vn -0.102965 0.110729 0.988502
v -7.34643 -24.328 1.42994 0.629117 0.804439 0.407017
vn -0.111013 0.022489 0.993564
v -7.27487 -21.0346 1.11307 0.590449 0.769454 0.401493
vn -0.118051 0.0121172 0.992934
v -7.2864 -20.8838 1.10983 0.590053 0.769096 0.401436
vn -0.117776 0.0123816 0.992963
v -7.30729 -20.729 1.10541 0.589513 0.768607 0.401359
vn -0.118441 0.0134666 0.99287
v -7.30805 -18.2143 0.851362 0.558512 0.740558 0.39693
vn 0 0 0
v -7.22697 -14.4636 0.619015 0.530158 0.714905 0.39288
vn -0.0494058 0.082992 0.995325
v -7.30916 -14.369 0.607601 0.528766 0.713645 0.392681
vn -0.0667267 0.101065 0.99264
v -7.28371 -11.8869 0.353584 0.497768 0.685599 0.388253
vn -0.0600106 0.100472 0.993128
v -7.39757 -11.7739 0.336365 0.495666 0.683698 0.387952
vn -0.0643691 0.10246 0.992652
v -7.2377 -8.24753 0.0842352 0.464899 0.655861 0.383557
vn -0.0758461 0.0915608 0.992907
v -7.33198 -8.13443 0.0665667 0.462743 0.65391 0.383249
vn -0.0739523 0.0867872 0.993478
v -7.21068 -3.47153 -0.32661 0.414763 0.6105 0.376395
vn -0.0684906 0.0809458 0.994363
v -7.23926 -3.29283 -0.340788 0.413033 0.608934 0.376148
vn -0.0674159 0.0688903 0.995344
v -7.26199 -3.13878 -0.353116 0.411528 0.607573 0.375933
vn -0.0709569 0.0813003 0.994161
v -7.29834 -2.93675 -0.372074 0.409215 0.60548 0.375602
vn -0.0724618 0.0824401 0.993958
v -7.32858 -2.71151 -0.391459 0.406849 0.60334 0.375264
vn -0.0749322 0.0793975 0.994023
v -7.33954 -2.47415 -0.407272 0.40492 0.601594 0.374989
vn -0.078566 0.0782069 0.993837
v -7.36936 -2.26146 -0.428359 0.402347 0.599266 0.374621
vn -0.0787437 0.0823941 0.993484
v -7.38357 -2.05639 -0.445566 0.400247 0.597366 0.374321
vn -0.0796291 0.0787576 0.993708
v -7.39879 -1.89617 -0.460904 0.398375 0.595673 0.374054
vn -0.0786842 0.0793165 0.993739
v -7.39312 -1.72629 -0.471654 0.397063 0.594486 0.373866
vn -0.0809196 0.0752936 0.993873
v -7.39653 -1.44541 -0.494561 0.394268 0.591957 0.373467
vn -0.0808278 0.0786145 0.993623
v -7.39417 -1.27686 -0.508036 0.392623 0.590469 0.373232
vn -0.0804969 0.0858335 0.993052
v -7.3975 -1.10921 -0.523699 0.390712 0.58874 0.372959
vn -0.080394 0.0903513 0.99266
v -7.39349 -0.742954 -0.557205 0.386623 0.58504 0.372375
vn -0.0804855 0.0878922 0.992873
v -7.38161 -0.519062 -0.576583 0.384259 0.582901 0.372037
vn -0.0783718 0.0853906 0.99326
v -7.35066 -0.277437 -0.593686 0.382172 0.581012 0.371739
vn -0.079503 0.07576 0.993952
v -7.31186 -0.0751991 -0.605448 0.380736 0.579714 0.371534
vn -0.0803537 0.0795504 0.993587
v -7.26638 0.144451 -0.61845 0.37915 0.578278 0.371307
vn -0.0789931 0.0823833 0.993465
v -7.23989 0.336475 -0.63458 0.377181 0.576497 0.371026
vn -0.077259 0.0848985 0.99339
v -7.21398 0.43372 -0.639562 0.376573 0.575947 0.370939
vn -0.0807808 0.0692396 0.994324
v -7.39142 4.71022 -0.975691 0.335555 0.538836 0.365079
vn -0.0940116 0.076379 0.992637
v -7.27114 4.84769 -0.974977 0.335642 0.538914 0.365092
vn -0.0921002 0.0733027 0.993048
v -7.38742 7.77658 -1.2256 0.305059 0.511244 0.360723
vn -0.172453 0.18351 0.967773
v -7.27307 7.87805 -1.22446 0.305197 0.511369 0.360742
vn -0.065029 0.0518203 0.996537
v -7.29647 9.85328 -1.3329 0.291965 0.499397 0.358852
vn -0.0762126 0.0603631 0.995263
v -7.31121 12.4709 -1.57503 0.262418 0.472664 0.354631
vn -0.083119 0.0724778 0.9939
v -7.30311 14.6459 -1.73653 0.242709 0.454832 0.351816
vn -0.0757623 0.0703522 0.994641
v -7.28315 17.0546 -1.89148 0.2238 0.437724 0.349114
vn -0.0844601 0.0628516 0.994443
v -7.38649 18.3807 -1.98216 0.212735 0.427713 0.347534
vn -0.0913072 0.0666179 0.993592
v -7.27752 18.4167 -1.97521 0.213583 0.42848 0.347655
vn -0.100944 0.0775681 0.991864
v -7.29517 20.392 -2.1348 0.194109 0.41086 0.344873
vn -0.0880965 0.0837128 0.992588
v -7.2724 24.1838 -2.52075 0.16 0.38 0.34
vn -0.102259 0.134982 0.985557
v -7.05235 -25.0788 1.47881 0.63508 0.809834 0.407869
vn -0.109629 0.0216965 0.993736
v -7.17454 -24.5006 1.45278 0.631904 0.806961 0.407415
vn -0.107876 0.0225436 0.993909
v -7.18926 -21.4326 1.12805 0.592277 0.771107 0.401754
vn -0.116804 0.0113341 0.99309
v -7.19125 -21.0464 1.12312 0.591675 0.770563 0.401668
vn -0.11718 0.0121004 0.993037
v -7.00371 -18.4105 0.890652 0.563307 0.744896 0.397615
vn -0.0704604 0.115311 0.990827
v -7.1367 -18.3176 0.873525 0.561217 0.743006 0.397317
vn -0.122696 0.00731441 0.992417
v -7.04889 -14.6437 0.643523 0.533149 0.717611 0.393307
vn -0.136144 -0.000420829 0.990689
v -7.13735 -14.5522 0.631405 0.53167 0.716273 0.393096
vn -0.0560207 0.0894368 0.994416
v -7.06292 -12.0988 0.386431 0.501776 0.689226 0.388825
vn -0.0562783 0.0976447 0.993629
v -7.16283 -11.9979 0.371756 0.499985 0.687606 0.388569
vn -0.0552569 0.0964565 0.993802
v -7.05445 -8.44371 0.118096 0.469031 0.659599 0.384147
vn -0.068939 0.0864387 0.993869
v -7.15038 -8.34328 0.100477 0.466881 0.657654 0.38384
vn -0.0797531 0.0967462 0.992109
v -7.03116 -4.07214 -0.261558 0.422701 0.617682 0.377529
vn -0.0690176 0.074601 0.994822
v -7.08091 -3.90863 -0.278595 0.420622 0.615801 0.377232
vn -0.0706058 0.0845486 0.993915
v -7.14267 -3.71887 -0.300333 0.41797 0.613401 0.376853
vn -0.0698823 0.0855424 0.993881
v -7.18449 0.527334 -0.643319 0.376115 0.575532 0.370874
vn -0.0799078 0.0769596 0.993827
v -7.14116 0.718816 -0.656577 0.374497 0.574069 0.370642
vn -0.0782021 0.0831019 0.993468
v -7.09832 0.880173 -0.666677 0.373264 0.572953 0.370466
vn -0.076519 0.08177 0.993709
v -7.03199 1.10686 -0.680292 0.371603 0.57145 0.370229
vn -0.0788919 0.0798099 0.993683
v -7.18104 4.94305 -0.973365 0.335839 0.539092 0.36512
vn -0.0863553 0.0749264 0.993443
v -7.08656 5.06641 -0.976321 0.335478 0.538766 0.365068
vn -0.0931598 0.08496 0.99202
v -7.14658 7.97725 -1.22105 0.305614 0.511746 0.360802
vn -0.0652214 0.0548461 0.996362
v -7.06049 8.04142 -1.21827 0.305953 0.512053 0.36085
vn -0.0703081 0.0543841 0.996042
v -7.16189 9.95617 -1.33069 0.292234 0.49964 0.358891
vn -0.093833 0.0881897 0.991674
v -7.04176 10.0144 -1.32298 0.293175 0.500491 0.359025
vn -0.0863484 0.0703987 0.993775
v -7.18037 12.522 -1.56602 0.263517 0.473658 0.354788
vn -0.0891081 0.0943281 0.991545
v -7.06852 12.6054 -1.56512 0.263627 0.473757 0.354804
vn -0.0803245 0.0738312 0.994031
v -7.12619 14.7538 -1.7319 0.243274 0.455343 0.351896
vn -0.0796376 0.0674917 0.994536
v -7.13968 17.11 -1.8833 0.224799 0.438628 0.349257
vn -0.0799059 0.0634241 0.994783
v -7.12458 18.425 -1.9593 0.215524 0.430236 0.347932
vn -0.0957281 0.0668367 0.993161
v -7.1363 20.4871 -2.13121 0.194546 0.411256 0.344935
vn -0.106532 0.142365 0.984065
v -7.03214 24.1911 -2.49686 0.16 0.38 0.34
vn -0.101495 0.134904 0.985647
v -7.16437 24.322 -2.52864 0.16 0.38 0.34
vn -0.103574 0.143071 0.984278
v -6.81282 -25.3347 1.51049 0.638946 0.813332 0.408421
vn -0.0703666 0.110794 0.991349
v -6.89137 -25.1512 1.49799 0.637421 0.811952 0.408203
vn -0.108321 0.0216582 0.99388
v -6.87917 -21.2652 1.16244 0.596473 0.774904 0.402353
vn -0.11593 0.0110142 0.993196
v -6.94503 -21.123 1.15304 0.595326 0.773866 0.402189
vn -0.116456 0.0118764 0.993125
v -6.91812 -20.5542 1.14936 0.594877 0.77346 0.402125
vn -0.0642923 0.0910459 0.993769
v -6.89613 -18.4623 0.904335 0.564976 0.746407 0.397854
vn -0.0679585 0.111501 0.991438
v -6.92619 -14.7347 0.660346 0.535202 0.719469 0.3936
vn -0.0704918 0.0988336 0.992604
v -6.86921 -12.2527 0.415055 0.505269 0.692386 0.389324
vn -0.0636897 0.10671 0.992248
v -6.99001 -12.1534 0.39734 0.503107 0.69043 0.389015
vn -0.0669825 0.107935 0.991899
v -6.8692 -8.66142 0.150855 0.473029 0.663216 0.384718
vn -0.0760396 0.0940615 0.992658
v -6.96644 -8.54872 0.133781 0.470945 0.661331 0.384421
vn -0.0703747 0.0896101 0.993488
v -6.81578 -4.68083 -0.196357 0.430658 0.624881 0.378665
vn -0.0702976 0.077661 0.994498
v -6.88126 -4.48956 -0.215169 0.428362 0.622804 0.378337
vn -0.0726381 0.0832652 0.993877
v -6.94823 -4.33623 -0.234908 0.425954 0.620625 0.377993
vn -0.072283 0.0832986 0.9939
v -6.99547 -4.19625 -0.249705 0.424148 0.618991 0.377735
vn -0.0711032 0.0824099 0.994059
v -6.97908 1.26003 -0.688041 0.370657 0.570595 0.370094
vn -0.0778011 0.0818957 0.9936
v -6.91091 1.47443 -0.701609 0.369002 0.569097 0.369857
vn -0.0779223 0.0789842 0.993826
v -6.82239 1.67692 -0.708941 0.368107 0.568287 0.36973
vn -0.0807156 0.0754381 0.993878
v -6.97148 5.17189 -0.97199 0.336007 0.539244 0.365144
vn -0.0925841 0.073845 0.992963
v -6.83316 5.29466 -0.966546 0.336671 0.539845 0.365239
vn -0.087863 0.0736826 0.993404
v -6.9058 8.13094 -1.20878 0.307111 0.5131 0.361016
vn -0.0854905 0.0471239 0.995224
v -6.89944 10.0994 -1.3169 0.293917 0.501163 0.359131
vn -0.0832896 0.0773743 0.993517
v -6.89481 12.6855 -1.55557 0.264792 0.474812 0.35497
vn -0.0885116 0.0853378 0.992413
v -6.9124 14.8291 -1.71766 0.245012 0.456915 0.352145
vn -0.0851668 0.066828 0.994123
v -6.96305 17.1802 -1.87364 0.225978 0.439694 0.349425
vn -0.0859138 0.0600086 0.994494
v -6.827 17.219 -1.86394 0.227161 0.440765 0.349594
vn -0.0931308 0.0570663 0.994017
v -6.89291 18.4785 -1.94138 0.217711 0.432215 0.348244
vn -0.0909427 0.067886 0.99354
v -6.8858 20.5007 -2.1062 0.197598 0.414018 0.345371
vn -0.0933805 0.0828867 0.992174
v -6.91563 24.295 -2.4992 0.16 0.38 0.34
vn -0.101524 0.136309 0.985451
v -6.66847 -25.3227 1.52592 0.640829 0.815036 0.40869
vn -0.107087 0.0222259 0.994001
v -6.64467 -21.2671 1.18978 0.59981 0.777923 0.40283
vn -0.115702 0.011331 0.993219
v -6.62374 -20.9945 1.18908 0.599724 0.777845 0.402818
vn -0.0581926 0.0651192 0.996179
v -6.62014 -18.6066 0.939159 0.569226 0.750252 0.398461
vn -0.0656695 0.108796 0.991893
v -6.73846 -18.5479 0.924298 0.567412 0.748611 0.398202
vn -0.0678165 0.109606 0.991659
v -6.67796 -14.8588 0.694337 0.53935 0.723222 0.394193
vn -0.0790589 0.105148 0.991309
v -6.6239 -12.4445 0.450566 0.509603 0.696307 0.389943
vn -0.0596714 0.101092 0.993086
v -6.73118 -12.352 0.435309 0.507741 0.694623 0.389677
vn -0.0623846 0.103953 0.992624
v -6.6833 -8.8674 0.182792 0.476926 0.666742 0.385275
vn -0.0680554 0.0885126 0.993747
v -6.78777 -8.73728 0.165337 0.474796 0.664815 0.384971
vn -0.0672759 0.0869211 0.993941
v -6.63337 -5.0875 -0.148148 0.436541 0.630204 0.379506
vn -0.0711738 0.0857717 0.993769
v -6.69775 -4.93187 -0.164616 0.434531 0.628385 0.379219
vn -0.0744071 0.0888831 0.993259
v -6.7825 -4.7765 -0.187145 0.431782 0.625898 0.378826
vn -0.0740656 0.0902228 0.993164
v -6.7794 1.77283 -0.712509 0.367671 0.567893 0.369667
vn -0.0847823 0.0858342 0.992696
v -6.74237 1.90757 -0.724457 0.366213 0.566574 0.369459
vn -0.073286 0.082224 0.993916
v -6.6527 2.0967 -0.731788 0.365319 0.565765 0.369331
vn -0.080005 0.0792505 0.993639
v -6.74515 5.38869 -0.966385 0.336691 0.539863 0.365242
vn -0.0863266 0.0731645 0.993577
v -6.64257 5.48076 -0.963152 0.337085 0.54022 0.365298
vn -0.0823869 0.0652075 0.994465
v -6.79154 8.17271 -1.19738 0.308502 0.514359 0.361215
vn -0.161363 0.176959 0.9709
v -6.67664 8.2434 -1.1915 0.309219 0.515008 0.361317
vn -0.0830153 0.0643389 0.994469
v -6.74019 10.182 -1.30807 0.294995 0.502138 0.359285
vn -0.0821976 0.07102 0.994082
v -6.64021 10.2411 -1.30396 0.295496 0.502591 0.359357
vn -0.0826171 0.0782626 0.993504
v -6.72216 12.774 -1.54778 0.265743 0.475672 0.355106
vn -0.0853322 0.0888868 0.99238
v -6.63097 12.8377 -1.54666 0.26588 0.475796 0.355126
vn -0.0772089 0.0847981 0.993402
v -6.69922 14.9083 -1.70436 0.246635 0.458384 0.352376
vn -0.0808596 0.0673556 0.994447
v -6.66986 17.2414 -1.84942 0.228934 0.442368 0.349848
vn -0.10089 0.0555189 0.993347
v -6.74195 18.5446 -1.93441 0.218562 0.432985 0.348366
vn -0.084906 0.0715231 0.993819
v -6.60782 18.6115 -1.92951 0.21916 0.433526 0.348451
vn -0.0885382 0.0813223 0.992748
v -6.68206 20.5307 -2.08866 0.199738 0.415953 0.345677
vn -0.0885345 0.0806957 0.992799
v -6.75218 24.3972 -2.49652 0.16 0.38 0.34
vn -0.10172 0.137217 0.985304
v -6.62313 24.4447 -2.48986 0.16 0.38 0.34
vn -0.103525 0.146982 0.983707
v -6.55693 -25.5583 1.54299 0.642913 0.816921 0.408988
vn -0.058383 0.104399 0.99282
v -6.42657 -21.6514 1.2193 0.603412 0.781182 0.403345
vn -0.115515 0.0100826 0.993255
v -6.49804 -21.5356 1.20979 0.602251 0.780132 0.403179
vn -0.115503 0.0106684 0.99325
v -6.54225 -21.3189 1.20224 0.60133 0.779299 0.403047
vn -0.113235 0.0118624 0.993497
v -6.50511 -18.6737 0.953545 0.570981 0.75184 0.398712
vn -0.0531667 0.107935 0.992735
v -6.50635 -14.9572 0.717427 0.542168 0.725771 0.394595
vn -0.0737041 0.101315 0.99212
v -6.47974 -12.5358 0.471404 0.512145 0.698608 0.390306
vn -0.0658115 0.103681 0.992431
v -6.47058 -9.08917 0.218399 0.481271 0.670674 0.385896
vn -0.0739295 0.0948025 0.992747
v -6.42648 -5.48256 -0.0982161 0.442634 0.635717 0.380376
vn -0.0716843 0.0878887 0.993548
v -6.52234 -5.30106 -0.120817 0.439876 0.633221 0.379982
vn -0.0716863 0.0883964 0.993502
v -6.58894 -5.17779 -0.137056 0.437895 0.631428 0.379699
vn -0.0728365 0.0904422 0.993235
v -6.53435 2.31389 -0.737386 0.364636 0.565147 0.369234
vn -0.0852225 0.0681838 0.994026
v -6.42549 2.48195 -0.738138 0.364544 0.565063 0.369221
vn -0.0884523 0.0678008 0.99377
v -6.58333 5.54246 -0.963062 0.337096 0.54023 0.365299
vn -0.0839333 0.0643278 0.994393
v -6.46238 5.64386 -0.958494 0.337654 0.540734 0.365379
vn -0.0945816 0.0548303 0.994006
v -6.51067 8.35185 -1.18454 0.310069 0.515777 0.361438
vn -0.0961359 0.0701324 0.992894
v -6.46298 10.3385 -1.29564 0.296511 0.50351 0.359502
vn -0.0836059 0.0742984 0.993725
v -6.5003 12.9095 -1.54183 0.266468 0.476328 0.35521
vn -0.0867038 0.0963754 0.991562
v -6.53132 14.9618 -1.69259 0.248071 0.459683 0.352582
vn -0.0750869 0.0712848 0.994626
v -6.44729 15.0371 -1.69467 0.247818 0.459454 0.352545
vn -0.0774175 0.066284 0.994793
v -6.45664 17.2662 -1.82897 0.231429 0.444626 0.350204
vn -0.0901876 0.0582902 0.994218
v -6.44581 18.5962 -1.90939 0.221615 0.435747 0.348802
vn -0.0876624 0.0641905 0.99408
v -6.47517 20.6543 -2.08435 0.200265 0.41643 0.345752
vn -0.0817229 0.0881155 0.992752
v -6.48947 24.4762 -2.48053 0.16 0.38 0.34
vn -0.100427 0.135236 0.985711
v -6.26615 -25.6551 1.57634 0.646981 0.820602 0.409569
vn -0.07403 0.127618 0.989057
v -6.35142 -25.4709 1.56331 0.645392 0.819164 0.409342
vn -0.10581 0.0230407 0.994119
v -6.27775 -21.6835 1.23671 0.605537 0.783105 0.403648
vn -0.113122 0.0117293 0.993512
v -6.20079 -18.879 0.991223 0.575579 0.756 0.399368
vn -0.0597987 0.109291 0.992209
v -6.34115 -18.739 0.97385 0.573459 0.754082 0.399066
vn -0.122053 0.00123496 0.992523
v -6.30886 -15.0866 0.74353 0.545353 0.728653 0.39505
vn -0.0716093 0.098309 0.992576
v -6.27707 -12.6797 0.499939 0.515627 0.701758 0.390804
vn -0.0703598 0.106169 0.991856
v -6.29318 -9.25987 0.247483 0.48482 0.673885 0.386403
vn -0.0648295 0.086639 0.994128
v -6.35428 -9.18976 0.237913 0.483652 0.672828 0.386236
vn -0.0680766 0.0899585 0.993616
v -6.27895 -5.70187 -0.0642173 0.446783 0.63947 0.380969
vn -0.0745422 0.0887829 0.993258
v -6.36285 -5.57888 -0.0833297 0.444451 0.63736 0.380636
vn -0.0799614 0.0999575 0.991773
v -6.36488 2.59114 -0.741833 0.364093 0.564656 0.369156
vn -0.0828191 0.0677364 0.99426
v -6.26593 2.70634 -0.737033 0.364679 0.565186 0.36924
vn -0.0870631 0.0697999 0.993754
v -6.29247 5.75122 -0.945677 0.339218 0.542149 0.365603
vn -0.101147 0.0478374 0.993721
v -6.33292 8.44411 -1.17296 0.311482 0.517055 0.36164
vn -0.0863884 0.0826379 0.992828
v -6.2719 10.4533 -1.28877 0.29735 0.504269 0.359621
vn -0.0787917 0.0802001 0.99366
v -6.39766 12.9881 -1.54194 0.266455 0.476316 0.355208
vn -0.0771251 0.0759765 0.994122
v -6.29749 13.0287 -1.53595 0.267186 0.476977 0.355312
vn -0.0842819 0.0807116 0.993168
v -6.28878 15.0853 -1.68339 0.249194 0.460699 0.352742
vn -0.0704544 0.0728673 0.99485
v -6.25822 17.3194 -1.81469 0.233171 0.446202 0.350453
vn -0.0851881 0.0590497 0.994614
v -6.26191 18.6762 -1.90113 0.222623 0.436659 0.348946
vn -0.0853742 0.0688803 0.993965
v -6.31207 20.7302 -2.07794 0.201047 0.417137 0.345864
vn -0.104318 0.142354 0.984303
v -6.30974 24.5153 -2.46762 0.16 0.38 0.34
vn -0.100063 0.1346 0.985835
v -6.09373 -25.6978 1.59567 0.64934 0.822737 0.409906
vn -0.0874675 0.0950718 0.99162
v -6.10571 -21.7648 1.25721 0.608037 0.785367 0.404005
vn -0.112854 0.0100474 0.993561
v -6.10377 -18.9036 1.00306 0.577024 0.757307 0.399575
vn -0.0739556 0.114703 0.990643
v -6.1941 -18.6806 0.991799 0.57565 0.756064 0.399379
vn -0.119127 0.00415414 0.99287
v -6.07821 -15.2355 0.773572 0.549019 0.73197 0.395574
vn -0.073811 0.0974169 0.992503
v -6.17911 -15.191 0.760322 0.547402 0.730507 0.395343
vn -0.134365 -0.00961831 0.990885
v -6.03458 -12.8177 0.534075 0.519793 0.705527 0.391399
vn -0.0677126 0.102672 0.992408
v -6.1333 -12.7566 0.520363 0.51812 0.704013 0.39116
vn -0.0770174 0.109783 0.990967
v -6.04507 -9.49859 0.286637 0.489598 0.678208 0.387085
vn -0.0724695 0.0942932 0.992903
v -6.18798 -9.36625 0.264139 0.486853 0.675724 0.386693
vn -0.0688342 0.0913986 0.993433
v -6.0595 -6.06154 -0.0176273 0.452468 0.644614 0.381781
vn -0.0741554 0.0869587 0.993448
v -6.1497 -5.91187 -0.036226 0.450199 0.642561 0.381457
vn -0.072374 0.0839773 0.993836
v -6.14329 2.90085 -0.741653 0.364115 0.564675 0.369159
vn -0.085027 0.0688165 0.993999
v -6.03613 3.03948 -0.74061 0.364242 0.564791 0.369177
vn -0.0883139 0.0650309 0.993968
v -6.12187 5.8508 -0.93185 0.340905 0.543676 0.365844
vn -0.0927928 0.0511701 0.99437
v -6.15779 8.57091 -1.16887 0.311981 0.517507 0.361712
vn -0.0865257 0.0951392 0.991696
v -6.09007 8.65585 -1.17434 0.311313 0.516902 0.361616
vn -0.0659827 0.0653391 0.995679
v -6.12831 10.5321 -1.28253 0.298112 0.504958 0.35973
vn -0.0686006 0.0449984 0.996629
v -6.03566 10.6096 -1.28344 0.298001 0.504858 0.359714
vn -0.091024 0.0933864 0.99146
v -6.13021 13.1264 -1.53124 0.267761 0.477498 0.355394
vn -0.0779579 0.0723344 0.994329
v -6.12507 15.178 -1.67893 0.249738 0.461192 0.35282
vn -0.0847077 0.0620513 0.994472
v -6.0726 17.3667 -1.80111 0.234829 0.447702 0.35069
vn -0.0851162 0.0567507 0.994754
v -6.11411 18.7547 -1.89668 0.223166 0.43715 0.349024
vn -0.0910566 0.0797522 0.992647
v -6.18877 20.7461 -2.06719 0.202358 0.418324 0.346051
vn -0.0877673 0.0838292 0.992607
v -6.08222 20.8022 -2.06402 0.202745 0.418674 0.346106
vn -0.0878123 0.0866608 0.99236
v -6.13152 24.5776 -2.45813 0.16 0.38 0.34
vn -0.101903 0.14359 0.984377
v -5.85523 -25.6648 1.62039 0.652357 0.825466 0.410337
vn -0.104974 0.0235438 0.994196
v -5.89526 -21.7277 1.28068 0.610902 0.787959 0.404415
vn -0.112731 0.0118085 0.993555
v -5.91054 -18.9539 1.02648 0.579882 0.759893 0.399983
vn -0.117349 0.00404376 0.993083
v -5.90358 -15.3377 0.796048 0.551762 0.734451 0.395966
vn -0.0746278 0.0960805 0.992572
v -5.88578 -12.9205 0.554208 0.52225 0.70775 0.39175
vn -0.0600038 0.0929519 0.993861
v -5.87071 -9.65059 0.313694 0.4929 0.681195 0.387557
vn -0.072646 0.0920448 0.993101
v -5.95203 -9.57623 0.301301 0.491388 0.679827 0.387341
vn -0.0792645 0.0983251 0.991993
v -5.87727 -6.31442 0.0193825 0.456985 0.648701 0.382426
vn -0.070831 0.0812656 0.994172
v -5.96904 -6.18419 0.00114743 0.45476 0.646687 0.382109
vn -0.0757139 0.0888825 0.99316
v -5.96805 3.12761 -0.740416 0.364266 0.564812 0.369181
vn -0.0800048 0.0776778 0.993763
v -5.85571 3.28358 -0.742889 0.363964 0.564539 0.369138
vn -0.0843537 0.072208 0.993816
v -5.97105 5.94777 -0.921858 0.342124 0.544779 0.366018
vn -0.0831621 0.0547314 0.995032
v -5.87219 6.01506 -0.916358 0.342796 0.545386 0.366114
vn -0.0902103 0.0467813 0.994823
v -5.96632 8.73337 -1.16959 0.311893 0.517427 0.361699
vn -0.0817531 0.100799 0.991542
v -5.86206 8.83839 -1.17349 0.311417 0.516997 0.361631
vn -0.0625447 0.0617025 0.996133
v -5.90963 10.6476 -1.27261 0.299322 0.506053 0.359903
vn -0.0561596 0.0485547 0.99724
v -5.91343 13.2436 -1.52383 0.268666 0.478317 0.355524
vn -0.0766463 0.070866 0.994537
v -5.91991 15.2469 -1.66577 0.251344 0.462645 0.353049
vn -0.0854987 0.0601493 0.994521
v -5.97299 17.39 -1.79354 0.235752 0.448538 0.350822
vn -0.0851306 0.063643 0.994335
v -5.86541 17.4006 -1.78318 0.237017 0.449682 0.351002
vn -0.0934919 0.0547007 0.994116
v -5.96656 18.777 -1.88398 0.224716 0.438553 0.349245
vn -0.0875616 0.0717506 0.993572
v -5.85825 18.8001 -1.8757 0.225726 0.439466 0.349389
vn -0.0874057 0.079644 0.992984
v -5.91834 20.8883 -2.0592 0.203334 0.419207 0.346191
vn -0.10356 0.141981 0.984437
v -5.90344 24.6209 -2.44104 0.16 0.38 0.34
vn -0.099894 0.137107 0.985506
v -5.69006 -25.733 1.63929 0.654663 0.827553 0.410666
vn -0.104843 0.0211612 0.994264
v -5.71003 -21.8298 1.30259 0.613576 0.790379 0.404797
vn -0.111804 0.0104487 0.993675
v -5.67971 -19.0874 1.05424 0.583269 0.762958 0.400467
vn -0.0692694 0.113744 0.991092
v -5.69793 -15.474 0.822017 0.554931 0.737318 0.396419
vn -0.0717663 0.0931492 0.993062
v -5.68963 -13.0436 0.580614 0.525472 0.710666 0.39221
vn -0.0777902 0.103764 0.991555
v -5.63444 -9.86402 0.348832 0.497188 0.685075 0.38817
vn -0.169305 -0.0278346 0.985171
v -5.74198 -9.75766 0.333355 0.495299 0.683366 0.3879
vn -0.0719939 0.0908833 0.993256
v -5.63596 -6.66961 0.0640073 0.46243 0.653628 0.383204
vn -0.0713686 0.0835203 0.993947
v -5.74922 -6.50907 0.0433656 0.459911 0.651348 0.382844
vn -0.0693023 0.0787468 0.994483
v -5.69005 3.50362 -0.74618 0.363563 0.564176 0.36908
vn -0.0822218 0.0745689 0.99382
v -5.68441 6.13327 -0.904588 0.344232 0.546686 0.366319
vn -0.0752354 0.0552053 0.995636
v -5.74078 8.93769 -1.17383 0.311376 0.51696 0.361625
vn -0.0537758 0.0644922 0.996468
v -5.65545 9.01972 -1.17661 0.311037 0.516652 0.361577
vn -0.0609163 0.0552606 0.996612
v -5.70644 10.7671 -1.26605 0.300122 0.506777 0.360017
vn -0.0825191 0.0744598 0.993804
v -5.72875 13.3495 -1.51884 0.269274 0.478867 0.355611
vn -0.0695157 0.0726153 0.994934
v -5.69249 15.3085 -1.64904 0.253386 0.464492 0.353341
vn -0.0795553 0.0618403 0.99491
v -5.69596 17.4348 -1.76962 0.238671 0.451178 0.351239
vn -0.0807265 0.0588191 0.994999
v -5.69318 18.8197 -1.86083 0.227541 0.441108 0.349649
vn -0.0967109 0.0740302 0.992556
v -5.70706 20.95 -2.04599 0.204945 0.420665 0.346421
vn -0.0877925 0.0877128 0.99227
v -5.68693 24.7075 -2.43122 0.16 0.38 0.34
vn -0.100031 0.138773 0.985259
v -5.44707 -25.8379 1.66703 0.658049 0.830616 0.41115
vn -0.104539 0.0200897 0.994318
v -5.56346 -25.7737 1.65349 0.656396 0.82912 0.410914
vn -0.104173 0.0216587 0.994323
v -5.4722 -21.8769 1.32966 0.61688 0.793367 0.405269
vn -0.110606 0.0126444 0.993784
v -5.46656 -19.1821 1.07958 0.586362 0.765756 0.400909
vn -0.0456357 0.0914516 0.994763
v -5.41267 -15.6034 0.858042 0.559327 0.741296 0.397047
vn -0.0732596 0.0935922 0.992912
v -5.514 -15.5624 0.845276 0.557769 0.739887 0.396824
vn -0.0797607 0.0966375 0.992119
v -5.47143 -13.1522 0.610103 0.529071 0.713921 0.392724
vn -0.0763908 0.102769 0.991768
v -5.4259 -10.0227 0.379823 0.50097 0.688496 0.38871
vn -0.0871162 0.0987495 0.991292
v -5.52806 -9.93961 0.364978 0.499158 0.686857 0.388451
vn -0.0707881 0.0897597 0.993445
v -5.47158 -6.88434 0.0931626 0.465988 0.656847 0.383713
vn -0.0714854 0.0879698 0.993555
v -5.57433 -6.76092 0.0747125 0.463737 0.654809 0.383391
vn -0.0713626 0.0856365 0.993767
v -5.5184 3.71295 -0.747542 0.363396 0.564025 0.369057
vn -0.0809521 0.0750662 0.993887
v -5.4223 3.83408 -0.749957 0.363102 0.563759 0.369015
vn -0.0835636 0.0706196 0.993997
v -5.48877 6.28081 -0.89817 0.345015 0.547395 0.366431
vn -0.066637 0.0591412 0.996023
v -5.51485 9.10854 -1.17238 0.311553 0.517119 0.36165
vn -0.0570297 0.0550654 0.996853
v -5.4773 10.8904 -1.25708 0.301217 0.507767 0.360174
vn -0.0768447 0.0767218 0.994087
v -5.49322 13.4765 -1.51147 0.270174 0.479681 0.355739
vn -0.0703802 0.0717691 0.994935
v -5.53592 15.364 -1.6398 0.254513 0.465512 0.353502
vn -0.0720559 0.0658285 0.995226
v -5.42857 15.4251 -1.63736 0.254812 0.465782 0.353545
vn -0.074099 0.0624787 0.995292
v -5.53579 17.4882 -1.76016 0.239825 0.452223 0.351404
vn -0.087924 0.0589101 0.994384
v -5.46811 18.8295 -1.83814 0.23031 0.443614 0.350044
vn -0.0911682 0.0807122 0.992559
v -5.48616 20.9807 -2.02744 0.207209 0.422713 0.346744
vn -0.0788575 0.0897557 0.992837
v -5.55926 24.7735 -2.42756 0.16 0.38 0.34
vn -0.103621 0.150125 0.983222
v -5.42372 24.8077 -2.41873 0.16 0.38 0.34
vn -0.0988684 0.137382 0.985571
v -5.27622 -25.8858 1.6859 0.660352 0.832699 0.411479
vn -0.103853 0.0195393 0.994401
v -5.25559 -21.9484 1.35442 0.6199 0.7961 0.4057
vn 0 0 0
v -5.33507 -19.2041 1.0951 0.588255 0.767469 0.401179
vn -0.0973193 0.115272 0.988555
v -5.22323 -19.1824 1.10824 0.58986 0.768921 0.401409
vn -0.116442 0.00449065 0.993187
v -5.26281 -15.7032 0.876306 0.561556 0.743313 0.397365
vn -0.0681343 0.0901841 0.993592
v -5.2694 -13.2701 0.636457 0.532287 0.716831 0.393184
vn -0.0730438 0.100513 0.992251
v -5.28601 -10.1223 0.40031 0.50347 0.690758 0.389067
vn -0.0797618 0.0929177 0.992474
v -5.307 -7.0997 0.120632 0.46934 0.659879 0.384191
vn -0.0686147 0.0875959 0.99379
v -5.3405 3.9184 -0.748434 0.363287 0.563927 0.369041
vn -0.0798192 0.0762666 0.993887
v -5.24487 4.04463 -0.753191 0.362707 0.563402 0.368958
vn -0.0809244 0.0688638 0.994338
v -5.36549 6.38361 -0.896646 0.345201 0.547563 0.366457
vn -0.0890454 0.0733326 0.993324
v -5.27013 6.44226 -0.891411 0.34584 0.548141 0.366549
vn -0.0867028 0.071636 0.993655
v -5.30662 9.27128 -1.17283 0.311498 0.51707 0.361643
vn -0.0545028 0.0520929 0.997154
v -5.31812 10.9634 -1.2488 0.302227 0.508682 0.360318
vn -0.0612553 0.0400346 0.997319
v -5.24401 11.0218 -1.24956 0.302134 0.508598 0.360305
vn -0.0862044 0.0969949 0.991545
v -5.33105 13.5689 -1.50748 0.27066 0.480121 0.355809
vn -0.0738969 0.0693037 0.994855
v -5.20426 13.6263 -1.50192 0.271339 0.480735 0.355906
vn -0.0807164 0.0642015 0.994667
v -5.31999 15.4837 -1.63441 0.255171 0.466107 0.353596
vn -0.0844196 0.0541393 0.994958
v -5.34932 17.5198 -1.74456 0.24173 0.453946 0.351676
vn -0.0858587 0.0556012 0.994755
v -5.30279 18.8442 -1.82268 0.232196 0.44532 0.350314
vn -0.077846 0.0645709 0.994872
v -5.29151 21.1002 -2.02453 0.207564 0.423034 0.346795
vn -0.0743696 0.0924863 0.992933
v -5.24786 24.875 -2.41052 0.160462 0.380418 0.340066
vn -0.10017 0.142209 0.984755
v -5.08385 -25.8515 1.70528 0.662716 0.834839 0.411817
vn -0.10346 0.019764 0.994437
v -5.11016 -21.9812 1.37078 0.621897 0.797906 0.405985
vn -0.109363 0.00673175 0.993979
v -5.10049 -19.2326 1.12256 0.591607 0.770502 0.401658
vn -0.115828 0.000138598 0.993269
v -5.05472 -15.8093 0.90175 0.564661 0.746122 0.397809
vn -0.124058 -0.0065616 0.992253
v -5.10428 -15.7855 0.895712 0.563924 0.745455 0.397703
vn -0.0791737 0.0955271 0.992273
v -5.13972 -13.3257 0.653635 0.534383 0.718728 0.393483
vn -0.0770059 0.100874 0.991915
v -5.09429 -10.2448 0.428337 0.50689 0.693853 0.389556
vn -0.0839459 0.096501 0.991787
v -5.02297 -7.42456 0.166926 0.47499 0.664991 0.384999
vn -0.0678415 0.0881588 0.993794
v -5.11708 -7.31182 0.15235 0.473211 0.663381 0.384744
vn -0.0652324 0.0846397 0.994274
v -5.00007 -2.65167 -0.202925 0.429856 0.624156 0.378551
vn 0 0 0
v -5.03449 -2.49241 -0.21885 0.427913 0.622398 0.378273
vn 0 0 0
v -5.06902 -2.27901 -0.237905 0.425588 0.620294 0.377941
vn -0.0785553 0.0777896 0.99387
v -5.09819 -2.05524 -0.257725 0.423169 0.618105 0.377596
vn -0.0794471 0.0787254 0.993726
v -5.11247 -1.88897 -0.271235 0.421521 0.616614 0.37736
vn -0.0778993 0.0785572 0.993861
v -5.12207 -1.72179 -0.284573 0.419893 0.615141 0.377128
vn -0.0793944 0.0744219 0.994061
v -5.12641 -1.49944 -0.301199 0.417864 0.613306 0.376838
vn -0.0784775 0.0749965 0.994091
v -5.1254 -1.27695 -0.318245 0.415784 0.611423 0.376541
vn -0.0800323 0.0813202 0.99347
v -5.12142 -1.06496 -0.335596 0.413666 0.609508 0.376238
vn -0.0794327 0.0842491 0.993274
v -5.11751 -0.914615 -0.348739 0.412063 0.608057 0.376009
vn -0.0811311 0.0877011 0.992837
v -5.10669 -0.733182 -0.363978 0.410203 0.606374 0.375743
vn -0.0799108 0.0856109 0.993119
v -5.08584 -0.512446 -0.381763 0.408033 0.60441 0.375433
vn -0.0793914 0.0887865 0.992882
v -5.0649 -0.291446 -0.401917 0.405573 0.602185 0.375082
vn -0.0799033 0.0871553 0.992985
v -5.03007 -0.0903441 -0.416576 0.403784 0.600567 0.374826
vn -0.0816387 0.0804898 0.993407
v -5.13406 4.14606 -0.749461 0.363162 0.563813 0.369023
vn -0.0903279 0.0640074 0.993853
v -5.04061 4.22762 -0.745824 0.363606 0.564215 0.369087
vn -0.0894586 0.0646945 0.993887
v -5.1002 6.56209 -0.885764 0.346529 0.548764 0.366647
vn -0.0794616 0.0759847 0.993938
v -5.01706 6.61982 -0.883062 0.346859 0.549063 0.366694
vn -0.0599775 0.0607996 0.996346
v -5.07731 9.44173 -1.17238 0.311552 0.517119 0.36165
vn -0.0558318 0.0472312 0.997322
v -5.12855 11.0573 -1.24058 0.303231 0.50959 0.360462
vn -0.0572686 0.0388983 0.997601
v -5.07771 13.6845 -1.49664 0.271983 0.481318 0.355998
vn -0.0715179 0.0663217 0.995232
v -5.12079 15.5399 -1.62072 0.256842 0.467619 0.353835
vn -0.077128 0.0604825 0.995185
v -5.14612 17.5621 -1.72891 0.243639 0.455673 0.351948
vn -0.0777513 0.0546083 0.995476
v -5.14366 18.8785 -1.81091 0.233633 0.44662 0.350519
vn -0.0730735 0.0610218 0.995458
v -5.14533 21.1697 -2.01953 0.208175 0.423587 0.346882
vn -0.0807929 0.0884263 0.992801
v -5.07596 24.9401 -2.40246 0.161445 0.381307 0.340206
vn -0.0987814 0.13938 0.9853
v -4.87611 -25.9257 1.72832 0.665528 0.837383 0.412218
vn -0.103287 0.0194032 0.994462
v -4.91807 -25.7117 1.7197 0.664477 0.836431 0.412068
vn -0.102937 0.0211589 0.994463
v -4.90357 -22.0107 1.39371 0.624695 0.800438 0.406385
vn -0.108099 0.00954265 0.994094
v -4.9203 -19.2601 1.14347 0.594159 0.77281 0.402023
vn -0.114903 0.00242796 0.993374
v -4.9266 -15.8523 0.917484 0.566581 0.747859 0.398083
vn -0.0815822 0.0967222 0.991962
v -4.87912 -13.432 0.687745 0.538546 0.722494 0.394078
vn -0.0841697 0.101579 0.99126
v -4.98995 -13.3892 0.673274 0.53678 0.720896 0.393826
vn -0.0806257 0.10086 0.991628
v -4.8131 -10.4079 0.468883 0.511838 0.698329 0.390263
vn -0.165752 -0.0494199 0.984928
v -4.91565 -10.3451 0.454412 0.510072 0.696732 0.39001
vn -0.0914997 0.101195 0.99065
v -4.90398 -7.53522 0.186519 0.477381 0.667154 0.38534
vn -0.071296 0.0925803 0.993149
v -4.82412 -3.28003 -0.138592 0.437707 0.631259 0.379672
vn 0 0 0
v -4.89949 -3.05254 -0.163676 0.434646 0.628489 0.379235
vn 0 0 0
v -4.94329 -2.92198 -0.179496 0.432715 0.626743 0.378959
vn 0 0 0
v -4.97931 -2.76235 -0.19378 0.430972 0.625165 0.37871
vn 0 0 0
v -4.98393 0.0884278 -0.425754 0.402664 0.599554 0.374666
vn -0.0805955 0.0815546 0.993405
v -4.93689 0.276321 -0.437812 0.401193 0.598222 0.374456
vn -0.082001 0.0795172 0.993455
v -4.8705 0.474288 -0.446447 0.400139 0.597269 0.374306
vn -0.0833752 0.0752372 0.993674
v -4.83376 0.609543 -0.456481 0.398915 0.596161 0.374131
vn -0.0864621 0.0773962 0.993244
v -4.92799 4.33849 -0.744964 0.363711 0.56431 0.369102
vn -0.0817084 0.0660393 0.994466
v -4.90593 6.72263 -0.885267 0.34659 0.548819 0.366656
vn -0.0761365 0.0811827 0.993787
v -4.90759 9.52099 -1.16316 0.312678 0.518137 0.361811
vn -0.0650075 0.0429167 0.996961
v -4.91896 11.1534 -1.23046 0.304465 0.510706 0.360638
vn -0.0644493 0.0345842 0.997322
v -4.92878 13.7529 -1.49056 0.272725 0.481989 0.356104
vn -0.0750391 0.0834634 0.993682
v -4.89286 15.6361 -1.61057 0.25808 0.468739 0.354011
vn -0.0751256 0.0599407 0.995371
v -4.93781 17.6432 -1.71888 0.244863 0.456781 0.352123
vn -0.063518 0.0581794 0.996283
v -4.96106 18.97 -1.80531 0.234316 0.447238 0.350617
vn -0.0837934 0.0809488 0.99319
v -4.86129 19.0204 -1.80237 0.234675 0.447563 0.350668
vn -0.0725539 0.0777716 0.994328
v -4.93291 21.2384 -2.00766 0.209623 0.424897 0.347089
vn -0.0820184 0.0873913 0.992792
v -4.93831 24.9884 -2.39553 0.162291 0.382072 0.340327
vn -0.097654 0.137427 0.985686
v -4.85598 25.0508 -2.39608 0.162224 0.382012 0.340318
vn -0.0989004 0.140725 0.985097
v -4.66964 -26.0181 1.75146 0.668352 0.839937 0.412622
vn -0.102359 0.0195705 0.994555
v -4.79659 -25.9761 1.73755 0.666654 0.838401 0.412379
vn -0.103012 0.0188309 0.994502
v -4.71332 -22.0971 1.41522 0.627321 0.802814 0.40676
vn -0.108099 0.00954265 0.994094
v -4.70928 -19.2949 1.16775 0.597121 0.775491 0.402446
vn 0 0 0
v -4.73414 -15.934 0.940678 0.569411 0.75042 0.398487
vn -0.0784467 0.0956567 0.992318
v -4.72379 -13.5026 0.707494 0.540956 0.724674 0.394422
vn -0.0748664 0.0951798 0.992641
v -4.68855 -10.4563 0.487413 0.514099 0.700375 0.390586
vn -0.0853794 0.0981146 0.991506
v -4.72857 -7.714 0.213248 0.480642 0.670105 0.385806
vn -0.0718127 0.093087 0.993065
v -4.65269 -3.7062 -0.088601 0.443807 0.636778 0.380544
vn 0 0 0
v -4.74877 -3.48084 -0.115682 0.440503 0.633788 0.380072
vn 0 0 0
v -4.7788 0.708266 -0.454633 0.39914 0.596365 0.374163
vn -0.0873335 0.0659843 0.993991
v -4.69063 0.904052 -0.459871 0.398501 0.595787 0.374072
vn -0.0821566 0.0766844 0.993665
v -4.62191 1.08869 -0.47178 0.397048 0.594472 0.373864
vn -0.0770213 0.0892138 0.99303
v -4.7002 4.54587 -0.740994 0.364195 0.564748 0.369171
vn -0.0802082 0.0677588 0.994472
v -4.70816 6.86163 -0.880479 0.347174 0.549348 0.366739
vn -0.0758072 0.076307 0.994198
v -4.79695 9.58364 -1.15956 0.313117 0.518535 0.361874
vn -0.0493256 0.0487663 0.997592
v -4.68431 9.66179 -1.159 0.313185 0.518596 0.361884
vn -0.0661254 0.0631961 0.995808
v -4.68492 11.256 -1.21879 0.305889 0.511995 0.360841
vn -0.0538921 0.0385613 0.997802
v -4.69957 13.8556 -1.48105 0.273885 0.483039 0.356269
vn -0.0804785 0.0749116 0.993937
v -4.68791 15.7322 -1.60328 0.25897 0.469544 0.354139
vn -0.0775859 0.0570313 0.995353
v -4.72198 17.7582 -1.71347 0.245523 0.457378 0.352218
vn -0.0694387 0.0579269 0.995903
v -4.7134 19.1047 -1.79951 0.235024 0.447879 0.350718
vn -0.070388 0.0808381 0.994239
v -4.70421 21.3272 -1.99719 0.210901 0.426053 0.347272
vn -0.0998953 0.141975 0.984817
v -4.7161 25.0677 -2.38461 0.163624 0.383279 0.340518
vn -0.0974821 0.138074 0.985613
v -4.4953 -26.0509 1.77 0.670614 0.841985 0.412945
vn -0.101506 0.0209436 0.994614
v -4.478 -22.1478 1.44112 0.63048 0.805673 0.407211
vn -0.10665 0.0127613 0.994215
v -4.49995 -19.3456 1.1916 0.600032 0.778124 0.402862
vn -0.111405 0.00357982 0.993769
v -4.48838 -16.0306 0.969977 0.572987 0.753655 0.398998
vn -0.0808228 0.0970496 0.991992
v -4.45673 -13.6277 0.740729 0.545011 0.728344 0.395002
vn -0.0755387 0.094503 0.992655
v -4.56343 -13.5804 0.727486 0.543395 0.726882 0.394771
vn -0.0799362 0.0973775 0.992032
v -4.49788 -10.57 0.513433 0.517274 0.703248 0.391039
vn -0.0794569 0.0956531 0.992238
v -4.49656 -7.88748 0.250923 0.48524 0.674265 0.386463
vn -0.07814 0.0951013 0.992396
v -4.41249 -4.20603 -0.0296474 0.451002 0.643287 0.381572
vn 0 0 0
v -4.48048 -4.08484 -0.045831 0.449027 0.6415 0.38129
vn 0 0 0
v -4.5726 -3.89164 -0.0680954 0.44631 0.639042 0.380901
vn 0 0 0
v -4.59823 1.15454 -0.476755 0.396441 0.593923 0.373777
vn -0.0852441 0.0837437 0.992835
v -4.52547 1.29367 -0.480509 0.395983 0.593508 0.373712
vn -0.0826671 0.0773909 0.993568
v -4.43415 1.47 -0.487046 0.395185 0.592786 0.373598
vn -0.0853637 0.0722901 0.993724
v -4.48116 4.74522 -0.739455 0.364383 0.564918 0.369198
vn -0.0720121 0.0692587 0.994996
v -4.52419 6.95311 -0.868532 0.348632 0.550667 0.366947
vn -0.0731927 0.0487021 0.996128
v -4.43396 7.01704 -0.867136 0.348802 0.550821 0.366972
vn -0.0708691 0.0522909 0.996114
v -4.4817 9.77498 -1.15289 0.313932 0.519272 0.36199
vn -0.0670565 0.0693452 0.995336
v -4.53991 11.3562 -1.21868 0.305903 0.512008 0.360843
vn -0.0472414 0.0456794 0.997838
v -4.43053 11.404 -1.21353 0.306531 0.512576 0.360933
vn -0.0567026 0.0378146 0.997675
v -4.5209 13.9035 -1.46822 0.275451 0.484456 0.356493
vn -0.0882057 0.0733817 0.993396
v -4.49027 15.777 -1.5885 0.260773 0.471176 0.354396
vn -0.0734974 0.0653903 0.995149
v -4.49104 17.8193 -1.69829 0.247375 0.459054 0.352482
vn -0.0773047 0.05336 0.995579
v -4.59314 19.1663 -1.79619 0.235429 0.448245 0.350776
vn -0.0739687 0.0818264 0.993898
v -4.47878 19.2078 -1.79054 0.236119 0.448869 0.350874
vn -0.0769304 0.0846408 0.993437
v -4.52388 21.345 -1.98147 0.212819 0.427789 0.347546
vn -0.080066 0.0871817 0.99297
v -4.41769 21.4061 -1.97959 0.213049 0.427997 0.347578
vn -0.0996007 0.14317 0.984674
v -4.47976 25.1629 -2.37462 0.164842 0.384381 0.340692
vn -0.0974189 0.139193 0.985462
v -4.32633 -26.0875 1.78798 0.672809 0.84397 0.413258
vn -0.101167 0.0188041 0.994692
v -4.20203 -22.2169 1.4713 0.634163 0.809005 0.407738
vn 0 0 0
v -4.31117 -22.1871 1.45938 0.632709 0.807689 0.40753
vn 0 0 0
v -4.32327 -19.3868 1.21156 0.602467 0.780327 0.40321
vn -0.111405 0.00357982 0.993769
v -4.27726 -16.1073 0.994854 0.576022 0.756401 0.399432
vn -0.0856529 0.0981304 0.991481
v -4.28168 -13.7163 0.761868 0.547591 0.730678 0.39537
vn -0.0757127 0.093931 0.992696
v -4.30543 -10.6705 0.539666 0.520475 0.706144 0.391496
vn -0.0804037 0.0975275 0.99198
v -4.2821 -8.06191 0.282904 0.489143 0.677796 0.38702
vn -0.0786511 0.0942802 0.992434
v -4.25013 -4.47408 0.00663095 0.455429 0.647293 0.382204
vn 0 0 0
v -4.35161 -4.31357 -0.0158769 0.452682 0.644808 0.381812
vn 0 0 0
v -4.37204 1.57773 -0.48981 0.394848 0.592481 0.37355
vn -0.0790617 0.079095 0.993727
v -4.29251 1.72096 -0.495918 0.394102 0.591807 0.373443
vn -0.0828459 0.0749065 0.993743
v -4.20573 1.85154 -0.497747 0.393879 0.591605 0.373411
vn -0.0804602 0.0752614 0.993912
v -4.29179 4.90971 -0.738024 0.364558 0.565076 0.369223
vn -0.0726547 0.0711096 0.994819
v -4.33702 7.08321 -0.865294 0.349027 0.551024 0.367004
vn -0.161691 0.213696 0.963426
v -4.30255 9.8834 -1.14967 0.314325 0.519627 0.362046
vn -0.0676025 0.0673596 0.995436
v -4.27465 11.4916 -1.21009 0.306952 0.512956 0.360993
vn -0.0512229 0.0428844 0.997766
v -4.29468 13.9476 -1.44931 0.277759 0.486543 0.356823
vn -0.0887691 0.0898658 0.99199
v -4.27809 15.8786 -1.58176 0.261596 0.47192 0.354514
vn -0.0649796 0.0606775 0.99604
v -4.28637 17.8584 -1.68265 0.249284 0.46078 0.352755
vn -0.0776249 0.0544985 0.995492
v -4.28608 19.27 -1.77993 0.237414 0.450041 0.351059
vn -0.0659843 0.0731778 0.995134
v -4.29804 21.4266 -1.97049 0.214158 0.429 0.347737
vn -0.0675446 0.0895354 0.993691
v -4.28217 25.2405 -2.36609 0.165884 0.385324 0.340841
vn -0.0969877 0.139619 0.985444
v -4.14247 -26.0587 1.80612 0.675022 0.845972 0.413575
vn -0.101165 0.0207956 0.994652
v -4.09095 -22.2382 1.4833 0.635627 0.81033 0.407947
vn -0.106123 0.00291638 0.994349
v -4.06177 -19.4155 1.24086 0.606043 0.783562 0.40372
vn 0 0 0
v -4.1899 -19.3982 1.22655 0.604296 0.781983 0.403471
vn -0.111405 0.00357982 0.993769
v -4.10178 -16.1635 1.01536 0.578524 0.758665 0.399789
vn -0.0848542 0.0974452 0.991617
v -4.02711 -13.8191 0.792786 0.551364 0.734091 0.395909
vn -0.0811535 0.096172 0.992051
v -4.11092 -13.7748 0.783005 0.55017 0.733011 0.395739
vn -0.130735 -0.0248217 0.991107
v -4.10228 -10.7787 0.566556 0.523757 0.709113 0.391965
vn -0.0804017 0.097883 0.991945
v -4.10824 -8.15282 0.311386 0.492618 0.68094 0.387517
vn -0.0870243 0.0960651 0.991564
v -4.0775 -4.71125 0.04404 0.459994 0.651423 0.382856
vn 0 0 0
v -4.14426 1.94893 -0.501016 0.39348 0.591244 0.373354
vn -0.0847484 0.0695515 0.993972
v -4.04296 2.07313 -0.498812 0.393749 0.591487 0.373393
vn -0.0829645 0.0712767 0.994
v -4.11784 5.05639 -0.737014 0.364681 0.565188 0.36924
vn -0.0697247 0.0732538 0.994873
v -4.19858 7.14311 -0.855347 0.350241 0.552123 0.367177
vn -0.0635104 0.0545156 0.996491
v -4.10395 7.21491 -0.855639 0.350205 0.55209 0.367172
vn -0.0575483 0.061634 0.996438
v -4.13002 9.96555 -1.14239 0.315213 0.520431 0.362173
vn -0.0759544 0.0684951 0.994756
v -4.02315 10.0121 -1.1372 0.315846 0.521004 0.362264
vn -0.0674512 0.0834681 0.994225
v -4.12193 11.5879 -1.2089 0.307097 0.513088 0.361014
vn -0.122582 0.184016 0.97525
v -4.05541 11.6106 -1.20482 0.307594 0.513538 0.361085
vn -0.0484447 0.049333 0.997607
v -4.19051 13.9961 -1.4457 0.278199 0.486942 0.356886
vn -0.0831325 0.0662832 0.994332
v -4.08219 14.0179 -1.43696 0.279266 0.487907 0.357038
vn -0.0871455 0.0825311 0.992771
v -4.10806 15.9499 -1.57485 0.262439 0.472683 0.354634
vn -0.068388 0.0568966 0.996035
v -4.14066 17.8989 -1.67358 0.250391 0.461782 0.352913
vn -0.0702313 0.0583391 0.995823
v -4.13645 19.3559 -1.77744 0.237717 0.450315 0.351102
vn -0.0795969 0.0832488 0.993345
v -4.14973 21.5159 -1.96855 0.214396 0.429215 0.347771
vn -0.0990877 0.143945 0.984612
v -4.09728 25.2725 -2.3525 0.167542 0.386823 0.341077
vn -0.0963613 0.138537 0.985658
v -3.85228 -26.2065 1.83832 0.678951 0.849527 0.414136
vn -0.100567 0.0177937 0.994771
v -3.93453 -26.163 1.82919 0.677837 0.848519 0.413977
vn -0.100605 0.0191608 0.994742
v -3.92162 -22.2574 1.50138 0.637835 0.812327 0.408262
vn -0.105656 0.0049433 0.99439
v -3.91802 -19.447 1.25678 0.607986 0.78532 0.403998
vn 0 0 0
v -3.9001 -16.2252 1.03872 0.581375 0.761244 0.400196
vn -0.0890936 0.0983126 0.991159
v -3.91825 -13.859 0.8059 0.552964 0.735539 0.396138
vn -0.0768084 0.0943918 0.992568
v -3.93232 -10.8567 0.589077 0.526505 0.7116 0.392358
vn -0.0812737 0.0979333 0.991869
v -3.91055 -8.29526 0.339543 0.496054 0.684049 0.388008
vn -0.0795691 0.0931002 0.992472
v -3.82847 -5.06633 0.0897094 0.465567 0.656465 0.383652
vn -0.26061 -0.0720183 0.962754
v -3.93909 -4.91186 0.0702318 0.46319 0.654315 0.383313
vn 0 0 0
v -3.97056 2.17479 -0.501231 0.393454 0.59122 0.373351
vn -0.0773334 0.0787237 0.993892
v -3.88487 2.28886 -0.503599 0.393165 0.590959 0.373309
vn -0.0807069 0.0746602 0.993938
v -3.99394 5.15021 -0.734415 0.364998 0.565475 0.369285
vn -0.0737661 0.0653239 0.995134
v -3.88754 5.2246 -0.731148 0.365397 0.565835 0.369342
vn -0.06829 0.0723636 0.995038
v -3.94532 7.31026 -0.85106 0.350764 0.552596 0.367252
vn -0.056494 0.0599274 0.996603
v -3.82731 7.41116 -0.854702 0.350319 0.552194 0.367188
vn -0.0439773 0.0717181 0.996455
v -3.93168 10.0665 -1.13586 0.31601 0.521152 0.362287
vn -0.0642944 0.0632981 0.995921
v -3.93751 11.7077 -1.20848 0.307148 0.513133 0.361021
vn -0.0526275 0.0784704 0.995526
v -3.91994 14.0551 -1.42483 0.280747 0.489247 0.35725
vn -0.0805334 0.0815703 0.993409
v -3.98881 15.9786 -1.56654 0.263453 0.4736 0.354779
vn -0.0735315 0.0682409 0.994955
v -3.87451 16.0382 -1.56399 0.263764 0.473882 0.354823
vn -0.0744924 0.0498184 0.995976
v -3.94719 17.9682 -1.6641 0.251547 0.462829 0.353078
vn -0.0713974 0.0575399 0.995787
v -3.92331 19.4149 -1.76449 0.239297 0.451745 0.351328
vn -0.0740639 0.077619 0.994228
v -3.99674 21.5662 -1.96054 0.215373 0.430099 0.34791
vn -0.072334 0.084978 0.993754
v -3.87908 21.6186 -1.95642 0.215876 0.430555 0.347982
vn -0.067613 0.0859933 0.993999
v -3.91653 25.3288 -2.34279 0.168727 0.387896 0.341247
vn -0.0952906 0.137031 0.985973
v -3.7191 -26.218 1.85191 0.68061 0.851028 0.414373
vn -0.0996805 0.0199562 0.994819
v -3.70827 -22.3273 1.5244 0.640643 0.814868 0.408663
vn -0.106015 0.00312523 0.99436
v -3.72431 -19.4885 1.27807 0.610584 0.787671 0.404369
vn 0 0 0
v -3.70211 -16.2697 1.06156 0.584163 0.763766 0.400595
vn -0.0890683 0.0989473 0.991099
v -3.72666 -13.9464 0.828138 0.555678 0.737994 0.396525
vn -0.0815618 0.0968288 0.991954
v -3.65366 -11.0056 0.623806 0.530743 0.715434 0.392963
vn -0.0857894 0.0988711 0.991395
v -3.75405 -10.9564 0.611226 0.529208 0.714045 0.392744
vn -0.0738265 0.093374 0.99289
v -3.67219 -8.44222 0.373775 0.500232 0.687829 0.388605
vn -0.0828262 0.0977539 0.991758
v -3.76772 -8.38994 0.359763 0.498522 0.686282 0.38836
vn -0.0881915 0.0995415 0.991117
v -3.65428 -5.2505 0.123083 0.46964 0.66015 0.384234
vn -0.280957 -0.0972829 0.954777
v -3.7448 -5.17173 0.104475 0.467369 0.658095 0.38391
vn -0.280957 -0.0972829 0.954777
v -3.70945 2.5012 -0.505666 0.392913 0.59073 0.373273
vn -0.0828265 0.0733202 0.993863
v -3.7336 5.33485 -0.727884 0.365795 0.566196 0.369399
vn -0.0706632 0.0708137 0.994983
v -3.62344 5.42906 -0.729943 0.365544 0.565968 0.369363
vn -0.0693282 0.0531042 0.996179
v -3.70496 7.50596 -0.85673 0.350072 0.55197 0.367153
vn -0.0417846 0.0752414 0.99629
v -3.71695 10.1583 -1.12578 0.317239 0.522264 0.362463
vn -0.0710373 0.0715258 0.994906
v -3.78933 11.7922 -1.20615 0.307432 0.513391 0.361062
vn -0.0589091 0.0762983 0.995343
v -3.69878 11.8555 -1.20707 0.30732 0.51329 0.361046
vn -0.0793118 0.0854533 0.99318
v -3.73011 14.1298 -1.41634 0.281782 0.490184 0.357397
vn -0.0739716 0.0825348 0.993839
v -3.69605 16.0904 -1.55335 0.265063 0.475057 0.355009
vn -0.0689298 0.0603724 0.995793
v -3.70546 18.0607 -1.65339 0.252855 0.464012 0.353265
vn -0.0637527 0.0598335 0.99617
v -3.71615 19.504 -1.75683 0.240232 0.452591 0.351462
vn -0.0650581 0.0795383 0.994707
v -3.71597 21.7166 -1.95445 0.216116 0.430771 0.348017
vn -0.0705367 0.0861986 0.993778
v -3.7856 25.3998 -2.34002 0.169065 0.388202 0.341295
vn -0.0962969 0.139663 0.985505
v -3.69279 25.4152 -2.33319 0.169898 0.388955 0.341414
vn -0.0951656 0.137918 0.985861
v -3.48559 -26.3013 1.87684 0.683653 0.853781 0.414808
vn -0.0992651 0.0192684 0.994874
v -3.44606 -22.445 1.55269 0.644095 0.817991 0.409156
vn -0.104923 0.00445561 0.99447
v -3.54809 -22.3864 1.54162 0.642744 0.816769 0.408963
vn -0.103509 0.00768731 0.994599
v -3.50789 -19.5497 1.30159 0.613454 0.790268 0.404779
vn 0 0 0
v -3.4908 -16.3079 1.0858 0.587121 0.766443 0.401017
vn -0.0922262 0.100314 0.990672
v -3.47049 -14.0194 0.858674 0.559404 0.741366 0.397058
vn -0.0876878 0.0982728 0.991289
v -3.49549 -11.0637 0.644304 0.533245 0.717697 0.393321
vn -0.0872953 0.0998762 0.991163
v -3.48817 -8.55257 0.39914 0.503327 0.690629 0.389047
vn -0.0777446 0.0951651 0.992421
v -3.46043 -5.48056 0.153807 0.473389 0.663542 0.38477
vn -0.241024 -0.0777037 0.967403
v -3.56158 -5.36152 0.138169 0.47148 0.661816 0.384497
vn -0.273739 -0.102327 0.956345
v -3.51516 2.6925 -0.499943 0.393611 0.591362 0.373373
vn -0.0870393 0.0659071 0.994022
v -3.40048 2.81179 -0.500013 0.393602 0.591355 0.373372
vn -0.0834088 0.073238 0.99382
v -3.49877 5.49201 -0.721755 0.366543 0.566872 0.369506
vn -0.0774409 0.081008 0.9937
v -3.5019 7.68751 -0.866389 0.348893 0.550903 0.366985
vn -0.0388555 0.0817992 0.995891
v -3.49557 10.2582 -1.11705 0.318305 0.523229 0.362615
vn -0.0712089 0.0642132 0.995392
v -3.51269 11.939 -1.20034 0.308141 0.514032 0.361163
vn -0.0743971 0.0773999 0.99422
v -3.5554 14.1936 -1.40786 0.282817 0.49112 0.357545
vn -0.0779197 0.092033 0.992703
v -3.43764 14.2852 -1.41095 0.28244 0.490779 0.357491
vn -0.0677394 0.0724814 0.995067
v -3.50649 16.163 -1.54507 0.266073 0.475971 0.355153
vn -0.0713304 0.0554333 0.995911
v -3.51033 18.1359 -1.64498 0.253882 0.464941 0.353412
vn -0.052961 0.0581911 0.9969
v -3.42234 18.22 -1.6491 0.253378 0.464485 0.35334
vn -0.0638316 0.0731147 0.995279
v -3.53216 19.5993 -1.75259 0.240749 0.453059 0.351536
vn -0.0655381 0.0824495 0.994438
v -3.43181 19.6641 -1.75228 0.240787 0.453093 0.351541
vn -0.0596941 0.0878555 0.994343
v -3.58466 21.7892 -1.95201 0.216414 0.431041 0.348059
vn -0.0658133 0.0886304 0.993888
v -3.47137 21.8505 -1.94975 0.21669 0.431291 0.348099
vn -0.0654865 0.0879968 0.993966
v -3.48503 25.4494 -2.31794 0.171759 0.390639 0.34168
vn -0.0949506 0.13716 0.985988
v -3.29556 -26.3513 1.89668 0.686073 0.855971 0.415153
vn -0.099167 0.0143608 0.994967
v -3.29566 -22.4736 1.56847 0.646021 0.819734 0.409432
vn -0.101946 0.00883955 0.994751
v -3.28119 -19.6159 1.32596 0.616427 0.792958 0.405204
vn 0 0 0
v -3.25591 -16.3477 1.11242 0.590369 0.769381 0.401481
vn -0.0804952 0.0986998 0.991856
v -3.26299 -14.0746 0.883053 0.562379 0.744057 0.397483
vn -0.0873542 0.0980291 0.991342
v -3.28841 -11.1465 0.670167 0.536401 0.720553 0.393772
vn -0.0927891 0.100756 0.990575
v -3.29798 -8.66563 0.424339 0.506402 0.693411 0.389486
vn -0.0790501 0.0964429 0.992194
v -3.26631 -5.66832 0.185552 0.477263 0.667047 0.385323
vn 0 0 0
v -3.37187 -5.56038 0.16946 0.475299 0.66527 0.385043
vn -0.241024 -0.0777037 0.967403
v -3.28736 2.91339 -0.496949 0.393976 0.591693 0.373425
vn -0.0811891 0.0719059 0.994102
v -3.39762 5.56368 -0.720725 0.366669 0.566986 0.369524
vn -0.0697339 0.0660344 0.995378
v -3.27078 5.6452 -0.717907 0.367013 0.567297 0.369573
vn -0.068275 0.069013 0.995277
v -3.2842 7.86238 -0.873348 0.348044 0.550135 0.366863
vn -0.0629966 0.090983 0.993858
v -3.27515 10.3345 -1.10413 0.319881 0.524655 0.36284
vn -0.0739772 0.0784806 0.994167
v -3.28916 12.0304 -1.19098 0.309283 0.515066 0.361326
vn -0.0717455 0.0704663 0.994931
v -3.25367 14.3545 -1.40279 0.283435 0.49168 0.357634
vn -0.0706527 0.0844113 0.993923
v -3.36946 16.1925 -1.53535 0.26726 0.477045 0.355323
vn -0.0734118 0.0598088 0.995507
v -3.26369 16.2187 -1.5285 0.268095 0.477801 0.355442
vn -0.0704308 0.0543106 0.996037
v -3.26376 18.3006 -1.6455 0.253818 0.464883 0.353403
vn -0.0592449 0.0621355 0.996308
v -3.27192 19.7274 -1.74581 0.241577 0.453808 0.351654
vn -0.0576727 0.0722856 0.995715
v -3.32099 21.9399 -1.94798 0.216906 0.431486 0.348129
vn -0.0689249 0.0871917 0.993804
v -3.21758 22.0163 -1.94897 0.216785 0.431377 0.348112
vn -0.0966137 0.143553 0.984915
v -3.32979 25.5006 -2.31018 0.172706 0.391496 0.341815
vn -0.0956654 0.141172 0.985352
v -3.11883 -26.3725 1.91455 0.688254 0.857944 0.415465
vn -0.0982874 0.0192823 0.994971
v -3.01123 -22.6036 1.59866 0.649706 0.823067 0.409958
vn -0.101019 0.0100185 0.994834
v -3.15785 -22.5617 1.58334 0.647836 0.821375 0.409691
vn -0.102325 0.00780403 0.99472
v -3.11192 -19.6586 1.34399 0.618628 0.794949 0.405518
vn 0 0 0
v -3.10318 -16.402 1.12906 0.592399 0.771219 0.401771
vn -0.0814656 0.0993794 0.991709
v -3.06262 -14.1417 0.905709 0.565144 0.746559 0.397878
vn -0.0866805 0.0989803 0.991307
v -3.10945 -11.2015 0.6929 0.539175 0.723063 0.394168
vn -0.0874713 0.0986981 0.991266
v -3.00043 -8.82641 0.462949 0.511114 0.697674 0.390159
vn -0.0851783 0.0999308 0.991342
v -3.12397 -8.76021 0.447202 0.509192 0.695936 0.389885
vn -0.0781461 0.0961436 0.992295
v -3.05632 -5.85078 0.218813 0.481322 0.670719 0.385903
vn 0 0 0
v -3.15596 -5.76068 0.203999 0.479514 0.669084 0.385645
vn 0 0 0
v -3.08897 3.09555 -0.495404 0.394165 0.591864 0.373452
vn -0.0784226 0.0768712 0.993952
v -3.08833 5.75489 -0.712767 0.36764 0.567865 0.369663
vn -0.0674117 0.0678536 0.995415
v -3.00064 5.80792 -0.71079 0.367881 0.568083 0.369697
vn -0.0742221 0.0663761 0.99503
v -3.11961 7.96607 -0.872745 0.348118 0.550202 0.366874
vn -0.0694809 0.0904202 0.993477
v -3.00389 8.02491 -0.869422 0.348523 0.550569 0.366932
vn -0.0613913 0.0722312 0.995497
v -3.11588 10.4263 -1.10281 0.320042 0.5248 0.362863
vn -0.056201 0.071991 0.995821
v -3.1131 12.1138 -1.18609 0.30988 0.515605 0.361411
vn -0.0735088 0.0769799 0.994319
v -3.05818 14.4416 -1.39677 0.28417 0.492345 0.357739
vn -0.0719197 0.0769568 0.994437
v -3.0978 16.2473 -1.51575 0.269652 0.479209 0.355665
vn -0.070135 0.0653044 0.995398
v -3.1039 18.3781 -1.64138 0.254321 0.465338 0.353474
vn -0.0541725 0.065142 0.996404
v -3.01133 18.4505 -1.64337 0.254078 0.465118 0.35344
vn -0.0519157 0.07463 0.995859
v -3.09799 19.9109 -1.7562 0.240308 0.45266 0.351473
vn -0.0676545 0.0886999 0.993758
v -3.09367 22.0731 -1.94515 0.217251 0.431799 0.348179
vn -0.0957713 0.143237 0.985044
v -2.94935 -26.4277 1.93227 0.690416 0.8599 0.415774
vn -0.0992252 0.0134843 0.994974
v -2.89902 -22.6227 1.61023 0.651118 0.824345 0.41016
vn -0.100831 0.0104342 0.994849
v -2.93665 -19.7058 1.36249 0.620886 0.796992 0.405841
vn 0 0 0
v -2.94132 -16.434 1.1469 0.594577 0.773189 0.402082
vn -0.0887097 0.102385 0.990781
v -2.89307 -14.1892 0.92489 0.567485 0.748677 0.398212
vn -0.0885649 0.10063 0.990974
v -2.92557 -11.2727 0.714853 0.541854 0.725487 0.394551
vn -0.0869031 0.0980296 0.991382
v -2.89065 -8.86855 0.478108 0.512963 0.699348 0.390423
vn -0.0856755 0.0995663 0.991336
v -2.84767 -6.01166 0.251149 0.485267 0.67429 0.386467
vn 0 0 0
v -2.92802 -5.9477 0.239325 0.483825 0.672984 0.386261
vn 0 0 0
v -2.8124 -1.88082 -0.0958873 0.442918 0.635974 0.380417
vn -0.0774632 0.0793637 0.993831
v -2.83674 -1.72707 -0.110391 0.441148 0.634372 0.380164
vn -0.0816184 0.0825887 0.993236
v -2.86423 -1.51442 -0.132085 0.438501 0.631977 0.379786
vn -0.0752016 0.0773331 0.994165
v -2.86926 -1.28604 -0.148549 0.436492 0.630159 0.379499
vn -0.0757326 0.0744452 0.994345
v -2.86009 -1.06447 -0.163237 0.4347 0.628538 0.379243
vn -0.0802753 0.0785879 0.99367
v -2.84214 -0.862201 -0.176857 0.433037 0.627034 0.379005
vn -0.0797127 0.0815215 0.993479
v -2.826 -0.72521 -0.187136 0.431783 0.625899 0.378826
vn -0.0781898 0.0871054 0.993126
v -2.87549 3.27024 -0.491015 0.394701 0.592348 0.373529
vn -0.0780125 0.0769577 0.993978
v -2.88386 5.86442 -0.704821 0.36861 0.568742 0.369801
vn -0.0687302 0.0712433 0.995088
v -2.88742 8.10662 -0.871584 0.348259 0.55033 0.366894
vn -0.0755857 0.0943965 0.992661
v -2.93779 10.4973 -1.09514 0.320978 0.525647 0.362997
vn -0.0704323 0.0688329 0.995139
v -2.9521 12.161 -1.17631 0.311073 0.516686 0.361582
vn -0.0754622 0.0685696 0.994788
v -2.88385 14.4845 -1.3854 0.285558 0.4936 0.357937
vn -0.0782901 0.093922 0.992497
v -2.92495 16.3418 -1.51347 0.269929 0.47946 0.355704
vn -0.061314 0.0587239 0.99639
v -2.88413 18.5308 -1.64314 0.254106 0.465144 0.353444
vn -0.0593538 0.0688355 0.995861
v -2.91847 19.9632 -1.74631 0.241516 0.453752 0.351645
vn -0.0644581 0.0793815 0.994758
v -2.93368 22.1147 -1.93564 0.218412 0.432849 0.348345
vn -0.0723389 0.0863865 0.993632
v -2.71085 -26.5081 1.9571 0.693446 0.862642 0.416207
vn -0.0987034 0.0145068 0.995011
v -2.73644 -22.6632 1.627 0.653164 0.826196 0.410452
vn 0 0 0
v -2.70616 -19.7513 1.38664 0.623832 0.799657 0.406262
vn -0.101523 0.00311874 0.994828
v -2.73216 -16.4984 1.16931 0.597311 0.775663 0.402473
vn -0.11015 -0.017346 0.993764
v -2.70403 -14.2386 0.946023 0.570064 0.75101 0.398581
vn -0.074906 0.0978912 0.992374
v -2.72439 -11.3376 0.738996 0.5448 0.728152 0.394971
vn -0.0827331 0.0964082 0.991898
v -2.73094 -8.94475 0.498122 0.515406 0.701558 0.390772
vn -0.0846819 0.098077 0.991569
v -2.7109 -6.10754 0.271789 0.487786 0.676568 0.386827
vn 0 0 0
v -2.63313 -2.49178 -0.0267633 0.451354 0.643606 0.381622
vn -0.303244 0.00401484 0.952905
v -2.70824 -2.27854 -0.051565 0.448327 0.640867 0.38119
vn -0.257241 0.0231602 0.96607
v -2.74352 -2.14993 -0.0643515 0.446767 0.639456 0.380967
vn -0.137145 0.0733565 0.987831
v -2.78793 -1.99563 -0.0838343 0.444389 0.637304 0.380627
vn -0.273469 0.0426083 0.960937
v -2.78791 -0.513937 -0.200714 0.430126 0.6244 0.378589
vn -0.0811574 0.081785 0.99334
v -2.73392 -0.273632 -0.217616 0.428064 0.622534 0.378295
vn -0.0806235 0.0762653 0.993823
v -2.66728 -0.0711096 -0.22696 0.426923 0.621502 0.378132
vn -0.0825144 0.0711319 0.994048
v -2.6249 0.0468007 -0.232962 0.426191 0.620839 0.378027
vn -0.0811191 0.0691687 0.994301
v -2.7626 3.36169 -0.489831 0.394845 0.592479 0.373549
vn -0.0659986 0.0849581 0.994196
v -2.67459 3.44288 -0.492868 0.394474 0.592143 0.373496
vn -0.0678024 0.0855983 0.99402
v -2.74679 5.94484 -0.702148 0.368936 0.569037 0.369848
vn -0.061057 0.0788147 0.995018
v -2.65425 6.00688 -0.70276 0.368861 0.56897 0.369837
vn -0.057475 0.0763579 0.995423
v -2.77555 8.15232 -0.866262 0.348909 0.550917 0.366987
vn -0.0656142 0.0799316 0.994638
v -2.66676 8.21033 -0.864502 0.349124 0.551112 0.367018
vn -0.0774545 0.0832258 0.993516
v -2.73445 10.5636 -1.08369 0.322375 0.526911 0.363196
vn -0.0734031 0.0780021 0.994247
v -2.63531 10.6013 -1.07941 0.322898 0.527384 0.363271
vn -0.071327 0.0636928 0.995417
v -2.73426 12.2299 -1.16439 0.312528 0.518001 0.36179
vn -0.0757696 0.0667516 0.994889
v -2.71849 14.579 -1.38442 0.285678 0.493708 0.357954
vn -0.074753 0.0647271 0.995099
v -2.73642 16.4151 -1.50616 0.270821 0.480267 0.355832
vn -0.0640504 0.0592775 0.996185
v -2.77984 18.5433 -1.63463 0.255145 0.466083 0.353592
vn -0.0520974 0.0656183 0.996484
v -2.68383 18.6044 -1.63462 0.255146 0.466084 0.353592
vn -0.0546022 0.0666798 0.996279
v -2.72174 20.0371 -1.7381 0.242517 0.454658 0.351788
vn -0.063747 0.0777868 0.99493
v -2.72999 22.2441 -1.93479 0.218515 0.432943 0.348359
vn -0.09513 0.143233 0.985106
v -2.47783 -26.6217 1.98187 0.696469 0.865377 0.416638
vn -0.0989259 0.0122004 0.99502
v -2.56206 -26.5749 1.97283 0.695366 0.864379 0.416481
vn -0.0962199 0.0190599 0.995178
v -2.51946 -22.7268 1.6493 0.655885 0.828658 0.410841
vn -0.0979303 0.0119907 0.995121
v -2.49148 -19.8235 1.40877 0.626533 0.802101 0.406648
vn -0.101523 0.00311874 0.994828
v -2.50938 -16.4996 1.19398 0.600322 0.778387 0.402903
vn -0.0825737 0.102507 0.991299
v -2.48459 -14.3248 0.969094 0.572879 0.753557 0.398983
vn -0.07664 0.0992346 0.992108
v -2.49932 -11.4269 0.764252 0.547882 0.730941 0.395412
vn -0.0891319 0.0973376 0.991252
v -2.58412 -11.3899 0.755054 0.546759 0.729925 0.395251
vn -0.0742505 0.0936591 0.992832
v -2.4976 -9.02199 0.529426 0.519226 0.705014 0.391318
vn -0.0937464 0.100752 0.990485
v -2.44704 -6.27145 0.311396 0.492619 0.680941 0.387517
vn 0 0 0
v -2.55948 -6.19781 0.295665 0.4907 0.679205 0.387243
vn 0 0 0
v -2.56784 -2.64321 -0.00695092 0.453771 0.645793 0.381967
vn -0.208665 0.0228038 0.977721
v -2.59564 -2.57461 -0.0144835 0.452852 0.644961 0.381836
vn -0.140393 0.0644281 0.987997
v -2.5809 0.142496 -0.234772 0.42597 0.62064 0.377996
vn -0.0810796 0.0842118 0.993144
v -2.52222 0.282819 -0.242895 0.424979 0.619743 0.377854
vn -0.077887 0.0855046 0.993289
v -2.43404 0.467215 -0.252524 0.423804 0.61868 0.377686
vn -0.077369 0.0791605 0.993855
v -2.5377 3.5509 -0.493064 0.394451 0.592122 0.373493
vn -0.0746129 0.0793327 0.994052
v -2.44897 3.60619 -0.489217 0.39492 0.592547 0.37356
vn -0.0794858 0.0752231 0.993994
v -2.50069 6.0847 -0.697724 0.369476 0.569526 0.369925
vn -0.0606926 0.0797365 0.994967
v -2.50453 8.27024 -0.856044 0.350156 0.552046 0.367165
vn -0.0790795 0.0776184 0.993842
v -2.50342 10.6395 -1.0714 0.323875 0.528268 0.363411
vn -0.0729894 0.0775464 0.994313
v -2.50315 12.2934 -1.15033 0.314244 0.519554 0.362035
vn -0.0711933 0.0753522 0.994612
v -2.51221 14.624 -1.37039 0.28739 0.495257 0.358199
vn -0.0757154 0.0861785 0.993398
v -2.52662 16.4524 -1.49079 0.272697 0.481964 0.3561
vn -0.0682515 0.0621122 0.995733
v -2.50332 18.6957 -1.63101 0.255585 0.466482 0.353655
vn -0.0530944 0.0685014 0.996237
v -2.56689 20.1291 -1.73684 0.242671 0.454798 0.35181
vn -0.0592423 0.0798578 0.995044
v -2.46557 20.2028 -1.73812 0.242516 0.454657 0.351788
vn -0.0685011 0.0871524 0.993837
v -2.48993 22.303 -1.92027 0.220288 0.434546 0.348613
vn -0.0740443 0.0855867 0.993576
v -2.28102 -26.6723 2.0018 0.698901 0.867577 0.416986
vn -0.0964304 0.0169568 0.995195
v -2.29777 -22.7887 1.67186 0.658638 0.831149 0.411234
vn -0.0982839 0.008343 0.995123
v -2.29742 -19.8585 1.42868 0.628963 0.8043 0.406995
vn -0.101523 0.00311874 0.994828
v -2.28164 -16.553 1.21794 0.603246 0.781033 0.403321
vn -0.0752974 0.102797 0.991848
v -2.28623 -14.3759 0.990472 0.575488 0.755917 0.399355
vn -0.0848916 0.103306 0.99102
v -2.29705 -11.4961 0.786883 0.550644 0.733439 0.395806
vn 0 0 0
v -2.29566 -9.09671 0.55458 0.522295 0.707791 0.391756
vn -0.0867563 0.0983229 0.991366
v -2.22652 -6.40797 0.341032 0.496236 0.684213 0.388034
vn 0 0 0
v -2.33452 -6.33564 0.327739 0.494614 0.682746 0.387802
vn 0 0 0
v -2.23825 -3.20737 0.0760391 0.463899 0.654956 0.383414
vn -0.100479 0.0706178 0.99243
v -2.29473 -3.12982 0.0626849 0.462269 0.653482 0.383181
vn -0.188471 0.0342704 0.981481
v -2.38139 0.560665 -0.255445 0.423447 0.618357 0.377635
vn -0.0790348 0.0790729 0.993731
v -2.29238 0.708843 -0.26108 0.42276 0.617735 0.377537
vn -0.079747 0.074021 0.994063
v -2.30675 3.69763 -0.48522 0.395408 0.592988 0.37363
vn -0.0724935 0.0803483 0.994127
v -2.34924 6.16768 -0.69508 0.369798 0.569818 0.369971
vn -0.0633253 0.0850301 0.994364
v -2.25997 6.22433 -0.696028 0.369683 0.569713 0.369955
vn -0.0506506 0.0770909 0.995737
v -2.28523 8.35323 -0.84582 0.351403 0.553174 0.367343
vn -0.0754931 0.0824124 0.993735
v -2.29272 10.7214 -1.06341 0.32485 0.52915 0.36355
vn -0.0708762 0.0732725 0.99479
v -2.28482 12.3678 -1.14025 0.315474 0.520667 0.362211
vn -0.0733055 0.0762591 0.99439
v -2.29908 14.705 -1.36237 0.288369 0.496143 0.358338
vn -0.070432 0.0762886 0.994595
v -2.28823 16.5439 -1.48186 0.273787 0.482951 0.356255
vn -0.0600688 0.0632586 0.996188
v -2.35857 18.7719 -1.62866 0.255872 0.466742 0.353696
vn -0.0591087 0.0657997 0.996081
v -2.22431 18.8281 -1.6243 0.256405 0.467224 0.353772
vn -0.0590408 0.0656137 0.996097
v -2.30053 20.2484 -1.729 0.243628 0.455664 0.351947
vn -0.0719996 0.0790409 0.994268
v -2.29047 22.3743 -1.91158 0.221347 0.435505 0.348764
vn -0.093841 0.143952 0.985125
v -2.06841 -26.7483 2.02362 0.701563 0.869986 0.417366
vn -0.0988225 0.00835813 0.99507
v -2.07133 -22.8106 1.69441 0.66139 0.833638 0.411627
vn -0.0982839 0.008343 0.995123
v -2.10925 -19.8871 1.44783 0.631299 0.806414 0.407328
vn 0 0 0
v -2.00831 -16.6341 1.24591 0.606659 0.78412 0.403808
vn -0.105646 -0.0184954 0.994232
v -2.1396 -16.5912 1.23262 0.605038 0.782653 0.403577
vn -0.076947 0.104425 0.991552
v -2.0716 -14.4371 1.01294 0.578229 0.758398 0.399747
vn -0.0728155 0.102536 0.992061
v -2.10383 -11.5573 0.808161 0.55324 0.735789 0.396177
vn 0 0 0
v -2.06322 -9.17067 0.583381 0.52581 0.710971 0.392259
vn -0.0870568 0.0979127 0.99138
v -2.08486 -6.48709 0.359718 0.498516 0.686277 0.388359
vn 0 0 0
v -2.05428 -3.47634 0.107793 0.467774 0.658462 0.383968
vn -0.321397 -0.116831 0.93971
v -2.16207 -3.32479 0.089767 0.465574 0.656472 0.383653
vn -0.266001 -0.0684243 0.961541
v -2.1556 0.904591 -0.265307 0.422244 0.617268 0.377463
vn -0.0785144 0.0734683 0.994202
v -2.02996 1.05583 -0.264666 0.422322 0.617339 0.377475
vn -0.0804282 0.0808199 0.993478
v -2.07619 3.84443 -0.481021 0.39592 0.593452 0.373703
vn -0.0743781 0.0793555 0.994068
v -2.09746 6.29714 -0.69007 0.37041 0.570371 0.370059
vn -0.0689776 0.0793037 0.994461
v -2.16007 8.38906 -0.837586 0.352408 0.554084 0.367487
vn -0.074209 0.0681696 0.99491
v -2.09608 8.41873 -0.8362 0.352577 0.554237 0.367511
vn -0.0736035 0.083486 0.993787
v -2.10988 10.784 -1.05509 0.325866 0.530069 0.363695
vn -0.0691671 0.0701308 0.995137
v -2.00954 10.8266 -1.05244 0.326189 0.530362 0.363741
vn -0.0560375 0.0483256 0.997258
v -2.07824 12.4394 -1.13131 0.316564 0.521653 0.362366
vn -0.0730293 0.0817004 0.993978
v -2.08239 14.7684 -1.35107 0.289747 0.49739 0.358535
vn -0.0781499 0.081024 0.993644
v -2.06093 16.641 -1.47526 0.274593 0.483679 0.35637
vn -0.0562532 0.0643997 0.996337
v -2.07121 18.894 -1.61967 0.256969 0.467734 0.353853
vn -0.0601127 0.0659084 0.996013
v -2.1334 20.2811 -1.71779 0.244997 0.456902 0.352142
vn -0.0675767 0.0684389 0.995364
v -2.10444 22.389 -1.89602 0.223247 0.437223 0.349035
vn -0.0772203 0.0833747 0.993522
v -2.0226 22.4026 -1.89023 0.223953 0.437862 0.349136
vn -0.0720189 0.0829834 0.993945
v -1.87694 -26.8174 2.04317 0.703949 0.872145 0.417707
vn -0.0937418 0.0199047 0.995398
v -1.90655 -22.8511 1.71087 0.663399 0.835456 0.411914
vn -0.0988652 0.00231573 0.995098
v -1.89513 -19.9373 1.46933 0.633923 0.808788 0.407703
vn 0 0 0
v -1.87287 -16.6537 1.25994 0.608371 0.785669 0.404053
vn -0.0776203 0.103679 0.991577
v -1.90297 -14.488 1.03018 0.580334 0.760302 0.400048
vn -0.073801 0.103396 0.991899
v -1.89444 -11.6136 0.831273 0.556061 0.73834 0.39658
vn 0 0 0
v -1.8968 -9.22914 0.602619 0.528158 0.713095 0.392594
vn -0.0839746 0.0963139 0.991802
v -1.93354 -6.5767 0.377604 0.500699 0.688251 0.388671
vn 0 0 0
v -1.88012 -3.67696 0.138376 0.471506 0.661838 0.384501
vn -0.293031 -0.136021 0.946378
v -1.95003 -3.58553 0.129872 0.470468 0.6609 0.384353
vn -0.105233 0.0567008 0.99283
v -1.95895 1.15233 -0.270871 0.421565 0.616654 0.377366
vn -0.0815164 0.0689588 0.994284
v -1.8797 1.2284 -0.267379 0.421991 0.61704 0.377427
vn -0.0837702 0.0663948 0.994271
v -1.93481 3.91843 -0.474829 0.396676 0.594135 0.373811
vn -0.081994 0.0748026 0.993822
v -1.94718 6.35781 -0.683455 0.371217 0.571101 0.370174
vn -0.0759277 0.0786543 0.994006
v -1.82891 6.40337 -0.678025 0.37188 0.571701 0.370269
vn -0.0801989 0.0738579 0.994039
v -1.93054 8.4951 -0.832881 0.352982 0.554603 0.367569
vn -0.0705565 0.0853103 0.993853
v -1.90781 10.8577 -1.0473 0.326816 0.530929 0.363831
vn -0.0767669 0.073478 0.994338
v -1.92699 12.4813 -1.12296 0.317584 0.522576 0.362512
vn -0.0753002 0.0681646 0.994828
v -1.87639 14.8309 -1.34103 0.290972 0.498499 0.35871
vn -0.060596 0.0713961 0.995606
v -1.86727 16.7176 -1.46882 0.275378 0.48439 0.356483
vn -0.059168 0.0667642 0.996013
v -1.88647 18.9688 -1.61347 0.257727 0.46842 0.353961
vn -0.0651514 0.0661449 0.995681
v -1.99083 20.3597 -1.71598 0.245217 0.457101 0.352174
vn -0.0688904 0.083974 0.994084
v -1.88179 20.4051 -1.71241 0.245652 0.457495 0.352236
vn -0.0664947 0.0800927 0.994567
v -1.90155 22.4582 -1.88691 0.224359 0.438229 0.349194
vn -0.0707367 0.0846896 0.993893
v -1.70338 -26.8941 2.06105 0.706131 0.874119 0.418019
vn -0.095823 0.0148424 0.995288
v -1.73882 -22.8934 1.72752 0.665431 0.837295 0.412204
vn 0 0 0
v -1.7302 -19.9672 1.48576 0.635928 0.810602 0.40799
vn -0.0999528 -0.00870587 0.994954
v -1.73596 -16.7058 1.27338 0.610012 0.787153 0.404287
vn -0.103825 -0.0161899 0.994464
v -1.73074 -14.5392 1.04749 0.582445 0.762213 0.400349
vn -0.0742177 0.104135 0.99179
v -1.68862 -11.6682 0.85328 0.558746 0.74077 0.396964
vn 0 0 0
v -1.7247 -9.26765 0.623933 0.530759 0.715448 0.392966
vn -0.10016 0.100262 0.989907
v -1.68849 -6.68645 0.409304 0.504567 0.691751 0.389224
vn 0 0 0
v -1.68009 -3.87193 0.171314 0.475525 0.665475 0.385075
vn -0.237867 -0.0841765 0.967643
v -1.79395 -3.76972 0.151727 0.473135 0.663313 0.384734
vn -0.269264 -0.114715 0.95621
v -1.77039 1.33506 -0.265747 0.42219 0.61722 0.377456
vn -0.0816178 0.0690822 0.994267
v -1.67998 1.41724 -0.264105 0.422391 0.617401 0.377484
vn -0.0776857 0.0764388 0.994043
v -1.79569 3.98325 -0.467201 0.397607 0.594977 0.373944
vn -0.0773711 0.0769867 0.994026
v -1.71884 4.02027 -0.463959 0.398002 0.595335 0.374
vn -0.0746212 0.0804396 0.993962
v -1.7417 6.42871 -0.672048 0.372609 0.57236 0.370373
vn -0.0762014 0.0778609 0.994048
v -1.73018 8.56407 -0.823903 0.354078 0.555594 0.367725
vn -0.0741097 0.083972 0.993708
v -1.60514 8.60128 -0.81721 0.354895 0.556333 0.367842
vn -0.0828355 0.0771364 0.993573
v -1.69295 10.9079 -1.03358 0.328491 0.532444 0.36407
vn -0.0761738 0.0645513 0.995003
v -1.738 12.528 -1.1117 0.318958 0.523819 0.362708
vn -0.0808516 0.0771741 0.993734
v -1.73366 14.9037 -1.33954 0.291154 0.498663 0.358736
vn -0.0613724 0.0671141 0.995856
v -1.7637 16.7754 -1.46828 0.275444 0.48445 0.356492
vn -0.0513799 0.0654009 0.996535
v -1.67142 16.8017 -1.4636 0.276015 0.484966 0.356574
vn -0.0599371 0.065767 0.996033
v -1.78287 18.9978 -1.60801 0.258393 0.469022 0.354056
vn -0.069329 0.0624263 0.995639
v -1.67945 19.0302 -1.60314 0.258987 0.46956 0.354141
vn -0.0729969 0.0621552 0.995393
v -1.71714 20.47 -1.70657 0.246366 0.45814 0.352338
vn -0.0737031 0.0787689 0.994165
v -1.72585 22.5158 -1.87876 0.225353 0.439129 0.349336
vn -0.0761 0.0821181 0.993713
v -1.48363 -26.9696 2.08317 0.708831 0.876561 0.418404
vn -0.0940431 0.0140664 0.995469
v -1.51819 -22.9669 1.74939 0.668099 0.839709 0.412586
vn 0 0 0
v -1.44339 -20.0438 1.5139 0.639363 0.813709 0.40848
vn -0.098405 -0.00447595 0.995136
v -1.56957 -19.9971 1.50164 0.637866 0.812355 0.408267
vn -0.098405 -0.00447595 0.995136
v -1.48236 -16.7357 1.29917 0.613158 0.79 0.404737
vn -0.0847999 0.10416 0.990939
v -1.52283 -14.5837 1.06865 0.585028 0.764549 0.400718
vn -0.0775615 0.104794 0.991465
v -1.48477 -11.7262 0.874246 0.561305 0.743085 0.397329
vn 0 0 0
v -1.54417 -9.31693 0.644635 0.533285 0.717734 0.393326
vn 0 0 0
v -1.49299 -6.76738 0.433525 0.507523 0.694426 0.389646
vn 0 0 0
v -1.48364 -4.03491 0.202157 0.479289 0.66888 0.385613
vn -0.214897 -0.105918 0.970876
v -1.56793 -3.96351 0.190428 0.477858 0.667585 0.385408
vn -0.111316 0.0445151 0.992788
v -1.53299 1.54577 -0.263425 0.422473 0.617476 0.377496
vn -0.07559 0.0730085 0.994463
v -1.44655 1.61381 -0.26178 0.422674 0.617658 0.377525
vn -0.0750011 0.0802002 0.993953
v -1.51975 4.11127 -0.45552 0.399032 0.596267 0.374147
vn -0.0724259 0.0798963 0.994169
v -1.48862 6.52004 -0.660794 0.373982 0.573603 0.370569
vn -0.077475 0.0759382 0.994098
v -1.51227 8.62775 -0.812175 0.355509 0.556889 0.36793
vn -0.0808811 0.084968 0.993096
v -1.50242 10.9547 -1.02226 0.329872 0.533694 0.364267
vn -0.0815919 0.0591704 0.994908
v -1.49477 12.5664 -1.09338 0.321193 0.525841 0.363028
vn -0.0816169 0.0615634 0.994761
v -1.51402 14.9632 -1.32802 0.29256 0.499935 0.358937
vn -0.0650068 0.0679583 0.995568
v -1.50273 16.857 -1.45637 0.276897 0.485764 0.3567
vn -0.0668754 0.0653686 0.995618
v -1.52418 19.0807 -1.59621 0.259833 0.470325 0.354262
vn -0.0686538 0.0700812 0.995176
v -1.50212 20.5549 -1.69906 0.247282 0.458969 0.352469
vn -0.0724638 0.0782724 0.994295
v -1.50185 22.5766 -1.86664 0.226832 0.440467 0.349547
vn -0.0776549 0.082327 0.993575
v -1.25972 -27.0034 2.10478 0.711468 0.878947 0.418781
vn -0.0938036 0.0149562 0.995478
v -1.3531 -26.9802 2.09562 0.71035 0.877936 0.418621
vn -0.0930705 0.0208102 0.995442
v -1.29505 -23.0233 1.77118 0.670758 0.842115 0.412965
vn 0 0 0
v -1.27873 -20.0782 1.52991 0.641315 0.815476 0.408759
vn -0.0966817 0.000227186 0.995315
v -1.26664 -16.7815 1.32037 0.615745 0.792341 0.405106
vn -0.100352 -0.0182075 0.994785
v -1.29425 -14.631 1.09149 0.587815 0.767071 0.401116
vn -0.0814516 0.104534 0.99118
v -1.29684 -11.771 0.893534 0.563658 0.745215 0.397665
vn 0 0 0
v -1.30072 -9.3832 0.671206 0.536527 0.720668 0.39379
vn 0 0 0
v -1.29837 -6.83472 0.457771 0.510482 0.697103 0.390069
vn 0 0 0
v -1.23995 -4.2088 0.237128 0.483556 0.672742 0.386222
vn -0.12976 0.012107 0.991472
v -1.3596 -4.13586 0.217738 0.48119 0.670601 0.385884
vn -0.257608 -0.169732 0.951225
v -1.3147 1.71297 -0.260664 0.422811 0.617781 0.377544
vn -0.0703278 0.0789252 0.994397
v -1.34258 4.19166 -0.449582 0.399757 0.596923 0.374251
vn -0.0732797 0.0824916 0.993894
v -1.24552 4.22498 -0.443378 0.400514 0.597608 0.374359
vn -0.0857731 0.0777841 0.993274
v -1.28663 6.57335 -0.647556 0.375598 0.575065 0.3708
vn -0.0820078 0.0760366 0.993727
v -1.29794 8.66871 -0.796225 0.357455 0.55865 0.368208
vn -0.0875782 0.0799319 0.992946
v -1.30664 10.9801 -1.00621 0.33183 0.535465 0.364547
vn -0.086122 0.065592 0.994123
v -1.2859 12.6144 -1.08099 0.322706 0.52721 0.363244
vn -0.0729269 0.0463816 0.996258
v -1.3731 14.9784 -1.31663 0.29395 0.501192 0.359136
vn -0.0976104 0.173985 0.979899
v -1.26451 15.0279 -1.31477 0.294177 0.501398 0.359168
vn -0.0687148 0.0685325 0.99528
v -1.30238 16.9142 -1.44651 0.2781 0.486853 0.356871
vn -0.0678736 0.0644324 0.995611
v -1.27981 19.1038 -1.57656 0.262231 0.472494 0.354604
vn -0.0778011 0.0632704 0.994959
v -1.37043 20.5999 -1.69346 0.247965 0.459587 0.352566
vn -0.0727245 0.0808585 0.994069
v -1.25721 20.6202 -1.68591 0.248886 0.460421 0.352698
vn -0.0793529 0.0783963 0.993759
v -1.27684 22.6352 -1.85423 0.228346 0.441837 0.349764
vn -0.0798149 0.0821081 0.993422
v -1.13078 -27.0387 2.11745 0.713014 0.880346 0.419002
vn -0.0940703 0.0129297 0.995482
v -1.06658 -23.0837 1.79332 0.673459 0.844559 0.413351
vn -0.094689 0.00180626 0.995505
v -1.0719 -20.1458 1.5497 0.643731 0.817661 0.409104
vn -0.0947013 -0.000856371 0.995505
v -1.07766 -16.7789 1.33948 0.618077 0.794451 0.40544
vn -0.0939475 0.102252 0.990312
v -1.07017 -14.6506 1.11441 0.590612 0.769602 0.401516
vn -0.0950457 0.104706 0.989951
v -1.07691 -11.821 0.91559 0.56635 0.74765 0.39805
vn 0 0 0
v -1.10245 -9.4188 0.693753 0.539279 0.723157 0.394183
vn 0 0 0
v -1.08904 -6.90229 0.482561 0.513507 0.69984 0.390501
vn 0 0 0
v -1.07891 -4.3089 0.25837 0.486149 0.675087 0.386593
vn -0.179976 -0.0945832 0.979113
v -1.07996 1.86216 -0.253409 0.423696 0.618582 0.377671
vn -0.0750405 0.0792193 0.994029
v -1.07729 4.2793 -0.432751 0.401811 0.598781 0.374544
vn -0.0848202 0.0774796 0.993379
v -1.06741 6.61352 -0.629417 0.377811 0.577067 0.371116
vn -0.0906377 0.0755194 0.993016
v -1.11991 8.69923 -0.78269 0.359107 0.560145 0.368444
vn -0.0835765 0.0776576 0.993471
v -1.07865 11.0165 -0.989509 0.333869 0.53731 0.364838
vn -0.0789242 0.0748058 0.99407
v -1.07983 12.6329 -1.06345 0.324846 0.529146 0.363549
vn -0.0778273 0.0446691 0.995966
v -1.09481 15.0493 -1.30188 0.29575 0.502822 0.359393
vn -0.0772151 0.0695174 0.994588
v -1.07065 16.9691 -1.43345 0.279694 0.488295 0.357099
vn -0.0753775 0.064071 0.995095
v -1.06717 19.1222 -1.55936 0.264329 0.474393 0.354904
vn -0.080519 0.0656853 0.994586
v -1.08893 20.6484 -1.67446 0.250284 0.461685 0.352898
vn -0.079077 0.0780151 0.993811
v -1.06973 22.6623 -1.839 0.230204 0.443518 0.350029
vn -0.0834586 0.081751 0.993152
v -0.908252 -27.1046 2.13929 0.715679 0.882757 0.419383
vn -0.0902838 0.0218738 0.995676
v -0.894542 -23.1098 1.80973 0.675462 0.84637 0.413637
vn -0.0936508 0.00529434 0.995591
v -0.896582 -20.2032 1.56631 0.645758 0.819496 0.409394
vn -0.0948889 -0.0024665 0.995485
v -0.955305 -20.1863 1.56076 0.64508 0.818882 0.409297
vn -0.0947525 -0.00129587 0.9955
v -0.900099 -16.8294 1.35619 0.620116 0.796296 0.405731
vn -0.0744059 0.0963771 0.99256
v -0.902885 -14.6334 1.13244 0.592812 0.771592 0.40183
vn -0.117171 0.103541 0.987699
v -0.910843 -11.8439 0.932761 0.568445 0.749546 0.398349
vn 0 0 0
v -0.947771 -9.44828 0.710447 0.541316 0.725 0.394474
vn 0 0 0
v -0.857165 -6.97376 0.507957 0.516606 0.702643 0.390944
vn 0 0 0
v -0.85785 -4.42333 0.287891 0.489751 0.678346 0.387107
vn -0.215803 -0.168782 0.961739
v -0.980587 -4.38271 0.265338 0.486999 0.675856 0.386714
vn -0.254692 -0.251104 0.933852
v -0.945146 1.94016 -0.250019 0.42411 0.618956 0.37773
vn -0.0755187 0.07859 0.994043
v -0.826164 2.0029 -0.246497 0.424539 0.619345 0.377791
vn -0.0741249 0.0775473 0.994229
v -0.884738 4.3447 -0.4235 0.402939 0.599802 0.374706
vn -0.0789873 0.0808764 0.993589
v -0.90323 6.64065 -0.615765 0.379477 0.578575 0.371354
vn -0.0859013 0.0783835 0.993215
v -0.903827 8.75064 -0.770427 0.360604 0.561499 0.368658
vn -0.08402 0.0813255 0.99314
v -0.900777 11.0666 -0.98148 0.334849 0.538196 0.364978
vn -0.0805561 0.0454903 0.995711
v -0.86547 12.6791 -1.05084 0.326384 0.530538 0.363769
vn -0.0709977 0.0459199 0.996419
v -0.887588 15.0976 -1.29038 0.297154 0.504091 0.359593
vn -0.07322 0.0697584 0.994873
v -0.865692 17.0186 -1.42227 0.281059 0.48953 0.357294
vn -0.0804564 0.0587425 0.995026
v -0.855635 19.1552 -1.54474 0.266113 0.476007 0.355159
vn -0.0835372 0.0627438 0.994527
v -0.861449 20.6967 -1.66064 0.25197 0.463211 0.353139
vn -0.0819419 0.0797992 0.993437
v -0.84307 22.7139 -1.82566 0.231832 0.444991 0.350262
vn -0.0780257 0.0833629 0.99346
v -0.688839 -27.2057 2.16137 0.718373 0.885195 0.419768
vn -0.093318 0.0143337 0.995533
v -0.731393 -23.1588 1.82533 0.677367 0.848094 0.41391
vn -0.0936508 0.00529434 0.995591
v -0.743545 -20.2112 1.58088 0.647536 0.821104 0.409648
vn -0.0947525 -0.00129587 0.9955
v -0.691463 -16.8585 1.37615 0.622552 0.7985 0.406079
vn -0.0908201 0.0975408 0.991079
v -0.735118 -14.6141 1.15033 0.594995 0.773567 0.402142
vn -0.0913549 0.0977702 0.991007
v -0.743744 -11.8752 0.949028 0.57043 0.751342 0.398633
vn 0 0 0
v -0.744575 -9.48316 0.731927 0.543937 0.727372 0.394848
vn 0 0 0
v -0.723601 -7.01822 0.520776 0.51817 0.704059 0.391167
vn 0 0 0
v -0.701838 -4.48898 0.309237 0.492356 0.680703 0.387479
vn -0.0983209 0.0585197 0.993433
v -0.730681 2.05196 -0.245024 0.424719 0.619508 0.377817
vn -0.0717576 0.0766742 0.994471
v -0.695978 4.39664 -0.411905 0.404354 0.601083 0.374908
vn -0.0850251 0.0790821 0.993236
v -0.741279 6.6774 -0.605904 0.380681 0.579663 0.371526
vn -0.084403 0.0755331 0.993565
v -0.679545 8.79447 -0.756123 0.362349 0.563078 0.368907
vn -0.0841629 0.082405 0.993039
v -0.738845 11.0742 -0.966366 0.336693 0.539865 0.365242
vn -0.0844845 0.0780555 0.993363
v -0.734295 12.7005 -1.04194 0.32747 0.531521 0.363924
vn -0.0749689 0.0457597 0.996135
v -0.730564 15.1036 -1.27629 0.298873 0.505647 0.359839
vn -0.0946715 0.177245 0.979603
v -0.674942 17.0119 -1.40307 0.283402 0.491649 0.357629
vn -0.083793 0.0676923 0.994181
v -0.69656 19.1767 -1.53331 0.267509 0.47727 0.355358
vn -0.0817265 0.0745961 0.993859
v -0.691748 20.697 -1.64501 0.253878 0.464937 0.353411
vn -0.0844301 0.07831 0.993347
v -0.67928 22.7417 -1.81472 0.233167 0.446199 0.350452
vn -0.0807325 0.082235 0.993338
v -0.510793 -27.2444 2.17838 0.720449 0.887073 0.420064
vn -0.0900648 0.0217744 0.995698
v -0.480808 -23.2054 1.84893 0.680246 0.850699 0.414321
vn 0 0 0
v -0.595069 -23.1811 1.83819 0.678935 0.849513 0.414134
vn -0.0922181 0.0101009 0.995688
v -0.52617 -20.2441 1.60127 0.650024 0.823355 0.410003
vn 0 0 0
v -0.52867 -16.8718 1.39167 0.624447 0.800214 0.40635
vn -0.0811632 0.0955467 0.992111
v -0.531753 -14.5747 1.17228 0.597674 0.775991 0.402525
vn -0.098884 -0.0432024 0.994161
v -0.51959 -11.8914 0.971956 0.573228 0.753873 0.399033
vn 0 0 0
v -0.52282 -9.52127 0.754216 0.546657 0.729833 0.395237
vn 0 0 0
v -0.523729 -7.05651 0.543409 0.520932 0.706558 0.391562
vn 0 0 0
v -0.513283 -4.57027 0.329027 0.494771 0.682888 0.387824
vn -0.143936 -0.0940365 0.985109
v -0.544747 2.1315 -0.237723 0.42561 0.620314 0.377944
vn -0.0820225 0.0715396 0.99406
v -0.531115 4.43778 -0.401895 0.405576 0.602188 0.375082
vn -0.083985 0.0781927 0.993394
v -0.520982 6.70655 -0.58758 0.382917 0.581686 0.371845
vn -0.0842149 0.077474 0.993431
v -0.52298 8.80708 -0.742304 0.364036 0.564604 0.369148
vn -0.0899226 0.0812249 0.992631
v -0.529311 11.1209 -0.955078 0.33807 0.541111 0.365439
vn -0.0721393 0.0459922 0.996334
v -0.51917 12.7431 -1.02917 0.329029 0.532931 0.364147
vn -0.0748759 0.046881 0.99609
v -0.534154 15.1566 -1.26712 0.299992 0.50666 0.359999
vn -0.0808716 0.067728 0.994421
v -0.533316 17.0418 -1.39485 0.284405 0.492557 0.357772
vn -0.0889105 0.0579334 0.994353
v -0.588683 19.1637 -1.52126 0.268979 0.4786 0.355568
vn -0.0818349 0.0599558 0.994841
v -0.484243 19.2079 -1.51859 0.269304 0.478894 0.355615
vn -0.079487 0.0739081 0.994092
v -0.521013 20.711 -1.63144 0.255534 0.466435 0.353648
vn -0.078537 0.0769138 0.99394
v -0.515101 22.7665 -1.80336 0.234554 0.447454 0.350651
vn -0.0835179 0.0825796 0.993079
v -0.330663 -27.2999 2.19581 0.722576 0.888997 0.420368
vn -0.0900972 0.0195798 0.99574
v -0.311341 -23.2505 1.86484 0.682188 0.852456 0.414598
vn 0 0 0
v -0.299262 -20.3056 1.62218 0.652576 0.825664 0.410368
vn 0 0 0
v -0.330201 -16.9037 1.41006 0.62669 0.802244 0.40667
vn -0.0844024 0.0951666 0.991877
v -0.298859 -14.619 1.19352 0.600266 0.778336 0.402895
vn -0.0902749 0.0947121 0.991403
v -0.379931 -14.5851 1.18692 0.59946 0.777607 0.40278
vn -0.0969039 -0.0379159 0.994571
v -0.296702 -11.9054 0.99417 0.575939 0.756326 0.39942
vn -0.0783841 0.0960622 0.992284
v -0.301108 -9.57583 0.773474 0.549007 0.731959 0.395572
vn 0 0 0
v -0.289359 -7.10865 0.566165 0.523709 0.70907 0.391958
vn 0 0 0
v -0.30632 -4.63615 0.352978 0.497694 0.685532 0.388242
vn -0.116897 -0.0190354 0.992962
v -0.359013 2.18585 -0.222342 0.427487 0.622012 0.378212
vn -0.0886616 0.0735863 0.99334
v -0.252782 2.21503 -0.214799 0.428407 0.622845 0.378344
vn -0.0789617 0.0818558 0.993511
v -0.305801 4.48364 -0.386703 0.40743 0.603865 0.375347
vn -0.0838293 0.0778166 0.993437
v -0.28068 6.74358 -0.570493 0.385002 0.583573 0.372143
vn -0.0874365 0.0761768 0.993253
v -0.29731 8.83142 -0.724519 0.366206 0.566567 0.369458
vn -0.085226 0.0774028 0.993351
v -0.297706 11.1454 -0.937322 0.340237 0.543072 0.365748
vn -0.0759779 0.0459937 0.996048
v -0.296627 12.7659 -1.01212 0.331109 0.534813 0.364444
vn -0.0762129 0.0460056 0.99603
v -0.307138 15.1798 -1.24989 0.302094 0.508561 0.360299
vn -0.0838255 0.0662626 0.994275
v -0.295501 17.042 -1.37276 0.287101 0.494996 0.358157
vn -0.0886268 0.0626948 0.99409
v -0.295175 19.2466 -1.50737 0.270674 0.480134 0.355811
vn -0.0787772 0.0650487 0.994768
v -0.293131 20.7772 -1.6207 0.256844 0.467621 0.353835
vn -0.0812681 0.0830908 0.993223
v -0.348063 22.7782 -1.7899 0.236196 0.44894 0.350885
vn -0.0828157 0.0831809 0.993087
v -0.220185 22.8313 -1.7861 0.23666 0.449359 0.350951
vn -0.0892722 0.144404 0.985484
v -0.0774312 -27.3413 2.21948 0.725465 0.891611 0.420781
vn -0.0894492 0.0168178 0.995849
v -0.0817845 -23.3055 1.88618 0.684792 0.854812 0.41497
vn 0 0 0
v -0.0863958 -20.3625 1.64156 0.654941 0.827803 0.410706
vn 0 0 0
v -0.0951439 -16.9329 1.43164 0.629324 0.804627 0.407046
vn -0.0661491 0.0946853 0.993307
v -0.0888154 -14.6249 1.21352 0.602707 0.780544 0.403244
vn -0.0918594 0.0913932 0.991569
v -0.0739184 -11.9285 1.01504 0.578485 0.75863 0.399784
vn -0.0899835 0.0972113 0.991188
v -0.0691222 -9.62879 0.792777 0.551363 0.73409 0.395909
vn -0.0719613 0.0950263 0.99287
v -0.0876392 -7.13622 0.586871 0.526236 0.711356 0.392319
vn 0 0 0
v -0.087204 -4.69227 0.376848 0.500607 0.688168 0.388658
vn -0.0906354 0.0566493 0.994272
v -0.119397 2.25399 -0.209166 0.429095 0.623467 0.378442
vn -0.0817307 0.0734388 0.993945
v -0.0842648 4.52515 -0.372898 0.409115 0.605389 0.375588
vn -0.078031 0.0785037 0.993855
v -0.10135 6.75255 -0.553365 0.387092 0.585464 0.372442
vn -0.0885379 0.0765339 0.993128
v -0.0803828 8.86862 -0.711552 0.367788 0.567999 0.369684
vn -0.0764561 0.0752189 0.994232
v -0.0787352 11.1763 -0.922724 0.342019 0.544684 0.366003
vn -0.0757913 0.0458339 0.99607
v -0.16731 12.7843 -1.00342 0.332171 0.535774 0.364596
vn -0.0699172 0.0473437 0.996429
v -0.0610447 12.8092 -0.998283 0.332798 0.536341 0.364685
vn -0.0765537 0.0457743 0.996014
v -0.080981 15.1969 -1.23192 0.304287 0.510546 0.360612
vn -0.0843112 0.065561 0.99428
v -0.0898355 17.0409 -1.35363 0.289434 0.497107 0.358491
vn -0.0802664 0.0628894 0.994788
v -0.0818273 19.2717 -1.49188 0.272564 0.481844 0.356081
vn -0.0860769 0.0727645 0.993628
v -0.101278 20.7768 -1.60324 0.258974 0.469548 0.354139
vn -0.0841437 0.078466 0.993359
v -0.0971657 22.8555 -1.77855 0.237581 0.450193 0.351083
vn -0.0884972 0.143302 0.985714
v 0.126171 -27.2696 2.23648 0.72754 0.893488 0.421077
vn -0.0898571 0.0210158 0.995733
v 0.127654 -23.3506 1.90545 0.687144 0.856939 0.415306
vn -0.0889848 0.00861253 0.995996
v 0.193465 -20.4254 1.66676 0.658016 0.830586 0.411145
vn -0.089803 -0.00552469 0.995944
v 0.0601183 -20.3917 1.65482 0.656559 0.829268 0.410937
vn -0.0899023 -0.00288887 0.995946
v 0.124286 -16.9581 1.45149 0.631747 0.806818 0.407392
vn -0.0778297 0.0977678 0.992161
v 0.0859412 -14.6362 1.22963 0.604672 0.782323 0.403525
vn -0.0947461 -0.0483303 0.994328
v 0.0947378 -11.926 1.03173 0.580522 0.760472 0.400075
vn -0.0826665 0.0983248 0.991715
v 0.0838587 -9.65224 0.80611 0.55299 0.735562 0.396141
vn -0.0810738 0.096971 0.99198
v 0.13316 -7.17185 0.606316 0.528609 0.713503 0.392658
vn 0 0 0
v 0.14076 -4.73719 0.39949 0.50337 0.690668 0.389053
vn -0.0836495 0.0714165 0.993933
v 0.135975 2.29895 -0.188487 0.431618 0.62575 0.378803
vn -0.084286 0.078228 0.993366
v 0.105659 4.55456 -0.360783 0.410593 0.606727 0.375799
vn -0.0810776 0.077221 0.993712
v 0.141596 6.77606 -0.534705 0.389369 0.587524 0.372767
vn -0.0774157 0.0776748 0.993969
v 0.137801 8.87962 -0.6928 0.370077 0.570069 0.370011
vn -0.0875451 0.0727029 0.993504
v 0.134588 11.1945 -0.906401 0.344011 0.546486 0.366287
vn -0.0718086 0.0486967 0.996229
v 0.13424 12.8177 -0.981779 0.334812 0.538163 0.364973
vn -0.0762287 0.0446308 0.996091
v 0.0928841 15.221 -1.2203 0.305705 0.511829 0.360815
vn -0.071898 0.0656973 0.995246
v 0.0844782 17.0684 -1.3424 0.290806 0.498348 0.358687
vn -0.0766853 0.0619584 0.995128
v 0.134921 19.2516 -1.46912 0.275342 0.484357 0.356477
vn -0.0915079 0.0629545 0.993812
v 0.0680907 20.7593 -1.5853 0.261164 0.47153 0.354452
vn -0.0901729 0.0752615 0.993078
v 0.183752 20.8141 -1.58325 0.261414 0.471755 0.354488
vn -0.0803595 0.083385 0.993272
v 0.131784 22.8498 -1.75716 0.240192 0.452554 0.351456
vn -0.0807371 0.0837078 0.993214
v 0.305717 -27.3007 2.2531 0.729568 0.895323 0.421367
vn -0.0886654 0.0181133 0.995897
v 0.285656 -23.3918 1.91993 0.68891 0.858537 0.415559
vn -0.0890438 0.00681668 0.996004
v 0.32797 -20.4204 1.67892 0.659499 0.831928 0.411357
vn -0.089803 -0.00552469 0.995944
v 0.344157 -16.9832 1.47105 0.634134 0.808978 0.407733
vn -0.0842249 0.0960184 0.99181
v 0.287323 -14.6904 1.24618 0.606693 0.78415 0.403813
vn -0.0542315 0.0869701 0.994734
v 0.287385 -11.9424 1.04893 0.582622 0.762372 0.400375
vn -0.0754419 0.0981259 0.99231
v 0.252187 -9.67694 0.820186 0.554708 0.737116 0.396387
vn -0.0780731 0.0986646 0.992053
v 0.299395 -7.18791 0.621525 0.530465 0.715182 0.392924
vn 0 0 0
v 0.337952 -4.76767 0.416792 0.505481 0.692578 0.389354
vn -0.0903469 -0.0192826 0.995724
v 0.299727 2.32295 -0.177104 0.433007 0.627007 0.379001
vn -0.0774534 0.0789713 0.993863
v 0.283749 4.57299 -0.34759 0.412203 0.608183 0.376029
vn -0.0844402 0.0770506 0.993445
v 0.306148 6.8028 -0.525987 0.390433 0.588487 0.372919
vn -0.0786424 0.0763096 0.993978
v 0.303467 8.88859 -0.67919 0.371737 0.571572 0.370248
vn -0.0807092 0.0730851 0.994055
v 0.285064 11.2244 -0.898846 0.344933 0.54732 0.366419
vn -0.0747712 0.0471961 0.996083
v 0.317091 12.849 -0.971125 0.336112 0.53934 0.365159
vn -0.079314 0.0463316 0.995772
v 0.261125 15.2539 -1.21097 0.306844 0.512858 0.360978
vn -0.0753693 0.0651306 0.995026
v 0.259243 17.0951 -1.33114 0.29218 0.499591 0.358883
vn -0.0806007 0.0613438 0.994857
v 0.329227 19.2252 -1.44752 0.277977 0.486741 0.356854
vn -0.0897684 0.0658765 0.993782
v 0.300646 20.8284 -1.57498 0.262423 0.472669 0.354632
vn -0.0848666 0.0834304 0.992893
v 0.278414 22.8647 -1.74625 0.241523 0.453759 0.351646
vn -0.0876355 0.083917 0.992612
v 0.535247 -27.4148 2.27558 0.73231 0.897805 0.421759
vn -0.0887312 0.0164401 0.99592
v 0.44404 -27.3742 2.26675 0.731233 0.89683 0.421605
vn -0.0885175 0.0181243 0.99591
v 0.514054 -23.4405 1.94061 0.691434 0.860821 0.415919
vn -0.088376 0.00705354 0.996062
v 0.40191 -23.3956 1.93034 0.690181 0.859688 0.41574
vn -0.0879863 0.00888029 0.996082
v 0.478192 -20.4294 1.69231 0.661134 0.833407 0.411591
vn -0.0895387 -0.0124608 0.995905
v 0.507655 -16.9769 1.48588 0.635943 0.810615 0.407992
vn -0.0836168 0.0965776 0.991807
v 0.484854 -14.7473 1.26193 0.608613 0.785888 0.404088
vn -0.0756795 0.0962868 0.992472
v 0.459029 -11.9717 1.06286 0.584321 0.763909 0.400617
vn -0.0777537 0.0978844 0.992156
v 0.467086 -9.68834 0.83945 0.557058 0.739243 0.396723
vn -0.0778505 0.0984065 0.992097
v 0.52415 -7.20076 0.641665 0.532922 0.717406 0.393275
vn 0 0 0
v 0.413621 -7.19559 0.631841 0.531724 0.716321 0.393103
vn 0 0 0
v 0.467377 -4.77931 0.428309 0.506887 0.69385 0.389555
vn -0.0981315 -0.181181 0.978542
v 0.508973 2.34363 -0.162785 0.434755 0.628588 0.379251
vn -0.08008 0.0747169 0.993984
v 0.463456 4.58176 -0.332404 0.414056 0.60986 0.376294
vn -0.0822794 0.0773098 0.993606
v 0.473383 6.81304 -0.513028 0.392014 0.589918 0.373145
vn -0.0846398 0.0772795 0.99341
v 0.461715 8.90471 -0.668478 0.373045 0.572755 0.370435
vn -0.0823226 0.0737515 0.993873
v 0.45853 11.2213 -0.882352 0.346945 0.549141 0.366706
vn -0.0787912 0.0480055 0.995735
v 0.462121 12.8598 -0.960151 0.337451 0.540551 0.36535
vn -0.0713483 0.0473834 0.996325
v 0.476194 15.266 -1.19382 0.308937 0.514753 0.361277
vn -0.0797719 0.0661636 0.994615
v 0.466361 17.1235 -1.31741 0.293854 0.501106 0.359122
vn -0.0819704 0.0603489 0.994806
v 0.508122 19.2063 -1.42859 0.280287 0.488831 0.357184
vn -0.0885635 0.0620984 0.994133
v 0.471765 20.8136 -1.5575 0.264556 0.474599 0.354937
vn -0.0823666 0.0784218 0.993512
v 0.467403 22.8541 -1.72789 0.243763 0.455786 0.351966
vn -0.0834156 0.0827497 0.993073
v 0.672595 -27.457 2.28848 0.733885 0.899229 0.421984
vn -0.0886647 0.0135898 0.995969
v 0.707024 -23.461 1.9578 0.693532 0.862719 0.416219
vn -0.0874565 0.00767088 0.996139
v 0.677184 -20.4394 1.7099 0.66328 0.835349 0.411897
vn 0 0 0
v 0.67445 -16.9906 1.5004 0.637715 0.812219 0.408245
vn -0.0725804 0.0965549 0.992678
v 0.683677 -14.7598 1.27913 0.610713 0.787788 0.404388
vn -0.0837871 0.0979009 0.991663
v 0.674683 -11.9719 1.08219 0.58668 0.766044 0.400954
vn -0.0878636 0.0989555 0.991205
v 0.698346 -9.70749 0.858227 0.55935 0.741316 0.39705
vn -0.0786073 0.0981941 0.992058
v 0.680949 -7.21095 0.653997 0.534427 0.718768 0.39349
vn 0 0 0
v 0.67592 -4.80657 0.439452 0.508246 0.69508 0.389749
vn -0.10528 -0.441131 0.891246
v 0.628775 -4.79617 0.439028 0.508195 0.695033 0.389742
vn -0.10528 -0.441131 0.891246
v 0.69837 2.35197 -0.148757 0.436467 0.630136 0.379495
vn -0.0856099 0.0730083 0.99365
v 0.684335 4.58642 -0.313539 0.416358 0.611943 0.376623
vn -0.0891153 0.0774256 0.993007
v 0.695143 6.81366 -0.493139 0.394441 0.592114 0.373492
vn -0.0862947 0.0768257 0.993303
v 0.697753 8.91644 -0.650163 0.37528 0.574777 0.370754
vn -0.0887527 0.0742824 0.99328
v 0.713144 11.2523 -0.86634 0.348899 0.550909 0.366986
vn -0.074773 0.0472463 0.996081
v 0.693981 12.8892 -0.945301 0.339264 0.542191 0.365609
vn -0.0786947 0.0474983 0.995767
v 0.660635 15.2771 -1.17947 0.310688 0.516337 0.361527
vn -0.089503 0.0665257 0.993762
v 0.701164 17.1368 -1.29886 0.296119 0.503155 0.359446
vn -0.0883688 0.0581989 0.994386
v 0.698535 19.2139 -1.41297 0.282194 0.490557 0.357456
vn -0.0857378 0.0709217 0.99379
v 0.701248 20.8535 -1.54328 0.266292 0.476169 0.355185
vn -0.082285 0.0812256 0.993293
v 0.673 22.8989 -1.71628 0.245181 0.457068 0.352169
vn -0.085258 0.0839237 0.992818
v 0.898907 -27.4646 2.3085 0.736328 0.90144 0.422333
vn -0.0871348 0.0201341 0.995993
v 0.918263 -23.4547 1.97628 0.695787 0.864759 0.416541
vn -0.0870773 0.00801177 0.996169
v 0.910292 -20.4679 1.73017 0.665754 0.837587 0.412251
vn 0 0 0
v 0.911686 -17.0476 1.52002 0.640109 0.814384 0.408587
vn -0.065662 0.0932245 0.993478
v 0.920325 -14.7514 1.30005 0.613266 0.790098 0.404752
vn -0.0775794 0.0972978 0.992227
v 0.900565 -11.9972 1.10004 0.588858 0.768014 0.401265
vn 0 0 0
v 0.909247 -9.70493 0.876464 0.561575 0.74333 0.397368
vn -0.0869209 0.0989539 0.991288
v 0.906957 -7.21371 0.672188 0.536647 0.720776 0.393807
vn 0 0 0
v 0.89389 2.34614 -0.131385 0.438587 0.632054 0.379798
vn -0.0808733 0.0738742 0.993983
v 0.905004 4.57891 -0.292577 0.418916 0.614257 0.376988
vn -0.0822905 0.0773862 0.993599
v 0.911261 6.82044 -0.476711 0.396446 0.593927 0.373778
vn -0.0835907 0.076257 0.993578
v 0.909524 8.90127 -0.628208 0.377959 0.577201 0.371137
vn -0.0878201 0.0729448 0.993462
v 0.910847 11.2495 -0.848577 0.351067 0.55287 0.367295
vn -0.080225 0.0478609 0.995627
v 0.903338 12.9004 -0.929222 0.341226 0.543966 0.365889
vn -0.0836018 0.0472154 0.99538
v 0.889421 15.2499 -1.15448 0.313738 0.519096 0.361963
vn -0.091041 0.0677003 0.993543
v 0.909693 17.1253 -1.27864 0.298585 0.505387 0.359798
vn -0.0903809 0.0608345 0.994048
v 0.862105 19.1942 -1.39548 0.284328 0.492487 0.357761
vn -0.0952556 0.0550367 0.99393
v 0.972649 19.2129 -1.38878 0.285146 0.493227 0.357878
vn -0.0830125 0.0798139 0.993347
v 0.892649 20.8614 -1.52768 0.268195 0.477891 0.355456
vn -0.0871672 0.0815688 0.992849
v 0.904337 22.9228 -1.69945 0.247235 0.458927 0.352462
vn -0.0862218 0.143654 0.985865
v 1.12731 -27.497 2.32903 0.738833 0.903706 0.42269
vn -0.0867607 0.0181581 0.996064
v 1.12899 -23.4963 1.99487 0.698055 0.866812 0.416865
vn -0.0867209 0.00582853 0.996216
v 1.10818 -20.4717 1.74727 0.667841 0.839475 0.412549
vn 0 0 0
v 1.11683 -17.0711 1.53718 0.642203 0.816279 0.408886
vn -0.071491 0.0964418 0.992768
v 1.13087 -14.7853 1.31659 0.615285 0.791924 0.405041
vn -0.0664219 0.095784 0.993184
v 1.12746 -12.0086 1.11818 0.591072 0.770017 0.401582
vn 0 0 0
v 1.12294 -9.69584 0.894634 0.563793 0.745336 0.397685
vn 0 0 0
v 1.12079 -7.20819 0.68874 0.538667 0.722604 0.394095
vn 0 0 0
v 1.12699 2.32553 -0.109751 0.441227 0.634443 0.380175
vn -0.0863193 0.0765608 0.993321
v 1.12622 4.57917 -0.276798 0.420842 0.616 0.377263
vn -0.0775132 0.0763668 0.994062
v 1.11304 6.81258 -0.458359 0.398686 0.595954 0.374098
vn -0.0840898 0.0767461 0.993498
v 1.1198 8.89423 -0.609049 0.380297 0.579316 0.371471
vn -0.0866755 0.0722269 0.993615
v 1.10242 11.2629 -0.835229 0.352696 0.554344 0.367528
vn -0.0847996 0.0461042 0.995331
v 1.136 12.8821 -0.905738 0.344092 0.546559 0.366299
vn -0.0839594 0.0456513 0.995423
v 1.11922 15.2582 -1.13616 0.315973 0.521118 0.362282
vn -0.0854212 0.066783 0.994104
v 1.11751 17.1275 -1.26101 0.300738 0.507334 0.360105
vn -0.0823771 0.0595542 0.99482
v 1.07523 19.1792 -1.37453 0.286885 0.4948 0.358126
vn -0.0795915 0.0551821 0.995299
v 1.1794 19.2208 -1.37208 0.287183 0.49507 0.358169
vn -0.0583574 0.0630471 0.996303
v 1.12092 20.8271 -1.50254 0.271263 0.480667 0.355895
vn -0.0797255 0.077771 0.993778
v 1.13495 22.8756 -1.67239 0.250537 0.461914 0.352934
vn -0.0891156 0.082829 0.992571
v 1.27016 -27.5162 2.34178 0.740389 0.905114 0.422913
vn -0.0856344 0.0106962 0.996269
v 1.2849 -23.4986 2.00833 0.699697 0.868298 0.4171
vn -0.0858479 0.0102654 0.996255
v 1.34808 -20.4915 1.76769 0.670332 0.841729 0.412905
vn 0 0 0
v 1.33806 -17.0833 1.55562 0.644453 0.818315 0.409208
vn -0.0818525 0.0968784 0.991925
v 1.28333 -14.7938 1.32897 0.616795 0.793291 0.405256
vn -0.0672927 0.0946053 0.993238
v 1.29706 -12.0215 1.13099 0.592635 0.771431 0.401805
vn 0 0 0
v 1.34573 -9.6919 0.911803 0.565888 0.747232 0.397984
vn 0 0 0
v 1.34488 -7.18684 0.706811 0.540872 0.724599 0.39441
vn 0 0 0
v 1.29133 2.3024 -0.0938795 0.443163 0.636195 0.380452
vn -0.088159 0.0735974 0.993384
v 1.29205 4.5721 -0.263784 0.42243 0.617436 0.37749
vn -0.0871719 0.0777091 0.993158
v 1.3916 6.7942 -0.432473 0.401844 0.598812 0.374549
vn -0.0849353 0.0758392 0.993496
v 1.27966 6.80146 -0.44259 0.40061 0.597695 0.374373
vn -0.0852501 0.0761459 0.993446
v 1.33858 8.88729 -0.589942 0.382628 0.581426 0.371804
vn -0.0873627 0.0725104 0.993534
v 1.34357 11.2619 -0.815104 0.355152 0.556566 0.367879
vn -0.0802796 0.0469036 0.995668
v 1.33209 12.9 -0.892776 0.345673 0.54799 0.366525
vn -0.0670091 0.0467893 0.996655
v 1.29087 15.2399 -1.1182 0.318164 0.523101 0.362595
vn -0.090308 0.0678726 0.993598
v 1.29292 17.1375 -1.24764 0.302369 0.50881 0.360338
vn -0.0832626 0.0625401 0.994563
v 1.32758 19.2844 -1.36937 0.287514 0.49537 0.358216
vn -0.0730454 0.0775607 0.994308
v 1.29264 20.851 -1.4913 0.272635 0.481908 0.356091
vn -0.0864273 0.0800012 0.993041
v 1.28229 22.8884 -1.66146 0.25187 0.463121 0.353124
vn -0.0854285 0.145044 0.98573
v 1.4736 -27.4738 2.35856 0.742437 0.906966 0.423205
vn -0.0859604 0.0200662 0.996096
v 1.47983 -23.4984 2.025 0.701732 0.870139 0.41739
vn -0.0845472 0.00032942 0.996419
v 1.55013 -20.5003 1.7847 0.672409 0.843608 0.413201
vn 0 0 0
v 1.5045 -17.0756 1.56962 0.646161 0.81986 0.409452
vn -0.0801429 0.0968921 0.992063
v 1.45037 -14.8203 1.34158 0.618333 0.794682 0.405476
vn -0.0774082 0.0966155 0.992307
v 1.54326 -14.7976 1.34995 0.619355 0.795607 0.405622
vn -0.0799867 -0.0394952 0.996013
v 1.46617 -12.0308 1.14354 0.594167 0.772817 0.402024
vn 0 0 0
v 1.50048 -9.67929 0.924171 0.567397 0.748597 0.3982
vn 0 0 0
v 1.51177 -7.1682 0.719306 0.542397 0.725978 0.394628
vn 0 0 0
v 1.49284 2.26358 -0.0742571 0.445558 0.638362 0.380794
vn -0.0811265 0.0729763 0.994029
v 1.4792 4.54162 -0.24262 0.425012 0.619773 0.377859
vn -0.0892293 0.0785636 0.992908
v 1.50241 6.78547 -0.422326 0.403083 0.599932 0.374726
vn -0.0812503 0.0762878 0.99377
v 1.52223 8.87325 -0.572437 0.384765 0.583358 0.372109
vn -0.0851942 0.0723937 0.993731
v 1.50737 11.2393 -0.797023 0.357358 0.558562 0.368194
vn -0.0863315 0.0498789 0.995017
v 1.46805 12.9182 -0.885107 0.346609 0.548837 0.366658
vn -0.083821 0.0492263 0.995264
v 1.45956 15.2396 -1.10396 0.319903 0.524674 0.362843
vn -0.0765864 0.0681057 0.994734
v 1.46694 17.1437 -1.23391 0.304045 0.510326 0.360578
vn -0.0761144 0.0621472 0.99516
v 1.50541 19.304 -1.35723 0.288995 0.49671 0.358428
vn -0.0693771 0.0651765 0.995459
v 1.51093 20.8377 -1.4705 0.275173 0.484204 0.356453
vn -0.0850157 0.078274 0.9933
v 1.47055 22.8599 -1.64101 0.254366 0.465379 0.353481
vn -0.0877246 0.0824796 0.992724
v 1.68075 -27.4858 2.37655 0.744632 0.908953 0.423519
vn -0.0849118 0.0128223 0.996306
v 1.67091 -23.4967 2.04122 0.703711 0.871929 0.417673
vn -0.0838096 0.00668341 0.996459
v 1.73348 -20.5002 1.80002 0.674278 0.845299 0.413468
vn 0 0 0
v 1.66958 -17.1119 1.58244 0.647726 0.821276 0.409675
vn -0.0815758 -0.0188959 0.996488
v 1.70102 -14.8142 1.36179 0.6208 0.796915 0.405829
vn -0.0773003 0.0964905 0.992328
v 1.71059 -14.7998 1.36313 0.620964 0.797063 0.405852
vn -0.0782294 -0.0407356 0.996103
v 1.68326 -12.0212 1.16055 0.596242 0.774695 0.40232
vn 0 0 0
v 1.67864 -9.66832 0.937244 0.568992 0.750041 0.398427
vn 0 0 0
v 1.67907 -7.15035 0.730253 0.543733 0.727187 0.394819
vn 0 0 0
v 1.67581 2.21685 -0.054688 0.447946 0.640522 0.381135
vn -0.0867704 0.0743241 0.993452
v 1.67302 4.50668 -0.221229 0.427623 0.622135 0.378232
vn -0.0814166 0.0763326 0.993753
v 1.66994 6.78244 -0.410525 0.404523 0.601235 0.374932
vn -0.0802975 0.0744393 0.993987
v 1.68088 8.86646 -0.559081 0.386394 0.584833 0.372342
vn -0.0791945 0.0715632 0.994287
v 1.66982 11.2428 -0.784993 0.358826 0.55989 0.368404
vn -0.0800667 0.0510099 0.995483
v 1.68904 12.9157 -0.866652 0.348861 0.550874 0.36698
vn -0.074309 0.0497589 0.995993
v 1.69142 15.2698 -1.09017 0.321585 0.526196 0.363084
vn -0.0714874 0.068381 0.995095
v 1.67533 17.1574 -1.2187 0.305901 0.512006 0.360843
vn -0.0690373 0.0616609 0.995707
v 1.66869 19.3456 -1.34993 0.289887 0.497517 0.358555
vn -0.067532 0.0661733 0.99552
v 1.71909 20.8289 -1.45137 0.277507 0.486316 0.356787
vn -0.082944 0.0769979 0.993575
v 1.67879 22.8651 -1.62386 0.256458 0.467271 0.35378
vn -0.0866603 0.0827519 0.992795
v 1.90547 -27.4568 2.39516 0.746903 0.911008 0.423843
vn -0.0844851 0.0193128 0.996238
v 1.887 -23.5219 2.05956 0.705949 0.873954 0.417993
vn -0.0829775 0.00504484 0.996539
v 1.905 -20.5186 1.8141 0.675996 0.846853 0.413714
vn 0 0 0
v 1.87376 -17.1218 1.59875 0.649716 0.823076 0.409959
vn -0.0801922 -0.0125252 0.996701
v 1.90415 -14.8235 1.37723 0.622685 0.79862 0.406098
vn -0.0710714 0.0965132 0.992791
v 1.88255 -12.0203 1.17502 0.598008 0.776293 0.402573
vn 0 0 0
v 1.92067 -9.6458 0.954712 0.571124 0.751969 0.398732
vn 0 0 0
v 1.90446 -7.11503 0.745124 0.545548 0.728829 0.395078
vn 0 0 0
v 1.92525 2.13396 -0.0256437 0.45149 0.643729 0.381641
vn -0.0878745 0.0776431 0.993101
v 1.89367 4.48037 -0.204039 0.429721 0.624033 0.378532
vn -0.0785436 0.0794192 0.993742
v 1.91407 6.7582 -0.388837 0.407169 0.603629 0.37531
vn -0.076665 0.0778284 0.994015
v 1.913 8.84565 -0.537567 0.38902 0.587208 0.372717
vn -0.0891255 0.0716702 0.993438
v 1.90616 11.2137 -0.760579 0.361805 0.562586 0.368829
vn -0.0927336 0.0530968 0.994274
v 1.88823 12.9359 -0.854729 0.350316 0.552191 0.367188
vn -0.0862538 0.052206 0.994904
v 1.88039 15.29 -1.07837 0.323025 0.527499 0.363289
vn -0.0832118 0.0674631 0.994246
v 1.88848 17.1746 -1.20386 0.307711 0.513644 0.361102
vn -0.0766376 0.062151 0.99512
v 1.90337 19.3952 -1.33796 0.291347 0.498838 0.358764
vn -0.0719968 0.0646318 0.995309
v 1.90808 20.8331 -1.43598 0.279386 0.488016 0.357055
vn -0.0831814 0.076178 0.993619
v 1.90529 22.8526 -1.60268 0.259043 0.46961 0.354149
vn -0.0853525 0.0821827 0.992956
v 2.13819 -27.4803 2.41528 0.749359 0.913229 0.424194
vn -0.0824701 0.00197689 0.996592
v 2.0953 -23.4558 2.07648 0.708015 0.875823 0.418288
vn -0.0822654 0.00829175 0.996576
v 2.10912 -20.5432 1.83067 0.678018 0.848683 0.414003
vn 0 0 0
v 2.13346 -17.1234 1.61929 0.652223 0.825345 0.410318
vn -0.0660686 0.0984187 0.992949
v 2.1077 -14.8349 1.39222 0.624514 0.800275 0.406359
vn -0.0534988 0.0965674 0.993888
v 2.10931 -12.0027 1.19192 0.60007 0.778159 0.402867
vn 0 0 0
v 2.11055 -9.63878 0.966301 0.572538 0.753249 0.398934
vn 0 0 0
v 2.07694 -7.07948 0.756388 0.546922 0.730072 0.395275
vn 0 0 0
v 2.11353 2.0631 -0.00545957 0.453953 0.645958 0.381993
vn -0.0810721 0.0718374 0.994116
v 2.10492 4.43407 -0.182195 0.432386 0.626445 0.378912
vn -0.0852583 0.0786976 0.993246
v 2.10769 6.74647 -0.37483 0.408879 0.605176 0.375554
vn -0.0792947 0.0731669 0.994162
v 2.10795 8.81553 -0.517093 0.391518 0.589469 0.373074
vn -0.0829424 0.0695977 0.994121
v 2.17665 11.1897 -0.73533 0.364887 0.565374 0.36927
vn -0.0897361 0.0522267 0.994595
v 2.06788 11.2024 -0.746037 0.36358 0.564191 0.369083
vn -0.0898369 0.0524498 0.994574
v 2.12181 12.9085 -0.831151 0.353193 0.554794 0.367599
vn -0.0911473 0.0528022 0.994437
v 2.09424 15.262 -1.05602 0.325753 0.529967 0.363679
vn -0.0860478 0.0681582 0.993957
v 2.12581 17.1523 -1.18057 0.310554 0.516216 0.361508
vn -0.0847525 0.0650662 0.994275
v 2.10085 19.4082 -1.32348 0.293114 0.500437 0.359016
vn -0.0789312 0.0635892 0.99485
v 2.11615 20.8295 -1.41789 0.281593 0.490013 0.35737
vn -0.0833229 0.075306 0.993673
v 2.13671 22.8516 -1.58289 0.261458 0.471795 0.354494
vn -0.0850848 0.0821511 0.992981
v 2.26514 -27.447 2.42535 0.750588 0.914341 0.42437
vn -0.0823343 0.0133932 0.996515
v 2.31375 -23.4937 2.09478 0.710247 0.877843 0.418607
vn -0.0818248 0.00763227 0.996618
v 2.33152 -20.5601 1.84854 0.680199 0.850656 0.414314
vn 0 0 0
v 2.31862 -17.1168 1.63381 0.653995 0.826948 0.410571
vn -0.077212 0.0992893 0.992058
v 2.32836 -14.8677 1.40729 0.626352 0.801938 0.406622
vn -0.069437 0.098679 0.992694
v 2.3372 -11.9894 1.20786 0.602016 0.779919 0.403145
vn 0 0 0
v 2.27315 -9.61148 0.977881 0.573951 0.754527 0.399136
vn 0 0 0
v 2.3909 -9.59333 0.985682 0.574903 0.755389 0.399272
vn 0 0 0
v 2.3312 -7.02533 0.770821 0.548684 0.731666 0.395526
vn 0 0 0
v 2.33331 1.95781 0.022758 0.457397 0.649073 0.382485
vn -0.0852794 0.0757571 0.993473
v 2.22399 2.01512 0.00747605 0.455532 0.647386 0.382219
vn -0.0854614 0.0739082 0.993596
v 2.32793 4.37703 -0.158718 0.435251 0.629037 0.379322
vn -0.0841339 0.0784033 0.993365
v 2.32381 6.71155 -0.35408 0.411411 0.607467 0.375916
vn -0.08706 0.0742425 0.993433
v 2.34067 8.78253 -0.494126 0.394321 0.592005 0.373474
vn -0.0870995 0.0681991 0.993862
v 2.33722 11.1734 -0.720283 0.366723 0.567035 0.369532
vn -0.090658 0.0526975 0.994487
v 2.32799 12.8852 -0.81085 0.355671 0.557035 0.367953
vn -0.0912742 0.0524456 0.994444
v 2.32331 15.2646 -1.03829 0.327917 0.531925 0.363988
vn -0.0794857 0.0669776 0.994583
v 2.33628 17.1626 -1.16519 0.31243 0.517913 0.361776
vn -0.0771822 0.0640694 0.994956
v 2.31884 19.434 -1.30946 0.294824 0.501984 0.359261
vn -0.0751815 0.0648238 0.995061
v 2.2933 20.8243 -1.40226 0.2835 0.491739 0.357643
vn -0.0776868 0.0727156 0.994322
v 2.32793 22.8453 -1.56582 0.263541 0.47368 0.354792
vn -0.0823027 0.0818218 0.993243
v 2.40038 -27.4044 2.4359 0.751874 0.915505 0.424553
vn -0.0837996 0.0199113 0.996284
v 2.53697 -27.3851 2.44693 0.753221 0.916724 0.424746
vn -0.0819558 0.0139964 0.996538
v 2.49127 -23.5351 2.1096 0.712056 0.879479 0.418865
vn -0.0813629 0.00701297 0.99666
v 2.53314 -20.5558 1.86464 0.682164 0.852434 0.414595
vn -0.0781239 -0.0102699 0.996891
v 2.5072 -17.1337 1.64793 0.655718 0.828507 0.410817
vn -0.0755954 -0.0218528 0.996899
v 2.4486 -14.8596 1.4163 0.627452 0.802932 0.406779
vn -0.0742473 0.0995447 0.992259
v 2.50645 -11.9642 1.22026 0.603528 0.781288 0.403361
vn 0 0 0
v 2.50897 -9.57744 0.992925 0.575787 0.756188 0.399398
vn 0 0 0
v 2.4689 -6.98825 0.778749 0.549651 0.732541 0.395664
vn 0 0 0
v 2.50658 1.86653 0.0434068 0.459917 0.651353 0.382845
vn -0.0786994 0.0715574 0.994327
v 2.53157 4.31948 -0.137503 0.43784 0.631379 0.379691
vn -0.0869351 0.0785029 0.993116
v 2.5053 6.66574 -0.332962 0.413988 0.609799 0.376284
vn -0.089513 0.0769118 0.993012
v 2.49801 8.76048 -0.479131 0.396151 0.59366 0.373736
vn -0.0821179 0.0676898 0.994321
v 2.50923 11.1418 -0.701408 0.369026 0.569119 0.369861
vn -0.094297 0.0541782 0.994069
v 2.50023 12.8663 -0.794249 0.357697 0.558868 0.368242
vn -0.0875654 0.0519671 0.994802
v 2.54294 15.2563 -1.01958 0.3302 0.53399 0.364314
vn -0.0859404 0.0669992 0.994045
v 2.51111 17.158 -1.15035 0.314241 0.519552 0.362034
vn -0.083377 0.0657459 0.994347
v 2.53973 19.4723 -1.29734 0.296304 0.503322 0.359472
vn -0.0803743 0.0648897 0.99465
v 2.46655 20.8398 -1.39021 0.284971 0.493069 0.357853
vn -0.0827701 0.0766925 0.993613
v 2.49489 22.8513 -1.55268 0.265145 0.475131 0.355021
vn -0.0841973 0.0818003 0.993086
v 2.67063 -27.3292 2.457 0.754449 0.917835 0.424921
vn -0.0823473 0.0203449 0.996396
v 2.66707 -23.523 2.12379 0.713788 0.881046 0.419113
vn -0.0806538 0.00709883 0.996717
v 2.68782 -20.5404 1.87692 0.683662 0.85379 0.414809
vn -0.0775434 -0.000367828 0.996989
v 2.67446 -17.1215 1.66075 0.657282 0.829922 0.41104
vn -0.0740549 0.0992483 0.992303
v 2.66682 -14.8579 1.4318 0.629344 0.804645 0.407049
vn -0.0742647 0.1001 0.992202
v 2.6762 -11.9392 1.2322 0.604986 0.782606 0.403569
vn 0 0 0
v 2.66607 -9.56027 1.0016 0.576846 0.757146 0.399549
vn 0 0 0
v 2.67215 -6.93013 0.789226 0.550929 0.733698 0.395847
vn 0 0 0
v 2.71317 1.73805 0.0709455 0.463277 0.654394 0.383325
vn -0.0756002 0.0703631 0.994653
v 2.71755 4.25011 -0.114199 0.440684 0.633952 0.380098
vn -0.0873246 0.0789225 0.993049
v 2.66853 6.63431 -0.317402 0.415887 0.611517 0.376555
vn -0.084469 0.0745184 0.993636
v 2.68008 8.74117 -0.463802 0.398021 0.595353 0.374003
vn -0.0830212 0.0683198 0.994203
v 2.68196 11.1131 -0.683438 0.371219 0.571103 0.370174
vn -0.0902258 0.0531584 0.994502
v 2.67289 12.8525 -0.778843 0.359577 0.560569 0.368511
vn -0.091297 0.053277 0.994398
v 2.68267 15.2388 -1.00563 0.331902 0.53553 0.364557
vn -0.0837358 0.0671945 0.99422
v 2.6555 17.1469 -1.13697 0.315874 0.521029 0.362268
vn -0.0857178 0.0671259 0.994056
v 2.738 19.4455 -1.27694 0.298793 0.505575 0.359828
vn -0.086577 0.0651071 0.994115
v 2.65888 20.8263 -1.37226 0.287162 0.495051 0.358166
vn -0.086038 0.0742662 0.99352
v 2.6628 22.84 -1.53699 0.267059 0.476863 0.355294
vn -0.085966 0.0815078 0.992958
v 2.877 -27.3266 2.47399 0.756522 0.919711 0.425217
vn -0.0816955 0.0165007 0.996521
v 2.84286 -23.5318 2.13803 0.715525 0.882618 0.419361
vn -0.0798807 0.00674469 0.996782
v 2.92431 -23.1912 2.14219 0.716033 0.883078 0.419433
vn -0.0803073 0.00783064 0.996739
v 2.89113 -20.5542 1.89271 0.685589 0.855533 0.415084
vn -0.0776874 -0.00372555 0.996971
v 2.9031 -17.1424 1.67728 0.6593 0.831747 0.411329
vn -0.0744907 -0.0262051 0.996877
v 2.8824 -14.8439 1.44718 0.63122 0.806342 0.407317
vn -0.0772368 0.100067 0.991978
v 2.89886 -11.8894 1.24836 0.606958 0.784391 0.403851
vn 0 0 0
v 2.89158 -9.5048 1.01633 0.578643 0.758772 0.399806
vn 0 0 0
v 2.88617 -6.85303 0.800866 0.55235 0.734983 0.39605
vn 0 0 0
v 2.95679 -4.02806 0.561538 0.523145 0.708559 0.391878
vn 0.0212653 -0.0162837 0.999641
v 2.93765 1.57854 0.10125 0.466975 0.657739 0.383854
vn 0.013093 0.204384 0.978803
v 2.84017 1.66006 0.0838057 0.464846 0.655813 0.383549
vn -0.076177 0.0693876 0.994677
v 2.89056 4.18399 -0.0936237 0.443195 0.636224 0.380456
vn -0.0831015 0.0720642 0.993932
v 2.88294 6.57636 -0.293357 0.418821 0.614171 0.376974
vn -0.0879832 0.076824 0.993155
v 2.88993 8.70021 -0.442262 0.40065 0.597731 0.374379
vn -0.0946139 0.0709384 0.992983
v 2.89723 11.0979 -0.665855 0.373365 0.573044 0.370481
vn -0.0798643 0.0504922 0.995526
v 2.87919 12.8253 -0.758645 0.362041 0.562799 0.368863
vn -0.0949454 0.0554036 0.99394
v 2.88222 15.2299 -0.988798 0.333956 0.537388 0.364851
vn -0.0828781 0.0671609 0.994294
v 2.89596 17.1384 -1.11657 0.318364 0.523282 0.362623
vn -0.0786597 0.0677489 0.994597
v 2.89866 19.4418 -1.26336 0.300451 0.507074 0.360064
vn -0.0799008 0.0632053 0.994797
v 2.8891 20.8214 -1.35262 0.289559 0.49722 0.358508
vn -0.08145 0.072696 0.994023
v 2.89143 22.834 -1.51712 0.269484 0.479057 0.355641
vn -0.0858595 0.0816677 0.992954
v 3.11771 -27.2432 2.49218 0.758743 0.921719 0.425535
vn -0.0818742 0.0199808 0.996442
v 3.15273 -23.4815 2.16238 0.718497 0.885307 0.419785
vn -0.0776394 0.00562683 0.996966
v 3.01996 -23.3616 2.15101 0.717109 0.884051 0.419587
vn -0.0792623 0.00695352 0.99683
v 3.11165 -20.5288 1.90982 0.687677 0.857422 0.415382
vn -0.0767764 -0.000929759 0.997048
v 3.12896 -17.1495 1.69354 0.661283 0.833542 0.411612
vn -0.0711617 -0.0102799 0.997412
v 3.11437 -14.8344 1.46304 0.633156 0.808094 0.407594
vn 0 0 0
v 3.1347 -11.8369 1.26466 0.608947 0.78619 0.404135
vn 0 0 0
v 3.10275 -9.45327 1.02897 0.580185 0.760168 0.400026
vn 0 0 0
v 3.09823 -6.77457 0.81038 0.553511 0.736034 0.396216
vn 0 0 0
v 3.10574 -3.9146 0.55989 0.522943 0.708377 0.391849
vn 0.0395525 -0.0374178 0.998517
v 3.15416 1.39767 0.132424 0.470779 0.661181 0.384397
vn -0.0328955 0.118338 0.992428
v 3.0656 1.475 0.119433 0.469194 0.659747 0.384171
vn -0.0832355 0.0716935 0.993948
v 3.10158 4.10321 -0.0707458 0.445986 0.63875 0.380855
vn -0.0811576 0.0712467 0.994152
v 3.09619 6.51425 -0.269407 0.421744 0.616816 0.377392
vn -0.0857598 0.0752515 0.99347
v 3.10271 8.64123 -0.416944 0.403739 0.600526 0.37482
vn -0.0867482 0.0686376 0.993863
v 3.11307 11.0741 -0.646877 0.375681 0.57514 0.370812
vn -0.0846398 0.0530492 0.994998
v 3.03541 12.7892 -0.740553 0.364249 0.564797 0.369178
vn -0.0812109 0.0527814 0.995298
v 3.12612 12.8089 -0.738036 0.364556 0.565075 0.369222
vn -0.0683507 0.190084 0.979386
v 3.13053 15.208 -0.966218 0.336711 0.539881 0.365244
vn -0.0778488 0.0687514 0.994592
v 3.10959 17.1626 -1.10401 0.319896 0.524668 0.362842
vn -0.0780491 0.0646409 0.994852
v 3.11764 19.4592 -1.24852 0.302262 0.508713 0.360323
vn -0.0795636 0.0644392 0.994745
v 3.09782 20.8307 -1.33701 0.291463 0.498943 0.35878
vn -0.0796885 0.0746817 0.994018
v 3.07587 22.8063 -1.49784 0.271837 0.481186 0.355977
vn -0.0845044 0.0807838 0.993143
v 3.26014 -27.2917 2.50468 0.760268 0.9231 0.425753
vn -0.0803242 0.0187795 0.996592
v 3.24748 -23.2963 2.16856 0.71925 0.885989 0.419893
vn -0.0779501 0.00675601 0.996934
v 3.34486 -23.1321 2.17504 0.720041 0.886704 0.420006
vn -0.0777982 0.00707676 0.996944
v 3.31061 -20.4766 1.92518 0.689551 0.859117 0.41565
vn -0.0762265 -0.000960712 0.99709
v 3.3157 -17.147 1.70689 0.662912 0.835016 0.411845
vn -0.0711617 -0.0102799 0.997412
v 3.29679 -14.8218 1.47537 0.63466 0.809454 0.407809
vn -0.0632242 -0.0340886 0.997417
v 3.33356 -11.7821 1.27841 0.610625 0.787708 0.404375
vn 0 0 0
v 3.26866 -9.4098 1.03845 0.581343 0.761215 0.400192
vn 0 0 0
v 3.3867 -9.382 1.04445 0.582075 0.761877 0.400296
vn -0.028752 -0.0789414 0.996465
v 3.32658 -6.6645 0.82221 0.554955 0.73734 0.396422
vn 0 0 0
v 3.32953 -3.7054 0.558865 0.522818 0.708264 0.391831
vn 0.0212653 -0.0162837 0.999641
v 3.37646 1.18777 0.163275 0.474544 0.664588 0.384935
vn 0.063172 0.20238 0.977267
v 3.26077 1.29893 0.147731 0.472647 0.662871 0.384664
vn 0.0172756 0.162476 0.986561
v 3.39575 3.97524 -0.0376977 0.450019 0.642398 0.381431
vn -0.0828991 0.0772508 0.993559
v 3.30831 4.01611 -0.0479681 0.448766 0.641264 0.381252
vn -0.084077 0.0749261 0.993638
v 3.31774 6.45257 -0.246594 0.424527 0.619334 0.37779
vn -0.0798142 0.0758214 0.993922
v 3.38335 8.58488 -0.389796 0.407052 0.603524 0.375293
vn -0.0856125 0.0690536 0.993933
v 3.25973 8.61729 -0.403399 0.405392 0.602022 0.375056
vn -0.0868333 0.0690297 0.993828
v 3.30507 11.0297 -0.625442 0.378296 0.577506 0.371185
vn -0.0894259 0.0542722 0.994514
v 3.32313 12.7833 -0.719519 0.366816 0.567119 0.369545
vn -0.0744808 0.0525349 0.995838
v 3.31832 15.196 -0.950183 0.338668 0.541652 0.365524
vn -0.082667 0.0690969 0.994179
v 3.33872 17.1559 -1.08526 0.322184 0.526738 0.363169
vn -0.0832834 0.0653373 0.994382
v 3.33366 19.4325 -1.22712 0.304873 0.511075 0.360696
vn -0.0834502 0.0631597 0.994508
v 3.31462 20.8368 -1.32042 0.293487 0.500774 0.35907
vn -0.0838397 0.0724205 0.993844
v 3.33268 22.7933 -1.47486 0.274641 0.483723 0.356377
vn -0.0853288 0.0803881 0.993105
v 3.21213 22.8144 -1.48782 0.27306 0.482292 0.356151
vn -0.0806327 0.146287 0.985951
v 3.5267 -27.4344 2.52891 0.763225 0.925775 0.426175
vn -0.0810629 0.0139854 0.996611
v 3.51591 -22.9511 2.18707 0.721509 0.888032 0.420216
vn -0.0784726 0.00788474 0.996885
v 3.49875 -20.4772 1.93931 0.691275 0.860678 0.415896
vn -0.0749124 -0.00405768 0.997182
v 3.50407 -17.1126 1.72068 0.664596 0.836539 0.412085
vn -0.0711617 -0.0102799 0.997412
v 3.50307 -14.811 1.48881 0.636301 0.810939 0.408043
vn -0.0953522 0.10017 0.990391
v 3.49969 -14.7941 1.48917 0.636345 0.810979 0.408049
vn -0.0621529 -0.0297677 0.997623
v 3.52099 -11.7522 1.28947 0.611975 0.78893 0.404568
vn 0 0 0
v 3.53373 -9.34709 1.05146 0.58293 0.762651 0.400419
vn -0.028752 -0.0789414 0.996465
v 3.53594 -6.55414 0.831974 0.556146 0.738418 0.396592
vn 0 0 0
v 3.5011 -3.5051 0.55815 0.522731 0.708185 0.391819
vn -0.0574637 0.0695432 0.995923
v 3.57072 0.953283 0.199221 0.478931 0.668556 0.385562
vn 0.0495676 0.179522 0.982504
v 3.47708 1.07377 0.180377 0.476631 0.666476 0.385233
vn 0.0614431 0.200783 0.977707
v 3.51882 3.91545 -0.0233009 0.451776 0.643988 0.381682
vn -0.0786567 0.0751445 0.994066
v 3.59736 6.3758 -0.219946 0.427779 0.622277 0.378254
vn -0.0804371 0.0671868 0.994493
v 3.46007 6.41997 -0.234549 0.425997 0.620664 0.378
vn -0.0761716 0.0694005 0.994677
v 3.47663 8.5668 -0.381209 0.4081 0.604472 0.375443
vn -0.0864998 0.0699221 0.993795
v 3.59204 10.9815 -0.597999 0.381645 0.580536 0.371664
vn -0.100357 0.0555324 0.993401
v 3.48628 11.007 -0.609655 0.380223 0.579249 0.37146
vn -0.0912529 0.0542213 0.994351
v 3.50802 12.7681 -0.704094 0.368698 0.568822 0.369814
vn -0.0894096 0.0544364 0.994506
v 3.53462 15.1809 -0.931727 0.34092 0.54369 0.365846
vn -0.0776264 0.0682858 0.994641
v 3.48309 17.1536 -1.07387 0.323574 0.527995 0.363368
vn -0.09259 0.0613015 0.993815
v 3.53356 19.4149 -1.20857 0.307136 0.513123 0.361019
vn -0.0887682 0.0638444 0.994004
v 3.48794 20.8345 -1.30616 0.295228 0.502349 0.359318
vn -0.0822336 0.0727852 0.993952
v 3.49792 22.7563 -1.45599 0.276944 0.485806 0.356706
vn -0.0843505 0.0788672 0.99331
v 3.73805 -27.4368 2.54594 0.765303 0.927655 0.426472
vn -0.0798997 0.0189673 0.996622
v 3.67037 -22.9493 2.19901 0.722966 0.88935 0.420424
vn -0.0750245 0.00946097 0.997137
v 3.69672 -20.433 1.95417 0.693088 0.862318 0.416155
vn -0.0740313 -9.80427e-05 0.997256
v 3.72875 -17.0671 1.7369 0.666576 0.83833 0.412368
vn -0.100946 0.0987645 0.989978
v 3.69576 -14.7879 1.50149 0.637848 0.812339 0.408264
vn -0.0914887 0.102753 0.990491
v 3.67599 -11.7072 1.29948 0.613196 0.790035 0.404742
vn -0.0397118 -0.0760878 0.99631
v 3.66676 -9.29449 1.05946 0.583907 0.763535 0.400558
vn -0.028752 -0.0789414 0.996465
v 3.73044 -6.46203 0.837162 0.556779 0.738991 0.396683
vn 0.0394366 -0.122727 0.991657
v 3.67656 -3.2811 0.551984 0.521979 0.707505 0.391711
vn -0.0501917 0.0685691 0.996383
v 3.75471 0.701261 0.232024 0.482934 0.672178 0.386133
vn 0.182263 0.256607 0.949175
v 3.64203 0.873424 0.207117 0.479894 0.669428 0.385699
vn 0.182263 0.256607 0.949175
v 3.77808 3.78313 0.00626065 0.455384 0.647252 0.382198
vn -0.0855936 0.0797235 0.993135
v 3.66553 3.84393 -0.00726061 0.453734 0.645759 0.381962
vn -0.078124 0.0747247 0.994139
v 3.73475 6.32177 -0.203167 0.429827 0.624129 0.378547
vn -0.0880366 0.0712493 0.993566
v 3.70246 8.50895 -0.357697 0.410969 0.607068 0.375853
vn -0.0895558 0.0711912 0.993434
v 3.74943 10.9347 -0.579031 0.38396 0.58263 0.371994
vn -0.0945201 0.0550059 0.994002
v 3.65262 12.7288 -0.686912 0.370795 0.570719 0.370114
vn -0.0909605 0.0544882 0.994363
v 3.71059 15.1756 -0.918165 0.342575 0.545187 0.366082
vn -0.0815054 0.0678288 0.994362
v 3.65596 17.1223 -1.05554 0.325811 0.530019 0.363687
vn -0.0848362 0.0649629 0.994275
v 3.67492 19.3908 -1.1937 0.308951 0.514765 0.361279
vn -0.0902976 0.0647775 0.993806
v 3.6634 20.8235 -1.29048 0.297141 0.50408 0.359592
vn -0.0858401 0.0740408 0.993554
v 3.70936 22.7633 -1.43986 0.278912 0.487587 0.356987
vn -0.0832363 0.0790922 0.993386
v 3.8756 -27.4405 2.557 0.766652 0.928876 0.426665
vn -0.0782643 0.0151596 0.996817
v 3.98107 -27.1902 2.56069 0.767103 0.929283 0.426729
vn -0.0793799 0.0187169 0.996669
v 3.94886 -26.2368 2.5402 0.764603 0.927022 0.426372
vn -0.0803102 0.0191797 0.996585
v 3.88916 -23.2736 2.21816 0.725304 0.891466 0.420758
vn -0.0769543 0.00623691 0.997015
v 3.89884 -20.4144 1.96905 0.694904 0.863961 0.416415
vn -0.0717055 -0.00521581 0.997412
v 3.99473 -20.3698 1.97618 0.695774 0.864748 0.416539
vn -0.0721127 -0.00349764 0.99739
v 3.85243 -17.0307 1.74588 0.667671 0.839322 0.412524
vn -0.103833 0.0982812 0.989727
v 3.95699 -16.9932 1.75351 0.668602 0.840163 0.412657
vn -0.104961 0.0982055 0.989615
v 3.87272 -14.7479 1.51349 0.639312 0.813663 0.408473
vn -0.0809319 0.106093 0.991057
v 3.86061 -11.6555 1.31079 0.614576 0.791283 0.404939
vn -0.041225 -0.0644562 0.997069
v 3.85758 -9.22575 1.06944 0.585125 0.764636 0.400732
vn 0 0 0
v 3.95772 -9.19194 1.07411 0.585695 0.765152 0.400814
vn 0 0 0
v 3.82681 -6.41471 0.839186 0.557026 0.739214 0.396718
vn 0.0394366 -0.122727 0.991657
v 3.93059 -6.34019 0.844281 0.557648 0.739777 0.396807
vn 0.0394366 -0.122727 0.991657
v 3.8299 -3.05405 0.542921 0.520873 0.706504 0.391553
vn 0.0120431 0.0322426 0.999408
v 3.90877 -2.91573 0.537398 0.520199 0.705894 0.391457
vn 0.0312168 0.0220952 0.999268
v 3.98271 -2.76516 0.53176 0.519511 0.705272 0.391359
vn -0.0110818 0.0458558 0.998887
v 3.89787 3.70746 0.0231164 0.45744 0.649113 0.382491
vn -0.0886858 0.0799413 0.992847
v 3.88522 6.25905 -0.184471 0.432108 0.626193 0.378873
vn -0.0864424 0.0714869 0.993689
v 3.88497 8.44784 -0.335873 0.413633 0.609477 0.376233
vn -0.0838869 0.0684411 0.994122
v 3.89637 10.8963 -0.562645 0.385959 0.58444 0.37228
vn -0.0925456 0.0553468 0.994169
v 3.88575 12.6924 -0.664797 0.373494 0.573161 0.370499
vn -0.0945259 0.0549248 0.994006
v 3.90431 15.1573 -0.901211 0.344644 0.547059 0.366378
vn -0.0838229 0.0674058 0.994198
v 3.86668 17.1059 -1.03707 0.328066 0.532059 0.364009
vn -0.0844295 0.062425 0.994472
v 3.88407 19.3369 -1.16898 0.311968 0.517495 0.36171
vn -0.0955698 0.0642451 0.993347
v 3.87944 20.8214 -1.27304 0.29927 0.506006 0.359896
vn -0.080842 0.0720816 0.994117
v 3.92011 22.7391 -1.41934 0.281417 0.489853 0.357345
vn -0.0911427 0.0796784 0.992645
v 4.08481 -26.2549 2.55127 0.765954 0.928244 0.426565
vn -0.0779932 0.0189497 0.996774
v 4.11216 -23.3035 2.23534 0.7274 0.893362 0.421057
vn -0.075693 0.00656272 0.99711
v 4.12118 -20.3111 1.98549 0.69691 0.865776 0.416701
vn -0.0716504 -0.00253355 0.997427
v 4.11834 -16.9394 1.76503 0.670007 0.841435 0.412858
vn -0.0954057 0.10186 0.990213
v 4.07266 -14.7277 1.52582 0.640817 0.815025 0.408688
vn -0.0806386 0.10881 0.990786
v 4.03246 -11.6337 1.3193 0.615615 0.792223 0.405088
vn -0.041225 -0.0644562 0.997069
v 4.14093 -11.5996 1.32566 0.616391 0.792925 0.405199
vn -0.0433273 -0.0482071 0.997897
v 4.12193 -9.12032 1.08267 0.586739 0.766097 0.400963
vn 0 0 0
v 4.03937 -6.27455 0.847006 0.557981 0.740078 0.396854
vn 0 0 0
v 4.15203 -6.19427 0.850785 0.558442 0.740495 0.39692
vn 0 0 0
v 4.03163 -2.65675 0.526834 0.51891 0.704728 0.391273
vn -0.0561719 0.0720578 0.995817
v 4.09842 -2.49103 0.518451 0.517887 0.703802 0.391127
vn -0.0624492 0.0761824 0.995136
v 4.17365 -2.27476 0.505922 0.516358 0.702419 0.390908
vn 0.0137683 0.0561891 0.998325
v 4.14252 3.54309 0.0579371 0.46169 0.652957 0.383099
vn -0.0838403 0.0773569 0.993472
v 4.04324 3.61362 0.043101 0.459879 0.651319 0.38284
vn -0.0819256 0.0743434 0.993862
v 4.11468 6.16797 -0.158367 0.435294 0.629075 0.379328
vn -0.0902415 0.0731831 0.993227
v 4.03243 6.20882 -0.169744 0.433906 0.627819 0.379129
vn -0.0857803 0.07086 0.993791
v 4.12426 8.38434 -0.312022 0.416543 0.612111 0.376649
vn -0.0720701 0.0645335 0.99531
v 4.03931 8.40413 -0.319718 0.415604 0.611261 0.376515
vn -0.0824098 0.0668931 0.994351
v 4.09798 10.8495 -0.54184 0.388498 0.586737 0.372643
vn -0.0844913 0.0541994 0.994949
v 4.08745 12.6307 -0.64014 0.376503 0.575883 0.370929
vn -0.0972674 0.055278 0.993722
v 4.11227 15.1244 -0.880838 0.34713 0.549308 0.366733
vn -0.0859673 0.0673956 0.994016
v 4.09284 17.0742 -1.01506 0.33075 0.534488 0.364393
vn -0.0852103 0.0639914 0.994306
v 4.09794 19.3024 -1.14708 0.31464 0.519912 0.362091
vn -0.0859194 0.0637765 0.994259
v 4.09185 20.8105 -1.2547 0.301508 0.508031 0.360215
vn -0.0851802 0.072472 0.993726
v 4.08239 22.6983 -1.40039 0.283728 0.491945 0.357675
vn -0.0820209 0.076842 0.993664
v 4.31372 -26.9281 2.58198 0.769701 0.931635 0.4271
vn -0.0782363 0.0188204 0.996757
v 4.32933 -23.3162 2.25178 0.729406 0.895177 0.421344
vn -0.0747368 0.00919713 0.997161
v 4.30599 -20.288 1.99873 0.698526 0.867238 0.416932
vn -0.0703212 -0.00441695 0.997515
v 4.33371 -16.8653 1.78016 0.671854 0.843106 0.413122
vn -0.091793 0.10493 0.990234
v 4.3063 -14.6974 1.54002 0.642549 0.816592 0.408936
vn -0.0864764 0.10963 0.990204
v 4.30697 -11.5512 1.33479 0.617506 0.793934 0.405358
vn 0 0 0
v 4.3198 -9.04494 1.09102 0.587757 0.767018 0.401108
vn 0 0 0
v 4.30303 -6.09576 0.853171 0.558733 0.740758 0.396962
vn 0 0 0
v 4.22224 -2.10979 0.495286 0.51506 0.701244 0.390723
vn 0.0991056 0.0349298 0.994464
v 4.25586 -1.94116 0.486013 0.513928 0.700221 0.390561
vn -0.0608369 0.076199 0.995235
v 4.2945 -1.71873 0.470455 0.51203 0.698503 0.39029
vn 0 0 0
v 4.31571 -1.5608 0.457962 0.510505 0.697124 0.390072
vn 0 0 0
v 4.36595 3.39809 0.0844876 0.46493 0.655889 0.383561
vn -0.0730359 0.0713198 0.994776
v 4.27973 3.45399 0.0746547 0.46373 0.654803 0.38339
vn -0.0730295 0.0715961 0.994757
v 4.30356 6.07767 -0.133972 0.438271 0.631769 0.379753
vn -0.0890965 0.0770169 0.993041
v 4.31793 8.34187 -0.295507 0.418559 0.613934 0.376937
vn -0.0807121 0.0681551 0.994405
v 4.37802 10.797 -0.516224 0.391624 0.589565 0.373089
vn -0.0861331 0.054649 0.994784
v 4.26902 10.8156 -0.525712 0.390466 0.588517 0.372924
vn -0.0820551 0.0539834 0.995165
v 4.30746 12.5892 -0.618624 0.379128 0.578259 0.371304
vn -0.0879193 0.0542976 0.994647
v 4.31514 15.1034 -0.863212 0.349281 0.551254 0.36704
vn -0.0828784 0.0666595 0.994328
v 4.31686 17.0481 -0.994394 0.333273 0.536771 0.364753
vn -0.0860241 0.0632762 0.994282
v 4.27908 19.2929 -1.13176 0.316509 0.521604 0.362358
vn -0.0816262 0.062244 0.994717
v 4.33877 20.78 -1.23081 0.304423 0.510668 0.360632
vn -0.0840763 0.0713429 0.993902
v 4.23457 20.8295 -1.24641 0.302519 0.508946 0.36036
vn -0.0863712 0.0761368 0.993349
v 4.31257 22.6855 -1.38019 0.286194 0.494175 0.358028
vn -0.0879657 0.0786115 0.993017
v 4.50642 -27.0212 2.59881 0.771754 0.933492 0.427393
vn -0.077226 0.0188216 0.996836
v 4.407 -26.939 2.58949 0.770617 0.932463 0.427231
vn -0.0778312 0.0190302 0.996785
v 4.59851 -26.4261 2.59464 0.771245 0.933031 0.427321
vn -0.0765777 0.0199243 0.996865
v 4.54413 -23.2828 2.26753 0.731328 0.896916 0.421618
vn -0.074352 0.00968225 0.997185
v 4.55416 -20.222 2.01636 0.700678 0.869185 0.41724
vn -0.069609 -0.0040306 0.997566
v 4.43056 -20.1392 2.00802 0.69966 0.868264 0.417094
vn -0.0695467 -0.00150919 0.997578
v 4.49405 -16.8169 1.7911 0.673189 0.844314 0.413313
vn -0.0865062 0.108821 0.99029
v 4.52242 -14.6412 1.55365 0.644213 0.818098 0.409173
vn -0.087371 0.108926 0.990203
v 4.50041 -11.4887 1.34528 0.618785 0.795091 0.405541
vn -0.0347946 -0.0489114 0.998197
v 4.53265 -8.93292 1.10167 0.589057 0.768195 0.401294
vn 0 0 0
v 4.50904 -5.9471 0.856041 0.559083 0.741075 0.397012
vn 0 0 0
v 4.48167 3.30977 0.100815 0.466922 0.657691 0.383846
vn 0 0 0
v 4.5204 5.96446 -0.104726 0.44184 0.634998 0.380263
vn -0.0872467 0.0778957 0.993137
v 4.53024 8.27587 -0.273558 0.421237 0.616357 0.37732
vn -0.0872591 0.0714085 0.993623
v 4.53803 10.7541 -0.499282 0.393692 0.591435 0.373385
vn -0.0885531 0.0553087 0.994535
v 4.49038 12.5626 -0.602534 0.381092 0.580035 0.371585
vn -0.0821647 0.0540713 0.995151
v 4.52844 15.0486 -0.839046 0.35223 0.553922 0.367461
vn -0.0651023 0.174665 0.982473
v 4.59856 16.9846 -0.963556 0.337036 0.540175 0.365291
vn -0.0848689 0.0664073 0.994177
v 4.5026 17.0091 -0.974501 0.3357 0.538967 0.3651
vn -0.0863921 0.063662 0.994225
v 4.46334 19.2949 -1.11811 0.318176 0.523111 0.362597
vn -0.0822551 0.0640042 0.994554
v 4.49629 20.7673 -1.2167 0.306145 0.512226 0.360878
vn -0.0875847 0.0735972 0.993435
v 4.51836 22.6381 -1.357 0.289024 0.496736 0.358432
vn -0.0893719 0.0753416 0.993145
v 4.61216 -27.1103 2.60873 0.772965 0.934587 0.427566
vn -0.0775685 0.0184312 0.996817
v 4.69503 -23.2477 2.27839 0.732654 0.898115 0.421808
vn -0.0738851 0.0107397 0.997209
v 4.6558 -20.2112 2.02344 0.701542 0.869967 0.417363
vn -0.0690078 -0.0036447 0.997609
v 4.71887 -20.1979 2.02783 0.702078 0.870451 0.41744
vn -0.0688375 -0.00135652 0.997627
v 4.65756 -16.779 1.80186 0.674502 0.845502 0.4135
vn -0.0911968 0.109117 0.989837
v 4.67533 -14.6033 1.56299 0.645353 0.819129 0.409336
vn -0.0954531 0.107143 0.989651
v 4.72101 -14.5855 1.56595 0.645714 0.819456 0.409388
vn -0.113224 0.0983499 0.98869
v 4.69514 -11.4411 1.3544 0.619898 0.796098 0.4057
vn -0.0321584 -0.0535467 0.998047
v 4.79584 -11.3841 1.3607 0.620667 0.796794 0.40581
vn -0.0321584 -0.0535467 0.998047
v 4.68078 -8.85823 1.10805 0.589836 0.768899 0.401405
vn 0 0 0
v 4.63897 -5.84524 0.857302 0.559237 0.741214 0.397034
vn 0 0 0
v 4.76467 -5.73822 0.858383 0.559369 0.741334 0.397053
vn 0 0 0
v 4.74428 3.10061 0.136941 0.471331 0.66168 0.384476
vn 0 0 0
v 4.61966 3.2077 0.118251 0.46905 0.659616 0.38415
vn 0 0 0
v 4.69993 5.87158 -0.0818155 0.444636 0.637527 0.380662
vn -0.084659 0.0764954 0.993469
v 4.77237 8.1859 -0.245995 0.424601 0.6194 0.3778
vn -0.0314098 0.20881 0.977452
v 4.70316 8.20863 -0.253077 0.423736 0.618619 0.377677
vn -0.0847491 0.0703362 0.993917
v 4.72477 10.7211 -0.483395 0.39563 0.593189 0.373661
vn -0.0877888 0.0536417 0.994694
v 4.74537 12.5157 -0.578642 0.384007 0.582673 0.372001
vn -0.0834764 0.054157 0.995037
v 4.69032 15.0453 -0.827734 0.35361 0.555171 0.367659
vn -0.085655 0.0676382 0.994026
v 4.6975 16.9813 -0.956007 0.337957 0.541009 0.365422
vn -0.0815657 0.0641392 0.994602
v 4.66364 19.2679 -1.09884 0.320527 0.525238 0.362932
vn -0.0840742 0.0637235 0.99442
v 4.64983 20.7421 -1.20107 0.308052 0.513952 0.36115
vn -0.0837646 0.0714075 0.993924
v 4.74951 22.616 -1.33559 0.291636 0.499099 0.358805
vn -0.0893302 0.0779329 0.992948
v 4.91384 -27.2458 2.63463 0.776126 0.937447 0.428018
vn -0.0767669 0.0177998 0.99689
v 4.89963 -23.2696 2.29354 0.734502 0.899787 0.422072
vn -0.0710442 0.00584289 0.997456
v 4.87821 -20.1407 2.03889 0.703427 0.871672 0.417632
vn -0.068791 0.000595356 0.997631
v 4.87345 -16.7244 1.81586 0.67621 0.847047 0.413744
vn -0.0889608 0.109582 0.989989
v 4.88177 -14.5043 1.57679 0.647037 0.820652 0.409577
vn -0.103716 0.100862 0.98948
v 4.91918 -11.3341 1.36707 0.621444 0.797497 0.405921
vn -0.0238388 -0.0681547 0.99739
v 4.8048 -8.80117 1.11238 0.590365 0.769377 0.401481
vn 0 0 0
v 4.903 -8.74484 1.11647 0.590863 0.769828 0.401552
vn -3.92261e-05 -0.0649678 0.997887
v 4.88318 -5.63994 0.857956 0.559317 0.741287 0.397045
vn 0 0 0
v 4.96634 -5.56314 0.857924 0.559313 0.741283 0.397045
vn 0 0 0
v 4.91415 2.94156 0.164202 0.474657 0.66469 0.384951
vn 0 0 0
v 4.91061 5.75639 -0.0546542 0.44795 0.640526 0.381136
vn -0.0885756 0.0776901 0.993035
v 4.81051 5.80869 -0.066757 0.446473 0.63919 0.380925
vn -0.0849385 0.0763549 0.993456
v 4.86477 8.14572 -0.234444 0.42601 0.620676 0.378001
vn -0.088203 0.0715528 0.993529
v 4.89599 10.6603 -0.462802 0.398143 0.595463 0.37402
vn -0.0984528 0.057166 0.993498
v 4.91611 12.4767 -0.561475 0.386102 0.584569 0.3723
vn -0.0930622 0.056214 0.994072
v 4.93959 14.9837 -0.800512 0.356932 0.558177 0.368133
vn -0.063903 0.171692 0.983076
v 4.84599 15.0121 -0.811643 0.355574 0.556948 0.367939
vn -0.0848886 0.0678751 0.994076
v 4.87629 16.9653 -0.940786 0.339815 0.542689 0.365688
vn -0.0822969 0.0623913 0.994653
v 4.88241 19.2577 -1.08095 0.32271 0.527214 0.363244
vn -0.0811333 0.0632877 0.994692
v 4.86418 20.7346 -1.18356 0.310189 0.515885 0.361456
vn -0.080492 0.0717433 0.99417
v 4.91177 22.5896 -1.31909 0.29365 0.500922 0.359093
vn -0.083332 0.0754752 0.99366
v 5.07273 -27.0888 2.64381 0.777246 0.938461 0.428178
vn -0.0757137 0.0185515 0.996957
v 5.12362 -26.8452 2.64301 0.777148 0.938372 0.428164
vn -0.076522 0.0191459 0.996884
v 5.0995 -23.076 2.30645 0.736077 0.901213 0.422297
vn -0.0730291 0.0104407 0.997275
v 5.09092 -20.0791 2.05342 0.7052 0.873276 0.417886
vn -0.0675849 0.000748513 0.997713
v 5.09301 -16.68 1.82959 0.677886 0.848563 0.413984
vn -0.0877099 0.10956 0.990103
v 5.02496 -14.4175 1.5867 0.648246 0.821746 0.409749
vn -0.0450371 -0.039689 0.998197
v 5.13897 -14.3726 1.59363 0.649092 0.822512 0.40987
vn -0.108312 0.0965107 0.989421
v 5.09086 -11.249 1.37634 0.622575 0.798521 0.406082
vn 0 0 0
v 5.05444 -8.66203 1.12186 0.591522 0.770424 0.401646
vn 0.0135438 -0.0831089 0.996448
v 5.13978 -8.59846 1.12601 0.592027 0.770882 0.401718
vn 0.0135438 -0.0831089 0.996448
v 5.04212 -5.48192 0.858523 0.559386 0.741349 0.397055
vn 0 0 0
v 5.15574 -5.36904 0.857509 0.559262 0.741237 0.397037
vn 0 0 0
v 5.11876 2.71993 0.201887 0.479256 0.668851 0.385608
vn 0 0 0
v 5.01542 2.83406 0.182849 0.476933 0.666749 0.385276
vn 0 0 0
v 5.18297 5.57807 -0.0141367 0.452894 0.645 0.381842
vn -0.0848402 0.0774079 0.993383
v 5.07772 5.65048 -0.0304273 0.450906 0.643201 0.381558
vn -0.0903758 0.0799631 0.992692
v 5.07977 8.06127 -0.210161 0.428973 0.623357 0.378425
vn -0.0870242 0.0718993 0.993608
v 5.10192 10.575 -0.435948 0.40142 0.598428 0.374489
vn -0.0394967 0.209811 0.976944
v 5.0054 10.6187 -0.449236 0.399799 0.596961 0.374257
vn -0.0928664 0.0551753 0.994149
v 5.07685 12.4202 -0.541746 0.38851 0.586747 0.372644
vn -0.0883594 0.0533287 0.99466
v 5.08938 14.9701 -0.78853 0.358394 0.5595 0.368342
vn -0.0848464 0.0671852 0.994126
v 5.08729 16.9387 -0.921711 0.342142 0.544795 0.36602
vn -0.0866842 0.0652612 0.994096
v 5.10649 19.2685 -1.06613 0.324519 0.528851 0.363503
vn -0.0786093 0.0682231 0.994568
v 5.07995 20.7113 -1.16367 0.312616 0.518081 0.361802
vn -0.0835029 0.0722211 0.993887
v 5.08442 22.5846 -1.30493 0.295377 0.502484 0.35934
vn -0.0808086 0.0755301 0.993864
v 5.23959 -26.7194 2.6494 0.777928 0.939078 0.428275
vn -0.0751578 0.0211025 0.996948
v 5.29164 -23.0614 2.3201 0.737744 0.90272 0.422535
vn -0.0711291 0.0090492 0.997426
v 5.30942 -20.0517 2.068 0.70698 0.874886 0.41814
vn -0.076425 0.0962249 0.992421
v 5.31077 -16.6204 1.84311 0.679535 0.850056 0.414219
vn -0.0972977 0.106759 0.989513
v 5.3205 -14.2844 1.60489 0.650466 0.823755 0.410067
vn -0.106835 0.0966941 0.989564
v 5.29036 -11.163 1.3858 0.62373 0.799566 0.406247
vn 0 0 0
v 5.28413 -8.52604 1.12953 0.592458 0.771271 0.40178
vn 0.0251128 -0.0985337 0.994817
v 5.26302 -5.25794 0.855914 0.559068 0.741061 0.39701
vn 0 0 0
v 5.36618 -5.13603 0.854764 0.558927 0.740934 0.39699
vn 0 0 0
v 5.33407 2.48535 0.237192 0.483564 0.672749 0.386223
vn 0 0 0
v 5.2196 2.60476 0.220527 0.481531 0.670909 0.385933
vn 0 0 0
v 5.29193 5.52018 -0.00210632 0.454363 0.646328 0.382052
vn -0.0806071 0.0745312 0.993956
v 5.31533 7.96237 -0.183031 0.432284 0.626352 0.378898
vn -0.0875736 0.0733126 0.993457
v 5.3066 10.5258 -0.417095 0.403721 0.600509 0.374817
vn -0.0915166 0.0541213 0.994332
v 5.30684 12.3615 -0.51811 0.391394 0.589357 0.373056
vn -0.0946284 0.0547216 0.994008
v 5.31508 14.9089 -0.763415 0.361459 0.562273 0.36878
vn -0.0879105 0.0687531 0.993753
v 5.30448 16.8739 -0.896009 0.345279 0.547633 0.366468
vn -0.0861064 0.0672873 0.994011
v 5.37089 19.1962 -1.03554 0.328252 0.532228 0.364036
vn -0.0842093 0.062412 0.994492
v 5.27112 19.2516 -1.05145 0.32631 0.530471 0.363759
vn -0.0826816 0.0654061 0.994427
v 5.2898 20.6816 -1.14341 0.315088 0.520318 0.362155
vn -0.0831633 0.069771 0.99409
v 5.32016 22.5753 -1.28536 0.297766 0.504646 0.359681
vn -0.0855244 0.0842689 0.992766
v 5.45215 -26.8713 2.66841 0.780249 0.941177 0.428607
vn -0.0750117 0.019716 0.996988
v 5.50993 -23.055 2.33553 0.739626 0.904423 0.422804
vn -0.0703968 0.00834288 0.997484
v 5.48164 -20.0319 2.07933 0.708363 0.876138 0.418338
vn -0.0846688 0.101939 0.991181
v 5.53963 -19.8772 2.08345 0.708864 0.876591 0.418409
vn -0.0653583 -0.00164389 0.997861
v 5.50246 -16.5432 1.85509 0.680998 0.851379 0.414428
vn -0.103378 0.104011 0.989189
v 5.46397 -14.2074 1.61378 0.651551 0.824736 0.410222
vn -0.109135 0.0950285 0.989474
v 5.57213 -14.1544 1.62016 0.65233 0.825441 0.410333
vn -0.097403 0.098297 0.990379
v 5.46757 -11.0662 1.39472 0.624818 0.80055 0.406403
vn 0 0 0
v 5.5843 -10.9996 1.40042 0.625514 0.801179 0.406502
vn 0 0 0
v 5.44877 -8.42519 1.13434 0.593044 0.771802 0.401863
vn 0 0 0
v 5.57015 -8.34799 1.13755 0.593436 0.772156 0.401919
vn 0 0 0
v 5.44068 -5.04646 0.853382 0.558759 0.740782 0.396966
vn 0 0 0
v 5.53843 -4.9243 0.850871 0.558452 0.740504 0.396922
vn 0.0911027 -0.042676 0.994927
v 5.58292 2.19436 0.27711 0.488436 0.677156 0.386919
vn 0 0 0
v 5.48752 2.3208 0.258848 0.486207 0.67514 0.386601
vn 0 0 0
v 5.5734 5.34627 0.0334657 0.458703 0.650255 0.382672
vn -0.0781847 0.0717204 0.994356
v 5.44516 5.42291 0.0182462 0.456846 0.648575 0.382407
vn -0.081435 0.0748257 0.993866
v 5.52002 7.87139 -0.159117 0.435202 0.628993 0.379315
vn -0.0850264 0.0730698 0.993696
v 5.53544 10.4488 -0.392029 0.40678 0.603277 0.375254
vn -0.085544 0.0526101 0.994944
v 5.51941 12.2901 -0.493399 0.39441 0.592085 0.373487
vn -0.0963441 0.0557568 0.993785
v 5.52558 14.8654 -0.742701 0.363987 0.56456 0.369141
vn -0.0839405 0.067742 0.994165
v 5.5169 16.8536 -0.878283 0.347442 0.54959 0.366777
vn -0.0823021 0.0676624 0.994308
v 5.47939 19.1791 -1.02502 0.329535 0.533389 0.364219
vn -0.0844765 0.0746594 0.993625
v 5.53557 20.6952 -1.12711 0.317077 0.522117 0.36244
vn -0.0771861 0.0751321 0.994182
v 5.52091 22.5188 -1.26176 0.300646 0.507251 0.360092
vn -0.0815084 0.0747878 0.993863
v 5.64191 -26.9044 2.68332 0.782067 0.942823 0.428867
vn -0.0746618 0.0192355 0.997023
v 5.71085 -23.0598 2.34967 0.741352 0.905985 0.42305
vn -0.0698175 0.00778421 0.997529
v 5.73488 -19.8851 2.09596 0.710392 0.877973 0.418627
vn -0.0636027 -0.00244654 0.997972
v 5.73166 -16.471 1.86876 0.682665 0.852888 0.414666
vn -0.0916921 0.107343 0.989985
v 5.72129 -14.0687 1.62912 0.653422 0.82643 0.410489
vn -0.0998248 0.0948656 0.990472
v 5.71618 -10.9349 1.406 0.626195 0.801795 0.406599
vn 0 0 0
v 5.65471 -8.28552 1.14013 0.59375 0.772441 0.401964
vn 0 0 0
v 5.63752 -4.8083 0.846774 0.557952 0.740052 0.39685
vn 0.0911027 -0.042676 0.994927
v 5.72275 -4.67222 0.844807 0.557712 0.739835 0.396816
vn 0.0911027 -0.042676 0.994927
v 5.74289 1.9607 0.310145 0.492467 0.680803 0.387495
vn 0 0 0
v 5.64744 2.10022 0.290867 0.490114 0.678675 0.387159
vn 0 0 0
v 5.6973 5.2678 0.0486914 0.460561 0.651937 0.382937
vn -0.0847957 0.0731461 0.99371
v 5.7432 7.76563 -0.132439 0.438458 0.631938 0.37978
vn -0.0879937 0.0751492 0.993282
v 5.60898 7.8324 -0.149065 0.436429 0.630102 0.37949
vn -0.08415 0.0730956 0.993768
v 5.72653 10.3633 -0.367183 0.409812 0.60602 0.375687
vn -0.0362548 0.201141 0.978891
v 5.67385 10.4078 -0.378276 0.408458 0.604795 0.375494
vn -0.0914815 0.0551903 0.994276
v 5.74609 12.2172 -0.468055 0.397502 0.594883 0.373929
vn -0.0924655 0.0542355 0.994238
v 5.71295 14.8077 -0.721093 0.366624 0.566945 0.369518
vn -0.0863073 0.0693202 0.993854
v 5.78855 16.7962 -0.850653 0.350814 0.552641 0.367259
vn -0.085595 0.0679473 0.99401
v 5.66556 16.841 -0.866265 0.348908 0.550917 0.366987
vn -0.0651636 0.16391 0.984321
v 5.69277 19.2364 -1.01865 0.330313 0.534092 0.36433
vn -0.0723578 0.0636252 0.995347
v 5.76838 20.5917 -1.09431 0.32108 0.525739 0.363011
vn -0.07541 0.0641994 0.995084
v 5.66881 20.6727 -1.11385 0.318695 0.523581 0.362671
vn -0.085311 0.0757454 0.993471
v 5.75272 22.5122 -1.24312 0.302921 0.509309 0.360417
vn -0.0787379 0.07465 0.994096
v 5.89595 -27.0189 2.7045 0.784652 0.945162 0.429236
vn -0.0736789 0.0171228 0.997135
v 5.89639 -23.0912 2.36286 0.742961 0.907441 0.42328
vn -0.0693632 0.00797499 0.99756
v 5.91912 -22.2075 2.3566 0.742198 0.90675 0.423171
vn -0.0763568 0.0543008 0.995601
v 5.94177 -19.9252 2.109 0.711983 0.879413 0.418855
vn -0.0867432 0.0987806 0.991321
v 5.89311 -16.4221 1.87814 0.68381 0.853924 0.41483
vn -0.0956824 0.105082 0.98985
v 5.99609 -16.3759 1.88422 0.684552 0.854595 0.414936
vn -0.107532 0.0978535 0.989374
v 5.82866 -14.0141 1.63521 0.654165 0.827102 0.410595
vn -0.10284 0.0918816 0.990445
v 5.90982 -13.9576 1.64016 0.65477 0.827649 0.410681
vn -0.044831 -0.0232005 0.998725
v 5.88963 -10.8409 1.41335 0.627092 0.802607 0.406727
vn 0 0 0
v 5.87084 -8.11475 1.14639 0.594515 0.773132 0.402074
vn 0.0190195 -0.0505364 0.998541
v 5.82483 -4.484 0.842694 0.557454 0.739601 0.396779
vn 0 0 0
v 5.90722 -4.34761 0.838517 0.556945 0.73914 0.396706
vn 0 0 0
v 5.99654 -4.18991 0.833252 0.556302 0.738559 0.396615
vn 0 0 0
v 5.93734 1.6683 0.347017 0.496966 0.684874 0.388138
vn 0 0 0
v 5.835 1.83197 0.326111 0.494415 0.682566 0.387774
vn 0 0 0
v 5.85331 5.16374 0.0684701 0.462975 0.65412 0.383282
vn -0.0798461 0.0662227 0.994605
v 5.90724 7.67954 -0.111581 0.441003 0.634241 0.380143
vn -0.0859313 0.0740715 0.993544
v 5.90535 10.3169 -0.351224 0.411759 0.607782 0.375966
vn -0.0931723 0.0551121 0.994124
v 5.90961 12.1592 -0.449029 0.399824 0.596984 0.374261
vn -0.0893237 0.0529125 0.994596
v 5.91076 14.7628 -0.701365 0.369031 0.569124 0.369862
vn -0.0800624 0.0681502 0.994457
v 5.92063 16.783 -0.839801 0.352138 0.553839 0.367448
vn -0.077479 0.0671487 0.99473
v 5.91097 19.2455 -1.00455 0.332034 0.53565 0.364576
vn -0.0660892 0.0615544 0.995913
v 5.85197 20.6396 -1.09539 0.320948 0.52562 0.362993
vn -0.0786248 0.0757574 0.994022
v 5.88057 22.5029 -1.23207 0.304269 0.510529 0.36061
vn -0.0827973 0.0811352 0.993258
v 6.04148 -26.816 2.7113 0.785482 0.945913 0.429355
vn -0.0738743 0.0196652 0.997074
v 6.08272 -26.5707 2.7095 0.785263 0.945714 0.429323
vn -0.0738407 0.0208357 0.997052
v 6.0172 -23.0723 2.37103 0.743958 0.908343 0.423423
vn -0.0683067 0.00893254 0.997624
v 6.0783 -19.8499 2.11766 0.713039 0.880369 0.419006
vn -0.0624137 -0.00160047 0.998049
v 6.11356 -16.3289 1.89097 0.685376 0.85534 0.415054
vn -0.102839 0.0980118 0.989857
v 6.08629 -13.8471 1.65026 0.656003 0.828764 0.410858
vn 0 0 0
v 6.05966 -10.7421 1.42031 0.627941 0.803375 0.406849
vn 0 0 0
v 6.00359 -8.02362 1.14847 0.594769 0.773362 0.40211
vn 0.0190195 -0.0505364 0.998541
v 6.09182 -7.94086 1.15098 0.595075 0.773639 0.402154
vn 0.0190195 -0.0505364 0.998541
v 6.06273 -4.05714 0.829035 0.555787 0.738093 0.396541
vn 0 0 0
v 6.13186 -3.91981 0.823436 0.555104 0.737475 0.396443
vn 0 0 0
v 6.18737 -3.76936 0.819559 0.554631 0.737047 0.396376
vn 0 0 0
v 6.13681 1.30241 0.392488 0.502515 0.689895 0.388931
vn 0 0 0
v 6.04171 1.48272 0.370633 0.499848 0.687482 0.38855
vn 0 0 0
v 6.12095 4.97205 0.103553 0.467256 0.657994 0.383894
vn -0.0777487 0.061668 0.995064
v 6.03137 5.04302 0.0904769 0.465661 0.65655 0.383666
vn -0.0872276 0.0709571 0.993658
v 6.16125 7.53547 -0.0778863 0.445115 0.637961 0.380731
vn -0.0876764 0.0752849 0.9933
v 6.03916 7.60804 -0.0946381 0.443071 0.636112 0.380439
vn -0.0888648 0.0756076 0.99317
v 6.08359 10.2476 -0.330932 0.414236 0.610023 0.376319
vn -0.08572 0.0521954 0.994951
v 6.08246 12.1183 -0.433006 0.401779 0.598753 0.37454
vn -0.0846731 0.0519735 0.995052
v 6.11548 14.728 -0.683221 0.371246 0.571127 0.370178
vn -0.0817835 0.0685262 0.994292
v 6.06576 16.7608 -0.826673 0.35374 0.555288 0.367677
vn -0.0856555 0.0688642 0.993942
v 6.07641 19.2302 -0.990493 0.333749 0.537201 0.364821
vn -0.0730708 0.0635843 0.995298
v 6.07413 20.6412 -1.07939 0.3229 0.527386 0.363271
vn -0.072132 0.0682907 0.995054
v 6.07145 22.4785 -1.21414 0.306457 0.512509 0.360922
vn -0.0793632 0.0736634 0.99412
v 6.25567 -26.7252 2.72526 0.787185 0.947453 0.429598
vn -0.072922 0.0192674 0.997152
v 6.20949 -23.0307 2.38382 0.74552 0.909756 0.423646
vn -0.0672783 0.00866358 0.997697
v 6.29323 -22.8837 2.38817 0.746051 0.910236 0.423722
vn -0.0677715 0.00908748 0.997659
v 6.28538 -19.8345 2.13047 0.714603 0.881783 0.419229
vn -0.0608305 -0.00240733 0.998145
v 6.30245 -16.2428 1.90174 0.68669 0.856529 0.415241
vn -0.0981615 0.0987993 0.990254
v 6.32956 -13.7447 1.66218 0.657457 0.83008 0.411065
vn -0.0316274 -0.0348978 0.99889
v 6.26218 -10.6464 1.42689 0.628745 0.804102 0.406964
vn 0 0 0
v 6.36092 -10.5867 1.43044 0.629177 0.804494 0.407025
vn 0 0 0
v 6.22814 -7.82353 1.15356 0.595389 0.773924 0.402198
vn 0 0 0
v 6.34167 -7.72384 1.15525 0.595596 0.77411 0.402228
vn 0.0313214 -0.0450489 0.998494
v 6.23634 -3.64727 0.81482 0.554053 0.736524 0.396293
vn 0 0 0
v 6.29866 -3.47883 0.807836 0.553201 0.735753 0.396172
vn 0 0 0
v 6.35779 -3.25837 0.800406 0.552294 0.734932 0.396042
vn 0 0 0
v 6.38626 0.749959 0.455279 0.510178 0.696827 0.390025
vn 0 0 0
v 6.33013 0.918938 0.434354 0.507624 0.694517 0.389661
vn 0 0 0
v 6.25202 1.08672 0.415971 0.505381 0.692487 0.38934
vn 0 0 0
v 6.28082 4.86771 0.120832 0.469365 0.659901 0.384195
vn -0.0885938 0.0660978 0.993872
v 6.29183 7.47245 -0.0635073 0.44687 0.639549 0.380981
vn -0.0811386 0.0728396 0.994038
v 6.34312 10.1512 -0.302962 0.417649 0.613111 0.376807
vn -0.106496 0.0586817 0.99258
v 6.23189 10.204 -0.317164 0.415916 0.611543 0.376559
vn -0.0956361 0.0537241 0.993966
v 6.3122 12.046 -0.408694 0.404746 0.601437 0.374964
vn -0.0929492 0.0546803 0.994168
v 6.30351 14.6743 -0.662967 0.373717 0.573363 0.370531
vn -0.0789167 0.0706313 0.994376
v 6.30735 16.7114 -0.802979 0.356631 0.557904 0.36809
vn -0.0814008 0.0686789 0.994312
v 6.34695 19.1785 -0.963554 0.337036 0.540176 0.365291
vn -0.0685113 0.153409 0.985785
v 6.30203 19.2375 -0.975848 0.335536 0.538818 0.365077
vn -0.0713699 0.0649263 0.995335
v 6.27461 20.6329 -1.06361 0.324827 0.529129 0.363547
vn -0.0694916 0.0662639 0.995379
v 6.31106 22.4712 -1.19512 0.308778 0.514609 0.361254
vn -0.0717323 0.0729909 0.99475
v 6.52143 -26.7567 2.74526 0.789481 0.94953 0.429926
vn -0.0724891 0.0200203 0.997168
v 6.48194 -22.847 2.40055 0.74756 0.911602 0.423937
vn -0.0667665 0.00958738 0.997723
v 6.5341 -19.8383 2.14557 0.716446 0.883451 0.419492
vn -0.0604857 -0.00173521 0.998168
v 6.52111 -16.1817 1.91338 0.688111 0.857815 0.415444
vn -0.092393 0.0985717 0.990832
v 6.51089 -13.6595 1.6709 0.658522 0.831043 0.411217
vn -0.0354553 -0.0218835 0.999132
v 6.50097 -10.5096 1.43479 0.629708 0.804974 0.407101
vn -0.00897111 -0.0343633 0.999369
v 6.44535 -7.64704 1.15546 0.595622 0.774134 0.402232
vn 0.0313214 -0.0450489 0.998494
v 6.55057 -7.5409 1.15695 0.595803 0.774298 0.402258
vn 0.0353512 -0.0446024 0.998379
v 6.41103 -3.0982 0.791787 0.551242 0.733981 0.395892
vn 0 0 0
v 6.46094 -2.92675 0.782204 0.550073 0.732923 0.395725
vn 0 0 0
v 6.52135 -2.71491 0.768656 0.548419 0.731427 0.395488
vn 0 0 0
v 6.58212 -2.48615 0.752354 0.54643 0.729627 0.395204
vn 0 0 0
v 6.59108 -0.0184749 0.541084 0.520648 0.706301 0.391521
vn 0.139289 0.130112 0.981667
v 6.55861 0.0971951 0.53036 0.51934 0.705117 0.391334
vn 0.139289 0.130112 0.981667
v 6.52034 0.276807 0.510073 0.516864 0.702877 0.390981
vn 0 0 0
v 6.46192 0.483225 0.487496 0.514109 0.700384 0.390587
vn 0 0 0
v 6.42065 0.639856 0.468485 0.511789 0.698285 0.390256
vn 0 0 0
v 6.5016 4.69908 0.148937 0.472795 0.663005 0.384685
vn -0.089738 0.0627682 0.993986
v 6.51325 7.35288 -0.0370577 0.450097 0.642469 0.381442
vn -0.0826688 0.074011 0.993825
v 6.52218 10.0433 -0.275811 0.420962 0.616109 0.37728
vn -0.107158 0.0594276 0.992464
v 6.50691 11.9661 -0.384951 0.407644 0.604059 0.375378
vn -0.0952126 0.0552357 0.993923
v 6.55415 14.5648 -0.629606 0.377788 0.577046 0.371113
vn -0.0533854 0.176355 0.982878
v 6.44544 14.6092 -0.643475 0.376096 0.575515 0.370871
vn -0.0870704 0.0761117 0.99329
v 6.51509 16.6707 -0.783079 0.35906 0.560102 0.368437
vn -0.0780489 0.0685051 0.994593
v 6.45553 19.1625 -0.953541 0.338258 0.541281 0.365465
vn -0.0677177 0.152401 0.985996
v 6.52378 19.2197 -0.957732 0.337747 0.540818 0.365392
vn -0.0752965 0.0654089 0.995014
v 6.51853 20.6587 -1.04995 0.326494 0.530637 0.363785
vn -0.0689254 0.0689109 0.995239
v 6.52809 22.4768 -1.17977 0.310651 0.516303 0.361522
vn -0.0719038 0.0730184 0.994735
v 6.69534 -26.8015 2.75875 0.79 0.95 0.43
vn -0.0705758 0.0113238 0.997442
v 6.78641 -26.7677 2.76463 0.79 0.95 0.43
vn -0.0718975 0.0202034 0.997207
v 6.69302 -22.89 2.41503 0.749328 0.913202 0.42419
vn -0.0664984 0.0088987 0.997747
v 6.79077 -22.7882 2.42053 0.749999 0.913808 0.424286
vn -0.0661173 0.0104714 0.997757
v 6.68979 -19.8264 2.15491 0.717585 0.884481 0.419655
vn -0.0593186 -0.000499007 0.998239
v 6.76894 -19.7442 2.15965 0.718164 0.885005 0.419738
vn -0.059599 0.000678975 0.998222
v 6.71486 -16.1119 1.9236 0.689358 0.858943 0.415623
vn -0.0935863 0.0967514 0.990899
v 6.65218 -13.6233 1.67664 0.659221 0.831677 0.411317
vn -0.0331739 -0.0288726 0.999032
v 6.75499 -13.5623 1.68158 0.659825 0.832222 0.411404
vn -0.0367324 -0.0175358 0.999171
v 6.65188 -10.4399 1.43854 0.630166 0.805388 0.407167
vn -0.00208879 -0.0430048 0.999073
v 6.75008 -10.3618 1.4421 0.630601 0.805782 0.407229
vn -0.00208879 -0.0430048 0.999073
v 6.68252 -7.43819 1.15639 0.595735 0.774236 0.402248
vn 0.0486011 -0.0529952 0.997411
v 6.75846 -7.35214 1.15726 0.595841 0.774333 0.402263
vn 0.0486011 -0.0529952 0.997411
v 6.63087 -2.29226 0.736994 0.544556 0.727931 0.394937
vn 0 0 0
v 6.66858 -2.10678 0.722324 0.542765 0.726312 0.394681
vn 0 0 0
v 6.69476 -1.93949 0.709058 0.541146 0.724847 0.394449
vn 0 0 0
v 6.71313 -1.72447 0.693031 0.539191 0.723077 0.39417
vn 0 0 0
v 6.73123 -1.47124 0.672104 0.536637 0.720767 0.393805
vn 0 0 0
v 6.73337 -1.29821 0.658068 0.534924 0.719217 0.393561
vn 0 0 0
v 6.71955 -1.07157 0.640762 0.532812 0.717306 0.393259
vn 0 0 0
v 6.71182 -0.900281 0.625626 0.530965 0.715635 0.392995
vn 0 0 0
v 6.69394 -0.727688 0.610792 0.529155 0.713997 0.392736
vn 0 0 0
v 6.66873 -0.51474 0.591287 0.526775 0.711844 0.392396
vn 0 0 0
v 6.63012 -0.270208 0.568038 0.523938 0.709277 0.391991
vn 0 0 0
v 6.60921 -0.13274 0.553655 0.522183 0.707689 0.39174
vn 0.139289 0.130112 0.981667
v 6.71048 4.51903 0.178557 0.476409 0.666275 0.385201
vn -0.0938949 0.0637859 0.993537
v 6.75199 7.19343 -0.00302745 0.45425 0.646226 0.382036
vn -0.0864573 0.0752717 0.993408
v 6.64629 7.27055 -0.0193507 0.452258 0.644424 0.381751
vn -0.0892753 0.0782415 0.992929
v 6.71741 9.94268 -0.250061 0.424104 0.618952 0.377729
vn -0.102847 0.0569751 0.993064
v 6.70099 11.8925 -0.362741 0.410354 0.606511 0.375765
vn -0.0918682 0.053194 0.994349
v 6.74326 14.5327 -0.613572 0.379745 0.578817 0.371392
vn -0.0798201 0.0728166 0.994146
v 6.68439 16.6695 -0.772307 0.360374 0.561291 0.368625
vn -0.0654634 0.067949 0.995539
v 6.72733 19.1895 -0.939075 0.340023 0.542878 0.365718
vn -0.0873811 0.0684188 0.993823
v 6.74272 20.6514 -1.03286 0.328578 0.532523 0.364083
vn -0.0777416 0.0700661 0.994508
v 6.72728 22.4873 -1.16657 0.312261 0.51776 0.361752
vn -0.0743545 0.0790078 0.994097
v 6.91672 -26.7403 2.77343 0.79 0.95 0.43
vn -0.071235 0.0201073 0.997257
v 6.83494 -25.844 2.74942 0.79 0.95 0.43
vn -0.0713785 0.0203688 0.997241
v 6.97118 -25.6612 2.75536 0.79 0.95 0.43
vn -0.0692835 0.0211212 0.997373
v 6.92347 -22.8311 2.42966 0.751114 0.914817 0.424445
vn -0.0646036 0.00884922 0.997872
v 6.89137 -19.777 2.16683 0.71904 0.885798 0.419863
vn -0.0580412 -0.0010953 0.998314
v 6.89077 -16.0518 1.9326 0.690456 0.859936 0.415779
vn -0.04705 -0.00953743 0.998847
v 6.98924 -15.9995 1.93773 0.691083 0.860504 0.415869
vn -0.04705 -0.00953743 0.998847
v 6.94788 -13.4381 1.69076 0.660945 0.833236 0.411564
vn -0.036633 -0.0149053 0.999218
v 6.93061 -10.2514 1.4468 0.631174 0.8063 0.407311
vn 0.00836424 -0.0561189 0.998389
v 6.84714 -7.27254 1.15676 0.59578 0.774277 0.402254
vn 0.0707465 -0.0725094 0.994855
v 6.96451 -7.16464 1.15576 0.595658 0.774167 0.402237
vn 0 0 0
v 6.90981 4.32511 0.209938 0.480238 0.66974 0.385748
vn -0.10021 0.0693941 0.992543
v 6.81864 4.42277 0.193879 0.478279 0.667966 0.385468
vn -0.0951984 0.0634117 0.993437
v 6.90768 7.08615 0.0191185 0.456953 0.648671 0.382422
vn -0.0891205 0.0757763 0.993134
v 6.85467 9.87159 -0.232198 0.426284 0.620924 0.378041
vn -0.0941394 0.051043 0.99425
v 6.92216 11.7929 -0.334892 0.413752 0.609586 0.37625
vn -0.0994916 0.0543058 0.993555
v 6.85243 11.8219 -0.343163 0.412743 0.608672 0.376106
vn -0.100544 0.0545273 0.993437
v 6.94124 14.5017 -0.597443 0.381713 0.580598 0.371673
vn -0.0817366 0.0709887 0.994123
v 6.89195 16.6563 -0.757316 0.362204 0.562946 0.368886
vn -0.0732344 0.0691043 0.994918
v 6.86939 19.1468 -0.922782 0.342012 0.544677 0.366002
vn -0.0873759 0.0663905 0.993961
v 6.89774 20.6182 -1.0169 0.330526 0.534285 0.364361
vn -0.0836759 0.0695571 0.994062
v 6.91365 22.471 -1.15051 0.314222 0.519534 0.362032
vn -0.0792049 0.0722164 0.994239
v 7.13957 -26.6849 2.78819 0.79 0.95 0.43
vn -0.0702694 0.0186984 0.997353
v 7.0088 -22.6962 2.43392 0.751633 0.915287 0.424519
vn -0.0649712 0.00981704 0.997839
v 7.09182 -22.5779 2.43814 0.752147 0.915752 0.424592
vn -0.0657379 0.0107504 0.997779
v 7.06496 -19.7086 2.17694 0.720273 0.886914 0.420039
vn -0.0577152 0.00285885 0.998329
v 7.10203 -15.977 1.94312 0.69174 0.861098 0.415963
vn -0.0450453 -0.013314 0.998896
v 7.12135 -13.3543 1.69795 0.661822 0.834029 0.411689
vn -0.0348596 -0.0135343 0.999301
v 7.10674 -10.1313 1.45123 0.631714 0.806789 0.407388
vn 0 0 0
v 7.06538 -7.05438 1.15526 0.595597 0.774112 0.402228
vn 0 0 0
v 7.1666 -6.93299 1.15472 0.595532 0.774052 0.402219
vn 0 0 0
v 7.19005 3.99923 0.262394 0.48664 0.675531 0.386663
vn -0.100997 0.0732275 0.992188
v 7.08433 4.12406 0.242697 0.484236 0.673356 0.386319
vn -0.0984513 0.0695639 0.992708
v 7.14941 6.89835 0.0570257 0.461578 0.652857 0.383083
vn -0.0857829 0.0712568 0.993762
v 7.1044 9.76139 -0.204112 0.429712 0.624025 0.37853
vn -0.103449 0.0534513 0.993197
v 7.09551 11.7116 -0.312793 0.416449 0.612025 0.376636
vn -0.102575 0.0564342 0.993123
v 7.14848 14.4475 -0.576999 0.384208 0.582855 0.37203
vn -0.0811593 0.0696917 0.994262
v 7.08267 16.6184 -0.739441 0.364385 0.56492 0.369198
vn -0.085466 0.0739468 0.993593
v 7.10782 19.0927 -0.898347 0.344993 0.547375 0.366428
vn -0.0868499 0.0653562 0.994075
v 7.00668 20.5889 -1.00485 0.331997 0.535616 0.364571
vn -0.0885547 0.0663773 0.993857
v 7.09771 20.6038 -1.0007 0.332504 0.536075 0.364643
vn -0.0820984 0.0732632 0.993928
v 7.06918 22.4573 -1.13715 0.315852 0.521009 0.362265
vn -0.0832051 0.0745631 0.993739
v 7.33712 -26.5515 2.79942 0.79 0.95 0.43
vn -0.0701588 0.0202267 0.997331
v 7.25005 -22.6821 2.44939 0.753521 0.916995 0.424789
vn -0.0641342 0.00925683 0.997898
v 7.33627 -22.5762 2.45384 0.754064 0.917486 0.424866
vn -0.0633147 0.0112359 0.99793
v 7.29377 -19.6904 2.19003 0.721871 0.888359 0.420267
vn -0.057146 0.000484315 0.998366
v 7.28241 -15.9183 1.95178 0.692797 0.862054 0.416114
vn 0 0 0
v 7.28056 -13.2444 1.70499 0.662681 0.834807 0.411812
vn -0.0348596 -0.0135343 0.999301
v 7.23796 -10.0399 1.45422 0.63208 0.80712 0.40744
vn 0 0 0
v 7.34061 -9.96831 1.45629 0.632333 0.807348 0.407476
vn 0 0 0
v 7.24193 -6.83897 1.1541 0.595455 0.773983 0.402208
vn 0 0 0
v 7.33884 -6.72327 1.1526 0.595272 0.773818 0.402182
vn 0.0456539 -0.0217198 0.998721
v 7.37901 3.76234 0.298762 0.491078 0.679547 0.387297
vn -0.0983346 0.07057 0.992648
v 7.27922 3.88529 0.280236 0.488817 0.677501 0.386974
vn -0.0992931 0.0714238 0.992492
v 7.35917 6.75197 0.0853243 0.465032 0.655981 0.383576
vn -0.0944072 0.0763441 0.992602
v 7.24755 6.83274 0.0697972 0.463137 0.654267 0.383305
vn -0.0855185 0.069597 0.993903
v 7.2993 9.64439 -0.176587 0.433071 0.627064 0.37901
vn -0.104854 0.053167 0.993065
v 7.36899 11.5682 -0.275689 0.420977 0.616122 0.377282
vn -0.104534 0.0584576 0.992802
v 7.27633 11.6354 -0.2916 0.419035 0.614365 0.377005
vn -0.038047 0.180349 0.982867
v 7.29143 14.4103 -0.563065 0.385908 0.584393 0.372273
vn -0.0726094 0.0687825 0.994986
v 7.30109 16.5521 -0.715398 0.367319 0.567574 0.369617
vn -0.0840098 0.0731932 0.993773
v 7.29729 19.0472 -0.878649 0.347397 0.54955 0.366771
vn -0.0873872 0.065766 0.994001
v 7.30811 20.5329 -0.975426 0.335587 0.538865 0.365084
vn -0.0856148 0.070273 0.993847
v 7.29995 22.4176 -1.11465 0.318598 0.523494 0.362657
vn -0.078876 0.0719881 0.994282
v 7.44922 -26.4392 2.80499 0.79 0.95 0.43
vn -0.0699072 0.0206113 0.997341
v 7.56131 -26.3302 2.81057 0.79 0.95 0.43
vn -0.0694557 0.021081 0.997362
v 7.53979 -22.7127 2.4682 0.755816 0.919071 0.425117
vn -0.0634897 0.00938397 0.997938
v 7.50719 -19.6372 2.20201 0.723333 0.889683 0.420476
vn -0.0577678 0.00719898 0.998304
v 7.50355 -15.839 1.96215 0.694062 0.863199 0.416295
vn -0.0389055 -0.0161336 0.999113
v 7.49321 -13.1434 1.71286 0.663641 0.835675 0.411949
vn 0 0 0
v 7.48926 -9.85537 1.45919 0.632685 0.807668 0.407526
vn 0 0 0
v 7.42315 -6.61879 1.15102 0.595079 0.773643 0.402154
vn 0.0456539 -0.0217198 0.998721
v 7.51394 -6.46573 1.15019 0.594979 0.773552 0.40214
vn 0.0456539 -0.0217198 0.998721
v 7.54119 3.54048 0.331935 0.495126 0.683209 0.387875
vn -0.101563 0.074047 0.99207
v 7.44792 3.66957 0.312756 0.492785 0.681092 0.387541
vn -0.102478 0.0757746 0.991845
v 7.56293 6.56698 0.120623 0.469339 0.659878 0.384191
vn -0.100413 0.0765469 0.991997
v 7.46841 6.65081 0.104796 0.467408 0.658131 0.383915
vn -0.0885008 0.0697418 0.993632
v 7.52343 9.51605 -0.146802 0.436705 0.630352 0.379529
vn -0.107152 0.0545141 0.992747
v 7.52631 11.4911 -0.255659 0.423421 0.618334 0.377632
vn -0.103788 0.0585952 0.992872
v 7.5139 14.3727 -0.545158 0.388093 0.58637 0.372585
vn -0.0801277 0.0688337 0.994405
v 7.49812 16.473 -0.690721 0.37033 0.570299 0.370047
vn -0.0852785 0.0719724 0.993754
v 7.55713 18.9919 -0.852963 0.350532 0.552386 0.367219
vn -0.0742966 0.063791 0.995194
v 7.44266 19.0074 -0.862888 0.349321 0.55129 0.367046
vn -0.0843598 0.0655105 0.99428
v 7.5228 20.4887 -0.95396 0.338207 0.541235 0.365458
vn -0.0828766 0.0704083 0.994069
v 7.49837 22.4067 -1.09875 0.320538 0.525249 0.362934
vn -0.0827787 0.0750741 0.993736
v 7.71011 -26.3554 2.82144 0.79 0.95 0.43
vn -0.069099 0.0211568 0.997385
v 7.70602 -22.6401 2.47791 0.757001 0.920144 0.425286
vn -0.0627576 0.0115984 0.997961
v 7.68437 -19.5718 2.21177 0.724524 0.89076 0.420646
vn -0.056136 0.00431216 0.998414
v 7.73332 -15.7405 1.97268 0.695348 0.864363 0.416478
vn -0.0402786 -0.0103051 0.999135
v 7.71815 -13.0462 1.72042 0.664564 0.83651 0.412081
vn 0 0 0
v 7.71414 -9.70144 1.46216 0.633049 0.807996 0.407578
vn 0 0 0
v 7.67551 -6.24321 1.1456 0.594419 0.773045 0.40206
vn 0 0 0
v 7.77211 -6.11847 1.14179 0.593953 0.772624 0.401993
vn 0.0533787 -0.00750355 0.998546
v 7.79515 3.17016 0.384718 0.501567 0.689037 0.388795
vn -0.0970378 0.0653434 0.993133
v 7.69752 3.31903 0.363683 0.499 0.686714 0.388429
vn -0.101879 0.0713849 0.992232
v 7.60823 3.44623 0.345664 0.496801 0.684725 0.388114
vn -0.103956 0.0767735 0.991614
v 7.7726 6.36873 0.157355 0.473822 0.663934 0.384832
vn -0.092207 0.0673375 0.99346
v 7.67382 6.4764 0.137309 0.471376 0.661721 0.384482
vn 0.00629945 0.188614 0.982031
v 7.72933 9.35909 -0.112427 0.4409 0.634148 0.380129
vn -0.103609 0.0541359 0.993144
v 7.64051 9.42756 -0.127304 0.439085 0.632505 0.379869
vn -0.112399 0.0591058 0.991904
v 7.73104 11.3699 -0.22614 0.427023 0.621593 0.378146
vn -0.102669 0.0551259 0.993187
v 7.73317 14.2855 -0.519062 0.391278 0.589252 0.37304
vn -0.0856587 0.0713436 0.993767
v 7.78619 16.3946 -0.661099 0.373945 0.573569 0.370564
vn -0.077331 0.0689385 0.994619
v 7.69701 16.439 -0.673524 0.372429 0.572197 0.370347
vn -0.0571084 0.163092 0.984957
v 7.72692 18.9786 -0.839817 0.352136 0.553837 0.367448
vn -0.0754143 0.0645373 0.995062
v 7.73261 20.4443 -0.932958 0.34077 0.543554 0.365824
vn -0.079211 0.0651258 0.994728
v 7.73754 22.3801 -1.07776 0.3231 0.527567 0.3633
vn -0.0790633 0.0747297 0.994065
v 7.83055 -26.4458 2.83166 0.79 0.95 0.43
vn -0.0685934 0.0195556 0.997453
v 7.93729 -26.3364 2.83673 0.79 0.95 0.43
vn -0.0681515 0.0204892 0.997465
v 7.89489 -22.6426 2.48974 0.758445 0.92145 0.425492
vn -0.062044 0.0103841 0.998019
v 7.98979 -22.5598 2.49472 0.759052 0.922 0.425579
vn -0.0623451 0.012236 0.99798
v 7.85585 -19.4915 2.22103 0.725654 0.891782 0.420808
vn -0.0524154 -0.00315194 0.99862
v 7.90265 -15.7007 1.97992 0.696231 0.865162 0.416604
vn -0.0402786 -0.0103051 0.999135
v 7.92137 -12.9248 1.72746 0.665423 0.837287 0.412203
vn 0 0 0
v 7.81162 -9.6227 1.46351 0.633213 0.808145 0.407602
vn 0 0 0
v 7.91878 -9.54218 1.46452 0.633337 0.808257 0.40762
vn 0 0 0
v 7.84898 -6.017 1.13844 0.593545 0.772255 0.401935
vn 0.0533787 -0.00750355 0.998546
v 7.92596 -5.88049 1.13535 0.593168 0.771914 0.401881
vn 0.0533787 -0.00750355 0.998546
v 7.96154 2.94161 0.414024 0.505143 0.692273 0.389306
vn -0.093912 0.0615229 0.993678
v 7.87678 3.06582 0.397859 0.503171 0.690488 0.389024
vn -0.0928137 0.059867 0.993882
v 7.99969 6.16323 0.193905 0.478282 0.667969 0.385469
vn -0.0948605 0.0659204 0.993306
v 7.89751 6.26348 0.176058 0.476104 0.665999 0.385158
vn -0.0970295 0.0693667 0.992861
v 7.91619 9.25433 -0.0891011 0.443746 0.636723 0.380535
vn -0.101496 0.0517023 0.993492
v 7.91937 11.2477 -0.197411 0.430529 0.624765 0.378647
vn -0.110195 0.0559459 0.992334
v 7.90498 14.2324 -0.501471 0.393425 0.591194 0.373346
vn -0.0763422 0.0679202 0.994766
v 7.88495 16.3737 -0.652015 0.375054 0.574572 0.370722
vn -0.0834317 0.0689359 0.994126
v 7.94205 18.9296 -0.81835 0.354756 0.556207 0.367822
vn -0.075822 0.06657 0.994897
v 7.87939 20.4422 -0.922651 0.342028 0.544692 0.366004
vn -0.0758895 0.0719467 0.994517
v 7.9653 22.3901 -1.06298 0.324903 0.529198 0.363558
vn -0.0701519 0.14052 0.987589
v 7.87006 22.4026 -1.07155 0.323857 0.528252 0.363408
vn -0.0702425 0.150474 0.986115
v 8.09841 -26.2207 2.84533 0.79 0.95 0.43
vn -0.0675858 0.0206588 0.9975
v 8.11257 -25.8104 2.83761 0.79 0.95 0.43
vn -0.0683134 0.0213599 0.997435
v 8.09962 -25.295 2.82577 0.79 0.95 0.43
vn -0.0672794 0.0216834 0.997499
v 8.15646 -22.5528 2.50488 0.760293 0.923122 0.425756
vn -0.0610381 0.0105733 0.998079
v 8.05761 -19.4412 2.23178 0.726965 0.892969 0.420995
vn -0.0524154 -0.00315194 0.99862
v 8.06106 -15.6374 1.9867 0.697059 0.86591 0.416723
vn -0.0426212 -0.000346538 0.999091
v 8.11646 -12.8235 1.73345 0.666155 0.837949 0.412308
vn 0 0 0
v 8.00425 -9.46302 1.46559 0.633467 0.808375 0.407638
vn 0.00732027 -0.0162895 0.999841
v 8.14865 -9.35113 1.46636 0.63356 0.808459 0.407651
vn 0.00732027 -0.0162895 0.999841
v 8.02023 -5.6882 1.13129 0.592672 0.771465 0.40181
vn 0 0 0
v 8.12175 -5.51433 1.12529 0.591939 0.770802 0.401706
vn 0.0661004 0.000406792 0.997813
v 8.19966 -5.38679 1.12007 0.591303 0.770227 0.401615
vn 0.0661004 0.000406792 0.997813
v 8.17548 2.5979 0.457915 0.510499 0.697118 0.390071
vn -0.098093 0.0682691 0.992833
v 8.11864 2.69223 0.446059 0.509052 0.695809 0.389865
vn -0.0989402 0.0685884 0.992727
v 8.04701 2.81995 0.429169 0.506991 0.693945 0.38957
vn -0.0979891 0.0668255 0.992941
v 8.17935 5.98353 0.225177 0.482098 0.671422 0.386014
vn -0.0954884 0.0642975 0.993352
v 8.08414 6.08099 0.208268 0.480035 0.669555 0.385719
vn -0.101933 0.0707703 0.992271
v 8.14568 9.10759 -0.0575863 0.447592 0.640202 0.381085
vn -0.111045 0.0565045 0.992208
v 8.07643 11.1572 -0.175793 0.433167 0.627151 0.379024
vn -0.106085 0.0538926 0.992895
v 8.13174 14.1484 -0.476116 0.396519 0.593993 0.373788
vn -0.0895088 0.0729055 0.993314
v 8.02172 14.2081 -0.49163 0.394625 0.59228 0.373518
vn -0.0847348 0.0704492 0.99391
v 8.10664 16.3025 -0.627822 0.378006 0.577243 0.371144
vn -0.0816553 0.0676752 0.99436
v 8.12727 18.9246 -0.805692 0.3563 0.557605 0.368043
vn -0.0757308 0.0652709 0.99499
v 8.06229 20.4299 -0.908447 0.343761 0.54626 0.366252
vn -0.0758986 0.0690307 0.994723
v 8.09942 22.3858 -1.05287 0.326137 0.530314 0.363734
vn -0.0674123 0.151066 0.986222
v 8.30446 -22.5089 2.51341 0.761333 0.924063 0.425905
vn -0.0606492 0.0124104 0.998082
v 8.26921 -19.3704 2.24279 0.728309 0.894185 0.421187
vn 0 0 0
v 8.26071 -15.5707 1.9949 0.698058 0.866815 0.416865
vn 0 0 0
v 8.29309 -12.7347 1.73842 0.666761 0.838498 0.412394
vn 0 0 0
v 8.26018 -9.23103 1.4675 0.6337 0.808585 0.407671
vn 0.00732027 -0.0162895 0.999841
v 8.34406 -9.15306 1.46781 0.633738 0.80862 0.407677
vn 0 0 0
v 8.2544 -5.24465 1.11639 0.590854 0.76982 0.401551
vn 0.0661004 0.000406792 0.997813
v 8.31896 -5.11114 1.11129 0.590231 0.769257 0.401462
vn 0 0 0
v 8.38578 -4.94324 1.10549 0.589523 0.768616 0.40136
vn 0 0 0
v 8.39301 2.18405 0.509396 0.516782 0.702802 0.390969
vn -0.0959818 0.0685864 0.993017
v 8.32813 2.30402 0.495125 0.51504 0.701227 0.39072
vn -0.0955486 0.0661414 0.993225
v 8.23855 2.47371 0.474071 0.512471 0.698902 0.390353
vn -0.0999426 0.0726815 0.992335
v 8.38876 5.7872 0.257874 0.486088 0.675032 0.386584
vn -0.096609 0.0653655 0.993174
v 8.30013 5.884 0.241492 0.484089 0.673223 0.386298
vn 0.017566 0.182458 0.983057
v 8.34589 8.94686 -0.0245019 0.45163 0.643855 0.381661
vn -0.110647 0.0542952 0.992376
v 8.23287 9.03892 -0.0433408 0.449331 0.641775 0.381333
vn -0.116693 0.0595308 0.991382
v 8.2781 11.0393 -0.148118 0.436545 0.630207 0.379506
vn -0.10425 0.0526801 0.993155
v 8.26967 14.0783 -0.457584 0.39878 0.596039 0.374111
vn -0.0454172 0.169251 0.984526
v 8.33744 16.2507 -0.606489 0.380609 0.579599 0.371516
vn -0.0842591 0.0695322 0.994015
v 8.30915 18.8904 -0.788871 0.358353 0.559462 0.368336
vn -0.0798331 0.0659922 0.994621
v 8.36555 20.3844 -0.881344 0.347068 0.549252 0.366724
vn -0.0767052 0.0649839 0.994934
v 8.2428 20.4087 -0.893156 0.345627 0.547948 0.366518
vn -0.0761916 0.0698166 0.994646
v 8.25334 22.3221 -1.03287 0.328577 0.532522 0.364082
vn -0.077366 0.0748653 0.994188
v 8.47702 -26.0573 2.86752 0.79 0.95 0.43
vn -0.0670108 0.0216494 0.997517
v 8.48912 -22.4928 2.52437 0.762671 0.925273 0.426096
vn -0.0602806 0.0120023 0.998109
v 8.48334 -19.3088 2.25374 0.729645 0.895393 0.421378
vn -0.0977319 0.163504 0.98169
v 8.48672 -15.4462 2.00413 0.699185 0.867834 0.417026
vn 0 0 0
v 8.50514 -12.6348 1.74382 0.667419 0.839094 0.412488
vn 0 0 0
v 8.42915 -9.07303 1.46795 0.633755 0.808636 0.407679
vn 0 0 0
v 8.54325 -8.97051 1.46774 0.63373 0.808613 0.407676
vn 0 0 0
v 8.42898 -4.84954 1.10136 0.589019 0.76816 0.401288
vn 0 0 0
v 8.50313 -4.69692 1.09372 0.588087 0.767317 0.401155
vn 0 0 0
v 8.56962 -4.48793 1.0856 0.587097 0.766421 0.401014
vn 0 0 0
v 8.58817 1.77146 0.557747 0.522682 0.708141 0.391812
vn -0.0959776 0.0691826 0.992976
v 8.50727 1.92961 0.54035 0.520559 0.70622 0.391508
vn -0.0955838 0.0707717 0.992902
v 8.43963 2.07565 0.523011 0.518443 0.704306 0.391206
vn -0.0961907 0.0714277 0.992797
v 8.5099 5.66751 0.277365 0.488467 0.677184 0.386924
vn -0.096556 0.0664169 0.993109
v 8.57308 8.79446 0.00660648 0.455426 0.64729 0.382204
vn -0.116654 0.056435 0.991568
v 8.47591 8.86725 -0.00804085 0.453638 0.645673 0.381948
vn -0.105663 0.0490676 0.993191
v 8.48488 10.9149 -0.11952 0.440034 0.633364 0.380005
vn -0.109059 0.0561496 0.992448
v 8.51356 13.959 -0.425941 0.402642 0.599533 0.374663
vn -0.104628 0.0841397 0.990946
v 8.43116 14.0283 -0.441543 0.400738 0.59781 0.374391
vn -0.0907893 0.0738536 0.993128
v 8.50829 16.191 -0.587381 0.382941 0.581708 0.371849
vn -0.0788343 0.0679488 0.994569
v 8.5089 18.8369 -0.768078 0.36089 0.561758 0.368699
vn -0.0805525 0.0675606 0.994458
v 8.48888 20.3846 -0.873173 0.348065 0.550154 0.366866
vn -0.0794149 0.0706989 0.994331
v 8.49362 22.2864 -1.01092 0.331256 0.534946 0.364465
vn -0.0790936 0.0739123 0.994123
v 8.69252 -26.1479 2.8839 0.79 0.95 0.43
vn -0.0667952 0.0204981 0.997556
v 8.69619 -22.4329 2.53604 0.764095 0.926562 0.426299
vn -0.0605181 0.0147685 0.998058
v 8.71634 -19.2394 2.26537 0.731064 0.896677 0.421581
vn -0.0943303 0.168372 0.9812
v 8.71109 -15.2967 2.01301 0.700269 0.868815 0.417181
vn 0 0 0
v 8.71609 -12.509 1.74912 0.668066 0.839679 0.412581
vn 0 0 0
v 8.64813 -8.85742 1.46764 0.633716 0.808601 0.407674
vn 0 0 0
v 8.75321 -8.74676 1.46714 0.633656 0.808546 0.407665
vn 0 0 0
v 8.62732 -4.3333 1.07804 0.586174 0.765586 0.400882
vn 0 0 0
v 8.6967 -4.11635 1.06749 0.584886 0.764421 0.400698
vn 0 0 0
v 8.75769 -3.92264 1.05715 0.583625 0.76328 0.400518
vn 0 0 0
v 8.78306 1.1883 0.626147 0.531029 0.715693 0.393004
vn -0.0983909 0.0822386 0.991744
v 8.74041 1.33592 0.60898 0.528934 0.713797 0.392705
vn -0.0987913 0.0819114 0.991731
v 8.69228 1.47446 0.593176 0.527005 0.712052 0.392429
vn -0.0987224 0.0797427 0.991915
v 8.62744 1.67674 0.568678 0.524016 0.709348 0.392002
vn -0.0991451 0.0773543 0.992062
v 8.78078 5.3854 0.322172 0.493935 0.682131 0.387705
vn -0.100987 0.0732456 0.992188
v 8.6808 5.50652 0.302696 0.491558 0.679981 0.387365
vn -0.094973 0.0665669 0.993252
v 8.71644 8.6744 0.0302939 0.458316 0.649905 0.382617
vn -0.115025 0.0548899 0.991845
v 8.71252 10.767 -0.0866024 0.444051 0.636999 0.380579
vn -0.104918 0.0543366 0.992995
v 8.7017 13.8375 -0.396784 0.4062 0.602752 0.375171
vn -0.0930616 0.0774415 0.992644
v 8.72448 16.1413 -0.567602 0.385355 0.583892 0.372194
vn -0.0846118 0.0703413 0.993928
v 8.78429 18.7722 -0.741029 0.364191 0.564744 0.36917
vn -0.0962939 0.0740319 0.992596
v 8.68171 18.8093 -0.753065 0.362722 0.563415 0.36896
vn -0.0840965 0.0668302 0.994214
v 8.70422 20.3405 -0.852408 0.350599 0.552447 0.367228
vn -0.0816583 0.0686943 0.99429
v 8.69674 22.2801 -0.995887 0.333091 0.536606 0.364727
vn -0.0673235 0.14993 0.986402
v 8.90129 -26.0653 2.896 0.79 0.95 0.43
vn -0.0656623 0.0212165 0.997616
v 8.96392 -25.8068 2.89449 0.79 0.95 0.43
vn -0.0662792 0.0220063 0.997558
v 8.89298 -22.3539 2.54669 0.765395 0.927738 0.426485
vn -0.0599118 0.0157433 0.99808
v 8.8707 -19.2039 2.27296 0.731991 0.897516 0.421713
vn -0.0953701 0.168058 0.981153
v 8.88846 -15.2089 2.01956 0.701068 0.869537 0.417295
vn -0.0379788 0.00394497 0.999271
v 8.98976 -15.1554 2.02319 0.701512 0.869939 0.417359
vn -0.0379788 0.00394497 0.999271
v 8.87432 -12.4201 1.75267 0.668499 0.840071 0.412643
vn 0 0 0
v 8.99308 -12.3358 1.75537 0.668829 0.840369 0.41269
vn 0 0 0
v 8.86034 -8.63367 1.46631 0.633555 0.808454 0.407651
vn 0 0 0
v 8.93755 -8.5481 1.46557 0.633465 0.808373 0.407638
vn 0 0 0
v 8.81965 -3.6946 1.04477 0.582113 0.761912 0.400302
vn 0 0 0
v 8.87814 -3.48703 1.03215 0.580573 0.760519 0.400082
vn 0 0 0
v 8.93438 -3.26495 1.01808 0.578857 0.758966 0.399837
vn 0 0 0
v 8.97581 -3.09183 1.00657 0.577452 0.757695 0.399636
vn 0.0927663 0.0474509 0.994557
v 8.99958 -2.9917 0.999573 0.576598 0.756922 0.399514
vn 0.112583 0.0462697 0.992564
v 8.98413 0.480633 0.70097 0.540159 0.723954 0.394308
vn -0.0938247 0.0709289 0.993059
v 8.92088 0.687694 0.680864 0.537706 0.721734 0.393958
vn -0.0945339 0.0760484 0.992613
v 8.86421 0.913515 0.656384 0.534719 0.719031 0.393531
vn -0.0951447 0.0765785 0.992514
v 8.81444 1.07465 0.639129 0.532613 0.717126 0.39323
vn -0.0973383 0.0804103 0.991998
v 8.97868 5.14926 0.358954 0.498423 0.686192 0.388346
vn -0.0971825 0.0689486 0.992875
v 8.90218 5.23825 0.345312 0.496758 0.684686 0.388108
vn -0.100359 0.0725305 0.992304
v 8.92958 8.49797 0.0645129 0.462492 0.653683 0.383213
vn -0.109706 0.0522416 0.99259
v 8.93455 10.6277 -0.0558875 0.4478 0.64039 0.381114
vn -0.107995 0.0557733 0.992586
v 8.9006 13.7516 -0.373465 0.409045 0.605327 0.375578
vn -0.0935232 0.0765043 0.992673
v 8.95082 16.0389 -0.53894 0.388852 0.587057 0.372693
vn -0.0892568 0.0720409 0.9934
v 8.93712 18.6943 -0.719706 0.366793 0.567099 0.369542
vn -0.0907112 0.0717438 0.99329
v 8.88761 20.3065 -0.835356 0.35268 0.55433 0.367526
vn -0.0782425 0.0699826 0.994475
v 8.9848 22.186 -0.962549 0.337159 0.540287 0.365308
vn -0.0800417 0.0729912 0.994115
v 8.86881 22.2544 -0.980315 0.334991 0.538325 0.364999
vn -0.067352 0.144899 0.987151
v 9.07168 -25.8419 2.90235 0.79 0.95 0.43
vn -0.0654235 0.0217438 0.997621
v 9.12901 -22.2344 2.55898 0.766894 0.929094 0.426699
vn -0.0947392 0.129587 0.987032
v 9.0911 -19.1327 2.28352 0.733279 0.898681 0.421897
vn -0.103342 0.159027 0.981851
v 9.11482 -15.0699 2.02761 0.702051 0.870427 0.417436
vn -0.0379788 0.00394497 0.999271
v 9.11506 -12.2555 1.75786 0.669133 0.840644 0.412733
vn 0 0 0
v 9.00187 -8.47669 1.46479 0.63337 0.808287 0.407624
vn 0 0 0
v 9.13683 -8.31391 1.46291 0.633139 0.808078 0.407591
vn 0 0 0
v 9.00526 -2.88702 0.994049 0.575924 0.756312 0.399418
vn 0.112583 0.0462697 0.992564
v 9.04643 -2.72346 0.981385 0.574379 0.754914 0.399197
vn 0.123775 0.0455933 0.991262
v 9.08211 -2.48735 0.964575 0.572327 0.753058 0.398904
vn 0 0 0
v 9.12566 -2.27722 0.947175 0.570204 0.751137 0.398601
vn 0 0 0
v 9.1477 -2.10191 0.933466 0.568531 0.749624 0.398362
vn 0 0 0
v 9.1562 -1.96357 0.923065 0.567262 0.748475 0.39818
vn 0 0 0
v 9.17396 -1.71836 0.903241 0.564843 0.746286 0.397835
vn 0 0 0
v 9.17258 -1.50314 0.886597 0.562812 0.744449 0.397545
vn 0 0 0
v 9.1731 -1.28888 0.868732 0.560632 0.742476 0.397233
vn 0 0 0
v 9.16826 -1.10175 0.852789 0.558686 0.740716 0.396955
vn 0 0 0
v 9.17662 -0.889734 0.832284 0.556184 0.738452 0.396598
vn 0 0 0
v 9.16826 -0.735127 0.818211 0.554467 0.736898 0.396352
vn 0 0 0
v 9.16681 -0.506451 0.795176 0.551656 0.734355 0.395951
vn 0 0 0
v 9.14564 -0.29268 0.774757 0.549164 0.732101 0.395595
vn 0 0 0
v 9.10644 -0.0671314 0.753868 0.546615 0.729794 0.395231
vn 0 0 0
v 9.06522 0.143248 0.733811 0.544167 0.72758 0.394881
vn -0.0973763 0.0822086 0.991847
v 9.03723 0.295391 0.718452 0.542293 0.725884 0.394613
vn -0.0955838 0.0754633 0.992557
v 9.16715 4.93547 0.390677 0.502294 0.689695 0.388899
vn 0.0379224 0.175327 0.98378
v 9.06706 5.04537 0.374623 0.500335 0.687922 0.388619
vn -0.100597 0.0747205 0.992118
v 9.08985 8.36803 0.089258 0.465512 0.656415 0.383645
vn -0.106016 0.0500718 0.993103
v 9.06441 10.5522 -0.0392046 0.449835 0.642232 0.381405
vn -0.0281689 0.169105 0.985195
v 9.07761 13.6284 -0.345014 0.412517 0.608468 0.376074
vn -0.0994502 0.0817618 0.991678
v 9.12246 15.9799 -0.520398 0.391115 0.589104 0.373016
vn -0.0850739 0.0704857 0.993878
v 9.0625 16.0093 -0.528274 0.390154 0.588234 0.372879
vn -0.0511605 0.162031 0.985459
v 9.19538 18.5959 -0.688962 0.370545 0.570493 0.370078
vn -0.0827253 0.070027 0.994109
v 9.09363 18.6351 -0.701109 0.369063 0.569152 0.369866
vn -0.0910458 0.0714075 0.993283
v 9.04468 20.2673 -0.819327 0.354636 0.5561 0.367805
vn -0.0822586 0.069899 0.994157
v 9.07849 22.1907 -0.956794 0.337861 0.540922 0.365409
vn -0.0743214 0.0741705 0.994472
v 9.30023 -25.9593 2.91987 0.79 0.95 0.43
vn -0.0639813 0.0208476 0.997733
v 9.24494 -25.7865 2.91245 0.79 0.95 0.43
vn -0.0650092 0.0221319 0.997639
v 9.21018 -25.1599 2.89629 0.79 0.95 0.43
vn -0.0643683 0.0228505 0.997665
v 9.28971 -22.103 2.56655 0.767818 0.929931 0.426831
vn -0.0571558 0.0128322 0.998283
v 9.27955 -19.0576 2.2923 0.734351 0.899651 0.42205
vn -0.105032 0.151432 0.982872
v 9.29616 -14.9497 2.03379 0.702804 0.871109 0.417543
vn 0 0 0
v 9.25967 -12.1466 1.76071 0.669481 0.840959 0.412783
vn -0.0167836 -0.000294679 0.999859
v 9.32347 -8.09594 1.4592 0.632686 0.807669 0.407527
vn 0 0 0
v 9.39653 4.57709 0.444802 0.508899 0.695671 0.389843
vn -0.104397 0.0841058 0.990973
v 9.31749 4.69242 0.427871 0.506833 0.693801 0.389548
vn -0.101474 0.0748115 0.992021
v 9.23061 4.81544 0.409621 0.504606 0.691786 0.389229
vn -0.101806 0.0764417 0.991863
v 9.27134 8.23184 0.11474 0.468621 0.659229 0.384089
vn -0.103602 0.0484202 0.99344
v 9.325 10.3151 0.00866475 0.455677 0.647517 0.38224
vn -0.117257 0.0599093 0.991293
v 9.20884 10.4115 -0.0109255 0.453286 0.645354 0.381898
vn -0.115634 0.0600581 0.991475
v 9.26328 13.5087 -0.317077 0.415926 0.611552 0.376561
vn -0.0913621 0.0768282 0.99285
v 9.30221 15.9087 -0.499632 0.393649 0.591397 0.373378
vn -0.0888666 0.0718534 0.993448
v 9.30868 18.5642 -0.677291 0.371969 0.571782 0.370281
vn -0.0770682 0.0702895 0.994545
v 9.3181 20.1931 -0.790728 0.358126 0.559257 0.368304
vn -0.089012 0.069403 0.99361
v 9.20453 20.2451 -0.805706 0.356299 0.557603 0.368043
vn -0.0773621 0.0739087 0.99426
v 9.3479 22.1816 -0.93712 0.340262 0.543094 0.365752
vn -0.0670334 0.141122 0.98772
v 9.21996 22.2053 -0.949208 0.338787 0.54176 0.365541
vn -0.0671879 0.14361 0.987351
v 9.49535 -25.6766 2.92624 0.79 0.95 0.43
vn -0.064403 0.0221743 0.997678
v 9.53859 -22.1 2.58063 0.769536 0.931485 0.427077
vn -0.0926615 0.123359 0.988027
v 9.48812 -21.9805 2.57623 0.768999 0.930999 0.427
vn -0.0556123 0.0147791 0.998343
v 9.42539 -19.0012 2.29898 0.735166 0.900388 0.422167
vn -0.172496 0.115386 0.978229
v 9.51233 -18.9426 2.30278 0.73563 0.900808 0.422233
vn -0.132277 0.155777 0.978895
v 9.40931 -14.8671 2.03748 0.703256 0.871517 0.417608
vn 0 0 0
v 9.55137 -14.7754 2.04192 0.703797 0.872007 0.417685
vn 0 0 0
v 9.43089 -12.0279 1.76362 0.669836 0.84128 0.412834
vn -0.0865176 0.103005 0.990911
v 9.52888 -11.9412 1.76529 0.67004 0.841465 0.412863
vn -0.00882444 -0.00791437 0.99993
v 9.49378 -7.87505 1.45497 0.63217 0.807202 0.407453
vn 0.0195217 0.0076992 0.99978
v 9.5926 -7.74661 1.45205 0.631814 0.80688 0.407402
vn 0.0195217 0.0076992 0.99978
v 9.53894 4.36657 0.474995 0.512584 0.699004 0.390369
vn -0.090667 0.0615931 0.993975
v 9.45639 4.46344 0.461944 0.510991 0.697563 0.390142
vn -0.0990473 0.0695104 0.992652
v 9.59564 7.94952 0.166033 0.474881 0.664892 0.384983
vn -0.115573 0.0605414 0.991452
v 9.47749 8.06711 0.14487 0.472298 0.662556 0.384614
vn -0.110031 0.0543103 0.992443
v 9.51188 10.1676 0.0385444 0.459323 0.650816 0.38276
vn -0.114783 0.0553944 0.991845
v 9.42168 10.2335 0.0251017 0.457683 0.649332 0.382526
vn -0.108133 0.0516746 0.992792
v 9.52455 13.3682 -0.282858 0.420102 0.61533 0.377157
vn -0.0920148 0.0773502 0.992749
v 9.42583 13.4347 -0.297986 0.418256 0.61366 0.376894
vn -0.0899692 0.0759653 0.993043
v 9.47692 15.8277 -0.477684 0.396327 0.59382 0.373761
vn -0.0937637 0.0744322 0.992808
v 9.48105 18.5348 -0.662506 0.373773 0.573414 0.370539
vn -0.0835014 0.0705411 0.994008
v 9.49304 20.1528 -0.773603 0.360216 0.561148 0.368602
vn -0.0823121 0.0730483 0.993926
v 9.47357 22.1388 -0.922502 0.342046 0.544708 0.366007
vn -0.0750938 0.0740603 0.994422
v 9.67483 -25.6515 2.9372 0.79 0.95 0.43
vn -0.062964 0.0208234 0.997799
v 9.65072 -25.5989 2.93448 0.79 0.95 0.43
vn -0.0637155 0.0228639 0.997706
v 9.70018 -21.9743 2.58803 0.770439 0.932302 0.427206
vn -0.0555944 0.0133347 0.998364
v 9.64945 -18.8726 2.30879 0.736363 0.901471 0.422338
vn -0.122247 0.170296 0.977781
v 9.76611 -18.7626 2.31356 0.736945 0.901998 0.422421
vn -0.0459976 0.00682763 0.998918
v 9.7086 -14.6539 2.04664 0.704373 0.872528 0.417768
vn 0 0 0
v 9.68495 -11.8641 1.76708 0.670258 0.841662 0.412894
vn -0.0919153 0.100704 0.990662
v 9.7706 -11.7927 1.7682 0.670395 0.841786 0.412914
vn -0.0987273 0.0980544 0.990272
v 9.64786 -7.65545 1.45027 0.631597 0.806683 0.407371
vn 0.0195217 0.0076992 0.99978
v 9.74284 -7.52124 1.44686 0.631181 0.806307 0.407312
vn 0 0 0
v 9.72191 4.12898 0.506881 0.516475 0.702525 0.390925
vn -0.0950589 0.0634531 0.993447
v 9.63118 4.27374 0.4867 0.514012 0.700297 0.390573
vn 0.045814 0.169644 0.98444
v 9.74642 7.78844 0.194538 0.478359 0.668039 0.38548
vn -0.109685 0.0572014 0.992319
v 9.65078 7.87853 0.178668 0.476423 0.666287 0.385203
vn -0.00126129 0.174286 0.984694
v 9.76901 9.9486 0.0816967 0.464589 0.655581 0.383513
vn -0.109918 0.0530295 0.992525
v 9.65185 10.0432 0.0630306 0.462311 0.65352 0.383187
vn -0.117001 0.0572555 0.99148
v 9.70516 13.2692 -0.259203 0.422989 0.617942 0.37757
vn -0.086981 0.0741857 0.993444
v 9.69569 15.707 -0.44735 0.400029 0.597169 0.37429
vn -0.0969104 0.0777148 0.992254
v 9.69277 18.4587 -0.638382 0.376717 0.576077 0.37096
vn -0.091094 0.0721656 0.993224
v 9.69392 20.1131 -0.755017 0.362484 0.5632 0.368926
vn -0.0767237 0.0724212 0.994419
v 9.72901 22.1336 -0.904565 0.344235 0.546689 0.366319
vn -0.0771368 0.0758696 0.99413
v 9.68479 22.2336 -0.92177 0.342135 0.544789 0.366019
vn -0.0663578 0.1467 0.986953
v 9.92842 -25.496 2.94982 0.79 0.95 0.43
vn -0.0631702 0.0225282 0.997748
v 9.88934 -21.9129 2.59766 0.771615 0.933366 0.427374
vn -0.0554536 0.0148798 0.99835
v 9.93273 -18.7451 2.32095 0.737847 0.902814 0.42255
vn -0.113705 0.15467 0.981401
v 9.92058 -14.5125 2.05258 0.705097 0.873183 0.417871
vn 0 0 0
v 9.89244 -11.6991 1.76952 0.670555 0.841931 0.412936
vn -0.0879712 0.10867 0.990178
v 9.80208 -7.42414 1.44455 0.630899 0.806051 0.407271
vn 0 0 0
v 9.88538 -7.30131 1.44096 0.630461 0.805655 0.407209
vn 0 0 0
v 9.97717 -7.16975 1.43674 0.629946 0.805189 0.407135
vn 0 0 0
v 9.98123 3.73574 0.558998 0.522835 0.708279 0.391834
vn -0.0963656 0.0646944 0.993241
v 9.87097 3.90462 0.53694 0.520143 0.705844 0.391449
vn -0.0991513 0.0685046 0.992712
v 9.9625 7.56076 0.233998 0.483175 0.672396 0.386168
vn -0.111619 0.0625967 0.991778
v 9.86181 7.68165 0.213115 0.480626 0.67009 0.385804
vn -0.110128 0.0592715 0.992149
v 9.99217 9.79034 0.113039 0.468414 0.659041 0.384059
vn -0.106117 0.051132 0.993038
v 9.872 9.89595 0.0927404 0.465937 0.6568 0.383705
vn -0.0193352 0.168897 0.985444
v 9.91788 13.1428 -0.229988 0.426554 0.621168 0.378079
vn -0.0973544 0.0793125 0.992084
v 9.81509 13.2159 -0.246044 0.424595 0.619395 0.377799
vn -0.0937164 0.0771353 0.992606
v 9.95852 15.5608 -0.41104 0.40446 0.601178 0.374923
vn -0.0918283 0.0751018 0.992939
v 9.86733 15.6064 -0.422779 0.403027 0.599882 0.374718
vn -0.0948159 0.0760357 0.992587
v 9.93759 18.3632 -0.609568 0.380233 0.579259 0.371462
vn -0.0849372 0.0689138 0.994
v 9.81722 18.4177 -0.624843 0.378369 0.577572 0.371196
vn -0.0944087 0.0716039 0.992955
v 9.93259 20.0573 -0.731804 0.365317 0.565763 0.369331
vn -0.0817435 0.0753583 0.9938
v 9.89163 22.1135 -0.890819 0.345912 0.548206 0.366559
vn -0.0730826 0.0768915 0.994357
v 10.022 -25.2881 2.95098 0.79 0.95 0.43
vn -0.0633041 0.0233599 0.997721
v 10.1782 -24.2459 2.93648 0.79 0.95 0.43
vn -0.0807373 0.0821099 0.993348
v 10.1413 -21.8451 2.61049 0.77318 0.934782 0.427597
vn -0.0544753 0.0145871 0.998409
v 10.0722 -18.6755 2.32673 0.738552 0.903452 0.42265
vn -0.130937 0.150285 0.979934
v 10.1006 -18.4382 2.32653 0.738528 0.90343 0.422647
vn -0.0438308 0.00978952 0.998991
v 10.0882 -14.4111 2.05699 0.705636 0.87367 0.417948
vn 0 0 0
v 10.0252 -11.6091 1.77068 0.670697 0.842059 0.412957
vn -0.09846 0.101257 0.989976
v 10.1305 -11.5045 1.77158 0.670808 0.842159 0.412973
vn -0.1033 0.0970775 0.989902
v 10.041 -7.07305 1.43353 0.629554 0.804835 0.407079
vn 0 0 0
v 10.143 -6.87315 1.42766 0.628838 0.804187 0.406977
vn 0 0 0
v 10.132 3.4953 0.589647 0.526575 0.711663 0.392368
vn -0.0964436 0.067238 0.993065
v 10.0629 3.61507 0.574223 0.524693 0.70996 0.392099
vn -0.098527 0.0696393 0.992695
v 10.199 7.3582 0.26799 0.487323 0.676149 0.38676
vn -0.108987 0.0618309 0.992118
v 10.0618 7.47355 0.248757 0.484976 0.674025 0.386425
vn -0.0955372 0.0504464 0.994147
v 10.1159 9.69197 0.131975 0.470725 0.661132 0.384389
vn -0.108336 0.0519078 0.992758
v 10.1842 12.97 -0.191461 0.431255 0.625422 0.378751
vn -0.0907253 0.0756304 0.993
v 10.0807 13.0294 -0.205073 0.429594 0.623919 0.378513
vn -0.0937061 0.0769028 0.992625
v 10.0672 15.5206 -0.399378 0.405883 0.602466 0.375126
vn -0.0479654 0.156466 0.986518
v 10.137 18.2575 -0.582036 0.383593 0.582299 0.371942
vn -0.0565286 0.149216 0.987187
v 10.1773 19.9655 -0.703094 0.36882 0.568933 0.369831
vn -0.091329 0.0730146 0.99314
v 10.1104 20.0041 -0.712917 0.367622 0.567848 0.36966
vn -0.0859773 0.0787036 0.993184
v 10.1056 22.1061 -0.875527 0.347778 0.549895 0.366825
vn -0.0759684 0.0781841 0.99404
v 10.2036 -25.5042 2.96735 0.79 0.95 0.43
vn -0.0621385 0.0217868 0.99783
v 10.2659 -25.2973 2.96646 0.79 0.95 0.43
vn -0.0621814 0.0231358 0.997797
v 10.274 -24.9481 2.95884 0.79 0.95 0.43
vn -0.0621819 0.0234796 0.997789
v 10.3272 -24.4002 2.94927 0.79 0.95 0.43
vn -0.0612304 0.0234183 0.997849
v 10.3185 -21.7094 2.61811 0.77411 0.935623 0.42773
vn -0.0536717 0.0145113 0.998453
v 10.3154 -20.9005 2.60618 0.772655 0.934307 0.427522
vn -0.0535937 0.0149559 0.998451
v 10.2656 -20.289 2.59442 0.771219 0.933008 0.427317
vn -0.102695 0.0967386 0.989998
v 10.3468 -18.4921 2.33747 0.739863 0.904638 0.422838
vn -0.116014 0.161793 0.979982
v 10.262 -14.2888 2.06124 0.706155 0.87414 0.418022
vn 0 0 0
v 10.2651 -11.3624 1.77252 0.670922 0.842263 0.412989
vn -0.100665 0.0989039 0.989992
v 10.2405 -6.66277 1.4212 0.628049 0.803473 0.406864
vn 0.0560403 0.00856872 0.998392
v 10.3196 -6.46846 1.41509 0.627304 0.802799 0.406758
vn 0.0513119 0.0118625 0.998612
v 10.38 -6.38145 1.41095 0.626799 0.802342 0.406686
vn 0.0538074 0.0117359 0.998482
v 10.3571 3.1362 0.633226 0.531893 0.716474 0.393128
vn -0.0946235 0.0667727 0.993271
v 10.2418 3.3259 0.610318 0.529097 0.713945 0.392728
vn -0.0935338 0.0633665 0.993598
v 10.3911 7.14116 0.303894 0.491704 0.680113 0.387386
vn -0.099812 0.0540682 0.993536
v 10.2834 7.25504 0.285201 0.489423 0.678049 0.38706
vn -0.111764 0.065121 0.991599
v 10.3141 9.54975 0.159347 0.474065 0.664154 0.384866
vn -0.102039 0.0471023 0.993665
v 10.231 9.60789 0.148185 0.472703 0.662921 0.384672
vn -0.103191 0.0478742 0.993509
v 10.2965 12.9023 -0.176241 0.433113 0.627102 0.379016
vn -0.0890206 0.0744336 0.993245
v 10.3402 15.3596 -0.360797 0.410591 0.606725 0.375799
vn -0.0864376 0.0734779 0.993544
v 10.2204 15.4198 -0.376004 0.408735 0.605046 0.375534
vn -0.0935584 0.0771125 0.992623
v 10.3549 18.2359 -0.566288 0.385515 0.584037 0.372216
vn -0.0861104 0.069442 0.993863
v 10.333 19.9167 -0.68635 0.370864 0.570781 0.370123
vn -0.0899845 0.0808477 0.992656
v 10.2969 22.1097 -0.863393 0.349259 0.551234 0.367037
vn -0.0649796 0.142113 0.987715
v 10.4789 -25.2137 2.97773 0.79 0.95 0.43
vn -0.0613469 0.0232131 0.997847
v 10.4116 -24.3519 2.9533 0.79 0.95 0.43
vn -0.0601745 0.0247413 0.997881
v 10.4639 -21.5595 2.62368 0.774789 0.936238 0.427827
vn -0.0526546 0.0146386 0.998505
v 10.425 -20.0289 2.59856 0.771724 0.933464 0.427389
vn -0.0508291 0.0154197 0.998588
v 10.4413 -19.9081 2.59748 0.771593 0.933346 0.42737
vn -0.117661 0.129491 0.984575
v 10.4401 -18.4111 2.34088 0.740279 0.905014 0.422897
vn -0.0426907 0.00771131 0.999059
v 10.5322 -18.3701 2.34444 0.740714 0.905408 0.422959
vn -0.105379 0.113872 0.987891
v 10.4682 -14.1388 2.06591 0.706725 0.874656 0.418104
vn 0 0 0
v 10.4087 -11.2336 1.77306 0.670988 0.842323 0.412998
vn -0.0991394 0.099549 0.990081
v 10.5363 -11.0832 1.77333 0.67102 0.842352 0.413003
vn -0.102173 0.0948883 0.990231
v 10.4083 -6.28996 1.40815 0.626457 0.802032 0.406637
vn 0.0517822 0.0146072 0.998552
v 10.4834 -6.12791 1.40161 0.625659 0.801311 0.406523
vn 0.0624298 0.0112978 0.997985
v 10.5767 -5.88905 1.39209 0.624497 0.800259 0.406357
vn 0 0 0
v 10.5655 2.73056 0.681963 0.53784 0.721855 0.393977
vn -0.0966213 0.0719542 0.992717
v 10.4868 2.9107 0.659898 0.535147 0.719419 0.393592
vn -0.0966725 0.0741132 0.992553
v 10.4144 3.04662 0.643648 0.533165 0.717625 0.393309
vn -0.0938585 0.0677998 0.993274
v 10.4774 7.05013 0.318633 0.493503 0.68174 0.387643
vn -0.100725 0.057315 0.993262
v 10.5542 9.36551 0.193908 0.478282 0.66797 0.385469
vn -0.110567 0.0542126 0.992389
v 10.4348 9.46169 0.176042 0.476102 0.665997 0.385157
vn -0.105067 0.0497494 0.99322
v 10.5223 12.7319 -0.140284 0.437501 0.631072 0.379643
vn -0.0344586 0.160986 0.986355
v 10.4144 12.8321 -0.160486 0.435035 0.628841 0.379291
vn -0.092176 0.0764138 0.992806
v 10.4784 15.2978 -0.344537 0.412575 0.608521 0.376082
vn -0.0910591 0.0762564 0.992922
v 10.5007 18.1424 -0.543943 0.388242 0.586504 0.372606
vn -0.093895 0.0750198 0.992752
v 10.5348 19.7748 -0.653232 0.374905 0.574438 0.370701
vn -0.0854731 0.0680746 0.994012
v 10.4683 19.8235 -0.664414 0.373541 0.573203 0.370506
vn -0.0945412 0.0750065 0.992691
v 10.5255 22.0857 -0.844961 0.351508 0.553269 0.367358
vn -0.0641738 0.142715 0.987681
v 10.6838 -21.3858 2.63263 0.775882 0.937226 0.427983
vn -0.0515971 0.0148522 0.998558
v 10.6997 -18.2798 2.3507 0.741477 0.906098 0.423068
vn -0.11786 0.146205 0.982208
v 10.6993 -13.9343 2.07051 0.707285 0.875163 0.418184
vn 0 0 0
v 10.6948 -10.9152 1.77314 0.670998 0.842332 0.413
vn -0.0936535 0.103201 0.990242
v 10.6691 -5.66809 1.38212 0.623281 0.799159 0.406183
vn 0 0 0
v 10.7392 -5.46578 1.37306 0.622176 0.798159 0.406025
vn 0.0682158 0.0231952 0.997401
v 10.7941 -5.31598 1.36582 0.621292 0.79736 0.405899
vn 0.0567123 0.0292865 0.997961
v 10.7552 2.29442 0.732972 0.544065 0.727487 0.394866
vn -0.0984567 0.0770649 0.992153
v 10.6688 2.49302 0.710172 0.541282 0.72497 0.394469
vn -0.0977734 0.0724664 0.992567
v 10.6097 2.62818 0.694267 0.539342 0.723214 0.394192
vn -0.0986167 0.0745649 0.992328
v 10.7613 6.75438 0.365458 0.499217 0.68691 0.38846
vn -0.0914111 0.0555771 0.994261
v 10.654 6.8694 0.347412 0.497015 0.684918 0.388145
vn -0.0974362 0.0561039 0.993659
v 10.7783 9.16421 0.23041 0.482737 0.672 0.386105
vn -0.110438 0.0563579 0.992284
v 10.6716 9.25706 0.213603 0.480686 0.670144 0.385812
vn -0.113743 0.0572937 0.991857
v 10.7972 12.5533 -0.101789 0.442198 0.635322 0.380314
vn -0.0958388 0.0796749 0.992203
v 10.6913 12.6367 -0.118946 0.440104 0.633428 0.380015
vn -0.0928465 0.0772711 0.992678
v 10.6885 15.165 -0.313903 0.416314 0.611903 0.376616
vn -0.0918118 0.076413 0.99284
v 10.6967 18.0313 -0.516244 0.391622 0.589563 0.373089
vn -0.0928297 0.0740337 0.992926
v 10.6991 19.7467 -0.63917 0.376621 0.57599 0.370946
vn -0.0870044 0.0769464 0.993232
v 10.7482 21.9509 -0.811355 0.355609 0.55698 0.367944
vn -0.085693 0.0802437 0.993085
v 10.6241 22.0024 -0.826715 0.353735 0.555284 0.367676
vn -0.080126 0.0790972 0.993642
v 10.8612 -25.2103 3.00109 0.79 0.95 0.43
vn -0.106668 0.119836 0.987047
v 10.9398 -25.1508 3.00444 0.79 0.95 0.43
vn -0.0609047 0.0242348 0.997849
v 10.8298 -21.1519 2.6366 0.776366 0.937665 0.428052
vn -0.051069 0.015141 0.99858
v 10.8303 -20.9816 2.63399 0.776048 0.937377 0.428007
vn -0.0508709 0.0157007 0.998582
v 10.8737 -20.5637 2.62962 0.775514 0.936894 0.427931
vn -0.0494737 0.016459 0.99864
v 10.804 -18.2183 2.35447 0.741938 0.906515 0.423134
vn -0.160044 0.130406 0.978458
v 10.895 -18.0684 2.3569 0.742235 0.906784 0.423176
vn -0.040941 0.00893104 0.999122
v 10.9575 -17.9395 2.3583 0.742405 0.906937 0.423201
vn -0.0431866 0.0112322 0.999004
v 10.8122 -13.8293 2.07252 0.707532 0.875386 0.418219
vn -0.0951292 0.0969444 0.990733
v 10.9367 -13.7283 2.0746 0.707785 0.875615 0.418255
vn -0.0922362 0.100345 0.990668
v 10.9077 -10.7327 1.77222 0.670885 0.84223 0.412984
vn -0.0923306 0.105706 0.990102
v 10.8218 -5.26338 1.36271 0.620912 0.797015 0.405845
vn 0.0567123 0.0292865 0.997961
v 10.8613 -5.11606 1.35586 0.620077 0.79626 0.405725
vn 0.0494623 0.0331202 0.998227
v 10.9276 -4.91121 1.34518 0.618773 0.795081 0.405539
vn 0.0454449 0.0409738 0.998126
v 10.9935 -4.73738 1.33505 0.617537 0.793962 0.405362
vn 0.0571065 0.0383992 0.997629
v 10.961 1.7307 0.796581 0.551827 0.73451 0.395975
vn -0.0948923 0.0748249 0.992671
v 10.9037 1.89494 0.778413 0.54961 0.732504 0.395659
vn -0.0979465 0.080948 0.991894
v 10.8296 2.11749 0.752942 0.546502 0.729692 0.395215
vn -0.0974818 0.0773246 0.992229
v 10.939 6.55807 0.395779 0.502917 0.690258 0.388988
vn -0.090563 0.0580875 0.994195
v 10.8504 6.63993 0.383403 0.501407 0.688892 0.388772
vn 0.0182856 0.168761 0.985487
v 10.9098 9.06446 0.248473 0.484941 0.673994 0.38642
vn -0.104322 0.0533094 0.993114
v 10.9208 12.4699 -0.0841959 0.444345 0.637265 0.380621
vn -0.0867454 0.0716663 0.993649
v 10.9967 14.9654 -0.268645 0.421837 0.6169 0.377405
vn -0.0978747 0.0813078 0.991872
v 10.9054 15.0386 -0.284201 0.419938 0.615182 0.377134
vn -0.0948821 0.0784998 0.992389
v 10.9053 17.9403 -0.491008 0.394701 0.592349 0.373529
vn -0.0895065 0.0720875 0.993374
v 10.9041 19.6625 -0.61455 0.379625 0.578709 0.371375
vn -0.087229 0.0756605 0.993311
v 10.9289 21.9239 -0.795832 0.357503 0.558694 0.368215
vn -0.0596499 0.148682 0.987084
v 11.1094 -25.0904 3.01323 0.79 0.95 0.43
vn -0.139243 0.0997223 0.985224
v 11.1268 -24.9041 3.00978 0.79 0.95 0.43
vn -0.0604696 0.0239733 0.997882
v 11.0904 -17.8931 2.36308 0.742988 0.907465 0.423284
vn -0.14526 0.122216 0.981816
v 11.1461 -17.6668 2.36315 0.742997 0.907473 0.423285
vn -0.0417251 0.0119175 0.999058
v 11.0633 -13.6446 2.07666 0.708037 0.875843 0.418291
vn -0.0186971 0.005511 0.99981
v 11.1308 -13.549 2.0774 0.708126 0.875924 0.418304
vn -0.100744 0.0945689 0.990408
v 11.1244 -10.5378 1.77052 0.670678 0.842042 0.412954
vn -0.0987545 0.101382 0.989934
v 11.0135 -4.6457 1.33037 0.616966 0.793446 0.405281
vn 0.0571065 0.0383992 0.997629
v 11.0584 -4.50757 1.32216 0.615964 0.792539 0.405138
vn 0.079071 0.03353 0.996305
v 11.1369 -4.28048 1.30782 0.614214 0.790956 0.404888
vn 0 0 0
v 11.1762 -4.1202 1.29818 0.613038 0.789892 0.40472
vn 0.0669154 0.0465138 0.996674
v 11.1927 -3.96941 1.29004 0.612044 0.788992 0.404578
vn 0.0612696 0.0493658 0.9969
v 11.1991 0.983645 0.87503 0.5614 0.743172 0.397343
vn -0.0941545 0.0706317 0.993049
v 11.159 1.12745 0.860247 0.559596 0.741539 0.397085
vn -0.0951272 0.0754234 0.992604
v 11.1168 1.27116 0.845295 0.557772 0.739889 0.396825
vn -0.0950263 0.0770011 0.992492
v 11.0488 1.51044 0.819501 0.554624 0.737041 0.396375
vn -0.0937838 0.0734645 0.992878
v 11.0077 1.64678 0.80461 0.552807 0.735397 0.396115
vn 0.0620097 0.129157 0.989683
v 11.1559 6.33638 0.428918 0.506961 0.693917 0.389566
vn -0.0906007 0.0599417 0.994082
v 11.0382 6.46319 0.409982 0.50465 0.691826 0.389236
vn -0.0942591 0.0620573 0.993612
v 11.1103 8.8902 0.279266 0.488699 0.677394 0.386957
vn -0.103879 0.0552743 0.993053
v 11.1281 12.3509 -0.0583034 0.447505 0.640123 0.381072
vn -0.086284 0.0716891 0.993688
v 11.0811 14.9111 -0.256418 0.423329 0.61825 0.377618
vn -0.0918168 0.0762687 0.992851
v 11.1286 17.8435 -0.464283 0.397963 0.5953 0.373995
vn -0.0915318 0.0728014 0.993137
v 11.1353 19.5833 -0.589225 0.382716 0.581505 0.371817
vn -0.08618 0.0729313 0.993607
v 11.1903 21.7688 -0.757138 0.362225 0.562966 0.368889
vn -0.0894556 0.080156 0.99276
v 11.0793 21.8281 -0.772611 0.360337 0.561257 0.36862
vn -0.0880385 0.0804677 0.992862
v 11.2715 -24.7787 3.0154 0.79 0.95 0.43
vn -0.123666 0.0977691 0.987496
v 11.3056 -24.5268 3.01126 0.79 0.95 0.43
vn -0.0598181 0.0246805 0.997904
v 11.2179 -21.0492 2.65459 0.778562 0.939651 0.428366
vn -0.0500582 0.0153203 0.998629
v 11.2364 -20.9174 2.65339 0.778415 0.939518 0.428345
vn -0.0496122 0.016281 0.998636
v 11.3112 -17.741 2.37012 0.743847 0.908242 0.423407
vn -0.109373 0.125569 0.986037
v 11.3294 -17.5798 2.36922 0.743738 0.908144 0.423391
vn -0.0375153 0.0112932 0.999232
v 11.2612 -13.4427 2.07909 0.708333 0.876111 0.418333
vn -0.018744 0.00703441 0.9998
v 11.3732 -13.3134 2.08014 0.708461 0.876227 0.418352
vn -0.0970403 0.10065 0.990178
v 11.2349 -10.4062 1.76926 0.670524 0.841902 0.412932
vn -0.101568 0.0998863 0.989801
v 11.3304 -10.2975 1.76793 0.670361 0.841756 0.412909
vn -0.100135 0.101145 0.989819
v 11.2407 -3.87384 1.28236 0.611107 0.788144 0.404444
vn 0.0612696 0.0493658 0.9969
v 11.2734 -3.69617 1.27121 0.609747 0.786914 0.40425
vn 0.0553529 0.0523512 0.997093
v 11.3158 -3.473 1.2565 0.607952 0.78529 0.403993
vn 0 0 0
v 11.3492 -3.306 1.24493 0.606539 0.784012 0.403791
vn 0 0 0
v 11.3693 -3.13626 1.23358 0.605155 0.782759 0.403594
vn 0 0 0
v 11.3999 -2.96985 1.2214 0.603668 0.781414 0.403381
vn 0 0 0
v 11.3802 0.274639 0.944282 0.569851 0.750818 0.39855
vn 0 0 0
v 11.3332 0.495291 0.922936 0.567246 0.748461 0.398178
vn 0 0 0
v 11.2655 0.711126 0.902755 0.564784 0.746233 0.397826
vn -0.0973854 0.0822597 0.991841
v 11.2314 0.875986 0.885733 0.562706 0.744353 0.397529
vn -0.0961701 0.0775372 0.99234
v 11.2746 6.16388 0.454904 0.510132 0.696786 0.390019
vn 0.0207781 0.162907 0.986423
v 11.2981 8.75446 0.303223 0.491622 0.680039 0.387375
vn -0.101913 0.0560161 0.993215
v 11.2792 12.2317 -0.0343773 0.450424 0.642765 0.381489
vn -0.08637 0.0730667 0.99358
v 11.3481 14.7689 -0.222618 0.427453 0.621982 0.378208
vn -0.0914084 0.076737 0.992852
v 11.2503 14.835 -0.237152 0.42568 0.620377 0.377954
vn -0.0419846 0.156478 0.986789
v 11.2923 17.7443 -0.440592 0.400854 0.597915 0.374408
vn -0.091757 0.073884 0.993037
v 11.3113 19.5263 -0.570544 0.384996 0.583567 0.372142
vn -0.0868573 0.0752895 0.993372
v 11.3281 21.736 -0.743722 0.363862 0.564447 0.369123
vn -0.0617148 0.142359 0.987889
v 11.417 -24.4583 3.01615 0.79 0.95 0.43
vn -0.0590885 0.0251433 0.997936
v 11.5306 -24.379 3.02085 0.79 0.95 0.43
vn -0.0592327 0.0263057 0.997898
v 11.5095 -20.8462 2.66566 0.779912 0.940873 0.428559
vn -0.0484131 0.0158148 0.998702
v 11.5462 -20.6709 2.6645 0.779771 0.940745 0.428539
vn -0.0488915 0.0172923 0.998654
v 11.4209 -19.5395 2.63898 0.776657 0.937928 0.428094
vn -0.0944101 0.0988417 0.990614
v 11.5225 -17.6247 2.37683 0.744666 0.908984 0.423524
vn -0.111133 0.130429 0.985209
v 11.4337 -13.2518 2.08069 0.708528 0.876287 0.418361
vn -0.105152 0.0966239 0.989751
v 11.5226 -13.1639 2.08142 0.708617 0.876367 0.418374
vn -0.102575 0.0987752 0.989809
v 11.507 -10.0955 1.76498 0.670001 0.84143 0.412857
vn -0.102953 0.0986126 0.989786
v 11.4118 -2.87571 1.21467 0.602847 0.780671 0.403264
vn 0 0 0
v 11.4394 -2.72703 1.20317 0.601443 0.779401 0.403063
vn 0 0 0
v 11.4676 -2.52637 1.18776 0.599563 0.7777 0.402795
vn 0 0 0
v 11.4859 -2.27539 1.16879 0.597248 0.775605 0.402464
vn 0 0 0
v 11.4979 -2.10578 1.15551 0.595627 0.774139 0.402232
vn 0 0 0
v 11.5081 -1.93803 1.14203 0.593982 0.77265 0.401997
vn 0 0 0
v 11.511 -1.71146 1.12394 0.591775 0.770654 0.401682
vn 0 0 0
v 11.5249 -1.48587 1.10446 0.589398 0.768503 0.401343
vn 0 0 0
v 11.5163 -1.26581 1.08625 0.587176 0.766492 0.401025
vn 0 0 0
v 11.5094 -1.07134 1.06952 0.585135 0.764646 0.400734
vn 0 0 0
v 11.5124 -0.900733 1.05382 0.583218 0.762912 0.40046
vn 0 0 0
v 11.5 -0.732461 1.03892 0.581399 0.761266 0.4002
vn 0 0 0
v 11.4868 -0.506262 1.01802 0.57885 0.758959 0.399836
vn 0 0 0
v 11.4705 -0.268317 0.995427 0.576092 0.756465 0.399442
vn 0 0 0
v 11.441 -0.0775138 0.977815 0.573943 0.75452 0.399135
vn 0 0 0
v 11.4209 0.0631989 0.964357 0.572301 0.753034 0.3989
vn 0 0 0
v 11.5636 5.90951 0.490349 0.514457 0.700699 0.390637
vn -0.0897296 0.0582677 0.99426
v 11.4428 6.03459 0.472714 0.512305 0.698752 0.390329
vn -0.0878111 0.0574871 0.994477
v 11.5008 8.53113 0.340929 0.496223 0.684202 0.388032
vn -0.105897 0.0609239 0.992509
v 11.4019 8.67869 0.31641 0.493231 0.681495 0.387604
vn -0.00789383 0.158753 0.987287
v 11.4974 12.112 -0.008635 0.453566 0.645607 0.381938
vn -0.0812801 0.0700312 0.994228
v 11.4789 14.6636 -0.200659 0.430133 0.624406 0.37859
vn -0.0930492 0.0763788 0.992728
v 11.4758 17.6494 -0.416599 0.403782 0.600564 0.374826
vn -0.0933207 0.0749436 0.992812
v 11.4745 19.4461 -0.549333 0.387584 0.585909 0.372512
vn -0.0887945 0.0761809 0.993132
v 11.4801 21.6603 -0.723412 0.366341 0.566689 0.369477
vn -0.0871728 0.0802386 0.992957
v 11.7497 -24.5229 3.03722 0.79 0.95 0.43
vn -0.0971422 0.112939 0.988842
v 11.7215 -20.7439 2.67419 0.780954 0.941815 0.428708
vn -0.0474371 0.0166735 0.998735
v 11.7661 -20.4363 2.67102 0.780566 0.941465 0.428652
vn -0.0481295 0.0173133 0.998691
v 11.6615 -17.5234 2.38083 0.745154 0.909425 0.423593
vn -0.0940777 0.0905466 0.991439
v 11.6908 -17.3225 2.3797 0.745016 0.9093 0.423574
vn -0.0351602 0.0108388 0.999323
v 11.7151 -17.1777 2.37894 0.744923 0.909216 0.42356
vn -0.0375983 0.0123648 0.999216
v 11.646 -13.0523 2.08236 0.708731 0.876471 0.41839
vn -0.101631 0.0983071 0.989953
v 11.7483 -12.9748 2.08314 0.708827 0.876558 0.418404
vn -0.100731 0.0975763 0.990117
v 11.6886 -9.86654 1.76109 0.669527 0.841001 0.41279
vn -0.10445 0.0977796 0.989712
v 11.7933 -9.73142 1.75849 0.66921 0.840714 0.412744
vn -0.103222 0.099826 0.989636
v 11.7452 5.66543 0.525013 0.518687 0.704527 0.391241
vn -0.0932954 0.0633718 0.99362
v 11.6467 5.81597 0.503484 0.51606 0.70215 0.390866
vn -0.0958307 0.0652675 0.993256
v 11.7505 8.34358 0.372619 0.500091 0.687701 0.388584
vn -0.0955099 0.053622 0.993983
v 11.6499 8.4261 0.358835 0.498409 0.686179 0.388344
vn -0.0937578 0.0526605 0.994201
v 11.6869 11.9772 0.0184261 0.456868 0.648595 0.38241
vn -0.0829027 0.0715952 0.993983
v 11.6845 14.532 -0.171639 0.433674 0.62761 0.379096
vn -0.0920523 0.0761097 0.992841
v 11.6741 17.54 -0.389822 0.407049 0.603521 0.375293
vn -0.0907186 0.0730551 0.993193
v 11.6956 19.3402 -0.52115 0.391023 0.589021 0.373003
vn -0.0881979 0.0768899 0.993131
v 11.7424 21.5744 -0.694803 0.369832 0.569848 0.369976
vn -0.0618256 0.139058 0.988352
v 11.6169 21.6395 -0.711844 0.367753 0.567967 0.369679
vn -0.0570895 0.152184 0.986702
v 11.8826 -24.508 3.04456 0.79 0.95 0.43
vn -0.0826177 0.13461 0.987448
v 11.8386 -24.1082 3.03195 0.79 0.95 0.43
vn -0.0578069 0.0269491 0.997964
v 11.8592 -20.4422 2.67553 0.781117 0.941963 0.428731
vn -0.0470622 0.01759 0.998737
v 11.8756 -17.0932 2.38353 0.745484 0.909724 0.423641
vn -0.0360751 0.0165243 0.999212
v 11.8496 -12.8582 2.0834 0.708859 0.876587 0.418408
vn -0.0971293 0.10178 0.990054
v 11.9482 -12.7755 2.08384 0.708913 0.876636 0.418416
vn -0.0981747 0.102178 0.98991
v 11.8597 -9.6459 1.75668 0.668989 0.840514 0.412713
vn -0.101578 0.101462 0.98964
v 11.9554 -9.51794 1.75383 0.668641 0.840199 0.412663
vn -0.105135 0.0962211 0.989792
v 11.8994 5.49953 0.547389 0.521418 0.706997 0.391631
vn -0.095197 0.0618839 0.993533
v 11.8943 8.23568 0.39053 0.502276 0.689678 0.388897
vn -0.0867353 0.0488444 0.995033
v 11.8895 11.8719 0.0408356 0.459603 0.651069 0.3828
vn -0.0808015 0.069639 0.994294
v 11.9298 14.3788 -0.137921 0.437789 0.631333 0.379684
vn -0.09046 0.0764147 0.992964
v 11.8597 14.4538 -0.15233 0.436031 0.629742 0.379433
vn -0.0400961 0.152389 0.987507
v 11.9634 17.394 -0.35305 0.411537 0.607581 0.375934
vn -0.0963946 0.0753929 0.992484
v 11.8304 17.4672 -0.370813 0.409369 0.60562 0.375624
vn -0.0896 0.07224 0.993355
v 11.9176 19.2377 -0.493556 0.39439 0.592068 0.373484
vn -0.0886303 0.0758405 0.993173
v 11.8853 21.4798 -0.672591 0.372543 0.572301 0.370363
vn -0.0841335 0.0784373 0.993363
v 12.1915 -24.4194 3.06009 0.79 0.95 0.43
vn -0.103751 0.152672 0.982816
v 12.0734 -24.3843 3.05243 0.79 0.95 0.43
vn -0.0570975 0.0255089 0.998043
v 12.1616 -20.6487 2.69337 0.783294 0.943933 0.429042
vn -0.0447864 0.0169432 0.998853
v 12.1173 -20.42 2.68721 0.782543 0.943253 0.428935
vn -0.0466336 0.0180302 0.998749
v 12.1737 -20.2864 2.6874 0.782565 0.943273 0.428938
vn -0.0462978 0.0180574 0.998764
v 12.1127 -17.0361 2.3909 0.746384 0.910538 0.423769
vn -0.0336596 0.0108259 0.999375
v 12.1829 -16.9557 2.39223 0.746546 0.910685 0.423792
vn -0.0350091 0.0157304 0.999263
v 12.0419 -12.6906 2.08408 0.708942 0.876662 0.41842
vn -0.100929 0.0990828 0.989947
v 12.1713 -12.5628 2.08411 0.708946 0.876665 0.418421
vn -0.0978768 0.101458 0.990013
v 12.1007 -9.30248 1.74875 0.668022 0.839639 0.412575
vn -0.106351 0.0948383 0.989796
v 12.1987 -9.15217 1.74494 0.667556 0.839217 0.412508
vn -0.104122 0.0975984 0.989764
v 12.1782 5.15515 0.593361 0.527028 0.712073 0.392433
vn -0.0923945 0.052689 0.994327
v 12.0506 5.31764 0.571826 0.5244 0.709695 0.392057
vn -0.0982746 0.0613238 0.993268
v 12.0783 8.12458 0.408908 0.504519 0.691708 0.389217
vn -0.0868238 0.0539953 0.994759
v 12.1244 11.7312 0.0694204 0.463091 0.654225 0.383299
vn -0.0774022 0.0662432 0.994797
v 12.1922 14.1757 -0.0962261 0.442877 0.635936 0.380411
vn -0.0871695 0.0731517 0.993504
v 12.081 14.2732 -0.115609 0.440512 0.633796 0.380073
vn -0.0957857 0.080636 0.992131
v 12.1261 17.2965 -0.330246 0.414319 0.610098 0.376331
vn -0.0974681 0.0762055 0.992317
v 12.1391 19.1417 -0.467109 0.397618 0.594988 0.373945
vn -0.0877895 0.0759553 0.993239
v 12.1821 21.3867 -0.641125 0.376382 0.575775 0.370912
vn -0.0835584 0.0780239 0.993444
v 12.0767 21.4625 -0.658259 0.374292 0.573883 0.370613
vn -0.0568675 0.149208 0.987169
v 12.3085 -24.3499 3.06497 0.79 0.95 0.43
vn -0.128558 0.133862 0.982626
v 12.38 -24.1909 3.06492 0.79 0.95 0.43
vn -0.0567839 0.0259507 0.998049
v 12.3346 -20.1394 2.69204 0.783132 0.943786 0.429019
vn -0.0450962 0.0183273 0.998815
v 12.3059 -16.8965 2.39551 0.746945 0.911046 0.423849
vn -0.0313521 0.0128454 0.999426
v 12.2977 -12.4508 2.0841 0.708945 0.876664 0.418421
vn -0.0954257 0.104076 0.989981
v 12.2702 -9.05593 1.74217 0.667218 0.838911 0.41246
vn -0.10442 0.0977941 0.989714
v 12.3471 -8.94401 1.7389 0.666819 0.838551 0.412403
vn -0.105992 0.0955837 0.989762
v 12.3553 4.90294 0.626498 0.531072 0.715731 0.39301
vn -0.108237 0.068769 0.991744
v 12.2737 5.05043 0.60672 0.528658 0.713548 0.392665
vn -0.106606 0.0674966 0.992008
v 12.3346 7.91795 0.442041 0.508562 0.695366 0.389795
vn -0.087443 0.0567132 0.994554
v 12.2269 8.03027 0.424256 0.506392 0.693402 0.389485
vn -0.00702889 0.149822 0.988688
v 12.3032 11.6397 0.0884873 0.465418 0.65633 0.383631
vn -0.0707854 0.0635337 0.995466
v 12.3245 14.1282 -0.0837992 0.444393 0.637308 0.380628
vn -0.0375045 0.152324 0.987619
v 12.2987 17.1506 -0.29994 0.418018 0.613444 0.37686
vn -0.0995152 0.0795337 0.991852
v 12.3163 19.0823 -0.44855 0.399883 0.597037 0.374269
vn -0.084612 0.0791444 0.993266
v 12.3322 21.3376 -0.625013 0.378349 0.577554 0.371193
vn -0.0836324 0.0788834 0.99337
v 12.5861 -25.4067 3.26538 0.79 0.95 0.43
vn -0.124217 0.140266 0.982291
v 12.5076 -24.1435 3.07087 0.79 0.95 0.43
vn -0.0564207 0.0275209 0.998028
v 12.4737 -20.0321 2.69631 0.783653 0.944257 0.429093
vn -0.045246 0.0192383 0.998791
v 12.554 -19.9415 2.69817 0.78388 0.944463 0.429126
vn -0.0444958 0.0212074 0.998784
v 12.492 -16.6538 2.39818 0.747271 0.911341 0.423896
vn -0.0349117 0.016939 0.999247
v 12.4632 -12.2774 2.0834 0.708859 0.876587 0.418408
vn -0.0971318 0.103543 0.989871
v 12.4104 -8.82617 1.73561 0.666418 0.838188 0.412345
vn -0.109974 0.0873449 0.990089
v 12.4836 -8.68884 1.73156 0.665924 0.83774 0.412275
vn -0.10518 0.0954301 0.989864
v 12.5754 -8.55176 1.72697 0.665364 0.837234 0.412195
vn -0.103032 0.0992447 0.989715
v 12.5736 4.51915 0.676594 0.537185 0.721262 0.393884
vn -0.106985 0.0652971 0.992114
v 12.4771 4.68115 0.655781 0.534645 0.718965 0.393521
vn -0.110103 0.0708926 0.991389
v 12.5353 7.70067 0.47593 0.512698 0.699107 0.390385
vn -0.0907086 0.0590612 0.994125
v 12.4356 7.8182 0.45771 0.510474 0.697096 0.390068
vn -0.0962769 0.0659591 0.993167
v 12.4906 11.5524 0.106874 0.467661 0.65836 0.383952
vn -0.0798634 0.0686141 0.994442
v 12.4777 14.0243 -0.0620268 0.44705 0.639712 0.381007
vn -0.0823704 0.0707298 0.994089
v 12.5449 16.9733 -0.261484 0.42271 0.61769 0.37753
vn -0.0496455 0.144892 0.988201
v 12.4594 17.0503 -0.277064 0.420809 0.61597 0.377258
vn -0.0883802 0.0750161 0.993258
v 12.5096 18.9283 -0.415629 0.4039 0.600671 0.374843
vn -0.0913656 0.0751965 0.992974
v 12.4252 19.0263 -0.43439 0.401611 0.5986 0.374516
vn -0.0935875 0.0834328 0.992109
v 12.524 21.2769 -0.60478 0.380818 0.579787 0.371545
vn -0.0855128 0.0826033 0.992907
v 12.6824 -24.0886 3.07921 0.79 0.95 0.43
vn -0.125567 0.141561 0.981933
v 12.6784 -19.9995 2.70481 0.78469 0.945195 0.429241
vn -0.0441564 0.018831 0.998847
v 12.7161 -16.5423 2.40354 0.747926 0.911933 0.423989
vn -0.0308906 0.0144937 0.999418
v 12.7869 -16.191 2.40038 0.74754 0.911583 0.423934
vn -0.0305152 0.0154523 0.999415
v 12.6631 -12.0774 2.08222 0.708714 0.876456 0.418388
vn -0.102803 0.0993869 0.989724
v 12.7528 -11.9498 2.08091 0.708555 0.876312 0.418365
vn -0.105042 0.0955985 0.989862
v 12.6341 -8.46169 1.72383 0.66498 0.836887 0.41214
vn -0.10299 0.100084 0.989634
v 12.7262 -8.31964 1.71867 0.66435 0.836317 0.41205
vn -0.105394 0.0966101 0.989727
v 12.7381 4.15517 0.723565 0.542917 0.726449 0.394702
vn 0.0284866 0.137964 0.990027
v 12.6654 4.32401 0.701845 0.540266 0.724051 0.394324
vn -0.10346 0.0655253 0.992473
v 12.7376 7.54227 0.500308 0.515673 0.701799 0.39081
vn -0.0897906 0.059638 0.994174
v 12.6456 7.62133 0.48822 0.514197 0.700464 0.3906
vn -0.0792689 0.0519644 0.995498
v 12.7253 11.3629 0.142104 0.471961 0.66225 0.384566
vn -0.0809945 0.0678637 0.994402
v 12.6303 11.437 0.128311 0.470277 0.660727 0.384325
vn -0.0882224 0.0753943 0.993243
v 12.6822 13.9334 -0.0404508 0.449683 0.642094 0.381383
vn -0.0826875 0.0720995 0.993964
v 12.6838 16.9088 -0.245129 0.424706 0.619496 0.377815
vn -0.0925068 0.0774899 0.992692
v 12.6731 18.8486 -0.395143 0.4064 0.602933 0.3752
vn -0.0939405 0.0805586 0.992313
v 12.7528 21.1502 -0.573211 0.38467 0.583273 0.372096
vn -0.0844165 0.0792588 0.993273
v 12.6491 21.2195 -0.589154 0.382725 0.581513 0.371818
vn -0.0595752 0.138761 0.988532
v 12.8856 -23.9423 3.08661 0.79 0.95 0.43
vn -0.0564297 0.028406 0.998002
v 12.8275 -20.0151 2.71168 0.785529 0.945954 0.429361
vn -0.043518 0.0170679 0.998907
v 12.9565 -19.9265 2.71557 0.786003 0.946383 0.429429
vn -0.0437854 0.0220365 0.998798
v 12.8435 -16.4264 2.40567 0.748186 0.912168 0.424027
vn -0.0294394 0.0151637 0.999452
v 12.8014 -16.1127 2.39958 0.747442 0.911495 0.42392
vn -0.0338409 0.0177116 0.99927
v 12.8395 -11.8577 2.08001 0.708445 0.876212 0.418349
vn -0.102159 0.100161 0.989713
v 12.9532 -11.7329 2.0786 0.708272 0.876056 0.418325
vn -0.100496 0.101144 0.989783
v 12.8404 -8.10508 1.71096 0.66341 0.835466 0.411916
vn -0.106253 0.0931392 0.989967
v 12.9418 -7.88192 1.70279 0.662413 0.834564 0.411773
vn -0.109202 0.0857033 0.990318
v 12.9679 3.72857 0.77554 0.549259 0.732187 0.395608
vn -0.0986673 0.0621329 0.993179
v 12.8799 3.88999 0.756157 0.546894 0.730047 0.395271
vn -0.101817 0.0694839 0.992374
v 12.8074 4.05933 0.734926 0.544303 0.727703 0.3949
vn -0.102598 0.0688861 0.992335
v 12.9534 7.3165 0.534313 0.519822 0.705553 0.391403
vn -0.0908895 0.0597584 0.994066
v 12.856 7.43667 0.516303 0.517625 0.703565 0.391089
vn -0.00513964 0.144138 0.989544
v 12.886 11.2666 0.160769 0.474238 0.664311 0.384891
vn -0.0752663 0.065392 0.995017
v 12.9421 13.775 -0.00682645 0.453787 0.645807 0.38197
vn -0.0791721 0.0696977 0.994421
v 12.8598 13.8369 -0.0192176 0.452274 0.644439 0.381753
vn -0.0363498 0.149375 0.988112
v 12.9743 16.736 -0.205636 0.429526 0.623856 0.378504
vn -0.085345 0.0734464 0.993641
v 12.8411 16.8099 -0.222916 0.427417 0.621949 0.378202
vn -0.090025 0.075639 0.993063
v 12.9053 18.6855 -0.35908 0.410801 0.606915 0.375829
vn -0.0938711 0.0787434 0.992465
v 12.9032 21.1433 -0.563185 0.385894 0.58438 0.372271
vn -0.0592565 0.13838 0.988605
v 13.0773 -23.8795 3.09546 0.79 0.95 0.43
vn -0.112576 0.137509 0.984082
v 13.1409 -23.7148 3.0945 0.79 0.95 0.43
vn -0.0559363 0.0285082 0.998027
v 13.1477 -19.9316 2.72393 0.787023 0.947307 0.429575
vn -0.0424087 0.0162655 0.998968
v 13.0649 -16.2161 2.40888 0.748578 0.912523 0.424083
vn -0.0288387 0.0161138 0.999454
v 13.1523 -16.1643 2.41054 0.74878 0.912705 0.424111
vn -0.0283375 0.0161584 0.999468
v 13.1924 -15.899 2.40722 0.748375 0.912339 0.424054
vn -0.0284022 0.0168949 0.999454
v 13.0184 -11.6567 2.07762 0.708154 0.875949 0.418308
vn -0.101232 0.100397 0.989784
v 13.1232 -11.5295 2.0758 0.707931 0.875747 0.418276
vn -0.104472 0.0967991 0.989806
v 13.0401 -7.65879 1.69415 0.661358 0.83361 0.411623
vn -0.107867 0.0883185 0.990235
v 13.1144 -7.49566 1.68745 0.66054 0.83287 0.411506
vn -0.106863 0.0905397 0.990143
v 13.1697 -7.38542 1.6826 0.659949 0.832335 0.411421
vn -0.10807 0.0886888 0.990179
v 13.1235 3.45374 0.807596 0.553171 0.735726 0.396167
vn -0.0995352 0.0624505 0.993072
v 13.0402 3.60627 0.789833 0.551004 0.733765 0.395858
vn -0.0980937 0.0607325 0.993322
v 13.1448 7.11592 0.563942 0.523438 0.708825 0.39192
vn -0.094687 0.0629104 0.993517
v 13.0343 7.23045 0.547099 0.521383 0.706965 0.391626
vn -0.09148 0.0591522 0.994049
v 13.1024 11.1384 0.185393 0.477243 0.66703 0.38532
vn -0.0813365 0.0680346 0.994362
v 13.0983 13.6999 0.010143 0.455857 0.64768 0.382265
vn -0.0824335 0.0748333 0.993783
v 13.1261 16.6552 -0.186527 0.431857 0.625966 0.378837
vn -0.0827796 0.0734557 0.993857
v 13.1185 18.5656 -0.330414 0.414299 0.61008 0.376328
vn -0.0887513 0.0764315 0.993117
v 13.1779 20.993 -0.525826 0.390453 0.588505 0.372922
vn -0.085098 0.0807594 0.993094
v 13.0771 21.0906 -0.545407 0.388063 0.586343 0.37258
vn -0.0490274 0.156226 0.986504
v 13.2938 -23.7118 3.1027 0.79 0.95 0.43
vn -0.053857 0.0273657 0.998174
v 13.248 -19.8694 2.72696 0.787393 0.947641 0.429628
vn -0.0428489 0.0208752 0.998863
v 13.3278 -19.7769 2.72844 0.787573 0.947804 0.429653
vn -0.0431227 0.0218028 0.998832
v 13.2294 -16.0947 2.41156 0.748904 0.912818 0.424129
vn -0.0264667 0.0162526 0.999518
v 13.3329 -15.902 2.41114 0.748853 0.912772 0.424122
vn -0.0261327 0.0165263 0.999522
v 13.3576 -15.7806 2.40968 0.748675 0.91261 0.424096
vn -0.0271826 0.0185909 0.999458
v 13.3149 -11.2746 2.07156 0.707414 0.875279 0.418202
vn -0.104974 0.0967076 0.989762
v 13.2178 -7.27399 1.67778 0.65936 0.831802 0.411337
vn -0.109242 0.0871431 0.990188
v 13.2818 -7.10439 1.67041 0.658461 0.830988 0.411209
vn -0.109075 0.0865415 0.990259
v 13.3575 -6.89889 1.66115 0.657331 0.829966 0.411047
vn -0.111047 0.0809336 0.990514
v 13.3803 2.99338 0.859376 0.55949 0.741443 0.39707
vn -0.103549 0.0609604 0.992754
v 13.3114 3.09893 0.848038 0.558106 0.740191 0.396872
vn -0.0994115 0.0555953 0.993492
v 13.2271 3.2696 0.828592 0.555733 0.738045 0.396533
vn -0.103212 0.0663746 0.992442
v 13.3162 6.90512 0.594568 0.527175 0.712206 0.392454
vn -0.0957475 0.0643196 0.993325
v 13.3263 10.9373 0.220996 0.481588 0.67096 0.385941
vn -0.0239758 0.148099 0.988682
v 13.2245 11.0442 0.202509 0.479332 0.668919 0.385619
vn -0.0868714 0.0708516 0.993697
v 13.298 13.552 0.0394858 0.459438 0.65092 0.382777
vn -0.0762335 0.0677904 0.994783
v 13.3118 16.5266 -0.15895 0.435223 0.629011 0.379318
vn -0.0466881 0.143458 0.988555
v 13.2958 18.5063 -0.312433 0.416493 0.612065 0.376642
vn -0.0844795 0.0763699 0.993494
v 13.3097 20.9549 -0.512711 0.392053 0.589953 0.37315
vn -0.0490924 0.151954 0.987168
v 13.4764 -23.6683 3.11133 0.79 0.95 0.43
vn -0.110665 0.135291 0.984606
v 13.5721 -23.563 3.11355 0.79 0.95 0.43
vn -0.052826 0.0272949 0.998231
v 13.4742 -19.7128 2.73325 0.788161 0.948336 0.429737
vn -0.0404052 0.0207437 0.998968
v 13.5357 -19.4633 2.73051 0.787827 0.948034 0.42969
vn -0.0432947 0.0223595 0.998812
v 13.4947 -15.7321 2.41247 0.749015 0.912919 0.424145
vn -0.0266723 0.0186539 0.99947
v 13.4569 -11.0777 2.06781 0.706956 0.874865 0.418137
vn -0.103236 0.0995283 0.989665
v 13.4228 -6.68882 1.65159 0.656164 0.82891 0.410881
vn -0.109175 0.0854793 0.99034
v 13.4782 -6.54326 1.6444 0.655287 0.828116 0.410755
vn -0.109615 0.0829886 0.990504
v 13.5378 -6.33142 1.63417 0.654038 0.826987 0.410577
vn -0.110087 0.0828212 0.990465
v 13.5915 -6.17161 1.62591 0.653031 0.826076 0.410433
vn -0.110659 0.0825211 0.990427
v 13.5406 2.66944 0.89494 0.56383 0.74537 0.39769
vn -0.104631 0.0598341 0.99271
v 13.4381 2.87251 0.872852 0.561134 0.742931 0.397305
vn -0.103063 0.0580234 0.992981
v 13.5532 6.57185 0.642129 0.532979 0.717457 0.393283
vn -0.0987946 0.0645855 0.99301
v 13.4807 6.69657 0.62442 0.530818 0.715502 0.392974
vn -0.100824 0.0699363 0.992443
v 13.5741 10.7512 0.254329 0.485656 0.674641 0.386522
vn -0.0803962 0.0677712 0.994456
v 13.4778 10.8311 0.240279 0.483941 0.673089 0.386277
vn -0.0856606 0.0704802 0.993828
v 13.551 13.5017 0.0558127 0.46143 0.652723 0.383061
vn -0.0341047 0.149203 0.988218
v 13.5185 16.4589 -0.139368 0.437612 0.631173 0.379659
vn -0.0869312 0.0750838 0.993381
v 13.5523 18.3801 -0.280868 0.420345 0.61555 0.377192
vn -0.089407 0.0836917 0.992473
v 13.4547 18.4512 -0.296118 0.418484 0.613866 0.376926
vn -0.0846022 0.0786778 0.993304
v 13.561 20.768 -0.471981 0.397023 0.59445 0.37386
vn -0.0919449 0.0853358 0.992101
v 13.443 20.8391 -0.488766 0.394975 0.592596 0.373568
vn -0.0905452 0.081651 0.99254
v 13.6081 -23.4454 3.11221 0.79 0.95 0.43
vn -0.0537749 0.0279226 0.998163
v 13.7155 -23.3664 3.11569 0.79 0.95 0.43
vn -0.052461 0.0286748 0.998211
v 13.7269 -19.3039 2.73487 0.788358 0.948514 0.429765
vn -0.0399364 0.0209447 0.998983
v 13.6197 -15.6638 2.41449 0.749262 0.913142 0.42418
vn -0.0246311 0.0170655 0.999551
v 13.7017 -15.4581 2.41269 0.749043 0.912944 0.424149
vn -0.0271063 0.0214728 0.999402
v 13.6015 -10.9035 2.06421 0.706517 0.874468 0.418074
vn -0.101779 0.100991 0.989667
v 13.7466 -10.7107 2.05979 0.705977 0.873979 0.417997
vn -0.105185 0.0959302 0.989815
v 13.6176 -6.07556 1.621 0.652432 0.825534 0.410347
vn -0.111903 0.0789947 0.990574
v 13.6655 -5.8829 1.61102 0.651213 0.824431 0.410173
vn -0.108181 0.0931376 0.989759
v 13.7615 -5.66181 1.59781 0.649601 0.822973 0.409943
vn -0.110868 0.0909392 0.989666
v 13.799 -5.52793 1.59024 0.648678 0.822137 0.409811
vn -0.108966 0.0979391 0.989209
v 13.7541 2.1768 0.947824 0.570283 0.751209 0.398612
vn -0.104527 0.0596339 0.992733
v 13.6865 2.32942 0.931775 0.568325 0.749437 0.398332
vn -0.106858 0.0603333 0.992442
v 13.6246 2.48133 0.915365 0.566322 0.747625 0.398046
vn -0.108021 0.0652579 0.992004
v 13.7299 6.31034 0.678626 0.537433 0.721487 0.393919
vn -0.101903 0.0634101 0.992771
v 13.6323 6.46625 0.656916 0.534784 0.71909 0.393541
vn -0.102853 0.0689741 0.992302
v 13.6932 10.6729 0.268472 0.487381 0.676202 0.386769
vn -0.0886711 0.0720177 0.993454
v 13.7054 13.3676 0.0810853 0.464514 0.655513 0.383502
vn -0.0753457 0.0662744 0.994953
v 13.6343 13.4416 0.0676455 0.462874 0.654029 0.383268
vn -0.0341689 0.146822 0.988573
v 13.6816 16.3613 -0.117639 0.440264 0.633572 0.380038
vn -0.0807605 0.0708456 0.994213
v 13.6538 18.2781 -0.261076 0.42276 0.617735 0.377537
vn -0.0891592 0.076614 0.993066
v 13.6669 20.6939 -0.455533 0.39903 0.596266 0.374147
vn -0.0932341 0.0834172 0.992144
v 13.9282 -23.3679 3.12691 0.79 0.95 0.43
vn -0.0520503 0.0272859 0.998272
v 13.9352 -19.2252 2.74149 0.789167 0.949246 0.429881
vn -0.039637 0.021126 0.998991
v 13.8181 -19.1973 2.7362 0.78852 0.948661 0.429789
vn -0.0405895 0.0238733 0.998891
v 13.8922 -15.2669 2.41366 0.74916 0.91305 0.424166
vn -0.0239754 0.0195816 0.999521
v 13.9689 -15.0558 2.41119 0.748859 0.912778 0.424123
vn -0.026396 0.0218919 0.999412
v 13.8918 -13.7453 2.38032 0.745092 0.909369 0.423585
vn -0.0698051 0.0714478 0.994999
v 13.882 -10.4947 2.0544 0.705319 0.873384 0.417903
vn -0.105789 0.0952424 0.989817
v 13.9715 -10.3749 2.05122 0.704931 0.873033 0.417847
vn -0.104073 0.0970528 0.989823
v 13.8318 -5.4168 1.58375 0.647886 0.821421 0.409698
vn 0.0309434 0.0506586 0.998237
v 13.8866 -5.3076 1.57651 0.647002 0.820621 0.409572
vn -0.110094 0.0969187 0.989185
v 13.9255 -5.13081 1.56616 0.64574 0.819479 0.409391
vn -0.112052 0.0891111 0.989699
v 13.9567 -4.97599 1.55699 0.644621 0.818466 0.409232
vn 0.0339058 0.0538444 0.997974
v 13.9901 1.28263 1.04266 0.581857 0.76168 0.400265
vn -0.109217 0.0822796 0.990607
v 13.9645 1.47972 1.02148 0.579271 0.759341 0.399896
vn -0.11003 0.0766348 0.990969
v 13.8941 1.71147 0.997549 0.576351 0.756699 0.399479
vn -0.10832 0.0802249 0.990874
v 13.8622 1.9142 0.975116 0.573614 0.754222 0.399088
vn -0.110863 0.0753838 0.990973
v 13.8084 2.07253 0.958355 0.571568 0.752371 0.398795
vn -0.106049 0.0566881 0.992744
v 13.9506 5.922 0.731822 0.543924 0.72736 0.394846
vn -0.108717 0.0693811 0.991649
v 13.8712 6.0683 0.711923 0.541496 0.725163 0.394499
vn -0.110445 0.0730038 0.991197
v 13.807 6.20304 0.693386 0.539234 0.723117 0.394176
vn 9.57783e-05 0.136341 0.990662
v 13.9535 10.3944 0.31514 0.493076 0.681355 0.387582
vn -0.0171823 0.147763 0.988874
v 13.8663 10.4925 0.298873 0.491091 0.679559 0.387299
vn -0.0890768 0.073943 0.993276
v 13.903 13.2467 0.105636 0.46751 0.658224 0.38393
vn -0.0872053 0.0741574 0.993426
v 13.8864 16.284 -0.0970237 0.44278 0.635848 0.380397
vn -0.0807071 0.0683788 0.99439
v 13.8797 18.1727 -0.234356 0.426021 0.620686 0.378003
vn -0.0843245 0.0768378 0.993471
v 13.9363 20.5387 -0.41845 0.403556 0.60036 0.374794
vn -0.0872389 0.0809069 0.992896
v 13.8378 20.6335 -0.437228 0.401264 0.598287 0.374466
vn -0.0515536 0.146445 0.987875
v 14.0916 -23.246 3.13197 0.79 0.95 0.43
vn -0.0521351 0.0288347 0.998224
v 14.0543 -19.091 2.74317 0.789371 0.949431 0.42991
vn -0.038108 0.0220034 0.999031
v 14.1663 -18.948 2.74427 0.789505 0.949552 0.429929
vn -0.037911 0.0224852 0.999028
v 14.0836 -14.918 2.41095 0.74883 0.912751 0.424119
vn -0.0234571 0.0221719 0.999479
v 14.0351 -10.268 2.04826 0.70457 0.872706 0.417796
vn -0.105828 0.0954809 0.98979
v 14.1352 -10.101 2.04343 0.703981 0.872173 0.417712
vn -0.105668 0.0968623 0.989673
v 14.0109 -4.87847 1.54989 0.643754 0.817682 0.409108
vn -0.113873 0.0886324 0.989534
v 14.0464 -4.69053 1.5383 0.64234 0.816403 0.408906
vn -0.112525 0.0969088 0.988912
v 14.128 -4.46254 1.52245 0.640405 0.814652 0.408629
vn -0.117658 0.0913873 0.98884
v 14.1655 -4.28483 1.51067 0.638968 0.813352 0.408424
vn -0.119786 0.089752 0.988734
v 14.1827 -4.19089 1.50441 0.638204 0.812661 0.408315
vn -0.118404 0.0939231 0.988514
v 14.184 0.532703 1.1162 0.590831 0.769799 0.401547
vn -0.110173 0.0700872 0.991438
v 14.1469 0.69604 1.10046 0.58891 0.768061 0.401273
vn -0.109757 0.0705312 0.991453
v 14.0965 0.885205 1.08218 0.586679 0.766043 0.400954
vn -0.108917 0.0688579 0.991663
v 14.032 1.13117 1.05786 0.583711 0.763358 0.40053
vn -0.109334 0.0721512 0.991383
v 14.1692 5.53631 0.783238 0.550199 0.733037 0.395743
vn -0.106704 0.0659371 0.992102
v 14.0968 5.69287 0.762413 0.547657 0.730738 0.39538
vn -0.108833 0.0707403 0.99154
v 14.0315 5.81905 0.745527 0.545597 0.728873 0.395085
vn 0.00732015 0.137603 0.99046
v 14.1515 10.1974 0.347916 0.497076 0.684974 0.388154
vn -0.0182085 0.14474 0.989302
v 14.0742 10.3126 0.329466 0.494825 0.682936 0.387832
vn -0.0781278 0.0661347 0.994747
v 14.0693 13.0971 0.133225 0.470877 0.66127 0.384411
vn -0.0836024 0.06983 0.99405
v 14.1517 16.1599 -0.0670842 0.446433 0.639154 0.380919
vn -0.0813113 0.0673525 0.99441
v 14.0501 16.2132 -0.0793525 0.444936 0.637799 0.380705
vn -0.0818685 0.0677729 0.994336
v 14.1084 18.0719 -0.208311 0.429199 0.623561 0.378457
vn -0.0809472 0.076608 0.99377
v 14.0976 20.4675 -0.399339 0.405888 0.60247 0.375127
vn -0.0813781 0.0780105 0.993626
v 14.307 -23.1231 3.13956 0.79 0.95 0.43
vn -0.050368 0.0281483 0.998334
v 14.2522 -22.6984 3.12449 0.79 0.95 0.43
vn -0.0510726 0.0298256 0.998249
v 14.2252 -18.8329 2.74386 0.789456 0.949508 0.429922
vn -0.0394443 0.0239519 0.998935
v 14.2964 -18.6736 2.74282 0.789329 0.949393 0.429904
vn -0.0384124 0.0244536 0.998963
v 14.2805 -14.7107 2.41084 0.748817 0.912739 0.424117
vn -0.0223601 0.0226016 0.999494
v 14.2663 -9.8973 2.03718 0.703218 0.871483 0.417603
vn -0.106988 0.0934315 0.989861
v 14.363 -9.74171 2.03216 0.702606 0.870929 0.417515
vn -0.103685 0.0978098 0.989789
v 14.2031 -4.09771 1.498 0.637421 0.811953 0.408203
vn -0.11388 0.104232 0.988012
v 14.2591 -3.92548 1.48523 0.635863 0.810543 0.40798
vn -0.117594 0.0964462 0.988367
v 14.2923 -3.70908 1.47017 0.634025 0.80888 0.407718
vn -0.117213 0.0919876 0.988837
v 14.3282 -3.46765 1.4529 0.631918 0.806973 0.407417
vn -0.11819 0.0835073 0.989473
v 14.3284 -3.31362 1.44244 0.630642 0.805819 0.407235
vn -0.117717 0.0706163 0.990533
v 14.3249 -3.14262 1.43072 0.629211 0.804525 0.40703
vn -0.116961 0.0727059 0.990472
v 14.3219 -2.90849 1.41417 0.627192 0.802698 0.406742
vn -0.115124 0.075347 0.990489
v 14.3195 -2.69495 1.39865 0.625298 0.800984 0.406471
vn -0.113234 0.0797954 0.990359
v 14.3302 -2.48403 1.38238 0.623313 0.799188 0.406188
vn -0.11203 0.0871787 0.989873
v 14.3495 -2.27041 1.36517 0.621212 0.797287 0.405887
vn -0.111519 0.0916245 0.989529
v 14.3683 -2.09257 1.35043 0.619414 0.79566 0.405631
vn -0.111079 0.0915595 0.989585
v 14.3676 -1.93818 1.33802 0.617899 0.79429 0.405414
vn -0.110632 0.0869491 0.990051
v 14.3852 -1.7116 1.31871 0.615543 0.792158 0.405078
vn -0.110442 0.091373 0.989673
v 14.3895 -1.50814 1.3014 0.613431 0.790247 0.404776
vn -0.109702 0.0886887 0.99
v 14.397 -1.28199 1.28162 0.611017 0.788063 0.404431
vn -0.110093 0.0789052 0.990784
v 14.3784 -1.11544 1.2677 0.609318 0.786526 0.404188
vn -0.110631 0.0818595 0.990485
v 14.3835 -0.948736 1.25256 0.607471 0.784855 0.403924
vn -0.112699 0.0893404 0.989605
v 14.3786 -0.721499 1.23198 0.604959 0.782582 0.403566
vn -0.113437 0.0825102 0.990113
v 14.3754 -0.50867 1.21222 0.602547 0.7804 0.403221
vn -0.114956 0.0786888 0.990249
v 14.3519 -0.282758 1.19157 0.600028 0.778121 0.402861
vn -0.115532 0.0758886 0.990401
v 14.3135 -0.0721425 1.17252 0.597703 0.776017 0.402529
vn -0.114139 0.0716225 0.99088
v 14.2832 0.0921679 1.15739 0.595857 0.774347 0.402265
vn -0.113528 0.0734197 0.990818
v 14.2417 0.310713 1.13687 0.593353 0.772081 0.401908
vn -0.112815 0.072246 0.990986
v 14.2099 0.442464 1.12459 0.591854 0.770725 0.401693
vn -0.111543 0.0714236 0.99119
v 14.3426 5.31238 0.81202 0.553711 0.736215 0.396244
vn -0.0992611 0.0577059 0.993387
v 14.253 5.42939 0.797056 0.551885 0.734563 0.395984
vn -0.103252 0.0626739 0.992679
v 14.38 9.99059 0.382211 0.501261 0.68876 0.388752
vn -0.0197187 0.142312 0.989625
v 14.2794 10.1055 0.363639 0.498995 0.68671 0.388428
vn -0.0163964 0.146443 0.989083
v 14.3079 12.9491 0.162645 0.474467 0.664518 0.384924
vn -0.0841945 0.0685409 0.994089
v 14.3113 16.0867 -0.0494239 0.448588 0.641104 0.381227
vn -0.0822515 0.0675625 0.994319
v 14.3283 17.9268 -0.176666 0.433061 0.627055 0.379009
vn -0.0871913 0.0805525 0.992929
v 14.32 20.3623 -0.372141 0.409207 0.605473 0.375601
vn -0.0812614 0.0832918 0.993206
v 14.5209 -22.88 3.1434 0.79 0.95 0.43
vn -0.0501845 0.0286716 0.998328
v 14.4771 -18.657 2.74926 0.79 0.95 0.43
vn -0.0374672 0.0239469 0.999011
v 14.5467 -18.2436 2.74174 0.789196 0.949273 0.429885
vn -0.0367671 0.0247514 0.999017
v 14.4921 -18.0618 2.73521 0.7884 0.948552 0.429771
vn -0.0368659 0.0268226 0.99896
v 14.4345 -14.4883 2.40908 0.748602 0.912545 0.424086
vn -0.0210006 0.0231984 0.99951
v 14.5985 -14.279 2.40751 0.74841 0.912371 0.424059
vn -0.020158 0.0239762 0.999509
v 14.4258 -9.63482 2.0286 0.702171 0.870536 0.417453
vn -0.104354 0.0975298 0.989747
v 14.4981 -9.51397 2.02442 0.701661 0.870075 0.41738
vn -0.104002 0.0988108 0.989657
v 14.5853 -9.36588 2.01916 0.701019 0.869493 0.417288
vn -0.105603 0.0966023 0.989705
v 14.5724 4.96851 0.855565 0.559025 0.741023 0.397004
vn -0.101301 0.0661543 0.992654
v 14.4809 5.10168 0.838864 0.556987 0.739179 0.396712
vn -0.101452 0.0630181 0.992842
v 14.5723 9.7473 0.420801 0.50597 0.693021 0.389424
vn 0 0 0
v 14.4807 9.85476 0.403712 0.503885 0.691134 0.389126
vn -0.0204679 0.1415 0.989727
v 14.5426 12.7696 0.196231 0.478566 0.668226 0.385509
vn -0.0844212 0.0690959 0.994032
v 14.4309 12.8518 0.180759 0.476678 0.666518 0.38524
vn -0.0870941 0.0705567 0.993698
v 14.5333 15.9644 -0.0220628 0.451927 0.644125 0.381704
vn -0.0440297 0.139511 0.989241
v 14.4659 16.0033 -0.0306032 0.450885 0.643182 0.381555
vn -0.0838434 0.0676951 0.994177
v 14.5789 17.7834 -0.143884 0.437061 0.630674 0.37958
vn -0.0790945 0.07659 0.993921
v 14.4677 17.8398 -0.157381 0.435414 0.629184 0.379345
vn -0.0831299 0.0761053 0.993628
v 14.5443 20.2603 -0.345414 0.412468 0.608424 0.376067
vn -0.0843861 0.0809109 0.993143
v 14.6866 -22.7638 3.14832 0.79 0.95 0.43
vn -0.0500676 0.0310381 0.998263
v 14.6097 -18.6331 2.75364 0.79 0.95 0.43
vn -0.0364359 0.021883 0.999096
v 14.6724 -18.5215 2.75323 0.79 0.95 0.43
vn -0.0352281 0.0243153 0.999083
v 14.6975 -18.0421 2.74214 0.789246 0.949318 0.429892
vn -0.0362214 0.0277337 0.998959
v 14.7507 -14.146 2.40725 0.748378 0.912342 0.424054
vn -0.0195347 0.0247997 0.999502
v 14.6459 -9.25779 2.01519 0.700535 0.869055 0.417219
vn -0.105002 0.0969021 0.98974
v 14.7597 -9.07789 2.00829 0.699693 0.868294 0.417099
vn -0.103867 0.0975946 0.989791
v 14.7417 4.66793 0.892995 0.563593 0.745155 0.397656
vn -0.0998028 0.0646192 0.992907
v 14.6459 4.85675 0.869467 0.560721 0.742557 0.397246
vn -0.100401 0.0670566 0.992685
v 14.7439 9.5716 0.448813 0.509389 0.696113 0.389913
vn -0.0134195 0.143119 0.989614
v 14.6568 9.65855 0.434958 0.507698 0.694584 0.389671
vn -0.0194484 0.138303 0.990199
v 14.6804 12.6935 0.211509 0.48043 0.669913 0.385776
vn -0.0835748 0.069996 0.99404
v 14.6847 15.9063 -0.00712628 0.45375 0.645774 0.381964
vn -0.0861885 0.0689959 0.993887
v 14.6852 17.72 -0.129692 0.438793 0.632241 0.379828
vn -0.0825754 0.0695559 0.994155
v 14.6981 20.1697 -0.324332 0.415041 0.610751 0.376434
vn -0.0838347 0.0796586 0.993291
v 14.9062 -22.7298 3.15827 0.79 0.95 0.43
vn -0.0494785 0.0293918 0.998343
v 14.934 -18.0598 2.75105 0.79 0.95 0.43
vn -0.0352624 0.0249484 0.999067
v 14.8473 -14.0094 2.40568 0.748186 0.912169 0.424027
vn -0.0192171 0.0264169 0.999466
v 14.9402 -13.9627 2.40622 0.748253 0.912229 0.424036
vn -0.0191764 0.0265967 0.999462
v 14.8551 -8.89082 2.00096 0.698798 0.867484 0.416971
vn -0.108334 0.0878057 0.990229
v 14.9277 -8.71367 1.99385 0.69793 0.866699 0.416847
vn -0.108561 0.0869668 0.990278
v 14.9385 4.31765 0.935588 0.56879 0.749858 0.398399
vn -0.101726 0.0654435 0.992657
v 14.84 4.50636 0.912691 0.565996 0.74733 0.397999
vn -0.0998117 0.06359 0.992972
v 14.9548 9.34705 0.484049 0.513688 0.700004 0.390527
vn -0.0131675 0.142373 0.989726
v 14.8503 9.44086 0.469164 0.511872 0.69836 0.390267
vn -0.0145709 0.141464 0.989836
v 14.9086 12.5055 0.245591 0.484589 0.673676 0.38637
vn -0.0857705 0.0702762 0.993833
v 14.8114 12.6002 0.229006 0.482565 0.671845 0.386081
vn -0.0322959 0.140221 0.989593
v 14.8843 15.7542 0.0231602 0.457446 0.649118 0.382492
vn -0.0832965 0.0689492 0.994137
v 14.9501 17.5935 -0.098898 0.442551 0.635641 0.380364
vn -0.0819916 0.0686007 0.994269
v 14.8175 17.691 -0.119063 0.44009 0.633415 0.380013
vn -0.0749085 0.0798668 0.993987
v 14.8856 20.1294 -0.308318 0.416995 0.612519 0.376714
vn -0.0701246 0.07628 0.994617
v 15.0962 -22.6896 3.16645 0.79 0.95 0.43
vn -0.0488143 0.0273744 0.998433
v 15.1294 -17.8909 2.75349 0.79 0.95 0.43
vn -0.0349179 0.0266725 0.999034
v 15.0485 -13.88 2.40605 0.748232 0.91221 0.424033
vn -0.0179636 0.0265768 0.999485
v 15.1217 -13.7663 2.40435 0.748024 0.912022 0.424003
vn -0.0190378 0.027936 0.999428
v 15.0215 -8.50463 1.98511 0.696865 0.865735 0.416695
vn -0.107436 0.08906 0.990215
v 15.1027 -8.31189 1.97678 0.695847 0.864814 0.41655
vn -0.107122 0.0904554 0.990123
v 15.1849 -8.11549 1.968 0.694776 0.863845 0.416397
vn -0.109075 0.0853423 0.990363
v 15.1972 3.76266 1.00154 0.576839 0.75714 0.399548
vn 0.0134945 0.121388 0.992513
v 15.1212 3.90471 0.985029 0.574823 0.755316 0.39926
vn -0.10398 0.0648239 0.992465
v 15.0272 4.12505 0.958782 0.571621 0.752419 0.398803
vn -0.105898 0.0718991 0.991774
v 15.1503 9.10421 0.521207 0.518223 0.704106 0.391175
vn -0.0117594 0.140738 0.989977
v 15.0516 9.22471 0.502807 0.515977 0.702075 0.390854
vn -0.0135922 0.14069 0.98996
v 15.1013 12.33 0.276518 0.488363 0.677091 0.386909
vn -0.0887976 0.072875 0.99338
v 15.017 12.4152 0.261806 0.486568 0.675466 0.386653
vn -0.0913747 0.0745944 0.993019
v 15.0987 15.6574 0.0460556 0.46024 0.651645 0.382891
vn -0.0815911 0.0673012 0.994391
v 15.0939 17.5237 -0.0821136 0.444599 0.637494 0.380657
vn -0.0846687 0.0708091 0.99389
v 15.1108 20.0684 -0.287471 0.419539 0.614821 0.377077
vn -0.0705116 0.0931858 0.993149
v 15.2064 -22.6105 3.16948 0.79 0.95 0.43
vn -0.0491459 0.0305264 0.998325
v 15.3161 -22.5309 3.1724 0.79 0.95 0.43
vn -0.0476921 0.029859 0.998416
v 15.355 -22.349 3.16873 0.79 0.95 0.43
vn -0.0496406 0.031517 0.99827
v 15.2751 -17.8055 2.75626 0.79 0.95 0.43
vn -0.032717 0.0240741 0.999175
v 15.3624 -17.6977 2.75632 0.79 0.95 0.43
vn -0.0338811 0.0272918 0.999053
v 15.233 -13.6833 2.40405 0.747988 0.911989 0.423998
vn -0.0166672 0.027034 0.999496
v 15.324 -13.5301 2.40136 0.747659 0.911692 0.423951
vn -0.0191279 0.0300294 0.999366
v 15.2127 -8.01999 1.96374 0.694256 0.863375 0.416322
vn -0.109525 0.085506 0.990299
v 15.2627 -7.89101 1.95774 0.693524 0.862712 0.416218
vn -0.108781 0.0876047 0.990198
v 15.3438 -7.68461 1.94787 0.69232 0.861623 0.416046
vn -0.109548 0.0844927 0.990384
v 15.3877 -7.52008 1.94002 0.691362 0.860756 0.415909
vn -0.110749 0.0810742 0.990536
v 15.3597 3.39268 1.0442 0.582044 0.761849 0.400292
vn -0.107079 0.0643478 0.992166
v 15.3217 3.49328 1.03262 0.580631 0.760571 0.40009
vn -0.104588 0.062499 0.99255
v 15.2295 3.66004 1.01365 0.578316 0.758477 0.399759
vn -0.104069 0.0612033 0.992685
v 15.3039 8.93717 0.546681 0.521331 0.706919 0.391619
vn -0.0143557 0.137836 0.990351
v 15.221 9.04219 0.530864 0.519401 0.705173 0.391343
vn -0.0117594 0.140738 0.989977
v 15.3526 12.1236 0.3132 0.49284 0.681141 0.387549
vn -0.0853838 0.070337 0.993862
v 15.2746 12.2327 0.295402 0.490668 0.679175 0.387238
vn -0.0276398 0.142098 0.989467
v 15.2804 15.5469 0.0693575 0.463083 0.654218 0.383298
vn -0.0836264 0.0687803 0.994121
v 15.3805 17.3578 -0.0451647 0.449108 0.641574 0.381301
vn -0.0837855 0.0683412 0.994138
v 15.2614 17.4669 -0.066052 0.446559 0.639268 0.380937
vn -0.047412 0.138405 0.98924
v 15.3171 19.9714 -0.262853 0.422543 0.617539 0.377506
vn -0.081917 0.0847129 0.993032
v 15.4989 -22.3191 3.17473 0.79 0.95 0.43
vn -0.0479017 0.0309889 0.998371
v 15.4648 -17.4973 2.75428 0.79 0.95 0.43
vn -0.0350991 0.0290344 0.998962
v 15.4625 -13.4016 2.40001 0.747495 0.911543 0.423928
vn -0.015665 0.0277161 0.999493
v 15.5253 -13.3189 2.39863 0.747326 0.91139 0.423904
vn -0.0193068 0.0313823 0.999321
v 15.4194 -7.4409 1.93605 0.690877 0.860317 0.41584
vn -0.106235 0.0913856 0.990133
v 15.4701 -7.31445 1.92959 0.690089 0.859604 0.415727
vn -0.108665 0.0855799 0.990388
v 15.5305 -7.09711 1.91854 0.68874 0.858384 0.415534
vn -0.110877 0.0794844 0.990651
v 15.5821 -6.8801 1.90727 0.687366 0.85714 0.415338
vn -0.110872 0.0805333 0.990566
v 15.5496 2.90962 1.09854 0.588675 0.767849 0.401239
vn -0.106665 0.0567065 0.992677
v 15.4801 3.08601 1.0789 0.586279 0.765681 0.400897
vn -0.108982 0.0654969 0.991884
v 15.4042 3.29542 1.0552 0.583386 0.763064 0.400484
vn -0.109561 0.0691828 0.99157
v 15.5986 8.59227 0.598243 0.527624 0.712612 0.392518
vn 0 0 0
v 15.4945 8.70869 0.580908 0.525508 0.710698 0.392215
vn 0 0 0
v 15.4136 8.80536 0.566488 0.523749 0.709106 0.391964
vn 0 0 0
v 15.4905 12.0568 0.326537 0.494467 0.682613 0.387781
vn -0.0735063 0.0626991 0.995322
v 15.5092 15.391 0.100857 0.466927 0.657696 0.383847
vn -0.0412167 0.138899 0.989448
v 15.4261 15.4757 0.0855021 0.465053 0.656001 0.383579
vn -0.0819367 0.0685599 0.994277
v 15.53 17.2767 -0.0267562 0.451354 0.643606 0.381622
vn -0.0866387 0.0704642 0.993745
v 15.4787 19.8929 -0.243313 0.424928 0.619697 0.377847
vn -0.0813572 0.0834636 0.993184
v 15.6909 -22.2861 3.18289 0.79 0.95 0.43
vn -0.0452436 0.0287954 0.998561
v 15.777 -22.0967 3.18104 0.79 0.95 0.43
vn -0.0474787 0.0316678 0.99837
v 15.6605 -17.486 2.76044 0.79 0.95 0.43
vn -0.0326732 0.0271082 0.999098
v 15.7227 -17.3798 2.75949 0.79 0.95 0.43
vn -0.0332862 0.029388 0.999014
v 15.6308 -13.2363 2.39786 0.747232 0.911306 0.42389
vn -0.0164877 0.0303507 0.999403
v 15.7458 -13.0922 2.39529 0.746919 0.911022 0.423846
vn -0.0182473 0.0330591 0.999287
v 15.6303 -6.67526 1.89635 0.686033 0.855935 0.415148
vn -0.111567 0.0802056 0.990515
v 15.6634 -6.5402 1.88897 0.685132 0.855119 0.415019
vn -0.111957 0.0783592 0.990619
v 15.7034 -6.33227 1.87749 0.683731 0.853852 0.414819
vn -0.110921 0.0852603 0.990165
v 15.7501 -6.0943 1.86398 0.682083 0.85236 0.414583
vn -0.111229 0.0927209 0.98946
v 15.7687 2.36204 1.15784 0.595912 0.774397 0.402273
vn -0.111219 0.0721736 0.991172
v 15.7378 2.4527 1.14809 0.594722 0.77332 0.402103
vn -0.111435 0.0702835 0.991283
v 15.6534 2.70598 1.1205 0.591355 0.770274 0.401622
vn -0.109266 0.0639611 0.991953
v 15.6883 8.48338 0.614262 0.529578 0.714381 0.392797
vn -0.014019 0.132713 0.991055
v 15.6898 11.9254 0.35059 0.497402 0.685269 0.3882
vn -0.0774965 0.0645985 0.994898
v 15.6594 15.3051 0.119088 0.469152 0.659709 0.384165
vn -0.08206 0.0709689 0.994097
v 15.7265 17.197 -0.00636125 0.453843 0.645858 0.381978
vn -0.0821032 0.0673369 0.994346
v 15.6561 17.2287 -0.0140847 0.452901 0.645005 0.381843
vn -0.0763424 0.0663385 0.994872
v 15.6841 19.7938 -0.218675 0.427934 0.622417 0.378276
vn -0.0773873 0.0790986 0.993858
v 15.6016 19.833 -0.228483 0.426738 0.621334 0.378105
vn -0.0771773 0.0795855 0.993836
v 15.8874 -21.9424 3.18136 0.79 0.95 0.43
vn -0.0477071 0.0326396 0.998328
v 15.8526 -17.2964 2.76131 0.79 0.95 0.43
vn -0.0325125 0.0291044 0.999047
v 15.9738 -17.1455 2.76081 0.79 0.95 0.43
vn -0.0288567 0.0288529 0.999167
v 15.9504 -16.9605 2.75465 0.79 0.95 0.43
vn -0.0318316 0.0294621 0.999059
v 15.917 -16.751 2.74738 0.789885 0.949896 0.429984
vn -0.0321796 0.0300628 0.99903
v 15.8261 -13.0061 2.39386 0.746744 0.910864 0.423821
vn -0.0179673 0.0336283 0.999273
v 15.8988 -12.9139 2.39204 0.746522 0.910663 0.423789
vn -0.0104318 0.0295103 0.99951
v 15.9687 -12.7817 2.38887 0.746135 0.910313 0.423734
vn -0.0119997 0.0304979 0.999463
v 15.8177 -5.90621 1.85257 0.680691 0.851101 0.414384
vn -0.109479 0.0986706 0.98908
v 15.8826 -5.71419 1.84071 0.679244 0.849792 0.414178
vn -0.113299 0.0872864 0.989719
v 15.9255 -5.47652 1.82623 0.677476 0.848192 0.413925
vn -0.113845 0.0896033 0.98945
v 15.964 -5.27645 1.8137 0.675947 0.846809 0.413707
vn -0.116906 0.0823255 0.989725
v 15.9838 -5.13893 1.80503 0.674888 0.845851 0.413555
vn -0.11614 0.090172 0.989131
v 15.9886 1.54142 1.24423 0.606454 0.783934 0.403779
vn -0.109515 0.0718767 0.991383
v 15.9577 1.688 1.22901 0.604596 0.782254 0.403514
vn -0.110944 0.080084 0.990595
v 15.9022 1.92472 1.20421 0.60157 0.779516 0.403081
vn -0.110384 0.0736495 0.991156
v 15.8362 2.13101 1.18256 0.598929 0.777126 0.402704
vn -0.110992 0.0753638 0.99096
v 15.8016 2.29048 1.16534 0.596827 0.775225 0.402404
vn 0.0152181 0.111127 0.99369
v 15.9442 8.1505 0.662458 0.53546 0.719702 0.393637
vn -0.0102877 0.134309 0.990886
v 15.8572 8.29004 0.642541 0.533029 0.717503 0.39329
vn -0.0104138 0.134927 0.990801
v 15.9212 11.7431 0.382454 0.501291 0.688787 0.388756
vn 0 0 0
v 15.8077 11.8311 0.367072 0.499414 0.687089 0.388488
vn 0 0 0
v 15.9267 15.076 0.161949 0.474382 0.664441 0.384912
vn -0.0405609 0.13592 0.989889
v 15.8149 15.2156 0.137964 0.471455 0.661793 0.384494
vn -0.0977106 0.0777248 0.992175
v 15.8765 17.118 0.0116136 0.456037 0.647843 0.382291
vn -0.0830864 0.0676965 0.99424
v 15.8769 19.7162 -0.197746 0.430488 0.624728 0.378641
vn -0.0751533 0.0813345 0.993849
v 16.0772 -21.8966 3.18874 0.79 0.95 0.43
vn -0.0461736 0.0312761 0.998444
v 16.1279 -16.6986 2.7523 0.79 0.95 0.43
vn -0.0290638 0.029322 0.999147
v 16.1638 -16.2065 2.73822 0.788767 0.948884 0.429824
vn -0.0297948 0.0336327 0.99899
v 16.0212 -12.6954 2.38682 0.745886 0.910087 0.423698
vn -0.010583 0.0301787 0.999488
v 16.1044 -12.5904 2.38453 0.745605 0.909834 0.423658
vn -0.0136588 0.0339655 0.99933
v 16.0157 -4.93443 1.79184 0.67328 0.844396 0.413326
vn -0.120725 0.0818532 0.989306
v 16.0454 -4.71429 1.77741 0.671519 0.842803 0.413074
vn -0.119566 0.0888778 0.98884
v 16.0881 -4.5419 1.76555 0.670071 0.841493 0.412867
vn -0.116963 0.100705 0.988017
v 16.1486 -4.29809 1.74838 0.667977 0.839598 0.412568
vn -0.118815 0.0955104 0.988312
v 16.1814 -4.11346 1.73536 0.666387 0.838159 0.412341
vn -0.118912 0.0933852 0.988503
v 16.1954 0.576649 1.34044 0.618195 0.794558 0.405456
vn -0.113206 0.073592 0.990842
v 16.1757 0.708793 1.32749 0.616614 0.793127 0.405231
vn -0.112837 0.075944 0.990707
v 16.1439 0.909357 1.30765 0.614193 0.790936 0.404885
vn -0.111468 0.0742073 0.990994
v 16.1068 1.08193 1.29051 0.612102 0.789045 0.404586
vn -0.110596 0.0729824 0.991182
v 16.0551 1.30328 1.2683 0.609392 0.786592 0.404199
vn -0.109455 0.0702544 0.991506
v 16.1333 7.89815 0.698334 0.539838 0.723663 0.394263
vn -0.0100884 0.133332 0.99102
v 16.0415 8.06318 0.675196 0.537014 0.721108 0.393859
vn -0.00849341 0.135075 0.990799
v 16.1631 11.5416 0.416934 0.505498 0.692594 0.389357
vn -0.027333 0.135384 0.990416
v 16.0577 11.6314 0.40168 0.503637 0.69091 0.389091
vn 0 0 0
v 16.1485 14.9953 0.182058 0.476836 0.666661 0.385262
vn -0.0981826 0.074714 0.99236
v 16.0891 15.0519 0.171832 0.475588 0.665532 0.385084
vn -0.0908303 0.0660582 0.993673
v 16.1351 16.9701 0.0440345 0.459993 0.651422 0.382856
vn -0.0790805 0.0660141 0.99468
v 16.0311 17.0373 0.0299671 0.458276 0.649869 0.382611
vn -0.0850371 0.0694528 0.993954
v 16.0711 19.6357 -0.176432 0.433089 0.627081 0.379013
vn -0.0504251 0.140183 0.988841
v 16.2743 -21.8586 3.19664 0.79 0.95 0.43
vn -0.0439305 0.0284797 0.998629
v 16.3593 -21.7466 3.19691 0.79 0.95 0.43
vn -0.0459388 0.0327209 0.998408
v 16.2177 -16.519 2.74954 0.789983 0.949985 0.429998
vn -0.0299897 0.0306369 0.999081
v 16.2137 -16.3552 2.74435 0.789515 0.949561 0.429931
vn -0.030205 0.0309608 0.999064
v 16.2293 -12.4908 2.38285 0.745401 0.909648 0.423629
vn -0.0114257 0.0313999 0.999442
v 16.3598 -12.2779 2.37726 0.744719 0.909031 0.423531
vn -0.0146539 0.0352117 0.999272
v 16.232 -3.91265 1.72062 0.664589 0.836533 0.412084
vn -0.117922 0.0926553 0.988691
v 16.2624 -3.69631 1.70487 0.662666 0.834793 0.411809
vn -0.118628 0.0865747 0.989157
v 16.284 -3.47807 1.68881 0.660707 0.833021 0.41153
vn -0.118721 0.0772024 0.989922
v 16.291 -3.25546 1.67238 0.658702 0.831206 0.411243
vn -0.117724 0.0761021 0.990126
v 16.306 -3.0911 1.65986 0.657173 0.829823 0.411025
vn -0.115811 0.0802472 0.990024
v 16.3258 -2.93016 1.6473 0.655641 0.828437 0.410806
vn -0.113684 0.0820623 0.990122
v 16.3427 -2.71093 1.6301 0.653543 0.826539 0.410506
vn -0.112309 0.086004 0.989944
v 16.3624 -2.49276 1.61261 0.651408 0.824607 0.410201
vn -0.111468 0.0918075 0.989518
v 16.3878 -2.279 1.59504 0.649263 0.822667 0.409895
vn -0.111026 0.0952521 0.989242
v 16.3939 -0.911602 1.47823 0.635009 0.80977 0.407858
vn -0.111243 0.0804255 0.990534
v 16.392 -0.746323 1.46328 0.633186 0.80812 0.407598
vn -0.112462 0.0814661 0.990311
v 16.3576 -0.529448 1.44402 0.630835 0.805994 0.407262
vn -0.114232 0.0796984 0.990252
v 16.3362 -0.313208 1.42424 0.628421 0.80381 0.406917
vn -0.114423 0.073116 0.990738
v 16.2938 -0.105487 1.40536 0.626116 0.801724 0.406588
vn -0.115474 0.0752817 0.990454
v 16.2682 0.120561 1.38408 0.62352 0.799375 0.406217
vn -0.115082 0.0751376 0.99051
v 16.2439 0.281401 1.36882 0.621658 0.797691 0.405951
vn -0.114313 0.0759146 0.99054
v 16.2166 0.482972 1.3494 0.619288 0.795546 0.405613
vn -0.11384 0.0765083 0.990549
v 16.3885 7.57959 0.743037 0.545293 0.728598 0.395042
vn -0.00657981 0.132065 0.991219
v 16.2777 7.69343 0.72701 0.543337 0.726829 0.394762
vn -0.0091198 0.130683 0.991382
v 16.3407 11.3702 0.445267 0.508956 0.695722 0.389851
vn -0.0251087 0.136613 0.990306
v 16.2712 11.4469 0.432866 0.507443 0.694353 0.389635
vn -0.024109 0.138255 0.990103
v 16.2717 14.8809 0.202771 0.479364 0.668948 0.385623
vn -0.0877745 0.0732432 0.993444
v 16.3019 16.9086 0.0602008 0.461966 0.653207 0.383138
vn -0.0764442 0.0685223 0.994717
v 16.3202 19.553 -0.152015 0.436069 0.629777 0.379438
vn -0.0462701 0.150408 0.987541
v 16.4741 -21.6736 3.19976 0.79 0.95 0.43
vn -0.0465881 0.0353548 0.998288
v 16.5301 -16.3432 2.75328 0.79 0.95 0.43
vn -0.0285905 0.0300828 0.999138
v 16.4988 -12.0683 2.3716 0.744028 0.908406 0.423433
vn -0.0142147 0.0374728 0.999197
v 16.5785 -11.9411 2.36796 0.743584 0.908004 0.423369
vn -0.0129728 0.0370966 0.999227
v 16.4118 -2.07853 1.57826 0.647216 0.820815 0.409602
vn -0.110794 0.087819 0.989956
v 16.4179 -1.89522 1.563 0.645354 0.81913 0.409336
vn -0.110437 0.0914116 0.98967
v 16.4333 -1.73204 1.54901 0.643646 0.817585 0.409092
vn -0.110306 0.0899271 0.989821
v 16.4414 -1.51412 1.53029 0.641362 0.815518 0.408766
vn -0.110403 0.0878376 0.989998
v 16.4385 -1.29463 1.51133 0.639048 0.813425 0.408435
vn -0.110935 0.0820308 0.990436
v 16.4267 -1.0877 1.49333 0.636852 0.811438 0.408122
vn -0.110677 0.0764756 0.99091
v 16.413 -0.996432 1.48547 0.635893 0.81057 0.407985
vn -0.108372 0.0648598 0.991992
v 16.5751 7.35903 0.773538 0.549015 0.731966 0.395574
vn -0.0909857 0.0738399 0.993111
v 16.4417 7.48337 0.75621 0.546901 0.730053 0.395272
vn -0.00842018 0.129615 0.991529
v 16.5753 11.1531 0.481017 0.513319 0.699669 0.390474
vn -0.0252776 0.134899 0.990537
v 16.4558 11.281 0.460454 0.510809 0.697399 0.390116
vn -0.0245378 0.136929 0.990277
v 16.5073 14.534 0.259807 0.486324 0.675246 0.386618
vn -0.0390692 0.134332 0.990166
v 16.4393 14.6839 0.236544 0.483485 0.672677 0.386212
vn -0.0381742 0.136802 0.989863
v 16.5903 16.797 0.0886834 0.465442 0.656352 0.383635
vn -0.0820101 0.0782101 0.993558
v 16.4754 16.8503 0.0761608 0.463914 0.654969 0.383416
vn -0.0750843 0.0706185 0.994674
v 16.5172 19.4748 -0.131063 0.438626 0.63209 0.379804
vn -0.0507703 0.137075 0.989259
v 16.6253 -21.6474 3.20575 0.79 0.95 0.43
vn -0.04204 0.0275959 0.998735
v 16.735 -21.5087 3.20608 0.79 0.95 0.43
vn -0.0461594 0.0352117 0.998313
v 16.6446 -16.2459 2.7535 0.79 0.95 0.43
vn -0.0290848 0.0324232 0.999051
v 16.7336 -16.1177 2.75189 0.79 0.95 0.43
vn -0.0291417 0.0332517 0.999022
v 16.6396 -11.861 2.36573 0.743312 0.907758 0.42333
vn -0.00942266 0.036497 0.999289
v 16.6535 -11.6939 2.35976 0.742583 0.907099 0.423226
vn -0.0103847 0.0366929 0.999273
v 16.7291 7.08313 0.810699 0.55355 0.736069 0.396221
vn -0.0981099 0.0832611 0.991686
v 16.6449 7.25344 0.787886 0.550766 0.73355 0.395824
vn -0.0974064 0.0840049 0.991693
v 16.7888 10.883 0.523163 0.518462 0.704322 0.391209
vn -0.0234436 0.135045 0.990562
v 16.6912 11.045 0.498654 0.515471 0.701616 0.390782
vn -0.0231587 0.135917 0.990449
v 16.7089 14.5656 0.263209 0.486739 0.675621 0.386677
vn -0.0848864 0.0657651 0.994218
v 16.7429 16.6862 0.110692 0.468127 0.658782 0.384018
vn -0.0911113 0.0806551 0.992569
v 16.7003 19.4216 -0.1143 0.440671 0.633941 0.380096
vn -0.0439792 0.155362 0.986878
v 16.8949 -21.419 3.21023 0.79 0.95 0.43
vn -0.0425946 0.0310933 0.998608
v 16.9529 -21.3468 3.21037 0.79 0.95 0.43
vn -0.0452148 0.0348334 0.99837
v 16.8621 -15.9311 2.74936 0.79 0.95 0.43
vn -0.029 0.0336982 0.999011
v 16.9194 -15.726 2.74409 0.789483 0.949533 0.429926
vn -0.0288765 0.0337674 0.999012
v 16.9168 -15.5761 2.73895 0.788856 0.948965 0.429837
vn -0.0298159 0.0349834 0.998943
v 16.8577 -11.4883 2.35405 0.741887 0.906469 0.423127
vn -0.00879255 0.0364445 0.999297
v 16.9821 -11.3302 2.34913 0.741286 0.905925 0.423041
vn 0 0 0
v 16.999 6.58792 0.876108 0.561532 0.743291 0.397362
vn -0.0953166 0.076965 0.992467
v 16.9174 6.72365 0.85831 0.55936 0.741326 0.397051
vn -0.094842 0.0758852 0.992596
v 16.8336 6.87479 0.838378 0.556928 0.739125 0.396704
vn -0.0977289 0.0801947 0.991977
v 16.9577 10.7454 0.545791 0.521223 0.706821 0.391603
vn -0.0228927 0.134303 0.990676
v 16.8891 10.8218 0.533825 0.519763 0.7055 0.391395
vn -0.0222025 0.136097 0.990447
v 16.8572 14.4662 0.282467 0.489089 0.677747 0.387013
vn -0.0816972 0.0690031 0.994266
v 16.8975 16.5772 0.132459 0.470784 0.661185 0.384398
vn -0.0793299 0.0807243 0.993575
v 16.8759 19.35 -0.0955242 0.442963 0.636014 0.380423
vn -0.0516112 0.131789 0.989933
v 17.0696 -21.2752 3.21308 0.79 0.95 0.43
vn -0.0435661 0.033539 0.998487
v 17.1708 -21.1845 3.21443 0.79 0.95 0.43
vn -0.040016 0.0313652 0.998707
v 17.1897 -20.925 3.20633 0.79 0.95 0.43
vn -0.0435768 0.0345079 0.998454
v 17.0409 -15.5287 2.74067 0.789065 0.949154 0.429866
vn -0.0250964 0.0339013 0.99911
v 17.0283 -15.2707 2.7314 0.787934 0.948131 0.429705
vn -0.029626 0.0358413 0.998918
v 17.1509 -15.1786 2.73138 0.787932 0.948129 0.429705
vn -0.0261072 0.0355851 0.999026
v 17.056 -11.2182 2.34539 0.74083 0.905513 0.422976
vn 0 0 0
v 17.1558 -11.0611 2.33997 0.740168 0.904914 0.422881
vn 0 0 0
v 17.1161 6.31764 0.911004 0.56579 0.747143 0.39797
vn -0.097177 0.0817471 0.991904
v 17.0438 6.46958 0.891423 0.563401 0.744982 0.397629
vn -0.0971672 0.0826814 0.991828
v 17.1405 10.5297 0.579137 0.525292 0.710502 0.392185
vn -0.0208514 0.135166 0.990604
v 17.0422 10.6326 0.563023 0.523326 0.708723 0.391904
vn -0.0230234 0.133913 0.990726
v 17.0772 14.3227 0.310333 0.49249 0.680824 0.387499
vn -0.0795958 0.0699123 0.994373
v 17.1339 16.1525 0.200336 0.479067 0.668679 0.385581
vn -0.0873073 0.0684588 0.993826
v 17.0733 16.2099 0.189936 0.477798 0.667531 0.3854
vn -0.0968879 0.0832771 0.991805
v 17.0817 16.468 0.155465 0.473591 0.663725 0.384799
vn -0.0783656 0.0797459 0.99373
v 17.0779 19.2735 -0.0748139 0.44549 0.6383 0.380784
vn -0.0517202 0.130784 0.990061
v 17.2176 -21.0991 3.21354 0.79 0.95 0.43
vn -0.0428272 0.0342748 0.998494
v 17.2045 -20.8031 3.20275 0.79 0.95 0.43
vn -0.0460036 0.0354691 0.998311
v 17.2755 -20.7483 3.2039 0.79 0.95 0.43
vn -0.0428502 0.0349046 0.998472
v 17.289 -15.0703 2.73107 0.787895 0.948095 0.429699
vn -0.0244104 0.0346666 0.999101
v 17.3693 -14.9676 2.72942 0.787693 0.947913 0.42967
vn -0.0255936 0.0363063 0.999013
v 17.3947 -14.7983 2.72389 0.787019 0.947303 0.429574
vn -0.026382 0.036982 0.998968
v 17.251 -10.8866 2.33364 0.739395 0.904215 0.422771
vn 0 0 0
v 17.3312 -10.7423 2.32827 0.73874 0.903622 0.422677
vn 0 0 0
v 17.3775 5.789 0.978055 0.573972 0.754547 0.399139
vn -0.00278342 0.122326 0.992486
v 17.3248 5.90385 0.963652 0.572215 0.752956 0.398888
vn -0.0950836 0.0751075 0.992632
v 17.2404 6.07375 0.942165 0.569593 0.750584 0.398513
vn -0.0969636 0.079355 0.992119
v 17.3111 10.2789 0.616611 0.529865 0.71464 0.392838
vn -0.0206246 0.132853 0.990921
v 17.2049 10.4456 0.591901 0.52685 0.711912 0.392407
vn -0.0189059 0.134873 0.990682
v 17.2768 14.0827 0.35032 0.497369 0.685239 0.388196
vn -0.0376016 0.13343 0.990345
v 17.3347 16.2479 0.196325 0.478577 0.668237 0.385511
vn -0.0434944 0.133397 0.990108
v 17.3824 19.1758 -0.0460956 0.448994 0.641471 0.381285
vn -0.0490558 0.133568 0.989825
v 17.286 19.203 -0.0546684 0.447948 0.640525 0.381135
vn -0.0512176 0.131335 0.990014
v 17.4733 -20.842 3.21565 0.79 0.95 0.43
vn -0.0414145 0.0336798 0.998574
v 17.4689 -20.6985 3.21043 0.79 0.95 0.43
vn -0.0423561 0.0351262 0.998485
v 17.4082 -20.498 3.20078 0.79 0.95 0.43
vn -0.0425186 0.0373068 0.998399
v 17.4235 -14.9143 2.72885 0.787623 0.947849 0.42966
vn -0.0227699 0.0351137 0.999124
v 17.4924 -14.6836 2.72208 0.786797 0.947102 0.429542
vn -0.0236261 0.0366114 0.99905
v 17.5457 -14.5338 2.71779 0.786274 0.946629 0.429468
vn -0.0245833 0.0385972 0.998952
v 17.4444 -10.5177 2.31956 0.737677 0.90266 0.422525
vn 0 0 0
v 17.5304 -10.3157 2.31138 0.736679 0.901757 0.422383
vn 0 0 0
v 17.5865 -10.1438 2.30414 0.735795 0.900958 0.422256
vn -0.00173752 0.0432932 0.999061
v 17.5745 5.3963 1.0267 0.579909 0.759918 0.399987
vn -0.0936951 0.0741132 0.992839
v 17.5097 5.5255 1.0108 0.577969 0.758162 0.39971
vn -0.095668 0.0792397 0.992254
v 17.446 5.68054 0.991616 0.575627 0.756044 0.399375
vn -0.0944006 0.0745857 0.992736
v 17.5556 9.963 0.663903 0.535636 0.719861 0.393662
vn -0.0212257 0.131228 0.991125
v 17.4527 10.1278 0.639817 0.532697 0.717202 0.393242
vn -0.0196796 0.133208 0.990893
v 17.5733 13.9263 0.382248 0.501266 0.688764 0.388752
vn -0.0954657 0.077453 0.992415
v 17.4823 14.0067 0.368113 0.499541 0.687203 0.388506
vn -0.0918149 0.0762973 0.992849
v 17.4889 16.1048 0.222283 0.481745 0.671103 0.385964
vn -0.043239 0.13233 0.990262
v 17.4428 16.2328 0.203097 0.479404 0.668984 0.385629
vn -0.0798584 0.0752123 0.993965
v 17.5967 18.7995 0.014813 0.456427 0.648196 0.382347
vn -0.070921 0.0840404 0.993935
v 17.5511 18.9477 -0.00716285 0.453745 0.64577 0.381964
vn -0.0498709 0.131687 0.990036
v 17.4584 19.0587 -0.0266254 0.45137 0.643621 0.381624
vn -0.0506924 0.131459 0.990025
v 17.6929 -20.5495 3.21461 0.79 0.95 0.43
vn -0.0419065 0.0355238 0.99849
v 17.7115 -14.4711 2.71939 0.78647 0.946806 0.429496
vn -0.0234451 0.0370748 0.999037
v 17.6206 -10.0448 2.2999 0.735279 0.90049 0.422183
vn -0.00665292 0.0458883 0.998924
v 17.6752 -9.94154 2.29553 0.734745 0.900007 0.422106
vn -0.00665292 0.0458883 0.998924
v 17.7396 -9.75353 2.28723 0.733732 0.899091 0.421962
vn -0.00920574 0.0472355 0.998841
v 17.7892 4.97076 1.07831 0.586207 0.765616 0.400887
vn 0.000672072 0.118944 0.992901
v 17.718 5.08826 1.06416 0.58448 0.764053 0.40064
vn -0.00320801 0.117668 0.993048
v 17.6331 5.28316 1.04054 0.581597 0.761445 0.400228
vn -0.0931813 0.0732051 0.992954
v 17.7392 9.72424 0.699188 0.539942 0.723757 0.394277
vn -0.0217537 0.128724 0.991442
v 17.655 9.85496 0.68024 0.53763 0.721665 0.393947
vn -0.0192737 0.132116 0.991047
v 17.7353 13.7553 0.411048 0.50478 0.691944 0.389254
vn -0.100389 0.0759653 0.992044
v 17.6494 13.8378 0.396898 0.503053 0.690382 0.389008
vn -0.097781 0.0775307 0.992183
v 17.73 15.8162 0.271289 0.487725 0.676513 0.386818
vn -0.0752543 0.0673534 0.994887
v 17.7188 16.0694 0.236974 0.483538 0.672725 0.38622
vn -0.0770045 0.0796917 0.993841
v 17.7133 18.7213 0.0310552 0.458409 0.649989 0.38263
vn -0.0855741 0.0833257 0.992841
v 17.8787 -20.4829 3.22001 0.79 0.95 0.43
vn -0.0396427 0.0332744 0.99866
v 17.9017 -20.3096 3.21471 0.79 0.95 0.43
vn -0.0419622 0.0366272 0.998448
v 17.8682 -14.3093 2.71689 0.786164 0.946529 0.429452
vn -0.0244869 0.0395381 0.998918
v 17.9569 -14.1902 2.71432 0.785851 0.946246 0.429407
vn -0.0242834 0.0399073 0.998908
v 17.8465 -9.52575 2.27704 0.732488 0.897966 0.421784
vn 0 0 0
v 17.9565 -9.30502 2.2669 0.731252 0.896847 0.421607
vn 0 0 0
v 17.9657 4.55787 1.1273 0.592185 0.771024 0.401741
vn 0 0 0
v 17.9028 4.70656 1.10976 0.590044 0.769088 0.401435
vn 0.00552945 0.120538 0.992693
v 17.8198 4.87891 1.08929 0.587547 0.766828 0.401078
vn 0.000672072 0.118944 0.992901
v 17.9743 9.31298 0.757639 0.547075 0.730211 0.395296
vn -0.0191349 0.129187 0.991436
v 17.8956 9.51206 0.730106 0.543715 0.727171 0.394816
vn -0.0192268 0.129501 0.991393
v 17.9801 13.548 0.447423 0.509219 0.69596 0.389888
vn -0.101809 0.0747542 0.991991
v 17.851 13.6435 0.430136 0.507109 0.694051 0.389587
vn -0.0919119 0.0657759 0.993592
v 17.9453 15.911 0.267837 0.487304 0.676132 0.386758
vn -0.0802209 0.0762107 0.993859
v 17.9269 18.6954 0.0451979 0.460135 0.651551 0.382876
vn -0.0494955 0.130192 0.990253
v 17.9157 18.816 0.0286882 0.45812 0.649728 0.382589
vn -0.0495045 0.131941 0.990021
v 18.055 -20.2812 3.22 0.79 0.95 0.43
vn -0.0405243 0.0359335 0.998532
v 18.0761 -20.1077 3.21452 0.79 0.95 0.43
vn -0.0420415 0.0376195 0.998407
v 18.0552 -14.1222 2.71389 0.785798 0.946198 0.4294
vn -0.0211509 0.0384405 0.999037
v 18.1409 -13.9928 2.71069 0.785407 0.945845 0.429344
vn -0.0221298 0.0399407 0.998957
v 18.0542 -9.08407 2.25641 0.729971 0.895688 0.421424
vn -0.0066081 0.0514537 0.998654
v 18.1411 -8.87297 2.24611 0.728714 0.894551 0.421245
vn -0.00391083 0.0509998 0.998691
v 18.1665 -8.72254 2.23852 0.727789 0.893714 0.421113
vn -0.00429524 0.0513743 0.99867
v 18.1789 4.16428 1.17299 0.597761 0.776069 0.402537
vn -0.0026154 0.113675 0.993515
v 18.1189 4.31029 1.15613 0.595703 0.774207 0.402243
vn -0.0026154 0.113675 0.993515
v 18.0086 4.47822 1.13662 0.593323 0.772054 0.401903
vn -0.0026154 0.113675 0.993515
v 18.1501 9.08863 0.789989 0.551023 0.733782 0.39586
vn -0.0179925 0.128117 0.991596
v 18.0917 9.21854 0.772081 0.548837 0.731805 0.395548
vn -0.017239 0.129569 0.99142
v 18.1445 13.3339 0.481628 0.513393 0.699737 0.390485
vn -0.0968302 0.0668721 0.993052
v 18.0449 13.447 0.463156 0.511139 0.697697 0.390163
vn -0.104338 0.0782982 0.991455
v 18.109 15.7152 0.300808 0.491327 0.679772 0.387332
vn -0.0764159 0.068561 0.994716
v 18.0192 15.8588 0.277934 0.488536 0.677247 0.386934
vn -0.0817742 0.0825852 0.993223
v 18.1179 18.7673 0.0452306 0.460139 0.651554 0.382877
vn -0.0491328 0.131596 0.990085
v 18.2344 -20.0837 3.22008 0.79 0.95 0.43
vn -0.038453 0.0363507 0.998599
v 18.2665 -19.9172 3.2152 0.79 0.95 0.43
vn -0.0409793 0.0375316 0.998455
v 18.3489 -19.7404 3.21191 0.79 0.95 0.43
vn -0.0384388 0.0369155 0.998579
v 18.3555 -19.4992 3.20308 0.79 0.95 0.43
vn -0.0405486 0.0376591 0.998468
v 18.2076 -19.0223 3.1791 0.79 0.95 0.43
vn -0.04056 0.0385676 0.998432
v 18.2697 -13.8339 2.70715 0.784975 0.945454 0.429282
vn -0.0224495 0.040915 0.99891
v 18.3928 -13.6663 2.70298 0.784467 0.944994 0.42921
vn -0.0215736 0.0410681 0.998923
v 18.3709 -13.5587 2.69807 0.783868 0.944452 0.429124
vn -0.0222764 0.0426636 0.998841
v 18.2199 -8.60256 2.23247 0.72705 0.893045 0.421007
vn -0.000413398 0.0510451 0.998696
v 18.2547 -8.47305 2.22579 0.726235 0.892308 0.420891
vn -0.00106122 0.0517652 0.998659
v 18.315 -8.31888 2.21776 0.725255 0.891421 0.420751
vn 0.00458036 0.0502522 0.998726
v 18.3821 -8.09499 2.20583 0.723799 0.890103 0.420543
vn -0.00495593 0.0561055 0.998413
v 18.3772 3.75541 1.21946 0.603431 0.7812 0.403347
vn 0 0 0
v 18.2885 3.91891 1.201 0.601179 0.779162 0.403026
vn 0 0 0
v 18.2243 4.07617 1.18309 0.598992 0.777184 0.402713
vn 0 0 0
v 18.3415 8.79248 0.831504 0.556089 0.738366 0.396584
vn -0.0899036 0.0743005 0.993175
v 18.2768 8.93599 0.811934 0.553701 0.736205 0.396243
vn -0.0168056 0.128155 0.991612
v 18.3547 13.1471 0.513562 0.51729 0.703262 0.391041
vn -0.10051 0.0689512 0.992544
v 18.2573 13.2162 0.50111 0.51577 0.701888 0.390824
vn -0.0342809 0.1302 0.990895
v 18.3429 15.5868 0.327636 0.494601 0.682734 0.3878
vn -0.0807811 0.0806306 0.993465
v 18.2815 15.6398 0.318056 0.493432 0.681677 0.387633
vn -0.0858066 0.0799429 0.993099
v 18.3211 18.2412 0.124524 0.469815 0.660309 0.384259
vn -0.0805235 0.0822613 0.993352
v 18.3345 18.4686 0.0953107 0.46625 0.657084 0.38375
vn -0.0489775 0.130201 0.990277
v 18.2852 18.7505 0.0557575 0.461424 0.652717 0.383061
vn -0.0490814 0.13152 0.990098
v 18.4991 -19.446 3.20673 0.79 0.95 0.43
vn -0.0390882 0.0379212 0.998516
v 18.4076 -13.7696 2.70754 0.785023 0.945497 0.429289
vn -0.0207741 0.0402752 0.998973
v 18.4817 -13.5392 2.69961 0.784055 0.944622 0.429151
vn -0.0209273 0.0417396 0.998909
v 18.4656 -7.8659 2.19337 0.722278 0.888728 0.420325
vn -0.0014847 0.0556672 0.998448
v 18.4849 -7.71401 2.18493 0.721248 0.887796 0.420178
vn -0.00279357 0.0564118 0.998404
v 18.5439 -7.54175 2.17522 0.720064 0.886724 0.420009
vn 0.000240205 0.0565939 0.998397
v 18.581 -7.34536 2.16397 0.71869 0.885482 0.419813
vn -0.00396619 0.0587941 0.998262
v 18.5935 3.18765 1.28245 0.611118 0.788154 0.404445
vn 0.000683846 0.109136 0.994027
v 18.5652 3.32655 1.26715 0.609251 0.786465 0.404179
vn 0.00175722 0.109862 0.993945
v 18.4961 3.49149 1.24893 0.607028 0.784453 0.403861
vn -0.00129367 0.109247 0.994014
v 18.4227 3.65395 1.23083 0.604819 0.782455 0.403546
vn 0 0 0
v 18.5345 8.52332 0.869111 0.560678 0.742518 0.39724
vn -0.0936802 0.0763141 0.992673
v 18.436 8.68497 0.846874 0.557964 0.740063 0.396852
vn -0.0171376 0.126714 0.991791
v 18.5593 12.9039 0.552487 0.52204 0.70756 0.39172
vn -0.0332357 0.130272 0.990921
v 18.4746 13.0396 0.531797 0.519515 0.705276 0.391359
vn -0.10107 0.066599 0.992648
v 18.5421 15.3715 0.364306 0.499076 0.686783 0.388439
vn -0.0902892 0.0760197 0.99301
v 18.4479 15.5105 0.34209 0.496365 0.68433 0.388052
vn -0.0914493 0.0843945 0.992227
v 18.4102 18.685 0.0705817 0.463233 0.654353 0.383319
vn -0.0483539 0.13055 0.990262
v 18.6924 -19.3341 3.21 0.79 0.95 0.43
vn -0.0386057 0.0387653 0.998502
v 18.69 -13.4615 2.7007 0.784189 0.944742 0.42917
vn -0.0207492 0.0415457 0.998921
v 18.7918 -13.3465 2.69792 0.783849 0.944435 0.429121
vn -0.021514 0.0436667 0.998814
v 18.6215 -7.23607 2.15762 0.717916 0.884781 0.419702
vn 0.00114818 0.0575359 0.998343
v 18.6401 -7.12039 2.15083 0.717087 0.884031 0.419584
vn -0.00568088 0.0597867 0.998195
v 18.6628 -6.88864 2.13705 0.715405 0.882509 0.419344
vn -0.00110126 0.0598722 0.998205
v 18.693 -6.69119 2.12509 0.713946 0.881189 0.419135
vn 0.00453833 0.0597473 0.998203
v 18.7576 -6.53882 2.11568 0.712798 0.88015 0.418971
vn 0.00304464 0.0604424 0.998167
v 18.7403 2.71447 1.33364 0.617365 0.793806 0.405338
vn 0.00251426 0.107098 0.994245
v 18.6724 2.89119 1.3147 0.615054 0.791716 0.405008
vn 0.00383658 0.108728 0.994064
v 18.6414 3.06502 1.29581 0.612748 0.78963 0.404678
vn 0.00443627 0.1092 0.99401
v 18.7248 8.11589 0.923646 0.567333 0.748539 0.39819
vn -0.100277 0.0858867 0.991246
v 18.6558 8.29988 0.899389 0.564373 0.745861 0.397768
vn -0.0997718 0.0861024 0.991278
v 18.7375 12.7401 0.579842 0.525378 0.71058 0.392197
vn -0.095536 0.0655707 0.993264
v 18.636 12.8125 0.567026 0.523814 0.709165 0.391973
vn -0.0330725 0.129137 0.991075
v 18.7285 15.1145 0.405703 0.504128 0.691354 0.389161
vn -0.0998659 0.0783084 0.991915
v 18.6154 15.2715 0.380486 0.501051 0.68857 0.388722
vn -0.104436 0.0838725 0.990989
v 18.7644 18.3903 0.126626 0.470072 0.660541 0.384296
vn -0.0480537 0.129671 0.990392
v 18.6859 18.4354 0.116887 0.468883 0.659466 0.384126
vn -0.0484338 0.130107 0.990316
v 18.9192 -19.3078 3.21776 0.79 0.95 0.43
vn -0.0337565 0.0337467 0.99886
v 18.9912 -19.1867 3.21581 0.79 0.95 0.43
vn -0.0387886 0.0395097 0.998466
v 18.8966 -13.2287 2.69498 0.783491 0.944111 0.42907
vn -0.0214984 0.0441729 0.998793
v 18.9958 -13.1614 2.69405 0.783377 0.944008 0.429054
vn -0.0199464 0.04324 0.998866
v 18.8069 -6.40235 2.10715 0.711757 0.879209 0.418822
vn -0.00455924 0.0639783 0.997941
v 18.831 -6.3031 2.1009 0.710994 0.878519 0.418713
vn -0.00455924 0.0639783 0.997941
v 18.8809 -6.11458 2.08887 0.709526 0.87719 0.418504
vn -0.00166936 0.065238 0.997868
v 18.9454 -5.89412 2.07456 0.70778 0.875611 0.418254
vn -0.00166936 0.065238 0.997868
v 18.9481 -5.69357 2.06146 0.706181 0.874164 0.418026
vn -0.00178424 0.0656353 0.997842
v 18.9615 -5.47515 2.04694 0.704409 0.872561 0.417773
vn 0.00267327 0.0669933 0.99775
v 18.9432 -5.31974 2.03655 0.703142 0.871414 0.417592
vn 0.00267327 0.0669933 0.99775
v 18.9469 -5.12245 2.02311 0.701502 0.86993 0.417357
vn 0.00947178 0.0677861 0.997655
v 18.9718 -4.91192 2.00851 0.69972 0.868318 0.417103
vn 0 0 0
v 18.9896 -4.68311 1.99241 0.697756 0.866541 0.416822
vn 0.00866996 0.0700824 0.997504
v 18.9516 1.68666 1.44106 0.630473 0.805666 0.40721
vn 0.0043077 0.101589 0.994817
v 18.9251 1.89335 1.41985 0.627885 0.803324 0.406841
vn 0.0104432 0.103414 0.994584
v 18.8783 2.13105 1.39523 0.624881 0.800606 0.406412
vn 0.00691013 0.105903 0.994352
v 18.8111 2.3327 1.37422 0.622317 0.798287 0.406045
vn 0.00318784 0.105729 0.99439
v 18.8027 2.5078 1.35563 0.620048 0.796234 0.405721
vn 0.00318784 0.105729 0.99439
v 18.9681 7.68261 0.981346 0.574374 0.75491 0.399196
vn -0.0943543 0.0742844 0.992763
v 18.8345 7.89349 0.953143 0.570932 0.751796 0.398705
vn -0.0965455 0.0781945 0.992252
v 18.8685 12.3959 0.628988 0.531375 0.716006 0.393054
vn -0.0323251 0.128625 0.991166
v 18.9022 12.5703 0.607382 0.528739 0.713621 0.392677
vn -0.101475 0.0775334 0.991812
v 18.8173 12.6559 0.593464 0.527041 0.712084 0.392434
vn -0.0920535 0.071784 0.993163
v 18.934 14.8728 0.445598 0.508996 0.695759 0.389857
vn -0.101736 0.0788059 0.991685
v 18.8255 15.0035 0.424175 0.506382 0.693393 0.389483
vn -0.100478 0.0781585 0.991865
v 18.8488 17.939 0.189675 0.477766 0.667502 0.385395
vn -0.0782928 0.0779118 0.993881
v 18.8868 18.1066 0.169637 0.47532 0.66529 0.385046
vn -0.0480154 0.129334 0.990438
v 18.8904 18.314 0.14272 0.472036 0.662318 0.384577
vn -0.0411999 0.135339 0.989942
v 19.0838 -19.0891 3.21551 0.79 0.95 0.43
vn -0.0348649 0.0382341 0.99866
v 19.0857 -18.8487 3.20607 0.79 0.95 0.43
vn -0.038493 0.0395503 0.998476
v 19.1594 -18.6732 3.20183 0.79 0.95 0.43
vn -0.0383702 0.0408208 0.998429
v 19.0727 -13.0519 2.69078 0.782977 0.943646 0.428997
vn -0.0208023 0.0445009 0.998793
v 19.0222 -4.4914 1.97866 0.696078 0.865023 0.416583
vn 0.00399467 0.071753 0.997414
v 19.0816 -4.32581 1.96651 0.694595 0.863681 0.416371
vn 0.00399467 0.071753 0.997414
v 19.0981 -4.14691 1.95341 0.692996 0.862234 0.416142
vn 0.000441413 0.0730214 0.99733
v 19.1398 -3.9227 1.93667 0.690953 0.860386 0.41585
vn 0 0 0
v 19.1613 -3.69056 1.91915 0.688815 0.858452 0.415545
vn 0 0 0
v 19.1796 -3.48888 1.90372 0.686933 0.856749 0.415276
vn 0 0 0
v 19.1886 -3.32504 1.89107 0.685388 0.855351 0.415055
vn 0.00570675 0.0777473 0.996957
v 19.1897 -3.09628 1.87322 0.683211 0.853381 0.414744
vn 0.00582217 0.0782975 0.996913
v 19.1997 -2.86887 1.85518 0.681008 0.851388 0.41443
vn 0.00551243 0.0795631 0.996815
v 19.1677 0.31751 1.57589 0.646927 0.820553 0.409561
vn 0.00370385 0.0955863 0.995414
v 19.1716 0.502653 1.55805 0.64475 0.818584 0.40925
vn 0.00393449 0.0958146 0.995391
v 19.1259 0.687475 1.54033 0.642587 0.816627 0.408941
vn 0.00161173 0.0958639 0.995393
v 19.0847 0.902674 1.5194 0.640033 0.814316 0.408576
vn 0 0 0
v 19.0653 1.11694 1.49824 0.637451 0.811979 0.408207
vn 0 0 0
v 19.0427 1.26076 1.48394 0.635706 0.8104 0.407958
vn -0.00156919 0.0998362 0.995003
v 19.0221 1.45298 1.46462 0.633348 0.808267 0.407621
vn 0.0043077 0.101589 0.994817
v 19.1421 7.37618 1.02158 0.579284 0.759352 0.399898
vn -0.0962365 0.080298 0.992114
v 19.0667 7.51343 1.00365 0.577096 0.757373 0.399585
vn -0.096697 0.0799422 0.992098
v 19.0581 12.3206 0.644812 0.533307 0.717754 0.39333
vn -0.098387 0.0759665 0.992244
v 19.0687 14.6807 0.475987 0.512705 0.699114 0.390386
vn -0.0997796 0.0729348 0.992333
v 19.1161 18.0178 0.19222 0.478076 0.667783 0.385439
vn -0.0471575 0.129248 0.99049
v 19.3104 -18.5082 3.20078 0.79 0.95 0.43
vn -0.0375857 0.0407935 0.99846
v 19.2096 -12.8876 2.68616 0.782414 0.943137 0.428916
vn -0.0218793 0.047374 0.998638
v 19.346 -12.7257 2.68147 0.781841 0.942618 0.428834
vn -0.0212474 0.0471955 0.99866
v 19.2129 -3.10113 1.87347 0.68324 0.853408 0.414749
vn 0.00731959 0.0786654 0.996874
v 19.2405 -2.69712 1.84121 0.679304 0.849846 0.414186
vn 0.00538513 0.0797779 0.996798
v 19.2555 -2.48477 1.82391 0.677193 0.847936 0.413885
vn 0.00613923 0.0813684 0.996665
v 19.2701 -2.27559 1.80665 0.675087 0.846031 0.413584
vn 0.00612448 0.0826973 0.996556
v 19.3267 -2.05123 1.78769 0.672773 0.843937 0.413253
vn 0.00806743 0.0834711 0.996478
v 19.3041 -1.9053 1.77552 0.671288 0.842594 0.413041
vn 0.0076139 0.0843588 0.996406
v 19.2933 -1.72434 1.76019 0.669417 0.840901 0.412774
vn 0.00932236 0.0849723 0.99634
v 19.329 -1.5152 1.74202 0.6672 0.838895 0.412457
vn 0.00810943 0.0854211 0.996312
v 19.3457 -1.27198 1.72075 0.664604 0.836547 0.412086
vn 0.0051935 0.087705 0.996133
v 19.328 -1.12949 1.7083 0.663085 0.835172 0.411869
vn 0.0051935 0.087705 0.996133
v 19.3477 -0.9007 1.68782 0.660586 0.832911 0.411512
vn 0.00449687 0.089145 0.996009
v 19.351 -0.674637 1.66744 0.658099 0.830661 0.411157
vn 0.000320721 0.089783 0.995961
v 19.3134 -0.49824 1.65155 0.65616 0.828906 0.41088
vn 0.000320721 0.089783 0.995961
v 19.2975 -0.287989 1.63226 0.653805 0.826776 0.410544
vn 0 0 0
v 19.2802 -0.0771745 1.61271 0.65142 0.824618 0.410203
vn 0 0 0
v 19.242 0.0987138 1.59634 0.649423 0.822811 0.409918
vn 0.00175328 0.0936552 0.995603
v 19.2091 0.223211 1.58469 0.648001 0.821524 0.409714
vn 0.00561616 0.0953323 0.99543
v 19.3507 6.88726 1.08384 0.586882 0.766227 0.400983
vn -0.0953036 0.0760993 0.992535
v 19.273 7.06806 1.06094 0.584087 0.763698 0.400584
vn -0.0974322 0.0823307 0.991831
v 19.2017 7.25113 1.0377 0.581251 0.761132 0.400179
vn -0.0982401 0.0849121 0.991534
v 19.3154 11.9841 0.69633 0.539593 0.723442 0.394228
vn -0.0958038 0.0704131 0.992907
v 19.215 12.1081 0.677236 0.537263 0.721333 0.393895
vn -0.0974748 0.0773781 0.992225
v 19.3398 14.3329 0.531709 0.519504 0.705266 0.391358
vn -0.102244 0.0750305 0.991926
v 19.2606 14.4586 0.512359 0.517143 0.70313 0.39102
vn -0.103764 0.0779463 0.991543
v 19.2898 17.8633 0.220575 0.481537 0.670914 0.385934
vn -0.0460043 0.129545 0.990506
v 19.4672 -18.4071 3.20244 0.79 0.95 0.43
vn -0.0358895 0.0394072 0.998578
v 19.5183 -18.3453 3.20177 0.79 0.95 0.43
vn -0.0372308 0.0436301 0.998354
v 19.4379 -12.6258 2.67864 0.781497 0.942307 0.428785
vn -0.0201502 0.0469065 0.998696
v 19.5094 -12.5133 2.67479 0.781027 0.941881 0.428718
vn -0.0189041 0.0467885 0.998726
v 19.5441 -12.0277 2.6527 0.778331 0.939442 0.428333
vn -0.0187051 0.0475965 0.998691
v 19.5579 6.53151 1.12914 0.592409 0.771227 0.401773
vn -0.0948605 0.0758841 0.992594
v 19.4612 6.70259 1.10748 0.589766 0.768836 0.401395
vn -0.0930593 0.0722314 0.993037
v 19.5569 11.6957 0.740676 0.545005 0.728338 0.395001
vn -0.0937537 0.0712936 0.99304
v 19.4254 11.869 0.714499 0.541811 0.725448 0.394544
vn -0.0928884 0.068612 0.99331
v 19.5384 14.1668 0.560788 0.523053 0.708477 0.391865
vn -0.03835 0.127312 0.991121
v 19.4778 14.2818 0.543644 0.520961 0.706584 0.391566
vn -0.0380833 0.127989 0.991044
v 19.5357 17.518 0.276882 0.488408 0.677131 0.386915
vn -0.0812575 0.0800236 0.993475
v 19.461 17.7058 0.249084 0.485015 0.674062 0.386431
vn -0.0461224 0.128695 0.990611
v 19.7102 -18.3325 3.20821 0.79 0.95 0.43
vn -0.0356359 0.0396958 0.998576
v 19.6533 -12.3121 2.66802 0.780201 0.941134 0.4286
vn -0.0177355 0.0470227 0.998736
v 19.7178 6.30933 1.15745 0.595864 0.774353 0.402266
vn 0 0 0
v 19.7145 11.5371 0.765622 0.548049 0.731092 0.395436
vn -0.0880184 0.0665205 0.993895
v 19.6037 13.9907 0.58591 0.526119 0.71125 0.392303
vn -0.0969895 0.0690507 0.992887
v 19.684 14.0658 0.579327 0.525315 0.710523 0.392188
vn -0.0376539 0.127309 0.991148
v 19.7714 17.4892 0.291602 0.490204 0.678756 0.387172
vn -0.0410373 0.134139 0.990112
v 19.8399 -18.2686 3.21025 0.79 0.95 0.43
vn -0.0259294 0.0309294 0.999185
v 19.9554 -18.1032 3.20745 0.79 0.95 0.43
vn -0.0370715 0.0436591 0.998358
v 19.8405 -12.0231 2.65759 0.778927 0.939982 0.428418
vn -0.0172515 0.0479606 0.9987
v 19.9384 -11.9016 2.65339 0.778415 0.939519 0.428345
vn -0.0162098 0.0487057 0.998682
v 19.9165 -11.7144 2.6439 0.777258 0.938471 0.42818
vn -0.0169191 0.0487568 0.998667
v 19.9355 -11.5918 2.6382 0.776561 0.937841 0.42808
vn -0.016918 0.0497382 0.998619
v 19.9448 5.93837 1.20366 0.601503 0.779455 0.403072
vn -0.00805749 0.116905 0.99311
v 19.8628 6.09834 1.18401 0.599105 0.777286 0.402729
vn 0 0 0
v 19.9394 11.2768 0.805256 0.552886 0.735468 0.396127
vn -0.0858069 0.0678096 0.994002
v 19.8263 11.4193 0.783905 0.55028 0.733111 0.395754
vn -0.0878823 0.068029 0.993805
v 19.9836 13.7601 0.629757 0.531469 0.716091 0.393067
vn -0.0377466 0.125985 0.991314
v 19.8679 13.913 0.605877 0.528555 0.713455 0.392651
vn -0.0377338 0.12651 0.991247
v 19.9256 17.1917 0.336999 0.495744 0.683768 0.387963
vn -0.0868811 0.0825321 0.992794
v 19.8668 17.2705 0.324172 0.494179 0.682352 0.38774
vn -0.0461287 0.127257 0.990797
v 19.8682 17.4012 0.307423 0.492135 0.680503 0.387448
vn -0.0448474 0.128367 0.990712
v 20.0886 -18.0098 3.20825 0.79 0.95 0.43
vn -0.0177423 0.0272428 0.999471
v 20.1187 -11.4944 2.63632 0.776332 0.937634 0.428047
vn -0.0161179 0.0496421 0.998637
v 20.1688 -11.2005 2.62232 0.774623 0.936088 0.427803
vn -0.0162577 0.0509052 0.998571
v 20.1833 5.56758 1.24924 0.607066 0.784488 0.403867
vn -0.00920312 0.115939 0.993214
v 20.08 5.68193 1.23493 0.605319 0.782908 0.403617
vn -0.0105951 0.114765 0.993336
v 20.0028 5.80878 1.21939 0.603422 0.781192 0.403346
vn -0.00831094 0.116718 0.99313
v 20.1099 11.127 0.829109 0.555796 0.738102 0.396542
vn -0.0764929 0.0662596 0.994866
v 20.1653 13.5288 0.665906 0.535881 0.720083 0.393697
vn -0.0365839 0.125832 0.991377
v 20.0304 13.6403 0.646749 0.533543 0.717967 0.393363
vn -0.0950684 0.0668962 0.99322
v 20.1549 17.1589 0.35174 0.497543 0.685396 0.38822
vn -0.0452502 0.126958 0.990875
v 20.0647 17.202 0.342077 0.496363 0.684329 0.388052
vn -0.045435 0.127433 0.990806
v 20.2089 -17.8207 3.20442 0.79 0.95 0.43
vn -0.0340288 0.0421788 0.99853
v 20.2972 -17.6638 3.20074 0.79 0.95 0.43
vn -0.0369359 0.0441788 0.998341
v 20.3666 -17.5529 3.19833 0.79 0.95 0.43
vn -0.0346978 0.0443858 0.998412
v 20.2009 -11.3466 2.63022 0.775587 0.93696 0.427941
vn -0.0150711 0.0503795 0.998616
v 20.3053 -11.1023 2.6194 0.774267 0.935765 0.427752
vn -0.0147595 0.050761 0.998602
v 20.3996 -10.9735 2.61419 0.773631 0.93519 0.427662
vn -0.0147973 0.0515531 0.998561
v 20.3778 5.142 1.29984 0.613241 0.790075 0.404749
vn -0.01113 0.112563 0.993582
v 20.3345 5.28988 1.2826 0.611137 0.788172 0.404448
vn -0.01113 0.112563 0.993582
v 20.2392 5.47245 1.26076 0.608472 0.78576 0.404067
vn -0.0130681 0.112269 0.993592
v 20.3237 10.9318 0.859723 0.559532 0.741482 0.397076
vn -0.0305713 0.121804 0.992083
v 20.2482 11.0271 0.845636 0.557813 0.739926 0.39683
vn -0.0860481 0.0670416 0.994033
v 20.3247 13.3287 0.697096 0.539687 0.723526 0.394241
vn -0.0367176 0.124807 0.991501
v 20.2133 13.4051 0.683347 0.538009 0.722008 0.394001
vn -0.100802 0.0738445 0.992162
v 20.3488 16.9566 0.386439 0.501777 0.689227 0.388825
vn -0.0452894 0.126452 0.990938
v 20.2826 17.0896 0.366432 0.499336 0.687018 0.388477
vn -0.0376379 0.13652 0.989922
v 20.5031 -17.4626 3.19906 0.79 0.95 0.43
vn -0.0291888 0.039708 0.998785
v 20.4462 -10.8701 2.6095 0.773059 0.934672 0.42758
vn -0.0176944 0.0541669 0.998375
v 20.5295 -10.7396 2.60387 0.772373 0.934051 0.427482
vn -0.0175719 0.0547809 0.998344
v 20.5409 4.87079 1.33203 0.617168 0.793629 0.40531
vn -0.0135313 0.10862 0.993991
v 20.4392 5.04773 1.31112 0.614617 0.79132 0.404945
vn -0.00850626 0.113325 0.993522
v 20.5918 10.482 0.923158 0.567273 0.748485 0.398182
vn -0.0297884 0.121814 0.992106
v 20.5198 10.7206 0.891589 0.563421 0.745 0.397632
vn -0.0922347 0.0768657 0.992766
v 20.4227 10.8506 0.872678 0.561113 0.742912 0.397302
vn -0.0872478 0.070147 0.993714
v 20.4867 13.1288 0.728162 0.543478 0.726956 0.394783
vn -0.0949282 0.069292 0.99307
v 20.504 16.8165 0.411304 0.504811 0.691972 0.389259
vn -0.0440396 0.126834 0.990946
v 20.6556 -17.2721 3.19585 0.79 0.95 0.43
vn -0.0330148 0.0437997 0.998495
v 20.7032 -17.0784 3.18882 0.79 0.95 0.43
vn -0.0341072 0.0447741 0.998415
v 20.6251 -10.6552 2.60079 0.771997 0.933711 0.427428
vn -0.0129106 0.0521574 0.998555
v 20.6616 -10.5308 2.59467 0.77125 0.933035 0.427321
vn -0.0162928 0.054568 0.998377
v 20.7426 -10.3317 2.58508 0.770079 0.931976 0.427154
vn -0.0155606 0.0547216 0.99838
v 20.7855 -10.1444 2.57544 0.768903 0.930912 0.426986
vn -0.0136757 0.0549549 0.998395
v 20.7709 -9.97029 2.56563 0.767706 0.929829 0.426815
vn -0.0143227 0.0551416 0.998376
v 20.6977 -9.76814 2.5534 0.766213 0.928478 0.426602
vn -0.0153853 0.0563526 0.998292
v 20.7863 4.39541 1.38719 0.6239 0.799719 0.406271
vn -0.0060856 0.110657 0.99384
v 20.7214 4.53035 1.37169 0.622008 0.798007 0.406001
vn -0.0135313 0.10862 0.993991
v 20.6592 4.68071 1.35441 0.6199 0.7961 0.4057
vn -0.0135313 0.10862 0.993991
v 20.7707 10.3524 0.944071 0.569825 0.750794 0.398546
vn -0.0857 0.0703606 0.993833
v 20.6399 10.5102 0.920995 0.567009 0.748247 0.398144
vn -0.0916179 0.0790781 0.992649
v 20.7155 12.9278 0.761602 0.547558 0.730648 0.395365
vn -0.0901889 0.067577 0.993629
v 20.7783 16.5882 0.452588 0.509849 0.69653 0.389978
vn -0.0445014 0.12517 0.991137
v 20.6892 16.7033 0.43401 0.507582 0.694479 0.389655
vn -0.0438435 0.126767 0.990963
v 20.8693 -17.0387 3.19257 0.79 0.95 0.43
vn -0.0230082 0.0383171 0.999001
v 20.8085 -16.8833 3.18356 0.79 0.95 0.43
vn -0.0329451 0.0451503 0.998437
v 20.8462 -16.7435 3.17846 0.79 0.95 0.43
vn -0.0330972 0.045876 0.998399
v 20.9972 -16.579 3.17587 0.79 0.95 0.43
vn -0.0329329 0.0460972 0.998394
v 20.8139 -10.2372 2.58091 0.769571 0.931516 0.427082
vn -0.00966413 0.0541058 0.998488
v 20.8615 -9.92192 2.56415 0.767525 0.929665 0.426789
vn -0.0124548 0.0554666 0.998383
v 20.9258 -9.72296 2.55382 0.766265 0.928526 0.426609
vn -0.010937 0.0555438 0.998396
v 20.9749 -9.56173 2.54531 0.765227 0.927586 0.426461
vn -0.0139982 0.0580234 0.998217
v 20.9531 4.1209 1.41878 0.627754 0.803206 0.406822
vn -0.00815169 0.108475 0.994066
v 20.8512 4.26396 1.40222 0.625734 0.801379 0.406533
vn -0.0102531 0.107721 0.994128
v 20.9909 10.1047 0.980442 0.574264 0.75481 0.399181
vn -0.0847969 0.0679436 0.994079
v 20.8872 10.2325 0.961991 0.572012 0.752773 0.398859
vn -0.0868917 0.0691153 0.993817
v 20.9748 12.7461 0.79349 0.55145 0.734169 0.395921
vn -0.0350369 0.123643 0.991708
v 20.8524 12.8181 0.780192 0.549827 0.732701 0.39569
vn -0.0848441 0.065494 0.994239
v 20.9405 16.4547 0.476686 0.51279 0.699191 0.390399
vn 0.00172743 0.161849 0.986814
v 21.0511 -16.7321 3.18464 0.79 0.95 0.43
vn -0.0249344 0.0415747 0.998824
v 21.0485 -16.4478 3.17148 0.79 0.95 0.43
vn -0.0321468 0.046148 0.998417
v 21.1316 -16.3463 3.16945 0.79 0.95 0.43
vn -0.0316259 0.0461817 0.998432
v 21.0147 -16.1554 3.15681 0.79 0.95 0.43
vn -0.0328938 0.0473948 0.998334
v 21.1736 -15.9439 3.1519 0.79 0.95 0.43
vn -0.0327471 0.0481131 0.998305
v 21.0549 -9.46602 2.54085 0.764681 0.927093 0.426383
vn -0.0120937 0.057239 0.998287
v 21.1562 -9.31826 2.53357 0.763793 0.926289 0.426256
vn -0.0129472 0.0583669 0.998211
v 21.0367 -8.83988 2.50405 0.760191 0.92303 0.425742
vn -0.0133597 0.0593572 0.998147
v 21.169 3.74401 1.46144 0.63296 0.807916 0.407566
vn -0.00520436 0.109531 0.99397
v 21.0549 3.90504 1.4431 0.630722 0.805891 0.407246
vn -0.0086942 0.107902 0.994124
v 21.1263 9.92433 1.00605 0.577389 0.757637 0.399627
vn -0.0842929 0.0745845 0.993646
v 21.0964 12.6208 0.813335 0.553872 0.73636 0.396267
vn -0.0856589 0.0674133 0.994041
v 21.1552 16.1711 0.521893 0.518307 0.704182 0.391187
vn -0.0370063 0.129953 0.990829
v 21.067 16.2807 0.504231 0.516151 0.702232 0.390879
vn -0.0441177 0.124828 0.991197
v 21.2762 -16.2374 3.16896 0.79 0.95 0.43
vn -0.030288 0.0460136 0.998482
v 21.2027 -16.074 3.15896 0.79 0.95 0.43
vn -0.0311479 0.0471707 0.998401
v 21.2652 -15.8468 3.15016 0.79 0.95 0.43
vn -0.031565 0.048048 0.998346
v 21.3923 -15.7745 3.15066 0.79 0.95 0.43
vn -0.030856 0.0481828 0.998362
v 21.2607 -15.0513 3.11157 0.79 0.95 0.43
vn -0.0309605 0.0487221 0.998332
v 21.236 -14.9305 3.10489 0.79 0.95 0.43
vn -0.0297255 0.0514915 0.998231
v 21.229 -9.09916 2.52165 0.762339 0.924973 0.426048
vn -0.0110593 0.0588525 0.998205
v 21.2138 -8.83294 2.50571 0.760393 0.923213 0.42577
vn -0.0113242 0.0593741 0.998172
v 21.3016 -8.68632 2.49792 0.759443 0.922353 0.425635
vn -0.0112335 0.0603441 0.998114
v 21.3113 3.49966 1.48874 0.636292 0.810931 0.408042
vn 0 0 0
v 21.2314 3.64532 1.47255 0.634316 0.809143 0.407759
vn 0 0 0
v 21.2729 9.7055 1.03645 0.581099 0.760994 0.400157
vn -0.0760101 0.0790094 0.993972
v 21.2676 12.4763 0.837207 0.556785 0.738996 0.396684
vn -0.0830569 0.0652951 0.994403
v 21.355 15.9169 0.562508 0.523263 0.708666 0.391895
vn -0.039944 0.126437 0.99117
v 21.2442 16.0685 0.538674 0.520354 0.706035 0.391479
vn -0.0329236 0.132652 0.990616
v 21.4428 -8.46333 2.48599 0.757987 0.921035 0.425427
vn -0.00983503 0.0596463 0.998171
v 21.4648 -8.31464 2.4771 0.756902 0.920054 0.425272
vn -0.0131204 0.0618898 0.997997
v 21.5006 -8.09918 2.46411 0.755317 0.91862 0.425045
vn -0.0137873 0.0624455 0.997953
v 21.5576 -7.88307 2.45113 0.753734 0.917188 0.424819
vn -0.015252 0.0652457 0.997753
v 21.5704 2.88937 1.55498 0.644375 0.818244 0.409196
vn 0 0 0
v 21.4624 3.11171 1.53093 0.64144 0.815589 0.408777
vn 0 0 0
v 21.4041 3.26783 1.51406 0.639381 0.813726 0.408483
vn 0 0 0
v 21.4106 9.00993 1.12345 0.591716 0.7706 0.401674
vn -0.0261492 0.117261 0.992757
v 21.5753 9.35948 1.08595 0.587139 0.766459 0.40102
vn -0.0766558 0.0815149 0.99372
v 21.478 9.49775 1.06685 0.584808 0.76435 0.400687
vn -0.0759272 0.0726367 0.994464
v 21.5903 12.1708 0.885946 0.562732 0.744377 0.397533
vn -0.0880561 0.0701958 0.993639
v 21.4854 12.3091 0.865346 0.560218 0.742102 0.397174
vn -0.0354855 0.120783 0.992045
v 21.5438 15.7082 0.596734 0.52744 0.712445 0.392491
vn -0.0402836 0.125998 0.991212
v 21.4366 15.8082 0.579634 0.525353 0.710557 0.392193
vn -0.0412991 0.125227 0.991268
v 21.6517 -15.8424 3.16194 0.79 0.95 0.43
vn -0.0271352 0.0444263 0.998644
v 21.768 -15.6867 3.15798 0.79 0.95 0.43
vn -0.0301218 0.0482953 0.998379
v 21.7569 -15.4928 3.1482 0.79 0.95 0.43
vn -0.0302467 0.04889 0.998346
v 21.6342 -7.66648 2.43814 0.752148 0.915753 0.424593
vn -0.015252 0.0652457 0.997753
v 21.6692 -7.4971 2.4276 0.750862 0.914589 0.424409
vn -0.015252 0.0652457 0.997753
v 21.7032 -7.32969 2.41706 0.749575 0.913425 0.424225
vn 0 0 0
v 21.7206 -7.1141 2.40308 0.74787 0.911882 0.423981
vn 0 0 0
v 21.75 -6.90663 2.38958 0.746222 0.910392 0.423746
vn -0.00814192 0.0668662 0.997729
v 21.7544 -6.73241 2.37794 0.744802 0.909106 0.423543
vn -0.00893787 0.0672934 0.997693
v 21.7939 -6.50697 2.36302 0.742981 0.907459 0.423283
vn -0.0116391 0.0690668 0.997544
v 21.7961 -4.92984 2.25101 0.729312 0.895092 0.42133
vn -0.00905059 0.0740076 0.997217
v 21.7616 2.16755 1.63037 0.653576 0.826568 0.410511
vn -0.00560129 0.101151 0.994855
v 21.7355 2.27845 1.61895 0.652182 0.825307 0.410312
vn -0.00560129 0.101151 0.994855
v 21.6849 2.4757 1.59848 0.649684 0.823047 0.409955
vn 0 0 0
v 21.6379 2.69217 1.57591 0.646929 0.820555 0.409561
vn 0 0 0
v 21.7671 9.08939 1.12304 0.591666 0.770555 0.401667
vn -0.0250787 0.118101 0.992685
v 21.6507 9.26235 1.09949 0.588791 0.767954 0.401256
vn -0.0763325 0.074167 0.99432
v 21.7663 11.9743 0.915968 0.566396 0.747692 0.398057
vn -0.0875857 0.0674912 0.993868
v 21.665 12.0642 0.90154 0.564635 0.746099 0.397805
vn -0.0888159 0.0685683 0.993685
v 21.729 15.4993 0.63067 0.531581 0.716192 0.393083
vn -0.0411595 0.12416 0.991408
v 21.6446 15.6149 0.612689 0.529386 0.714207 0.392769
vn 0.00584224 0.163975 0.986447
v 21.8102 -6.6289 2.37146 0.744011 0.908391 0.42343
vn -0.00821252 0.0674908 0.997686
v 21.8429 -6.40158 2.35625 0.742155 0.906711 0.423165
vn -0.00935382 0.0686414 0.997598
v 21.8776 -6.29258 2.34905 0.741276 0.905917 0.423039
vn -0.00814296 0.0684731 0.99762
v 21.8816 -6.11961 2.33709 0.739816 0.904596 0.422831
vn -0.0126168 0.0696437 0.997492
v 21.8816 -5.88605 2.32072 0.737819 0.902789 0.422546
vn -0.0137501 0.0698871 0.99746
v 21.8962 -5.67796 2.3061 0.736035 0.901175 0.422291
vn -0.00365824 0.0712138 0.997454
v 21.9076 -5.4698 2.29128 0.734227 0.899538 0.422032
vn -0.00883207 0.0722628 0.997347
v 21.9416 -5.30314 2.27951 0.73279 0.898238 0.421827
vn -0.00869101 0.0724948 0.997331
v 21.954 -5.13053 2.26701 0.731265 0.896859 0.421609
vn -0.0079099 0.0732786 0.99728
v 21.945 -4.84151 2.24561 0.728654 0.894496 0.421236
vn -0.00770195 0.0739006 0.997236
v 21.9606 -4.67616 2.23339 0.727162 0.893147 0.421023
vn -0.0086732 0.0748903 0.997154
v 21.9735 -4.46862 2.21786 0.725267 0.891432 0.420752
vn -0.0105525 0.0757307 0.997072
v 21.9922 -4.26237 2.20229 0.723367 0.889713 0.420481
vn -0.010996 0.0763352 0.997022
v 21.9958 -4.09398 2.18939 0.721793 0.888289 0.420256
vn -0.0010213 0.076418 0.997075
v 21.9496 -0.447732 1.88273 0.684371 0.854431 0.41491
vn -0.00803681 0.0899621 0.995913
v 21.9983 1.52542 1.69614 0.661601 0.83383 0.411657
vn -0.00853969 0.0972833 0.99522
v 21.9523 1.69135 1.67941 0.65956 0.831983 0.411366
vn 0 0 0
v 21.875 1.90541 1.65755 0.656891 0.829568 0.410984
vn 0 0 0
v 21.8117 2.06595 1.64099 0.654871 0.82774 0.410696
vn -0.00560129 0.101151 0.994855
v 21.9864 8.78741 1.16426 0.596695 0.775105 0.402385
vn -0.0252761 0.116482 0.992871
v 21.9331 8.90075 1.14956 0.594902 0.773482 0.402129
vn -0.077923 0.0779064 0.993911
v 21.8709 9.00298 1.13591 0.593236 0.771975 0.401891
vn -0.0766914 0.0733273 0.994355
v 21.9835 11.7508 0.950464 0.570606 0.7515 0.398658
vn -0.0905786 0.073082 0.993204
v 21.8536 11.8752 0.930993 0.568229 0.74935 0.398318
vn -0.0901022 0.0699887 0.99347
v 21.8999 15.304 0.662134 0.53542 0.719666 0.393631
vn -0.0386978 0.12531 0.991363
v 22.104 -15.3438 3.1513 0.79 0.95 0.43
vn -0.0210061 0.0410192 0.998938
v 22.1982 -15.1965 3.14676 0.79 0.95 0.43
vn -0.029441 0.0493611 0.998347
v 22.0179 -3.9265 2.17658 0.720229 0.886874 0.420033
vn -0.00898147 0.078309 0.996889
v 22.0666 -3.71101 2.16008 0.718216 0.885053 0.419745
vn -0.0119034 0.0790019 0.996803
v 22.078 -3.48542 2.14234 0.716051 0.883094 0.419436
vn -0.00786558 0.0793282 0.996818
v 22.0752 -3.25863 2.12421 0.713839 0.881092 0.41912
vn -0.00651072 0.0802092 0.996757
v 22.1124 -3.09624 2.11138 0.712274 0.879676 0.418896
vn -0.00406534 0.0807296 0.996728
v 22.1099 -2.92457 2.09742 0.710569 0.878134 0.418653
vn -0.00371261 0.0810847 0.9967
v 22.1357 -2.72263 2.08104 0.708571 0.876326 0.418367
vn -0.00369245 0.0814668 0.996669
v 22.1788 -2.53785 2.06606 0.706743 0.874672 0.418106
vn -0.00653803 0.0828587 0.99654
v 22.1852 -0.661333 1.90363 0.686921 0.856738 0.415274
vn -0.00653241 0.0898787 0.995931
v 22.1366 -0.557543 1.89393 0.685738 0.855668 0.415105
vn -0.00625791 0.0904958 0.995877
v 22.1512 -0.29256 1.8699 0.682805 0.853014 0.414686
vn -0.00648915 0.0910042 0.995829
v 22.1507 -0.0888193 1.85116 0.680519 0.850945 0.41436
vn -0.0071849 0.091936 0.995739
v 22.0877 0.115105 1.83184 0.67816 0.848812 0.414023
vn -0.00747605 0.0922033 0.995712
v 22.1044 0.300116 1.81466 0.676065 0.846916 0.413724
vn -0.00643109 0.0929979 0.995646
v 22.095 0.468566 1.79874 0.674121 0.845158 0.413446
vn -0.0116218 0.0934575 0.995555
v 22.0747 0.690702 1.77753 0.671533 0.842816 0.413076
vn 0 0 0
v 22.0648 0.915816 1.75592 0.668896 0.840429 0.412699
vn 0 0 0
v 22.0636 1.14106 1.73416 0.66624 0.838027 0.41232
vn 0 0 0
v 22.0409 1.30758 1.7178 0.664245 0.836221 0.412035
vn -0.00853969 0.0972833 0.99522
v 22.0337 1.41826 1.70692 0.662917 0.83502 0.411845
vn -0.00853969 0.0972833 0.99522
v 22.1768 8.56495 1.19508 0.600456 0.778508 0.402922
vn -0.0884112 0.0823815 0.992672
v 22.0909 8.65696 1.18218 0.598882 0.777084 0.402697
vn -0.0690737 0.0844688 0.994029
v 22.1332 11.5362 0.981432 0.574385 0.754919 0.399198
vn -0.0912154 0.0749744 0.993005
v 22.0817 11.6576 0.965043 0.572385 0.75311 0.398912
vn -0.0315185 0.120903 0.992164
v 22.1619 14.948 0.717091 0.542127 0.725734 0.39459
vn -0.0411345 0.122374 0.991631
v 22.0851 15.0958 0.695659 0.539511 0.723367 0.394216
vn -0.033032 0.129523 0.991026
v 22.2972 -15.047 3.14217 0.79 0.95 0.43
vn -0.0293571 0.0503177 0.998302
v 22.3678 -14.9326 3.13845 0.79 0.95 0.43
vn -0.0294166 0.0507953 0.998276
v 22.2453 -2.43058 2.05758 0.705708 0.873735 0.417958
vn -0.00378619 0.0818188 0.99664
v 22.2415 -2.27688 2.04468 0.704133 0.872311 0.417733
vn -0.00594469 0.0835051 0.99649
v 22.269 -2.07115 2.02749 0.702036 0.870413 0.417434
vn -0.00666111 0.0843563 0.996413
v 22.2813 -1.90365 2.01332 0.700307 0.868849 0.417187
vn -0.00599255 0.0855592 0.996315
v 22.2613 -1.73048 1.99833 0.698477 0.867194 0.416925
vn -0.00599255 0.0855592 0.996315
v 22.2668 -1.50822 1.97913 0.696135 0.865075 0.416591
vn -0.0015338 0.0860702 0.996288
v 22.2556 -1.30123 1.96099 0.69392 0.863071 0.416274
vn -0.0104523 0.0875699 0.996104
v 22.2513 -1.11544 1.9446 0.691921 0.861262 0.415989
vn -0.0069704 0.0883064 0.996069
v 22.2131 -0.946403 1.92935 0.690059 0.859578 0.415723
vn -0.00935512 0.0880625 0.996071
v 22.2017 -0.773653 1.91384 0.688167 0.857865 0.415452
vn -0.00733067 0.0891259 0.995993
v 22.3579 8.18542 1.24367 0.606385 0.783872 0.403769
vn -0.0244908 0.114134 0.993163
v 22.2906 8.29996 1.22875 0.604565 0.782225 0.403509
vn -0.0257197 0.11507 0.993024
v 22.2418 8.44958 1.21014 0.602294 0.780171 0.403185
vn -0.0865444 0.0791625 0.993098
v 22.2959 11.3891 1.00453 0.577203 0.75747 0.3996
vn -0.0771828 0.0640825 0.994955
v 22.2175 11.4443 0.995307 0.576078 0.756451 0.39944
vn -0.0844978 0.0683866 0.994074
v 22.3783 14.7637 0.748697 0.545984 0.729223 0.395141
vn -0.00222928 0.154904 0.987927
v 22.2529 14.8461 0.733395 0.544116 0.727534 0.394874
vn -0.0415464 0.121137 0.991766
v 22.4224 -14.861 3.13639 0.79 0.95 0.43
vn -0.0295888 0.0521779 0.998199
v 22.5276 -14.768 3.13468 0.79 0.95 0.43
vn -0.0289603 0.051513 0.998252
v 22.5608 7.9216 1.27896 0.610692 0.787769 0.404385
vn -0.0848452 0.0745115 0.993604
v 22.4587 8.07928 1.25835 0.608177 0.785494 0.404025
vn -0.0855984 0.0777345 0.993293
v 22.5633 11.1389 1.04325 0.581929 0.761745 0.400276
vn -0.0830355 0.0683861 0.994197
v 22.4566 11.2521 1.02624 0.579852 0.759866 0.399979
vn -0.0841173 0.0698502 0.994005
v 22.5171 14.5161 0.784699 0.550377 0.733198 0.395768
vn -0.0406561 0.121274 0.991786
v 22.427 14.677 0.761325 0.547525 0.730618 0.395361
vn -0.0392553 0.122178 0.991732
v 22.6502 -14.6377 3.13149 0.79 0.95 0.43
vn -0.025925 0.0496891 0.998428
v 22.7419 -14.483 3.12607 0.79 0.95 0.43
vn -0.0286679 0.0522583 0.998222
v 22.6842 -13.9813 3.0981 0.79 0.95 0.43
vn -0.0290492 0.0534601 0.998147
v 22.7587 -12.0439 2.99329 0.79 0.95 0.43
vn -0.0264805 0.057576 0.99799
v 22.7832 7.56472 1.325 0.61631 0.792852 0.405187
vn -0.0234031 0.112847 0.993337
v 22.7204 7.67363 1.31112 0.614616 0.791319 0.404945
vn -0.0820451 0.0719769 0.994026
v 22.6052 7.80346 1.29357 0.612475 0.789382 0.404639
vn -0.024489 0.113474 0.993239
v 22.7287 10.9773 1.06786 0.584932 0.764462 0.400705
vn -0.082655 0.0697802 0.994132
v 22.6397 11.0761 1.05322 0.583145 0.762845 0.400449
vn -0.0300102 0.120174 0.992299
v 22.6871 14.3172 0.81587 0.554181 0.73664 0.396312
vn -0.0384992 0.122499 0.991722
v 22.8434 -14.3288 3.12086 0.79 0.95 0.43
vn -0.0267299 0.051791 0.9983
v 22.9014 -14.1076 3.1108 0.79 0.95 0.43
vn -0.0274437 0.0528193 0.998227
v 22.9391 7.36237 1.35157 0.619553 0.795786 0.40565
vn -0.0236633 0.11138 0.993496
v 22.8807 7.46907 1.33813 0.617912 0.794302 0.405416
vn -0.0735705 0.0643452 0.995212
v 22.9819 10.7665 1.10097 0.588972 0.768118 0.401282
vn -0.0297235 0.119494 0.99239
v 22.8703 10.8516 1.08734 0.587308 0.766612 0.401044
vn -0.0783152 0.0668528 0.994685
v 22.8545 14.1789 0.839454 0.557059 0.739244 0.396723
vn -0.0380327 0.122886 0.991692
v 23.1127 -13.9424 3.10782 0.79 0.95 0.43
vn -0.0260968 0.0525767 0.998276
v 23.173 -13.6374 3.09302 0.79 0.95 0.43
vn -0.0276016 0.0540746 0.998155
v 23.1832 -13.4947 3.08552 0.79 0.95 0.43
vn -0.026373 0.0545729 0.998161
v 23.1231 -13.2348 3.06966 0.79 0.95 0.43
vn -0.0282941 0.055185 0.998075
v 23.1589 7.0662 1.38994 0.624235 0.800022 0.406319
vn -0.0232723 0.111128 0.993534
v 23.0795 7.27967 1.36412 0.621084 0.797171 0.405869
vn -0.0718695 0.0635372 0.995388
v 23.0734 10.6624 1.11617 0.590827 0.769795 0.401547
vn -0.0810863 0.0702871 0.994226
v 23.2247 -13.7743 3.10183 0.79 0.95 0.43
vn -0.0232457 0.053365 0.998304
v 23.2623 -13.0859 3.06511 0.79 0.95 0.43
vn -0.0257371 0.0550963 0.998149
v 23.2786 -12.8937 3.0548 0.79 0.95 0.43
vn -0.0260716 0.0563578 0.99807
v 23.361 6.72058 1.43306 0.629498 0.804784 0.407071
vn -0.0213493 0.111106 0.993579
v 23.2381 6.87364 1.41327 0.627083 0.802599 0.406726
vn -0.0234689 0.110552 0.993593
v 23.2541 10.487 1.1425 0.59404 0.772703 0.402006
vn -0.0785356 0.068704 0.994541
v 23.5749 6.30534 1.48365 0.635671 0.810369 0.407953
vn -0.024036 0.108426 0.993814
v 23.5095 6.45858 1.46535 0.633437 0.808348 0.407634
vn -0.0222461 0.109594 0.993727
v 23.414 6.60356 1.44722 0.631225 0.806347 0.407318
vn -0.0228516 0.109546 0.993719
v 23.591 10.1864 1.18817 0.599613 0.777745 0.402802
vn -0.0772271 0.0708802 0.994491
v 23.4696 10.2951 1.17172 0.597605 0.775929 0.402515
vn -0.0778849 0.0692713 0.994553
v 23.6076 -12.8618 3.06156 0.79 0.95 0.43
vn -0.0247346 0.0548028 0.998191
v 23.7149 -12.6933 3.05476 0.79 0.95 0.43
vn -0.0217026 0.0554899 0.998223
v 23.6769 -12.4009 3.03708 0.79 0.95 0.43
vn -0.0255384 0.0569247 0.998052
v 23.7933 -12.353 3.03725 0.79 0.95 0.43
vn -0.0242295 0.0571309 0.998073
v 23.7764 5.92748 1.52929 0.64124 0.815408 0.408749
vn 0 0 0
v 23.6913 6.09956 1.50871 0.638729 0.813135 0.40839
vn 0 0 0
v 23.6983 10.0586 1.20633 0.601829 0.77975 0.403118
vn -0.0844384 0.0823136 0.993023
v 23.8226 -12.218 3.03017 0.79 0.95 0.43
vn -0.0250763 0.0584084 0.997978
v 23.9234 -12.1171 3.02682 0.79 0.95 0.43
vn -0.0180844 0.0555238 0.998294
v 23.9681 -11.9193 3.01631 0.79 0.95 0.43
vn -0.0235514 0.0587892 0.997993
v 23.9131 -11.6771 3.00065 0.79 0.95 0.43
vn -0.0251049 0.0590016 0.997942
v 23.9796 -11.563 2.99548 0.79 0.95 0.43
vn -0.0235133 0.0592487 0.997966
v 23.9285 5.53665 1.57478 0.646791 0.82043 0.409542
vn -0.0215323 0.106365 0.994094
v 23.8918 5.70432 1.55593 0.644491 0.818349 0.409213
vn -0.020915 0.107175 0.99402
v 23.8313 5.81626 1.54254 0.642857 0.81687 0.40898
vn -0.0223184 0.106869 0.994023
v 23.9758 9.77535 1.24758 0.606863 0.784305 0.403838
vn -0.0317093 0.113423 0.993041
v 23.8983 9.88766 1.23225 0.604993 0.782612 0.40357
vn -0.029784 0.11553 0.992857
v 24.0084 -11.4784 2.99111 0.79 0.95 0.43
vn -0.0257698 0.0608826 0.997812
v 24.104 -11.3694 2.98687 0.79 0.95 0.43
vn -0.0241376 0.0603676 0.997884
v 24.1993 -11.0758 2.97133 0.79 0.95 0.43
vn -0.0235821 0.0609127 0.997864
v 24.1801 -10.9665 2.96419 0.79 0.95 0.43
vn -0.0258494 0.06119 0.997791
v 24.1183 -10.097 2.90859 0.79 0.95 0.43
vn -0.0232459 0.0632999 0.997724
v 24.1288 5.15334 1.61996 0.652305 0.825419 0.410329
vn -0.021928 0.105 0.99423
v 24.086 5.31742 1.60158 0.650061 0.823389 0.410009
vn -0.0824578 0.0751456 0.993757
v 24.0267 5.43286 1.58799 0.648403 0.821888 0.409772
vn -0.0805874 0.07565 0.993873
v 24.1398 9.16508 1.3225 0.616005 0.792576 0.405144
vn -0.0814741 0.0776193 0.993648
v 24.1601 9.26716 1.31145 0.614657 0.791356 0.404951
vn -0.0296792 0.113485 0.993096
v 24.1524 9.51262 1.28312 0.611199 0.788228 0.404457
vn -0.0288632 0.114481 0.993006
v 24.0619 9.66168 1.26328 0.608778 0.786038 0.404111
vn -0.0290565 0.114776 0.992966
v 24.3829 -11.297 2.98916 0.79 0.95 0.43
vn -0.0175469 0.0589196 0.998109
v 24.2034 -10.8896 2.96001 0.79 0.95 0.43
vn -0.0244563 0.0619592 0.997779
v 24.2842 -10.7762 2.95491 0.79 0.95 0.43
vn -0.0231535 0.0615202 0.997837
v 24.2668 -10.4326 2.93313 0.79 0.95 0.43
vn -0.023713 0.0622477 0.997779
v 24.317 -10.3146 2.92687 0.79 0.95 0.43
vn -0.0226264 0.0628611 0.997766
v 24.3711 4.69579 1.67328 0.658812 0.831306 0.411259
vn -0.0213143 0.104282 0.994319
v 24.3034 4.87418 1.65313 0.656352 0.82908 0.410907
vn -0.0823877 0.0733094 0.9939
v 24.2196 5.04577 1.63326 0.653928 0.826887 0.410561
vn -0.0835321 0.0745955 0.993709
v 24.2291 9.39651 1.29871 0.613102 0.789949 0.404729
vn -0.0291167 0.113711 0.993087
v 24.4812 -10.6608 2.95234 0.79 0.95 0.43
vn -0.0206196 0.061738 0.997879
v 24.5381 -10.1091 2.9189 0.79 0.95 0.43
vn -0.0225575 0.0635468 0.997724
v 24.576 -9.61338 2.88789 0.79 0.95 0.43
vn -0.0234672 0.0657051 0.997563
v 24.5932 4.39541 1.70916 0.66319 0.835268 0.411884
vn -0.0701241 0.0610384 0.995669
v 24.4751 4.53893 1.69182 0.661074 0.833353 0.411582
vn -0.0790971 0.0685248 0.994509
v 24.591 8.77115 1.38037 0.623068 0.798966 0.406153
vn -0.069275 0.0666963 0.995366
v 24.4801 9.16411 1.33263 0.617242 0.793695 0.40532
vn -0.0287741 0.113281 0.993146
v 24.6672 -10.0193 2.91609 0.79 0.95 0.43
vn -0.0217163 0.0631464 0.997768
v 24.7326 -9.89832 2.90979 0.79 0.95 0.43
vn -0.0133572 0.0608393 0.998058
v 24.6592 -9.73697 2.89775 0.79 0.95 0.43
vn -0.022493 0.0643601 0.997673
v 24.7302 -9.51696 2.88503 0.79 0.95 0.43
vn -0.0216742 0.0647993 0.997663
v 24.7867 -9.39545 2.87832 0.79 0.95 0.43
vn -0.0239152 0.0672078 0.997452
v 24.7048 4.15675 1.73614 0.666483 0.838246 0.412355
vn -0.0217227 0.100943 0.994655
v 24.6201 4.26969 1.72277 0.66485 0.836769 0.412121
vn -0.0200241 0.103286 0.99445
v 24.7437 8.7363 1.38872 0.624086 0.799888 0.406298
vn -0.0287331 0.111681 0.993329
v 24.6517 8.89479 1.36818 0.62158 0.79762 0.40594
vn -0.0284499 0.112377 0.993258
v 24.6152 9.02717 1.35213 0.619621 0.795848 0.40566
vn -0.0279529 0.113484 0.993146
v 24.9485 -9.36556 2.87991 0.79 0.95 0.43
vn -0.0210988 0.0647104 0.997681
v 24.9405 -8.10859 2.79503 0.79 0.95 0.43
vn -0.0237458 0.0676126 0.997429
v 24.9758 -7.97663 2.78664 0.79 0.95 0.43
vn -0.0216774 0.0696818 0.997334
v 24.9131 3.89459 1.76724 0.670278 0.84168 0.412897
vn -0.100202 0.100566 0.989872
v 24.8037 4.05077 1.74904 0.668057 0.83967 0.41258
vn -0.0814274 0.0726702 0.994026
v 24.9685 8.53265 1.41806 0.627666 0.803127 0.406809
vn -0.0262771 0.11251 0.993303
v 24.8878 8.6526 1.40229 0.625742 0.801386 0.406535
vn -0.0282412 0.11224 0.99328
v 25.0284 -9.24604 2.87376 0.79 0.95 0.43
vn -0.0128454 0.0615872 0.998019
v 25.019 -9.05011 2.86054 0.79 0.95 0.43
vn -0.0226392 0.0667882 0.99751
v 25.0903 -8.89235 2.85153 0.79 0.95 0.43
vn -0.0200254 0.0666161 0.997578
v 25.0654 -8.69762 2.83788 0.79 0.95 0.43
vn -0.0230472 0.0675176 0.997452
v 25.1567 -8.49248 2.82589 0.79 0.95 0.43
vn -0.021428 0.0679561 0.997458
v 25.1269 -8.30501 2.81245 0.79 0.95 0.43
vn -0.0205639 0.0686535 0.997429
v 25.1156 -7.8826 2.78301 0.79 0.95 0.43
vn -0.0205229 0.0694295 0.997376
v 25.1014 -7.51797 2.75714 0.79 0.95 0.43
vn -0.0216229 0.070379 0.997286
v 25.1799 -7.35604 2.74727 0.789759 0.949782 0.429966
vn -0.0195852 0.0708058 0.997298
v 25.1075 -7.15894 2.73175 0.787977 0.94817 0.429711
vn -0.0217498 0.0716858 0.99719
v 25.1484 3.28163 1.83413 0.67844 0.849065 0.414063
vn -0.112033 0.060706 0.991848
v 25.0927 3.45003 1.81605 0.676234 0.847068 0.413748
vn -0.110374 0.0703699 0.991396
v 25.0181 3.67619 1.79162 0.673253 0.844372 0.413322
vn -0.10914 0.0647807 0.991913
v 25.1252 8.2786 1.45088 0.631672 0.806751 0.407382
vn -0.0718752 0.0645043 0.995326
v 25.008 8.45498 1.42788 0.628865 0.804211 0.406981
vn -0.0296254 0.110082 0.993481
v 25.2703 -8.52407 2.83046 0.79 0.95 0.43
vn -0.0199497 0.0679236 0.997491
v 25.2243 -7.73307 2.7748 0.79 0.95 0.43
vn -0.0175934 0.0698169 0.997405
v 25.2748 -7.06133 2.72813 0.787535 0.94777 0.429648
vn -0.0159785 0.0708031 0.997362
v 25.2957 -6.88493 2.71581 0.786033 0.94641 0.429433
vn -0.0209793 0.0725588 0.997143
v 25.3582 -6.673 2.70166 0.784306 0.944848 0.429187
vn -0.0184454 0.072205 0.997219
v 25.3487 -6.53991 2.69174 0.783095 0.943752 0.429014
vn -0.0209035 0.073054 0.997109
v 25.3995 -6.28046 2.67363 0.780884 0.941753 0.428698
vn -0.0199132 0.0741007 0.997052
v 25.3871 -5.65148 2.62629 0.775108 0.936526 0.427873
vn -0.0190631 0.0755655 0.996959
v 25.3678 2.68542 1.89787 0.686219 0.856103 0.415174
vn -0.115584 0.0658303 0.991114
v 25.298 2.89274 1.87596 0.683544 0.853683 0.414792
vn -0.115661 0.0685068 0.990923
v 25.2321 3.11998 1.85199 0.680619 0.851037 0.414374
vn -0.113989 0.062784 0.991496
v 25.3898 7.91419 1.49873 0.637511 0.812033 0.408216
vn -0.0279011 0.109411 0.993605
v 25.2615 8.08682 1.47603 0.634741 0.809527 0.40782
vn -0.0204639 0.11561 0.993084
v 25.457 -6.47292 2.68896 0.782756 0.943446 0.428965
vn -0.0183658 0.0726077 0.997191
v 25.4948 -6.39048 2.68364 0.782106 0.942858 0.428872
vn -0.0150039 0.0716332 0.997318
v 25.5088 -6.12237 2.66402 0.779712 0.940692 0.42853
vn -0.0195589 0.0744036 0.997036
v 25.402 -5.74781 2.63386 0.776031 0.937362 0.428004
vn -0.0197694 0.0747315 0.997008
v 25.4101 -5.52204 2.6169 0.773963 0.93549 0.427709
vn -0.0188435 0.0757341 0.99695
v 25.4121 -5.39345 2.60714 0.772771 0.934412 0.427539
vn -0.0193589 0.0767641 0.996861
v 25.5778 1.92273 1.97652 0.695816 0.864786 0.416545
vn -0.114923 0.0731487 0.990678
v 25.5043 2.11176 1.95679 0.693408 0.862607 0.416201
vn -0.0205934 0.0961043 0.995158
v 25.4912 2.28209 1.93991 0.691349 0.860744 0.415907
vn -0.118768 0.0714827 0.990346
v 25.4443 2.45422 1.92215 0.689181 0.858782 0.415597
vn -0.116284 0.0677165 0.990905
v 25.549 7.59021 1.53877 0.642397 0.816454 0.408914
vn -0.0284859 0.108396 0.9937
v 25.5273 7.67533 1.52884 0.641185 0.815358 0.408741
vn -0.0278134 0.109003 0.993652
v 25.4897 7.80366 1.51369 0.639337 0.813685 0.408477
vn -0.0232284 0.111461 0.993497
v 25.651 -5.92464 2.652 0.778246 0.939366 0.428321
vn -0.0894286 0.0783584 0.992906
v 25.6779 -5.30401 2.60539 0.772557 0.934218 0.427508
vn -0.0992804 0.0829275 0.991598
v 25.7238 -5.1324 2.59304 0.771051 0.932856 0.427293
vn -0.105274 0.108814 0.988472
v 25.6617 -4.94607 2.57742 0.769144 0.931131 0.427021
vn -0.019421 0.0777198 0.996786
v 25.7884 -4.38221 2.53553 0.764033 0.926506 0.42629
vn -0.019703 0.0792702 0.996658
v 25.7992 0.172962 2.14576 0.716469 0.883472 0.419496
vn -0.0151442 0.0919515 0.995648
v 25.79 0.299992 2.13389 0.71502 0.882161 0.419289
vn -0.0137282 0.0921183 0.995653
v 25.773 0.474877 2.1174 0.713007 0.88034 0.419001
vn 0 0 0
v 25.7468 0.694392 2.09648 0.710455 0.87803 0.418636
vn -0.0157311 0.0936681 0.995479
v 25.7124 0.910272 2.07562 0.707909 0.875728 0.418273
vn -0.0201848 0.0938835 0.995379
v 25.7212 1.08499 2.05932 0.70592 0.873928 0.417989
vn -0.0203316 0.094017 0.995363
v 25.7139 1.30251 2.03857 0.703388 0.871636 0.417627
vn -0.0187866 0.0948331 0.995316
v 25.6483 1.51633 2.01696 0.70075 0.86925 0.41725
vn -0.0209473 0.0947768 0.995278
v 25.643 1.68999 2.0002 0.698706 0.8674 0.416958
vn -0.0187606 0.095453 0.995257
v 25.654 7.30496 1.57279 0.646549 0.820211 0.409507
vn -0.0281707 0.106808 0.993881
v 25.6036 7.50688 1.54939 0.643693 0.817627 0.409099
vn -0.0254868 0.109353 0.993676
v 25.8505 -4.84213 2.57291 0.768594 0.930632 0.426942
vn -0.115804 0.109193 0.987252
v 25.866 -4.7053 2.56248 0.767322 0.929482 0.42676
vn -0.110668 0.0893988 0.989829
v 25.8009 -4.51759 2.54648 0.765369 0.927715 0.426481
vn -0.0190837 0.0785655 0.996726
v 25.9216 -4.26494 2.52871 0.7632 0.925752 0.426171
vn -0.117124 0.0819914 0.989727
v 25.8766 -4.08547 2.51352 0.761347 0.924075 0.425907
vn -0.0192256 0.0798482 0.996622
v 25.8923 -3.9091 2.49963 0.759652 0.922542 0.425665
vn -0.122484 0.0770276 0.989477
v 25.9079 -3.71048 2.48384 0.757725 0.920799 0.425389
vn -0.119711 0.0881124 0.988891
v 25.9261 -3.46772 2.46439 0.755352 0.918652 0.42505
vn -0.121689 0.0847014 0.988948
v 25.9241 -3.27003 2.44812 0.753365 0.916854 0.424766
vn -0.123189 0.0812556 0.989051
v 25.8966 -3.07503 2.4315 0.751337 0.915019 0.424477
vn -0.0187389 0.0822834 0.996433
v 25.924 -2.9442 2.42112 0.750072 0.913874 0.424296
vn -0.119224 0.0819776 0.989477
v 25.9576 -2.70282 2.40155 0.747683 0.911713 0.423955
vn -0.0223168 0.0839806 0.996217
v 25.9668 -2.50417 2.38499 0.745662 0.909885 0.423666
vn -0.0150469 0.0847422 0.996289
v 25.9415 -2.32603 2.36943 0.743763 0.908166 0.423395
vn -0.0206693 0.0841895 0.996235
v 25.9478 -2.10694 2.35085 0.741495 0.906115 0.423071
vn -0.0125545 0.0850321 0.996299
v 25.9615 -1.88945 2.33242 0.739247 0.90408 0.42275
vn -0.01469 0.0854896 0.996231
v 25.9698 -1.71523 2.31751 0.737427 0.902434 0.42249
vn -0.0233057 0.086348 0.995992
v 25.9561 -1.49501 2.29809 0.735058 0.900291 0.422151
vn -0.0233057 0.086348 0.995992
v 25.9453 -1.2714 2.27831 0.732644 0.898106 0.421806
vn -0.0144336 0.0883212 0.995987
v 25.9212 -1.07525 2.26057 0.730479 0.896147 0.421497
vn -0.0185129 0.0883271 0.995919
v 25.9217 -0.883575 2.24358 0.728405 0.894272 0.421201
vn -0.0169007 0.0886864 0.995916
v 25.9002 -0.701889 2.22696 0.726378 0.892437 0.420911
vn -0.0197179 0.0890991 0.995828
v 25.8958 -0.483195 2.20725 0.723972 0.890261 0.420567
vn -0.016913 0.0899014 0.995807
v 25.8604 -0.308163 2.19079 0.721963 0.888443 0.42028
vn -0.0188595 0.0901537 0.995749
v 25.8498 -0.0676201 2.16872 0.71927 0.886006 0.419896
vn -0.0166093 0.0909344 0.995718
v 25.8161 0.0770955 2.15487 0.717581 0.884478 0.419654
vn -0.0176881 0.0911669 0.995679
v 25.8914 7.09201 1.60239 0.65016 0.823478 0.410023
vn -0.0269053 0.107654 0.993824
v 26.1719 5.94944 1.73194 0.66597 0.837782 0.412281
vn -0.0799647 0.0708985 0.994273
v 26.1814 6.23614 1.70188 0.662301 0.834463 0.411757
vn -0.026991 0.105301 0.994074
v 26.1003 6.46109 1.67579 0.659117 0.831582 0.411302
vn -0.0280557 0.10604 0.993966
v 26.1081 6.70191 1.65025 0.656001 0.828763 0.410857
vn -0.0220352 0.107888 0.993919
v 26.0431 6.92185 1.62488 0.652905 0.825961 0.410415
vn -0.0209133 0.109579 0.993758
v 26.2505 5.87529 1.74183 0.667176 0.838874 0.412454
vn -0.0550423 0.0743103 0.995715
v 26.2781 6.12398 1.71632 0.664064 0.836058 0.412009
vn -0.0259654 0.105145 0.994118
v 26.2205 6.34429 1.69144 0.661027 0.83331 0.411575
vn -0.0241893 0.106519 0.994016
v 26.5667 5.575 1.7816 0.67203 0.843265 0.413147
vn -0.0264747 0.10342 0.994285
v 26.5245 5.71127 1.76625 0.670157 0.84157 0.41288
vn -0.0260923 0.104069 0.994228
v 26.4676 5.83841 1.75143 0.668348 0.839934 0.412621
vn -0.022572 0.106604 0.994045
v 26.6324 3.60859 1.98404 0.696733 0.865616 0.416676
vn -0.100702 0.0888803 0.990939
v 26.7844 5.15209 1.83117 0.678078 0.848738 0.414011
vn -0.0834396 0.0816236 0.993164
v 26.7403 5.31017 1.81366 0.675942 0.846805 0.413706
vn -0.0258381 0.103125 0.994333
v 26.674 5.51103 1.79107 0.673186 0.844311 0.413312
vn -0.0188134 0.107759 0.993999
v 26.9079 4.74738 1.87595 0.683543 0.853682 0.414792
vn -0.0935106 0.112166 0.98928
v 26.8639 4.92995 1.8561 0.681121 0.85149 0.414446
vn -0.0832636 0.0770271 0.993546
v 26.8324 5.07199 1.84067 0.679239 0.849787 0.414177
vn -0.0199853 0.104722 0.994301
v 27.1912 3.8986 1.9691 0.694911 0.863967 0.416416
vn -0.0248153 0.0996723 0.994711
v 27.1209 4.1728 1.93975 0.691329 0.860726 0.415904
vn -0.0249836 0.100265 0.994647
v 27.0411 4.3029 1.92458 0.689477 0.859051 0.41564
vn -0.026211 0.100712 0.99457
v 27.0123 4.53473 1.90032 0.686517 0.856372 0.415217
vn -0.0259579 0.101034 0.994544
v 27.039 4.63694 1.89058 0.685329 0.855298 0.415047
vn -0.022059 0.102688 0.994469
v 27.3629 -4.62532 2.74149 0.789166 0.949246 0.429881
vn -0.121285 0.0876534 0.98874
v 27.2312 3.52768 2.00712 0.69955 0.868165 0.417079
vn -0.0249371 0.0992767 0.994747
f 273//273 285//285 274//274
f 2852//2852 2891//2891 2872//2872
f 2891//2891 2852//2852 2812//2812
f 3042//3042 2891//2891 3088//3088
f 3901//3901 3876//3876 3900//3900
f 5313//5313 5312//5312 5316//5316
f 5314//5314 5313//5313 5316//5316
f 642//642 425//425 424//424
f 2033//2033 2068//2068 2069//2069
f 2832//2832 2852//2852 2872//2872
f 2852//2852 2832//2832 2812//2812
f 2832//2832 2792//2792 2812//2812
f 2971//2971 3016//3016 2993//2993
f 2971//2971 3042//3042 3016//3016
f 2971//2971 2933//2933 3042//3042
f 2891//2891 2911//2911 2872//2872
f 3042//3042 2911//2911 2891//2891
f 2933//2933 2911//2911 3042//3042
f 3016//3016 3090//3090 2993//2993
f 4785//4785 4902//4902 4887//4887
f 4902//4902 4888//4888 4887//4887
f 4880//4880 4888//4888 4868//4868
f 4888//4888 4880//4880 4887//4887
f 960//960 1184//1184 986//986
f 1520//1520 1519//1519 1794//1794
f 2556//2556 2598//2598 2576//2576
f 4807//4807 4806//4806 4836//4836
f 4745//4745 4672//4672 4811//4811
f 5163//5163 5154//5154 5173//5173
f 5176//5176 5163//5163 5173//5173
f 3876//3876 4078//4078 3900//3900
f 722//722 612//612 525//525
f 81//81 80//80 197//197
f 7//7 100//100 8//8
f 199//199 220//220 200//200
f 199//199 219//219 220//220
f 219//219 248//248 220//220
f 183//183 175//175 324//324
f 328//328 343//343 353//353
f 378//378 518//518 390//390
f 379//379 392//392 364//364
f 663//663 628//628 661//661
f 628//628 629//629 661//661
f 629//629 628//628 610//610
f 755//755 777//777 756//756
f 836//836 815//815 929//929
f 2099//2099 2098//2098 2069//2069
f 2068//2068 2099//2099 2069//2069
f 3470//3470 3599//3599 3600//3600
f 3646//3646 3599//3599 3598//3598
f 3759//3759 3869//3869 3846//3846
f 3066//3066 3042//3042 3088//3088
f 2971//2971 2952//2952 2933//2933
f 2952//2952 2971//2971 2993//2993
f 3090//3090 2952//2952 2993//2993
f 4300//4300 4325//4325 4326//4326
f 4384//4384 4434//4434 4326//4326
f 4752//4752 4751//4751 4753//4753
f 5130//5130 5113//5113 5137//5137
f 5210//5210 5194//5194 5177//5177
f 5194//5194 5186//5186 5177//5177
f 2696//2696 2653//2653 2566//2566
f 2880//2880 2717//2717 2696//2696
f 2717//2717 2675//2675 2696//2696
f 2422//2422 2398//2398 2522//2522
f 751//751 736//736 752//752
f 695//695 658//658 694//694
f 734//734 607//607 606//606
f 658//658 539//539 625//625
f 2187//2187 2164//2164 2186//2186
f 960//960 1149//1149 1184//1184
f 1763//1763 1764//1764 1492//1492
f 1764//1764 1493//1493 1492//1492
f 2045//2045 1751//1751 1750//1750
f 710//710 483//483 482//482
f 1075//1075 1031//1031 1249//1249
f 2598//2598 2618//2618 2576//2576
f 2198//2198 2248//2248 2172//2172
f 1475//1475 1504//1504 1436//1436
f 1504//1504 1475//1475 1530//1530
f 4672//4672 4689//4689 4811//4811
f 4806//4806 4808//4808 4779//4779
f 4808//4808 4806//4806 4807//4807
f 4636//4636 4745//4745 4619//4619
f 4745//4745 4636//4636 4672//4672
f 4635//4635 4636//4636 4619//4619
f 4674//4674 4675//4675 4673//4673
f 4683//4683 4872//4872 4664//4664
f 4447//4447 4425//4425 4446//4446
f 3717//3717 3751//3751 3752//3752
f 4603//4603 4688//4688 4634//4634
f 5174//5174 5176//5176 5173//5173
f 5176//5176 5192//5192 5202//5202
f 5174//5174 5192//5192 5185//5185
f 5192//5192 5174//5174 5173//5173
f 5164//5164 5146//5146 5154//5154
f 5163//5163 5164//5164 5154//5154
f 5164//5164 5163//5163 5176//5176
f 4759//4759 4760//4760 4739//4739
f 4277//4277 4303//4303 4278//4278
f 4255//4255 4277//4277 4278//4278
f 4060//4060 4078//4078 3876//3876
f 4098//4098 3901//3901 3900//3900
f 2880//2880 2841//2841 2820//2820
f 2841//2841 2862//2862 2820//2820
f 2922//2922 2984//2984 2900//2900
f 2469//2469 2470//2470 2260//2260
f 3026//3026 3051//3051 2980//2980
f 3028//3028 3053//3053 3027//3027
f 302//302 286//286 287//287
f 286//286 303//303 287//287
f 303//303 286//286 302//302
f 1048//1048 1025//1025 1049//1049
f 723//723 722//722 740//740
f 20//20 21//21 18//18
f 19//19 20//20 18//18
f 20//20 22//22 21//21
f 24//24 2//2 1//1
f 21//21 23//23 1//1
f 22//22 23//23 21//21
f 23//23 24//24 1//1
f 44//44 47//47 18//18
f 47//47 44//44 46//46
f 83//83 82//82 197//197
f 82//82 81//81 197//197
f 100//100 79//79 8//8
f 214//214 195//195 99//99
f 195//195 100//100 99//99
f 216//216 195//195 214//214
f 195//195 79//79 100//100
f 2//2 3//3 1//1
f 3//3 7//7 1//1
f 3//3 4//4 7//7
f 4//4 6//6 7//7
f 5//5 6//6 4//4
f 100//100 6//6 99//99
f 6//6 100//100 7//7
f 14//14 12//12 13//13
f 25//25 14//14 13//13
f 85//85 84//84 83//83
f 25//25 84//84 85//85
f 84//84 13//13 83//83
f 84//84 25//25 13//13
f 198//198 219//219 199//199
f 198//198 83//83 197//197
f 198//198 85//85 83//83
f 198//198 199//199 85//85
f 69//69 68//68 153//153
f 67//67 68//68 56//56
f 68//68 69//69 56//56
f 138//138 43//43 64//64
f 400//400 276//276 399//399
f 205//205 206//206 207//207
f 206//206 205//205 369//369
f 536//536 554//554 437//437
f 144//144 145//145 132//132
f 309//309 175//175 297//297
f 175//175 309//309 324//324
f 310//310 309//309 297//297
f 309//309 310//310 324//324
f 261//261 272//272 284//284
f 272//272 283//283 284//284
f 283//283 272//272 261//261
f 283//283 298//298 284//284
f 260//260 261//261 237//237
f 260//260 283//283 261//261
f 260//260 361//361 283//283
f 260//260 360//360 361//361
f 184//184 185//185 176//176
f 183//183 184//184 176//176
f 187//187 184//184 203//203
f 326//326 312//312 437//437
f 438//438 326//326 437//437
f 312//312 326//326 328//328
f 488//488 518//518 378//378
f 362//362 488//488 378//378
f 488//488 362//362 353//353
f 439//439 440//440 407//407
f 440//440 439//439 470//470
f 490//490 504//504 505//505
f 504//504 490//490 586//586
f 285//285 299//299 274//274
f 697//697 698//698 663//663
f 698//698 721//721 663//663
f 660//660 794//794 719//719
f 774//774 660//660 627//627
f 660//660 774//774 794//794
f 794//794 814//814 719//719
f 814//814 835//835 719//719
f 835//835 858//858 877//877
f 588//588 611//611 572//572
f 611//611 628//628 663//663
f 628//628 611//611 610//610
f 611//611 588//588 610//610
f 572//572 558//558 542//542
f 558//558 541//541 542//542
f 524//524 523//523 542//542
f 541//541 524//524 542//542
f 523//523 524//524 506//506
f 1412//1412 1345//1345 1368//1368
f 776//776 754//754 775//775
f 3694//3694 3759//3759 3600//3600
f 3599//3599 3694//3694 3600//3600
f 3694//3694 3599//3599 3646//3646
f 3669//3669 3694//3694 3646//3646
f 3669//3669 3646//3646 3598//3598
f 3575//3575 3510//3510 3490//3490
f 3532//3532 3510//3510 3575//3575
f 3533//3533 3599//3599 3470//3470
f 3966//3966 3939//3939 4128//4128
f 3671//3671 3648//3648 3873//3873
f 3872//3872 3873//3873 3780//3780
f 3873//3873 3872//3872 3943//3943
f 3779//3779 3803//3803 3780//3780
f 3090//3090 3141//3141 3115//3115
f 2911//2911 2932//2932 2872//2872
f 2932//2932 2911//2911 2933//2933
f 2952//2952 2932//2932 2933//2933
f 3330//3330 3355//3355 3331//3331
f 3469//3469 3354//3354 3405//3405
f 3469//3469 3468//3468 3490//3490
f 3510//3510 3469//3469 3490//3490
f 3532//3532 3469//3469 3510//3510
f 3469//3469 3533//3533 3470//3470
f 3533//3533 3469//3469 3532//3532
f 3213//3213 3189//3189 3169//3169
f 3168//3168 3235//3235 3259//3259
f 3354//3354 3168//3168 3259//3259
f 3141//3141 3168//3168 3115//3115
f 3168//3168 3141//3141 3167//3167
f 3355//3355 3380//3380 3331//3331
f 3380//3380 3406//3406 3331//3331
f 2757//2757 2756//2756 2778//2778
f 4475//4475 4436//4436 4435//4435
f 4435//4435 4436//4436 4416//4416
f 4816//4816 4839//4839 4728//4728
f 4815//4815 4816//4816 4728//4728
f 3873//3873 3761//3761 3724//3724
f 3895//3895 3873//3873 3943//3943
f 4369//4369 4388//4388 4278//4278
f 4368//4368 4369//4369 4278//4278
f 4369//4369 4368//4368 4388//4388
f 4303//4303 4329//4329 4278//4278
f 4329//4329 4368//4368 4278//4278
f 4252//4252 4300//4300 4326//4326
f 4657//4657 4708//4708 4728//4728
f 4325//4325 4364//4364 4326//4326
f 4364//4364 4384//4384 4326//4326
f 4255//4255 4233//4233 4254//4254
f 4214//4214 4233//4233 4255//4255
f 4433//4433 4434//4434 4432//4432
f 4433//4433 4454//4454 4434//4434
f 4434//4434 4474//4474 4493//4493
f 4454//4454 4474//4474 4434//4434
f 4942//4942 4958//4958 4943//4943
f 4752//4752 4735//4735 4751//4751
f 5170//5170 5171//5171 5160//5160
f 5171//5171 5184//5184 5294//5294
f 5184//5184 5171//5171 5170//5170
f 4988//4988 5086//5086 5087//5087
f 5105//5105 4988//4988 5087//5087
f 5210//5210 5203//5203 5194//5194
f 5203//5203 5210//5210 5197//5197
f 4754//4754 4752//4752 4753//4753
f 5063//5063 5064//5064 5065//5065
f 5064//5064 5088//5088 5065//5065
f 5062//5062 5064//5064 5063//5063
f 5022//5022 5040//5040 5041//5041
f 4944//4944 4942//4942 4943//4943
f 4942//4942 4944//4944 4945//4945
f 4960//4960 4961//4961 4945//4945
f 5165//5165 5168//5168 5116//5116
f 5158//5158 5165//5165 5116//5116
f 5165//5165 5166//5166 5168//5168
f 5186//5186 5179//5179 5177//5177
f 5131//5131 5130//5130 5137//5137
f 4958//4958 4959//4959 4943//4943
f 4959//4959 4958//4958 4960//4960
f 4959//4959 4944//4944 4943//4943
f 4959//4959 4960//4960 4945//4945
f 4944//4944 4959//4959 4945//4945
f 2800//2800 2880//2880 2820//2820
f 2800//2800 2717//2717 2880//2880
f 2781//2781 2762//2762 2761//2761
f 2762//2762 2781//2781 2763//2763
f 3111//3111 3083//3083 3137//3137
f 2674//2674 2653//2653 2696//2696
f 2674//2674 2590//2590 2653//2653
f 2902//2902 2882//2882 2901//2901
f 2700//2700 2744//2744 2721//2721
f 2676//2676 2718//2718 2698//2698
f 2742//2742 2762//2762 2763//2763
f 2743//2743 2742//2742 2763//2763
f 717//717 658//658 695//695
f 609//609 751//751 752//752
f 626//626 609//609 627//627
f 657//657 658//658 625//625
f 658//658 657//657 694//694
f 505//505 522//522 540//540
f 522//522 539//539 540//540
f 539//539 522//522 625//625
f 2023//2023 2088//2088 2060//2060
f 1570//1570 1854//1854 1571//1571
f 1599//1599 1854//1854 1600//1600
f 1854//1854 1599//1599 1571//1571
f 1957//1957 1978//1978 1859//1859
f 2164//2164 2138//2138 2186//2186
f 2236//2236 2469//2469 2260//2260
f 2057//2057 2236//2236 2260//2260
f 2446//2446 2421//2421 2566//2566
f 2421//2421 2397//2397 2566//2566
f 2233//2233 2104//2104 2232//2232
f 2104//2104 2233//2233 2076//2076
f 336//336 384//384 373//373
f 1976//1976 2209//2209 2210//2210
f 1751//1751 1449//1449 1750//1750
f 75//75 76//76 74//74
f 402//402 310//310 297//297
f 48//48 34//34 33//33
f 129//129 52//52 128//128
f 127//127 129//129 128//128
f 292//292 164//164 291//291
f 164//164 292//292 307//307
f 909//909 876//876 875//875
f 871//871 853//853 851//851
f 1097//1097 1077//1077 1096//1096
f 2507//2507 2407//2407 2481//2481
f 2831//2831 2811//2811 2851//2851
f 2707//2707 2685//2685 2663//2663
f 2685//2685 2707//2707 2727//2727
f 2619//2619 2599//2599 2662//2662
f 2618//2618 2599//2599 2576//2576
f 2663//2663 2641//2641 2662//2662
f 2641//2641 2619//2619 2662//2662
f 2598//2598 2531//2531 2575//2575
f 2531//2531 2598//2598 2556//2556
f 2554//2554 2458//2458 2530//2530
f 2149//2149 2198//2198 2172//2172
f 1435//1435 1475//1475 1436//1436
f 1346//1346 1414//1414 1436//1436
f 1414//1414 1435//1435 1436//1436
f 1435//1435 1414//1414 1413//1413
f 1370//1370 1346//1346 1369//1369
f 1370//1370 1414//1414 1346//1346
f 1609//1609 1585//1585 1683//1683
f 1633//1633 1609//1609 1683//1683
f 2097//2097 2096//2096 2121//2121
f 2149//2149 2097//2097 2121//2121
f 2097//2097 2149//2149 2172//2172
f 1679//1679 1554//1554 1652//1652
f 1679//1679 1704//1704 1554//1554
f 1704//1704 1679//1679 1832//1832
f 2406//2406 2431//2431 2348//2348
f 2296//2296 2406//2406 2348//2348
f 2247//2247 2347//2347 2273//2273
f 2247//2247 2321//2321 2347//2347
f 2093//2093 1985//1985 2007//2007
f 1985//1985 2093//2093 2008//2008
f 2095//2095 2146//2146 2196//2196
f 2066//2066 2146//2146 2095//2095
f 4838//4838 4812//4812 4811//4811
f 4812//4812 4838//4838 4813//4813
f 4812//4812 4745//4745 4811//4811
f 4838//4838 4866//4866 4813//4813
f 4866//4866 4838//4838 4811//4811
f 4878//4878 4866//4866 4811//4811
f 4866//4866 4878//4878 4879//4879
f 4813//4813 4886//4886 4927//4927
f 4878//4878 4886//4886 4879//4879
f 4866//4866 4886//4886 4813//4813
f 4886//4886 4866//4866 4879//4879
f 4926//4926 4937//4937 4927//4927
f 4721//4721 4722//4722 4688//4688
f 4689//4689 4704//4704 4811//4811
f 4704//4704 4878//4878 4811//4811
f 4878//4878 4704//4704 4722//4722
f 4722//4722 4704//4704 4688//4688
f 4704//4704 4689//4689 4688//4688
f 4689//4689 4671//4671 4688//4688
f 4671//4671 4689//4689 4672//4672
f 4688//4688 4671//4671 4634//4634
f 4885//4885 4884//4884 4898//4898
f 4806//4806 4863//4863 4836//4836
f 4652//4652 4635//4635 4634//4634
f 4652//4652 4636//4636 4635//4635
f 4636//4636 4652//4652 4672//4672
f 4671//4671 4652//4652 4634//4634
f 4652//4652 4671//4671 4672//4672
f 4745//4745 4705//4705 4690//4690
f 4740//4740 4717//4717 4739//4739
f 4760//4760 4740//4740 4739//4739
f 4717//4717 4718//4718 4700//4700
f 4740//4740 4718//4718 4717//4717
f 4718//4718 4701//4701 4700//4700
f 4511//4511 4512//4512 4486//4486
f 3934//3934 3817//3817 3838//3838
f 3750//3750 3888//3888 3716//3716
f 3988//3988 4071//4071 3963//3963
f 4426//4426 4425//4425 4447//4447
f 4601//4601 4602//4602 4586//4586
f 4884//4884 4762//4762 4779//4779
f 4762//4762 4761//4761 4779//4779
f 4633//4633 4721//4721 4688//4688
f 4673//4673 4590//4590 4690//4690
f 4591//4591 4590//4590 4673//4673
f 4470//4470 4450//4450 4469//4469
f 4681//4681 4682//4682 4699//4699
f 5126//5126 5191//5191 5173//5173
f 5191//5191 5192//5192 5173//5173
f 5192//5192 5191//5191 5202//5202
f 5191//5191 5201//5201 5202//5202
f 5315//5315 5314//5314 5316//5316
f 5309//5309 5315//5315 5316//5316
f 5315//5315 5309//5309 5314//5314
f 5310//5310 5309//5309 5316//5316
f 5297//5297 5308//5308 5298//5298
f 5302//5302 5308//5308 5303//5303
f 5308//5308 5304//5304 5303//5303
f 5304//5304 5308//5308 5297//5297
f 5295//5295 5296//5296 5294//5294
f 5300//5300 5295//5295 5294//5294
f 5154//5154 5080//5080 5173//5173
f 5175//5175 5192//5192 5176//5176
f 5192//5192 5175//5175 5185//5185
f 5174//5174 5175//5175 5176//5176
f 5175//5175 5174//5174 5185//5185
f 5109//5109 5121//5121 5110//5110
f 5008//5008 5009//5009 4995//4995
f 4923//4923 5008//5008 4995//4995
f 4276//4276 4277//4277 4255//4255
f 4276//4276 4255//4255 4254//4254
f 4277//4277 4276//4276 4303//4303
f 4060//4060 4061//4061 4078//4078
f 4078//4078 4079//4079 3900//3900
f 4079//4079 4098//4098 3900//3900
f 4098//4098 4079//4079 4278//4278
f 4079//4079 4061//4061 4278//4278
f 4061//4061 4079//4079 4078//4078
f 3901//3901 4099//4099 3921//3921
f 4098//4098 4099//4099 3901//3901
f 4099//4099 4098//4098 4278//4278
f 2881//2881 2841//2841 2900//2900
f 2841//2841 2881//2881 2862//2862
f 2943//2943 2881//2881 2900//2900
f 2882//2882 2881//2881 2901//2901
f 2881//2881 2882//2882 2862//2862
f 2942//2942 2880//2880 2961//2961
f 2861//2861 2841//2841 2880//2880
f 2942//2942 2861//2861 2880//2880
f 2861//2861 2942//2942 2922//2922
f 2841//2841 2861//2861 2900//2900
f 2861//2861 2922//2922 2900//2900
f 2445//2445 2470//2470 2469//2469
f 2445//2445 2236//2236 2210//2210
f 2236//2236 2445//2445 2469//2469
f 2521//2521 2696//2696 2566//2566
f 2521//2521 2494//2494 2696//2696
f 3078//3078 3054//3054 2941//2941
f 3054//3054 3029//3029 2941//2941
f 2920//2920 2960//2960 2941//2941
f 3029//3029 2920//2920 2941//2941
f 2920//2920 3029//3029 3030//3030
f 2880//2880 2983//2983 2961//2961
f 2881//2881 2923//2923 2901//2901
f 2923//2923 2881//2881 2943//2943
f 2943//2943 2962//2962 3007//3007
f 2984//2984 2962//2962 2900//2900
f 2962//2962 2943//2943 2900//2900
f 3634//3634 3855//3855 3856//3856
f 3855//3855 3633//3633 3881//3881
f 3855//3855 3634//3634 3633//3633
f 4291//4291 4290//4290 4317//4317
f 4138//4138 4316//4316 4119//4119
f 4290//4290 4316//4316 4317//4317
f 4316//4316 4290//4290 4119//4119
f 632//632 529//529 546//546
f 511//511 529//529 632//632
f 1372//1372 1218//1218 1260//1260
f 1217//1217 1218//1218 1195//1195
f 1164//1164 1139//1139 1022//1022
f 590//590 573//573 525//525
f 722//722 664//664 612//612
f 723//723 664//664 722//722
f 507//507 508//508 393//393
f 508//508 493//493 393//393
f 560//560 593//593 507//507
f 593//593 758//758 725//725
f 615//615 702//702 632//632
f 578//578 632//632 546//546
f 1692//1692 1712//1712 1876//1876
f 1509//1509 1668//1668 1510//1510
f 1561//1561 1477//1477 1372//1372
f 2126//2126 2155//2155 2179//2179
f 1875//1875 1971//1971 1844//1844
f 82//82 10//10 81//81
f 10//10 12//12 8//8
f 213//213 247//247 214//214
f 79//79 196//196 80//80
f 195//195 196//196 79//79
f 80//80 196//196 197//197
f 196//196 216//216 248//248
f 196//196 195//195 216//216
f 15//15 25//25 16//16
f 15//15 14//14 25//25
f 31//31 29//29 101//101
f 31//31 30//30 29//29
f 25//25 26//26 16//16
f 87//87 26//26 25//25
f 86//86 25//25 85//85
f 86//86 87//87 25//25
f 87//87 86//86 200//200
f 86//86 199//199 200//200
f 199//199 86//86 85//85
f 29//29 89//89 101//101
f 218//218 198//198 197//197
f 196//196 218//218 197//197
f 217//217 248//248 219//219
f 198//198 217//217 219//219
f 218//218 217//217 198//198
f 217//217 196//196 248//248
f 217//217 218//218 196//196
f 276//276 275//275 399//399
f 59//59 44//44 18//18
f 70//70 148//148 149//149
f 138//138 115//115 43//43
f 383//383 239//239 238//238
f 98//98 214//214 99//99
f 6//6 98//98 99//99
f 98//98 6//6 5//5
f 194//194 213//213 214//214
f 247//247 194//194 193//193
f 194//194 247//247 213//213
f 193//193 194//194 94//94
f 194//194 96//96 94//94
f 96//96 95//95 94//94
f 24//24 95//95 2//2
f 95//95 3//3 2//2
f 3//3 95//95 4//4
f 95//95 96//96 4//4
f 133//133 258//258 143//143
f 133//133 144//144 132//132
f 144//144 133//133 143//143
f 311//311 312//312 284//284
f 298//298 311//311 284//284
f 361//361 377//377 283//283
f 377//377 388//388 283//283
f 389//389 298//298 283//283
f 388//388 389//389 283//283
f 388//388 534//534 535//535
f 186//186 187//187 185//185
f 184//184 186//186 185//185
f 186//186 184//184 187//187
f 184//184 351//351 203//203
f 342//342 351//351 184//184
f 343//343 327//327 438//438
f 327//327 326//326 438//438
f 327//327 343//343 328//328
f 326//326 327//327 328//328
f 343//343 487//487 353//353
f 487//487 488//488 353//353
f 363//363 379//379 364//364
f 717//717 557//557 658//658
f 539//539 557//557 540//540
f 557//557 539//539 658//658
f 299//299 313//313 300//300
f 313//313 331//331 300//300
f 329//329 313//313 285//285
f 313//313 299//299 285//285
f 1346//1346 1327//1327 1369//1369
f 1327//1327 1346//1346 1436//1436
f 1304//1304 1327//1327 1436//1436
f 697//697 662//662 698//698
f 662//662 663//663 661//661
f 662//662 697//697 663//663
f 739//739 755//755 756//756
f 660//660 659//659 627//627
f 659//659 626//626 627//627
f 875//875 773//773 752//752
f 773//773 774//774 627//627
f 773//773 609//609 752//752
f 609//609 773//773 627//627
f 964//964 858//858 928//928
f 1102//1102 964//964 928//928
f 835//835 737//737 719//719
f 737//737 720//720 719//719
f 558//558 559//559 541//541
f 559//559 558//558 572//572
f 559//559 611//611 663//663
f 611//611 559//559 572//572
f 472//472 524//524 541//541
f 559//559 472//472 541//541
f 524//524 472//472 506//506
f 471//471 472//472 441//441
f 392//392 472//472 364//364
f 441//441 472//472 408//408
f 472//472 392//392 408//408
f 1085//1085 1106//1106 1158//1158
f 1064//1064 1085//1085 1158//1158
f 1106//1106 1085//1085 1042//1042
f 1085//1085 1043//1043 1042//1042
f 1283//1283 1327//1327 1304//1304
f 1327//1327 1283//1283 1369//1369
f 1258//1258 1304//1304 1158//1158
f 1258//1258 1283//1283 1304//1304
f 1283//1283 1258//1258 1282//1282
f 1345//1345 1344//1344 1368//1368
f 1037//1037 1036//1036 1014//1014
f 1062//1062 1084//1084 1105//1105
f 1084//1084 1062//1062 1061//1061
f 878//878 894//894 775//775
f 878//878 835//835 877//877
f 894//894 795//795 775//775
f 795//795 776//776 775//775
f 3694//3694 3758//3758 3759//3759
f 3693//3693 3669//3669 3757//3757
f 3669//3669 3693//3693 3694//3694
f 3533//3533 3553//3553 3599//3599
f 3553//3553 3532//3532 3575//3575
f 3553//3553 3533//3533 3532//3532
f 3845//3845 3869//3869 3759//3759
f 3493//3493 3513//3513 3535//3535
f 3760//3760 3779//3779 3780//3780
f 3696//3696 3873//3873 3724//3724
f 3696//3696 3671//3671 3873//3873
f 3534//3534 3554//3554 3512//3512
f 3554//3554 3578//3578 3512//3512
f 3578//3578 3601//3601 3623//3623
f 3847//3847 3871//3871 3872//3872
f 3779//3779 3824//3824 3803//3803
f 3824//3824 3847//3847 3872//3872
f 3803//3803 3824//3824 3780//3780
f 3824//3824 3872//3872 3780//3780
f 3188//3188 3212//3212 3234//3234
f 3235//3235 3188//3188 3234//3234
f 3212//3212 3188//3188 3088//3088
f 3089//3089 3141//3141 3090//3090
f 3089//3089 3090//3090 3016//3016
f 3089//3089 3066//3066 3088//3088
f 3042//3042 3089//3089 3016//3016
f 3066//3066 3089//3089 3042//3042
f 3188//3188 3089//3089 3088//3088
f 3468//3468 3433//3433 3490//3490
f 3434//3434 3469//3469 3405//3405
f 3469//3469 3434//3434 3468//3468
f 3433//3433 3434//3434 3405//3405
f 3434//3434 3433//3433 3468//3468
f 3406//3406 3436//3436 3331//3331
f 3436//3436 3492//3492 3331//3331
f 3379//3379 3380//3380 3355//3355
f 3380//3380 3379//3379 3406//3406
f 2692//2692 2713//2713 2714//2714
f 2692//2692 2693//2693 2670//2670
f 2693//2693 2692//2692 2714//2714
f 2713//2713 2736//2736 2714//2714
f 2736//2736 2713//2713 2757//2757
f 2757//2757 2735//2735 2756//2756
f 2713//2713 2735//2735 2757//2757
f 2307//2307 2282//2282 2156//2156
f 2229//2229 2102//2102 2125//2125
f 3332//3332 3282//3282 3331//3331
f 3332//3332 3381//3381 3356//3356
f 2894//2894 2936//2936 2914//2914
f 2411//2411 2384//2384 2352//2352
f 2512//2512 2511//2511 2535//2535
f 4727//4727 4748//4748 4728//4728
f 4748//4748 4727//4727 4726//4726
f 4708//4708 4727//4727 4728//4728
f 4766//4766 4726//4726 4785//4785
f 4766//4766 4748//4748 4726//4726
f 4748//4748 4766//4766 4728//4728
f 4766//4766 4815//4815 4728//4728
f 4880//4880 4814//4814 4887//4887
f 4814//4814 4785//4785 4887//4887
f 4814//4814 4839//4839 4816//4816
f 4815//4815 4814//4814 4816//4816
f 4913//4913 4888//4888 4902//4902
f 4983//4983 4984//4984 4972//4972
f 4984//4984 4983//4983 5012//5012
f 3849//3849 3825//3825 3848//3848
f 3825//3825 3849//3849 3805//3805
f 3761//3761 3782//3782 3805//3805
f 4190//4190 4168//4168 4093//4093
f 4300//4300 4273//4273 4325//4325
f 4252//4252 4273//4273 4300//4300
f 4189//4189 4209//4209 4251//4251
f 4074//4074 4092//4092 4075//4075
f 4167//4167 4189//4189 4075//4075
f 4129//4129 4167//4167 4075//4075
f 4640//4640 4657//4657 4639//4639
f 4726//4726 4724//4724 4785//4785
f 4724//4724 4707//4707 4691//4691
f 4724//4724 4708//4708 4707//4707
f 4676//4676 4692//4692 4657//4657
f 4692//4692 4708//4708 4657//4657
f 4692//4692 4676//4676 4691//4691
f 4707//4707 4692//4692 4691//4691
f 4708//4708 4692//4692 4707//4707
f 4399//4399 4364//4364 4325//4325
f 4415//4415 4399//4399 4325//4325
f 4364//4364 4399//4399 4384//4384
f 4384//4384 4399//4399 4434//4434
f 4434//4434 4399//4399 4432//4432
f 4399//4399 4415//4415 4432//4432
f 4387//4387 4400//4400 4416//4416
f 4366//4366 4387//4387 4367//4367
f 4366//4366 4400//4400 4387//4387
f 4474//4474 4519//4519 4493//4493
f 4433//4433 4473//4473 4454//4454
f 4473//4473 4474//4474 4454//4454
f 4473//4473 4519//4519 4474//4474
f 4473//4473 4433//4433 4432//4432
f 4679//4679 4680//4680 4678//4678
f 4663//4663 4679//4679 4678//4678
f 4941//4941 4942//4942 4945//4945
f 4942//4942 4941//4941 4958//4958
f 4732//4732 4734//4734 4733//4733
f 4403//4403 4404//4404 4175//4175
f 4174//4174 4403//4403 4175//4175
f 4236//4236 4461//4461 4237//4237
f 5283//5283 5284//5284 5282//5282
f 5278//5278 5279//5279 5280//5280
f 5279//5279 5281//5281 5280//5280
f 5281//5281 5279//5279 5282//5282
f 4842//4842 4843//4843 4826//4826
f 4353//4353 4352//4352 4564//4564
f 5113//5113 5059//5059 5058//5058
f 5059//5059 5086//5086 4988//4988
f 5059//5059 5014//5014 5058//5058
f 5115//5115 5133//5133 5116//5116
f 5105//5105 5115//5115 4988//4988
f 5131//5131 5115//5115 5130//5130
f 5115//5115 5124//5124 5130//5130
f 5086//5086 5106//5106 5087//5087
f 5106//5106 5105//5105 5087//5087
f 5106//5106 5059//5059 5113//5113
f 5059//5059 5106//5106 5086//5086
f 5115//5115 5106//5106 5113//5113
f 5106//5106 5115//5115 5105//5105
f 5058//5058 5013//5013 5012//5012
f 5014//5014 5013//5013 5058//5058
f 4986//4986 4984//4984 5012//5012
f 4984//4984 4986//4986 4985//4985
f 5013//5013 4986//4986 5012//5012
f 4986//4986 5013//5013 5014//5014
f 5213//5213 5204//5204 5197//5197
f 5210//5210 5211//5211 5197//5197
f 5211//5211 5213//5213 5197//5197
f 5196//5196 5203//5203 5197//5197
f 5196//5196 5195//5195 5194//5194
f 5203//5203 5196//5196 5194//5194
f 5252//5252 5251//5251 5317//5317
f 4793//4793 4794//4794 4795//4795
f 4773//4773 4772//4772 4771//4771
f 4754//4754 4770//4770 4771//4771
f 5277//5277 5278//5278 5280//5280
f 4825//4825 4842//4842 4826//4826
f 4842//4842 4825//4825 4824//4824
f 5061//5061 5062//5062 5060//5060
f 5272//5272 5270//5270 5317//5317
f 5273//5273 5272//5272 5317//5317
f 4820//4820 4818//4818 4819//4819
f 4818//4818 4798//4798 4819//4819
f 4794//4794 4796//4796 4795//4795
f 5022//5022 5039//5039 5040//5040
f 4961//4961 4976//4976 4945//4945
f 4989//4989 4976//4976 4975//4975
f 5167//5167 5166//5166 5177//5177
f 5166//5166 5167//5167 5168//5168
f 5179//5179 5167//5167 5177//5177
f 5159//5159 5165//5165 5158//5158
f 5166//5166 5159//5159 5177//5177
f 5165//5165 5159//5159 5166//5166
f 5156//5156 5149//5149 5177//5177
f 5150//5150 5139//5139 5149//5149
f 5133//5133 5139//5139 5116//5116
f 5139//5139 5150//5150 5116//5116
f 5180//5180 5179//5179 5186//5186
f 5193//5193 5186//5186 5194//5194
f 5193//5193 5187//5187 5186//5186
f 5195//5195 5193//5193 5194//5194
f 5187//5187 5193//5193 5195//5195
f 5132//5132 5131//5131 5137//5137
f 5115//5115 5132//5132 5133//5133
f 5132//5132 5115//5115 5131//5131
f 5130//5130 5123//5123 5113//5113
f 5124//5124 5123//5123 5130//5130
f 5115//5115 5123//5123 5124//5124
f 4457//4457 4456//4456 4477//4477
f 2653//2653 2588//2588 2566//2566
f 2588//2588 2589//2589 2471//2471
f 2588//2588 2446//2446 2566//2566
f 2446//2446 2588//2588 2471//2471
f 2590//2590 2652//2652 2653//2653
f 2652//2652 2588//2588 2653//2653
f 2588//2588 2652//2652 2589//2589
f 2398//2398 2496//2496 2522//2522
f 2800//2800 2780//2780 2717//2717
f 2780//2780 2781//2781 2761//2761
f 2862//2862 2842//2842 2820//2820
f 2842//2842 2800//2800 2820//2820
f 2800//2800 2842//2842 2821//2821
f 2882//2882 2842//2842 2862//2862
f 2762//2762 2741//2741 2761//2761
f 2742//2742 2741//2741 2762//2762
f 2718//2718 2741//2741 2698//2698
f 2717//2717 2697//2697 2675//2675
f 2676//2676 2697//2697 2718//2718
f 3485//3485 3504//3504 3548//3548
f 2567//2567 2652//2652 2590//2590
f 2567//2567 2545//2545 2630//2630
f 2652//2652 2567//2567 2630//2630
f 2544//2544 2422//2422 2522//2522
f 2630//2630 2544//2544 2522//2522
f 2545//2545 2544//2544 2630//2630
f 2783//2783 2782//2782 2803//2803
f 2782//2782 2783//2783 2763//2763
f 2781//2781 2782//2782 2763//2763
f 2863//2863 2883//2883 2864//2864
f 2863//2863 2882//2882 2902//2902
f 2883//2883 2863//2863 2902//2902
f 2863//2863 2842//2842 2882//2882
f 2844//2844 2824//2824 2823//2823
f 2679//2679 2700//2700 2721//2721
f 2654//2654 2611//2611 2591//2591
f 2675//2675 2654//2654 2696//2696
f 2654//2654 2674//2674 2696//2696
f 2654//2654 2675//2675 2632//2632
f 2611//2611 2654//2654 2632//2632
f 2610//2610 2546//2546 2590//2590
f 2674//2674 2610//2610 2590//2590
f 2263//2263 2422//2422 2423//2423
f 2422//2422 2263//2263 2398//2398
f 2401//2401 2450//2450 2451//2451
f 2656//2656 2698//2698 2677//2677
f 2656//2656 2676//2676 2698//2698
f 2764//2764 2743//2743 2763//2763
f 2783//2783 2764//2764 2763//2763
f 2785//2785 2784//2784 2804//2804
f 2765//2765 2784//2784 2766//2766
f 2784//2784 2785//2785 2766//2766
f 2675//2675 2655//2655 2632//2632
f 2656//2656 2655//2655 2676//2676
f 2697//2697 2655//2655 2675//2675
f 2655//2655 2697//2697 2676//2676
f 1153//1153 1298//1298 1154//1154
f 1801//1801 1800//1800 1769//1769
f 1626//1626 1604//1604 1800//1800
f 1703//1703 1725//1725 1577//1577
f 1255//1255 1234//1234 1341//1341
f 718//718 717//717 695//695
f 751//751 608//608 587//587
f 608//608 609//609 587//587
f 609//609 608//608 751//751
f 521//521 522//522 505//505
f 504//504 521//521 505//505
f 522//522 521//521 625//625
f 607//607 521//521 606//606
f 521//521 586//586 606//606
f 521//521 504//504 586//586
f 1935//1935 1980//1980 1832//1832
f 2088//2088 1980//1980 2060//2060
f 1802//1802 1935//1935 1832//1832
f 1978//1978 2001//2001 1979//1979
f 1800//1800 1723//1723 1769//1769
f 1604//1604 1723//1723 1800//1800
f 1701//1701 1723//1723 1702//1702
f 1551//1551 1701//1701 1702//1702
f 1677//1677 1551//1551 1524//1524
f 1701//1701 1551//1551 1677//1677
f 1854//1854 1881//1881 1600//1600
f 1881//1881 1854//1854 2133//2133
f 1766//1766 1976//1976 1796//1796
f 1547//1547 1766//1766 1796//1796
f 1858//1858 1723//1723 1701//1701
f 2057//2057 2056//2056 2236//2236
f 2261//2261 2057//2057 2260//2260
f 2057//2057 2261//2261 2086//2086
f 2470//2470 2261//2261 2260//2260
f 2285//2285 2261//2261 2470//2470
f 2310//2310 2285//2285 2494//2494
f 2163//2163 2310//2310 2339//2339
f 2310//2310 2163//2163 2136//2136
f 2261//2261 2111//2111 2086//2086
f 2111//2111 2261//2261 2285//2285
f 2310//2310 2111//2111 2285//2285
f 2111//2111 2310//2310 2136//2136
f 1954//1954 2111//2111 1955//1955
f 2111//2111 1954//1954 2086//2086
f 2111//2111 1977//1977 1955//1955
f 1977//1977 2111//2111 2136//2136
f 2366//2366 2212//2212 2211//2211
f 2212//2212 2059//2059 2211//2211
f 2311//2311 2446//2446 2471//2471
f 2446//2446 2311//2311 2287//2287
f 2311//2311 2187//2187 2186//2186
f 2287//2287 2311//2311 2186//2186
f 1875//1875 1993//1993 1971//1971
f 1946//1946 1970//1970 2103//2103
f 2104//2104 2257//2257 2232//2232
f 2282//2282 2128//2128 2156//2156
f 2257//2257 2128//2128 2282//2282
f 2128//2128 2257//2257 2104//2104
f 2017//2017 2039//2039 2206//2206
f 2233//2233 2039//2039 2076//2076
f 2039//2039 2233//2233 2206//2206
f 562//562 600//600 547//547
f 600//600 825//825 826//826
f 824//824 825//825 600//600
f 619//619 824//824 600//600
f 1334//1334 1117//1117 1142//1142
f 1595//1595 1400//1400 1618//1618
f 959//959 1149//1149 960//960
f 1148//1148 1183//1183 1149//1149
f 959//959 1148//1148 1149//1149
f 1148//1148 959//959 958//958
f 1148//1148 958//958 957//957
f 1148//1148 957//957 1147//1147
f 1183//1183 1148//1148 1147//1147
f 1763//1763 1491//1491 1762//1762
f 1491//1491 1490//1490 1762//1762
f 1491//1491 1763//1763 1492//1492
f 1792//1792 1493//1493 1764//1764
f 1793//1793 1792//1792 2082//2082
f 1519//1519 1518//1518 1794//1794
f 1518//1518 1793//1793 1794//1794
f 1976//1976 1998//1998 1796//1796
f 1998//1998 1976//1976 2210//2210
f 2236//2236 1998//1998 2210//2210
f 1999//1999 1998//1998 2236//2236
f 2019//2019 1999//1999 2236//2236
f 2019//2019 2056//2056 2020//2020
f 2056//2056 2019//2019 2236//2236
f 2019//2019 1829//1829 1999//1999
f 1829//1829 2019//2019 2020//2020
f 1460//1460 1759//1759 1461//1461
f 1449//1449 1448//1448 1750//1750
f 1450//1450 1449//1449 1751//1751
f 1793//1793 2083//2083 1794//1794
f 2083//2083 1793//1793 2082//2082
f 2134//2134 2110//2110 2394//2394
f 2110//2110 2134//2134 2133//2133
f 2395//2395 2134//2134 2394//2394
f 2134//2134 1881//1881 2133//2133
f 2045//2045 1752//1752 1751//1751
f 1752//1752 1450//1450 1751//1751
f 1450//1450 1752//1752 1451//1451
f 1755//1755 1756//1756 1455//1455
f 233//233 232//232 251//251
f 51//51 35//35 50//50
f 253//253 127//127 235//235
f 254//254 253//253 251//251
f 129//129 254//254 130//130
f 254//254 129//129 127//127
f 253//253 254//254 127//127
f 679//679 680//680 651//651
f 310//310 436//436 324//324
f 564//564 765//765 565//565
f 564//564 533//533 765//765
f 564//564 551//551 533//533
f 564//564 565//565 552//552
f 551//551 564//564 552//552
f 455//455 456//456 457//457
f 48//48 49//49 34//34
f 35//35 49//49 50//50
f 49//49 35//35 34//34
f 49//49 108//108 50//50
f 108//108 49//49 48//48
f 52//52 40//40 128//128
f 38//38 40//40 34//34
f 40//40 38//38 39//39
f 54//54 130//130 55//55
f 54//54 129//129 130//130
f 465//465 464//464 688//688
f 463//463 464//464 465//465
f 65//65 140//140 66//66
f 66//66 141//141 142//142
f 140//140 141//141 66//66
f 142//142 141//141 271//271
f 141//141 140//140 271//271
f 254//254 131//131 130//130
f 130//130 131//131 55//55
f 140//140 257//257 271//271
f 257//257 131//131 256//256
f 131//131 257//257 140//140
f 165//165 75//75 74//74
f 164//164 165//165 74//74
f 165//165 164//164 307//307
f 565//565 582//582 552//552
f 360//360 486//486 361//361
f 486//486 501//501 515//515
f 1296//1296 1427//1427 1428//1428
f 1881//1881 1621//1621 1600//1600
f 1297//1297 1296//1296 1428//1428
f 1297//1297 1465//1465 1318//1318
f 927//927 910//910 928//928
f 858//858 927//927 928//928
f 910//910 892//892 909//909
f 892//892 876//876 909//909
f 927//927 892//892 910//910
f 876//876 793//793 875//875
f 793//793 773//773 875//875
f 773//773 793//793 774//774
f 774//774 793//793 794//794
f 892//892 793//793 876//876
f 793//793 814//814 794//794
f 793//793 892//892 814//814
f 657//657 771//771 694//694
f 771//771 772//772 694//694
f 812//812 813//813 695//695
f 813//813 718//718 695//695
f 857//857 909//909 875//875
f 857//857 1035//1035 909//909
f 736//736 856//856 752//752
f 833//833 856//856 736//736
f 856//856 875//875 752//752
f 856//856 857//857 875//875
f 989//989 813//813 812//812
f 604//604 605//605 518//518
f 488//488 503//503 518//518
f 503//503 604//604 518//518
f 487//487 503//503 488//488
f 853//853 852//852 851//851
f 536//536 553//553 554//554
f 554//554 553//553 566//566
f 553//553 536//536 535//535
f 534//534 553//553 535//535
f 748//748 769//769 733//733
f 768//768 748//748 889//889
f 748//748 733//733 889//889
f 710//710 711//711 483//483
f 711//711 712//712 483//483
f 712//712 711//711 710//710
f 765//765 766//766 565//565
f 766//766 767//767 565//565
f 767//767 808//808 565//565
f 808//808 582//582 565//565
f 1295//1295 1120//1120 1098//1098
f 1272//1272 1096//1096 1271//1271
f 1272//1272 1097//1097 1096//1096
f 1097//1097 1293//1293 1098//1098
f 1272//1272 1293//1293 1097//1097
f 1075//1075 1076//1076 851//851
f 1076//1076 1077//1077 851//851
f 1076//1076 1270//1270 1271//1271
f 1096//1096 1076//1076 1271//1271
f 1077//1077 1076//1076 1096//1096
f 1270//1270 1076//1076 1249//1249
f 1076//1076 1075//1075 1249//1249
f 2248//2248 2249//2249 2298//2298
f 2249//2249 2275//2275 2298//2298
f 3086//3086 3114//3114 3087//3087
f 2992//2992 3015//3015 3041//3041
f 2321//2321 2295//2295 2347//2347
f 2295//2295 2404//2404 2347//2347
f 2221//2221 2294//2294 2246//2246
f 2685//2685 2664//2664 2663//2663
f 2664//2664 2641//2641 2663//2663
f 2407//2407 2457//2457 2432//2432
f 2507//2507 2457//2457 2407//2407
f 2457//2457 2507//2507 2530//2530
f 2458//2458 2457//2457 2530//2530
f 2482//2482 2554//2554 2508//2508
f 2482//2482 2458//2458 2554//2554
f 2482//2482 2457//2457 2458//2458
f 2457//2457 2482//2482 2432//2432
f 1392//1392 1370//1370 1369//1369
f 1414//1414 1392//1392 1413//1413
f 1370//1370 1392//1392 1414//1414
f 1609//1609 1586//1586 1585//1585
f 1586//1586 1609//1609 1633//1633
f 2067//2067 2097//2097 2032//2032
f 2097//2097 2067//2067 2096//2096
f 2097//2097 2009//2009 2032//2032
f 1684//1684 1633//1633 1683//1683
f 1708//1708 1684//1684 1683//1683
f 1684//1684 1708//1708 1633//1633
f 1808//1808 1776//1776 1683//1683
f 2031//2031 1985//1985 2008//2008
f 2146//2146 2031//2031 2008//2008
f 2031//2031 2146//2146 2066//2066
f 1892//1892 1940//1940 1915//1915
f 1964//1964 1940//1940 1892//1892
f 1981//1981 1888//1888 1959//1959
f 1888//1888 1981//1981 2003//2003
f 1912//1912 1888//1888 2003//2003
f 2026//2026 1912//1912 2003//2003
f 1912//1912 2026//2026 1937//1937
f 1912//1912 1937//1937 1889//1889
f 1888//1888 1912//1912 1889//1889
f 2192//2192 2142//2142 2167//2167
f 2193//2193 2192//2192 2167//2167
f 1937//1937 1805//1805 1889//1889
f 1805//1805 1772//1772 1889//1889
f 1501//1501 1471//1471 1554//1554
f 1344//1344 1471//1471 1368//1368
f 1434//1434 1471//1471 1326//1326
f 1471//1471 1344//1344 1326//1326
f 2431//2431 2480//2480 2348//2348
f 2407//2407 2480//2480 2481//2481
f 2480//2480 2407//2407 2348//2348
f 2406//2406 2274//2274 2273//2273
f 2296//2296 2274//2274 2406//2406
f 2322//2322 2296//2296 2348//2348
f 2147//2147 2221//2221 2246//2246
f 2221//2221 2147//2147 2196//2196
f 2095//2095 2147//2147 2120//2120
f 2147//2147 2095//2095 2196//2196
f 2222//2222 2171//2171 2321//2321
f 2094//2094 2119//2119 2008//2008
f 2093//2093 2094//2094 2008//2008
f 2094//2094 2169//2169 2119//2119
f 2093//2093 2065//2065 2118//2118
f 2119//2119 2145//2145 2008//2008
f 2145//2145 2146//2146 2008//2008
f 2146//2146 2170//2170 2196//2196
f 2170//2170 2146//2146 2220//2220
f 4900//4900 4878//4878 4899//4899
f 4900//4900 4886//4886 4878//4878
f 4912//4912 4900//4900 4899//4899
f 5085//5085 5103//5103 5032//5032
f 5085//5085 5084//5084 5103//5103
f 4910//4910 4808//4808 4807//4807
f 4808//4808 4910//4910 4779//4779
f 4910//4910 4884//4884 4779//4779
f 4951//4951 4874//4874 4883//4883
f 5032//5032 4997//4997 5010//5010
f 4937//4937 4953//4953 4927//4927
f 4952//4952 4953//4953 4937//4937
f 4812//4812 4783//4783 4745//4745
f 4783//4783 4784//4784 4745//4745
f 4783//4783 4812//4812 4813//4813
f 4765//4765 4783//4783 4813//4813
f 4783//4783 4765//4765 4784//4784
f 4746//4746 4705//4705 4745//4745
f 4746//4746 4765//4765 4747//4747
f 4784//4784 4746//4746 4745//4745
f 4765//4765 4746//4746 4784//4784
f 4706//4706 4675//4675 4674//4674
f 4705//4705 4706//4706 4690//4690
f 4675//4675 4706//4706 4653//4653
f 4706//4706 4673//4673 4690//4690
f 4706//4706 4674//4674 4673//4673
f 3841//3841 3889//3889 3915//3915
f 3988//3988 4089//4089 4071//4071
f 4207//4207 4228//4228 4208//4208
f 4228//4228 4431//4431 4208//4208
f 4228//4228 4299//4299 4431//4431
f 4206//4206 4298//4298 4186//4186
f 4298//4298 4206//4206 4227//4227
f 3864//3864 3819//3819 3916//3916
f 3864//3864 3798//3798 3819//3819
f 3798//3798 3864//3864 3843//3843
f 3666//3666 3691//3691 3642//3642
f 4585//4585 4566//4566 4567//4567
f 4584//4584 4759//4759 4739//4739
f 4584//4584 4566//4566 4585//4585
f 4805//4805 4777//4777 4599//4599
f 4895//4895 4908//4908 4995//4995
f 4908//4908 4923//4923 4995//4995
f 4534//4534 4535//4535 4511//4511
f 4535//4535 4512//4512 4511//4511
f 4265//4265 4291//4291 4292//4292
f 4701//4701 4684//4684 4700//4700
f 3687//3687 3750//3750 3716//3716
f 3960//3960 3986//3986 4106//4106
f 3986//3986 4142//4142 4106//4106
f 4142//4142 3986//3986 4014//4014
f 3886//3886 4050//4050 3860//3860
f 4069//4069 4050//4050 3912//3912
f 4050//4050 3886//3886 3912//3912
f 3837//3837 3987//3987 3838//3838
f 3817//3817 3837//3837 3838//3838
f 3987//3987 3961//3961 3838//3838
f 3961//3961 3987//3987 4016//4016
f 3795//3795 3934//3934 3796//3796
f 3795//3795 3817//3817 3934//3934
f 3888//3888 3771//3771 3796//3796
f 3771//3771 3888//3888 3750//3750
f 3771//3771 3795//3795 3796//3796
f 3887//3887 3888//3888 3796//3796
f 4587//4587 4568//4568 4586//4586
f 4408//4408 4426//4426 4407//4407
f 4408//4408 4393//4393 4394//4394
f 4393//4393 4408//4408 4407//4407
f 4780//4780 4806//4806 4779//4779
f 4761//4761 4780//4780 4779//4779
f 4702//4702 4865//4865 4837//4837
f 4603//4603 4618//4618 4688//4688
f 4618//4618 4633//4633 4688//4688
f 4488//4488 4470//4470 4469//4469
f 4396//4396 4379//4379 4411//4411
f 4379//4379 4396//4396 4380//4380
f 4675//4675 4637//4637 4673//4673
f 4451//4451 4430//4430 4380//4380
f 4396//4396 4451//4451 4380//4380
f 4745//4745 4604//4604 4619//4619
f 4604//4604 4635//4635 4619//4619
f 4604//4604 4745//4745 4690//4690
f 4590//4590 4604//4604 4690//4690
f 4604//4604 4590//4590 4591//4591
f 4488//4488 4604//4604 4591//4591
f 4323//4323 4453//4453 4431//4431
f 4453//4453 4605//4605 4431//4431
f 4430//4430 4361//4361 4380//4380
f 4412//4412 4361//4361 4430//4430
f 4361//4361 4412//4412 4321//4321
f 4397//4397 4381//4381 4296//4296
f 4320//4320 4203//4203 4360//4360
f 4449//4449 4448//4448 4468//4468
f 4427//4427 4449//4449 4428//4428
f 4449//4449 4427//4427 4448//4448
f 4319//4319 4448//4448 4294//4294
f 4448//4448 4319//4319 4468//4468
f 4203//4203 4378//4378 4360//4360
f 4377//4377 4378//4378 4224//4224
f 4378//4378 4203//4203 4224//4224
f 4182//4182 4162//4162 4068//4068
f 4084//4084 4182//4182 4068//4068
f 4182//4182 4084//4084 4204//4204
f 4141//4141 4295//4295 4268//4268
f 4295//4295 4141//4141 4320//4320
f 4295//4295 4269//4269 4268//4268
f 4225//4225 4141//4141 4268//4268
f 4269//4269 4225//4225 4268//4268
f 4225//4225 4269//4269 4245//4245
f 4225//4225 4245//4245 4204//4204
f 4084//4084 4225//4225 4204//4204
f 4225//4225 4084//4084 4105//4105
f 5126//5126 5117//5117 5125//5125
f 5172//5172 5171//5171 5294//5294
f 5171//5171 5172//5172 5160//5160
f 5172//5172 5161//5161 5160//5160
f 5293//5293 5265//5265 5296//5296
f 5293//5293 5297//5297 5298//5298
f 5297//5297 5293//5293 5296//5296
f 5145//5145 5140//5140 5141//5141
f 5134//5134 5125//5125 5141//5141
f 5140//5140 5134//5134 5141//5141
f 5135//5135 5126//5126 5125//5125
f 5135//5135 5191//5191 5126//5126
f 5134//5134 5135//5135 5125//5125
f 5135//5135 5223//5223 5191//5191
f 5161//5161 5162//5162 5160//5160
f 5299//5299 5302//5302 5303//5303
f 5304//5304 5299//5299 5303//5303
f 5299//5299 5300//5300 5294//5294
f 5299//5299 5304//5304 5300//5300
f 5311//5311 5310//5310 5316//5316
f 5310//5310 5311//5311 5306//5306
f 5308//5308 5311//5311 5316//5316
f 5307//5307 5302//5302 5306//5306
f 5307//5307 5308//5308 5302//5302
f 5311//5311 5307//5307 5306//5306
f 5307//5307 5311//5311 5308//5308
f 5295//5295 5301//5301 5296//5296
f 5301//5301 5295//5295 5300//5300
f 5301//5301 5297//5297 5296//5296
f 5301//5301 5304//5304 5297//5297
f 5304//5304 5301//5301 5300//5300
f 5028//5028 5054//5054 5142//5142
f 5054//5054 5147//5147 5142//5142
f 4629//4629 4834//4834 4630//4630
f 4834//4834 4629//4629 4861//4861
f 4873//4873 4666//4666 4872//4872
f 4629//4629 4860//4860 4861//4861
f 5081//5081 5080//5080 5154//5154
f 5080//5080 5100//5100 5173//5173
f 5100//5100 5108//5108 5173//5173
f 5108//5108 5100//5100 5099//5099
f 5100//5100 5081//5081 5099//5099
f 5081//5081 5100//5100 5080//5080
f 5056//5056 5029//5029 4935//4935
f 4979//4979 5109//5109 5110//5110
f 5029//5029 5030//5030 4935//4935
f 5008//5008 5030//5030 5029//5029
f 5030//5030 4923//4923 4935//4935
f 5030//5030 5008//5008 4923//4923
f 3852//3852 4060//4060 3876//3876
f 4116//4116 3949//3949 3921//3921
f 4099//4099 4116//4116 3921//3921
f 4116//4116 4099//4099 4278//4278
f 2960//2960 2981//2981 2982//2982
f 3004//3004 2981//2981 2960//2960
f 2445//2445 2493//2493 2470//2470
f 2493//2493 2445//2445 2494//2494
f 2493//2493 2285//2285 2470//2470
f 2285//2285 2493//2493 2494//2494
f 2419//2419 2395//2395 2394//2394
f 2445//2445 2419//2419 2394//2394
f 2395//2395 2419//2419 2160//2160
f 2419//2419 2161//2161 2160//2160
f 2209//2209 2444//2444 2210//2210
f 2444//2444 2445//2445 2210//2210
f 2397//2397 2543//2543 2566//2566
f 2543//2543 2521//2521 2566//2566
f 2521//2521 2365//2365 2339//2339
f 2365//2365 2543//2543 2366//2366
f 2543//2543 2365//2365 2521//2521
f 2520//2520 2521//2521 2339//2339
f 2521//2521 2520//2520 2494//2494
f 2310//2310 2520//2520 2339//2339
f 2520//2520 2310//2310 2494//2494
f 3078//3078 3077//3077 3224//3224
f 3249//3249 3077//3077 3105//3105
f 2920//2920 2899//2899 2880//2880
f 2899//2899 2983//2983 2880//2880
f 2983//2983 2899//2899 3005//3005
f 3029//3029 3155//3155 3030//3030
f 3248//3248 3249//3249 3105//3105
f 3395//3395 3248//3248 3270//3270
f 3248//3248 3395//3395 3249//3249
f 3076//3076 3052//3052 3075//3075
f 3052//3052 3053//3053 3028//3028
f 3052//3052 3028//3028 3003//3003
f 3153//3153 3316//3316 3295//3295
f 4049//4049 4142//4142 4014//4014
f 4162//4162 4049//4049 4068//4068
f 4142//4142 4049//4049 4162//4162
f 3714//3714 3859//3859 3835//3835
f 3748//3748 3859//3859 3714//3714
f 4104//4104 4121//4121 4122//4122
f 4159//4159 4046//4046 4158//4158
f 4046//4046 4179//4179 4158//4158
f 4179//4179 4046//4046 4045//4045
f 4046//4046 4139//4139 3983//3983
f 4046//4046 4159//4159 4139//4139
f 3610//3610 3856//3856 3831//3831
f 3610//3610 3634//3634 3856//3856
f 4177//4177 4392//4392 4373//4373
f 4392//4392 4177//4177 4391//4391
f 4872//4872 4665//4665 4664//4664
f 4666//4666 4665//4665 4872//4872
f 4357//4357 4137//4137 4157//4157
f 4241//4241 4266//4266 4242//4242
f 4120//4120 4102//4102 4119//4119
f 4120//4120 4290//4290 4291//4291
f 4290//4290 4120//4120 4119//4119
f 4265//4265 4120//4120 4291//4291
f 4120//4120 4265//4265 4102//4102
f 4356//4356 4357//4357 4157//4157
f 4374//4374 4356//4356 4157//4157
f 445//445 412//412 303//303
f 303//303 412//412 287//287
f 412//412 275//275 287//287
f 275//275 412//412 413//413
f 759//759 786//786 760//760
f 785//785 786//786 804//804
f 528//528 527//527 546//546
f 529//529 528//528 546//546
f 444//444 445//445 303//303
f 1353//1353 1376//1376 1377//1377
f 1511//1511 1483//1483 1310//1310
f 1332//1332 1511//1511 1310//1310
f 1483//1483 1311//1311 1310//1310
f 1022//1022 1021//1021 1046//1046
f 1021//1021 935//935 1046//1046
f 722//722 757//757 740//740
f 757//757 723//723 740//740
f 1347//1347 1216//1216 1437//1437
f 1660//1660 1532//1532 1610//1610
f 1634//1634 1660//1660 1610//1610
f 1660//1660 1634//1634 1709//1709
f 1532//1532 1505//1505 1610//1610
f 1558//1558 1505//1505 1532//1532
f 1020//1020 1045//1045 1046//1046
f 1218//1218 1239//1239 1260//1260
f 1217//1217 1239//1239 1218//1218
f 919//919 802//802 936//936
f 702//702 802//802 632//632
f 865//865 801//801 820//820
f 801//801 758//758 784//784
f 1241//1241 1022//1022 1046//1046
f 1241//1241 1262//1262 1219//1219
f 1139//1139 1089//1089 1022//1022
f 1166//1166 1198//1198 1219//1219
f 573//573 591//591 592//592
f 590//590 591//591 573//573
f 591//591 666//666 592//592
f 664//664 630//630 612//612
f 591//591 630//630 666//666
f 630//630 591//591 590//590
f 612//612 613//613 525//525
f 593//593 575//575 592//592
f 575//575 593//593 560//560
f 573//573 543//543 525//525
f 935//935 842//842 841//841
f 842//842 780//780 841//841
f 492//492 508//508 507//507
f 593//593 492//492 507//507
f 508//508 492//492 493//493
f 847//847 822//822 848//848
f 803//803 823//823 804//804
f 803//803 822//822 823//823
f 596//596 615//615 632//632
f 578//578 596//596 632//632
f 366//366 365//365 393//393
f 493//493 366//366 393//393
f 527//527 545//545 546//546
f 545//545 578//578 546//546
f 1971//1971 1816//1816 1844//1844
f 1692//1692 1713//1713 1712//1712
f 1711//1711 1691//1691 1690//1690
f 1478//1478 1439//1439 1477//1477
f 1536//1536 1508//1508 1421//1421
f 1508//1508 1479//1479 1421//1421
f 1421//1421 1614//1614 1591//1591
f 1639//1639 1614//1614 1421//1421
f 1665//1665 1421//1421 1664//1664
f 1665//1665 1639//1639 1421//1421
f 2155//2155 2015//2015 2037//2037
f 1561//1561 1562//1562 1477//1477
f 1562//1562 1613//1613 1535//1535
f 1562//1562 1561//1561 1613//1613
f 1613//1613 1612//1612 1814//1814
f 1612//1612 1689//1689 1814//1814
f 2154//2154 2229//2229 2125//2125
f 2255//2255 2154//2154 2177//2177
f 2229//2229 2154//2154 2255//2255
f 2100//2100 2123//2123 2070//2070
f 2226//2226 2174//2174 2251//2251
f 2277//2277 2301//2301 2300//2300
f 2301//2301 2277//2277 2251//2251
f 1108//1108 1216//1216 1109//1109
f 1159//1159 1065//1065 1018//1018
f 2034//2034 2100//2100 2070//2070
f 1662//1662 1734//1734 1636//1636
f 1988//1988 1987//1987 2069//2069
f 1839//1839 1895//1895 1778//1778
f 1811//1811 1839//1839 1778//1778
f 1839//1839 1811//1811 1810//1810
f 1777//1777 1811//1811 1778//1778
f 1895//1895 1943//1943 1778//1778
f 1635//1635 1636//1636 1611//1611
f 1635//1635 1662//1662 1636//1636
f 1659//1659 1610//1610 1658//1658
f 1659//1659 1634//1634 1610//1610
f 1634//1634 1685//1685 1709//1709
f 1659//1659 1685//1685 1634//1634
f 1685//1685 1659//1659 1658//1658
f 1217//1217 1087//1087 1110//1110
f 1087//1087 1217//1217 1195//1195
f 81//81 9//9 80//80
f 10//10 9//9 81//81
f 9//9 10//10 8//8
f 79//79 9//9 8//8
f 9//9 79//79 80//80
f 10//10 11//11 12//12
f 11//11 10//10 82//82
f 12//12 11//11 13//13
f 13//13 11//11 83//83
f 11//11 82//82 83//83
f 212//212 247//247 193//193
f 247//247 212//212 211//211
f 212//212 193//193 94//94
f 32//32 30//30 31//31
f 34//34 32//32 33//33
f 30//30 32//32 34//34
f 32//32 48//48 33//33
f 26//26 17//17 16//16
f 17//17 30//30 34//34
f 17//17 15//15 16//16
f 28//28 89//89 29//29
f 30//30 28//28 29//29
f 88//88 26//26 87//87
f 88//88 28//28 26//26
f 28//28 88//88 89//89
f 426//426 428//428 427//427
f 433//433 452//452 453//453
f 433//433 432//432 452//452
f 452//452 431//431 430//430
f 431//431 432//432 430//430
f 432//432 431//431 452//452
f 188//188 190//190 189//189
f 189//189 190//190 177//177
f 205//205 240//240 369//369
f 178//178 179//179 177//177
f 178//178 192//192 179//179
f 192//192 335//335 336//336
f 335//335 384//384 336//336
f 58//58 59//59 56//56
f 59//59 58//58 70//70
f 61//61 70//70 149//149
f 146//146 70//70 69//69
f 115//115 45//45 43//43
f 44//44 45//45 46//46
f 45//45 44//44 43//43
f 117//117 47//47 46//46
f 47//47 117//117 18//18
f 669//669 670//670 633//633
f 668//668 669//669 633//633
f 669//669 668//668 704//704
f 398//398 400//400 399//399
f 275//275 398//398 399//399
f 398//398 275//275 413//413
f 400//400 382//382 276//276
f 98//98 97//97 214//214
f 97//97 194//194 214//214
f 194//194 97//97 96//96
f 97//97 98//98 5//5
f 97//97 5//5 4//4
f 96//96 97//97 4//4
f 648//648 452//452 647//647
f 648//648 649//649 452//452
f 452//452 650//650 651//651
f 649//649 650//650 452//452
f 650//650 679//679 651//651
f 1748//1748 1445//1445 1489//1489
f 340//340 280//280 258//258
f 281//281 280//280 293//293
f 374//374 280//280 340//340
f 293//293 280//280 375//375
f 280//280 374//374 375//375
f 167//167 166//166 175//175
f 166//166 167//167 159//159
f 183//183 168//168 175//175
f 168//168 167//167 175//175
f 168//168 183//183 176//176
f 167//167 168//168 159//159
f 145//145 168//168 176//176
f 158//158 168//168 145//145
f 168//168 158//158 159//159
f 158//158 166//166 159//159
f 166//166 158//158 157//157
f 144//144 150//150 145//145
f 150//150 144//144 143//143
f 405//405 311//311 298//298
f 389//389 405//405 298//298
f 312//312 405//405 437//437
f 311//311 405//405 312//312
f 405//405 536//536 437//437
f 515//515 517//517 516//516
f 377//377 376//376 388//388
f 376//376 534//534 388//388
f 376//376 517//517 534//534
f 517//517 376//376 516//516
f 376//376 377//377 361//361
f 236//236 360//360 260//260
f 236//236 260//260 237//237
f 204//204 236//236 237//237
f 236//236 204//204 203//203
f 351//351 236//236 203//203
f 469//469 343//343 438//438
f 469//469 487//487 343//343
f 354//354 330//330 329//329
f 331//331 330//330 354//354
f 330//330 313//313 329//329
f 313//313 330//330 331//331
f 344//344 331//331 354//354
f 344//344 363//363 364//364
f 363//363 344//344 354//354
f 300//300 344//344 364//364
f 331//331 344//344 300//300
f 696//696 659//659 660//660
f 696//696 660//660 719//719
f 720//720 696//696 719//719
f 965//965 964//964 1102//1102
f 965//965 1153//1153 991//991
f 965//965 991//991 877//877
f 858//858 965//965 877//877
f 964//964 965//965 858//858
f 472//472 491//491 506//506
f 491//491 472//472 471//471
f 1343//1343 1257//1257 1236//1236
f 1344//1344 1303//1303 1326//1326
f 1194//1194 1258//1258 1158//1158
f 1193//1193 1194//1194 1158//1158
f 1194//1194 1131//1131 1215//1215
f 1131//1131 1194//1194 1193//1193
f 1106//1106 1131//1131 1158//1158
f 1131//1131 1193//1193 1158//1158
f 1057//1057 1036//1036 1037//1037
f 1058//1058 1057//1057 1037//1037
f 1255//1255 1211//1211 1234//1234
f 878//878 893//893 894//894
f 894//894 893//893 1014//1014
f 991//991 893//893 877//877
f 893//893 878//878 877//877
f 738//738 737//737 835//835
f 878//878 738//738 835//835
f 738//738 753//753 737//737
f 753//753 738//738 754//754
f 754//754 738//738 775//775
f 738//738 878//878 775//775
f 911//911 795//795 894//894
f 911//911 1057//1057 929//929
f 1057//1057 911//911 1036//1036
f 911//911 894//894 1014//1014
f 1036//1036 911//911 1014//1014
f 776//776 796//796 815//815
f 795//795 796//796 776//776
f 815//815 796//796 929//929
f 796//796 911//911 929//929
f 911//911 796//796 795//795
f 3802//3802 3845//3845 3759//3759
f 3845//3845 3802//3802 3823//3823
f 3722//3722 3693//3693 3757//3757
f 3693//3693 3722//3722 3694//3694
f 3758//3758 3722//3722 3757//3757
f 3722//3722 3758//3758 3694//3694
f 3599//3599 3576//3576 3598//3598
f 3553//3553 3576//3576 3599//3599
f 3576//3576 3553//3553 3575//3575
f 3576//3576 3669//3669 3598//3598
f 3669//3669 3576//3576 3575//3575
f 4020//4020 4054//4054 4021//4021
f 4054//4054 4074//4074 4075//4075
f 4021//4021 4054//4054 4075//4075
f 4074//4074 4054//4054 4128//4128
f 3893//3893 3967//3967 3993//3993
f 4020//4020 3893//3893 3993//3993
f 3967//3967 3893//3893 3869//3869
f 3893//3893 4020//4020 4021//4021
f 3893//3893 4021//4021 4075//4075
f 3940//3940 3967//3967 3869//3869
f 3940//3940 3892//3892 3939//3939
f 3892//3892 3940//3940 3869//3869
f 3966//3966 3940//3940 3939//3939
f 3967//3967 3940//3940 3966//3966
f 3867//3867 3845//3845 3823//3823
f 3892//3892 3867//3867 3939//3939
f 3381//3381 3407//3407 3438//3438
f 3407//3407 3437//3437 3438//3438
f 3332//3332 3407//3407 3381//3381
f 3472//3472 3493//3493 3438//3438
f 3437//3437 3472//3472 3438//3438
f 3472//3472 3513//3513 3493//3493
f 3555//3555 3493//3493 3535//3535
f 3554//3554 3577//3577 3578//3578
f 3577//3577 3601//3601 3578//3578
f 3577//3577 3554//3554 3534//3534
f 3872//3872 3942//3942 3943//3943
f 3872//3872 3894//3894 3918//3918
f 3871//3871 3894//3894 3872//3872
f 3168//3168 3166//3166 3235//3235
f 3166//3166 3188//3188 3235//3235
f 3166//3166 3168//3168 3167//3167
f 3141//3141 3166//3166 3167//3167
f 3089//3089 3166//3166 3141//3141
f 3166//3166 3089//3089 3188//3188
f 3354//3354 3378//3378 3405//3405
f 3353//3353 3378//3378 3354//3354
f 3212//3212 3329//3329 3234//3234
f 3329//3329 3433//3433 3405//3405
f 3433//3433 3329//3329 3490//3490
f 3378//3378 3329//3329 3405//3405
f 3329//3329 3378//3378 3353//3353
f 3305//3305 3353//3353 3354//3354
f 3305//3305 3329//3329 3353//3353
f 3329//3329 3305//3305 3234//3234
f 3281//3281 3260//3260 3213//3213
f 3260//3260 3281//3281 3331//3331
f 3236//3236 3189//3189 3213//3213
f 3260//3260 3236//3236 3213//3213
f 3236//3236 3260//3260 3331//3331
f 2693//2693 2648//2648 2670//2670
f 2648//2648 2693//2693 2671//2671
f 2307//2307 2306//2306 2329//2329
f 2306//2306 2205//2205 2329//2329
f 2073//2073 1946//1946 2103//2103
f 2254//2254 2327//2327 2304//2304
f 2229//2229 2204//2204 2102//2102
f 3190//3190 3171//3171 3170//3170
f 3171//3171 3190//3190 3191//3191
f 3283//3283 3261//3261 3282//3282
f 3282//3282 3261//3261 3331//3331
f 3307//3307 3332//3332 3356//3356
f 3332//3332 3307//3307 3282//3282
f 3307//3307 3283//3283 3282//3282
f 3093//3093 3117//3117 3068//3068
f 3045//3045 2997//2997 3020//3020
f 2974//2974 2996//2996 2954//2954
f 2996//2996 3019//3019 2954//2954
f 2955//2955 2936//2936 2975//2975
f 2936//2936 2955//2955 2914//2914
f 2795//2795 2796//2796 2775//2775
f 3174//3174 3195//3195 3196//3196
f 2734//2734 2668//2668 2690//2690
f 2668//2668 2734//2734 2712//2712
f 2688//2688 2710//2710 2689//2689
f 2688//2688 2732//2732 2710//2710
f 2412//2412 2384//2384 2438//2438
f 4867//4867 4814//4814 4880//4880
f 4814//4814 4867//4867 4839//4839
f 4867//4867 4880//4880 4868//4868
f 4839//4839 4867//4867 4868//4868
f 4766//4766 4786//4786 4815//4815
f 4786//4786 4814//4814 4815//4815
f 4786//4786 4766//4766 4785//4785
f 4814//4814 4786//4786 4785//4785
f 4888//4888 4914//4914 4868//4868
f 4913//4913 4914//4914 4888//4888
f 4973//4973 4984//4984 4985//4985
f 4984//4984 4973//4973 4972//4972
f 3781//3781 3782//3782 3761//3761
f 3781//3781 3761//3761 3873//3873
f 3804//3804 3825//3825 3805//3805
f 3782//3782 3804//3804 3805//3805
f 4095//4095 4094//4094 4093//4093
f 4114//4114 4095//4095 4093//4093
f 4114//4114 4149//4149 4130//4130
f 4168//4168 4114//4114 4093//4093
f 4149//4149 4114//4114 4168//4168
f 3874//3874 3849//3849 3848//3848
f 3896//3896 3895//3895 3943//3943
f 3896//3896 3874//3874 3848//3848
f 3825//3825 3896//3896 3848//3848
f 3804//3804 3896//3896 3825//3825
f 3896//3896 3804//3804 3782//3782
f 3781//3781 3896//3896 3782//3782
f 3895//3895 3896//3896 3873//3873
f 3896//3896 3781//3781 3873//3873
f 4230//4230 4252//4252 4251//4251
f 4230//4230 4273//4273 4252//4252
f 4273//4273 4230//4230 4229//4229
f 4209//4209 4230//4230 4251//4251
f 4230//4230 4209//4209 4229//4229
f 4113//4113 4129//4129 4075//4075
f 4092//4092 4113//4113 4075//4075
f 4188//4188 4209//4209 4189//4189
f 4167//4167 4188//4188 4189//4189
f 4209//4209 4188//4188 4229//4229
f 4229//4229 4188//4188 4128//4128
f 4148//4148 4167//4167 4129//4129
f 4188//4188 4148//4148 4128//4128
f 4148//4148 4188//4188 4167//4167
f 4607//4607 4623//4623 4639//4639
f 4623//4623 4640//4640 4639//4639
f 4725//4725 4724//4724 4726//4726
f 4724//4724 4725//4725 4708//4708
f 4727//4727 4725//4725 4726//4726
f 4725//4725 4727//4727 4708//4708
f 4328//4328 4366//4366 4367//4367
f 4366//4366 4386//4386 4400//4400
f 4386//4386 4435//4435 4416//4416
f 4400//4400 4386//4386 4416//4416
f 4232//4232 4253//4253 4275//4275
f 4253//4253 4274//4274 4275//4275
f 4231//4231 4253//4253 4232//4232
f 4253//4253 4231//4231 4274//4274
f 4233//4233 4213//4213 4254//4254
f 4213//4213 4212//4212 4254//4254
f 4213//4213 4233//4233 4214//4214
f 4573//4573 4544//4544 4593//4593
f 4519//4519 4544//4544 4493//4493
f 4930//4930 4941//4941 4945//4945
f 4929//4929 4930//4930 4945//4945
f 4732//4732 4713//4713 4712//4712
f 4713//4713 4711//4711 4712//4712
f 4713//4713 4732//4732 4733//4733
f 4118//4118 4117//4117 4305//4305
f 4421//4421 4198//4198 4420//4420
f 4198//4198 4421//4421 4439//4439
f 4421//4421 4440//4440 4439//4439
f 4235//4235 4458//4458 4236//4236
f 4461//4461 4238//4238 4237//4237
f 4218//4218 4217//4217 4441//4441
f 4217//4217 4440//4440 4441//4441
f 5287//5287 5288//5288 5286//5286
f 5285//5285 5287//5287 5286//5286
f 5288//5288 5287//5287 5289//5289
f 5088//5088 5089//5089 5067//5067
f 5093//5093 5092//5092 5091//5091
f 4845//4845 4846//4846 4847//4847
f 5088//5088 5066//5066 5065//5065
f 5066//5066 5088//5088 5067//5067
f 5072//5072 5047//5047 5071//5071
f 5290//5290 5288//5288 5289//5289
f 5047//5047 5070//5070 5071//5071
f 5069//5069 5070//5070 5047//5047
f 4313//4313 4312//4312 4533//4533
f 4287//4287 4285//4285 4286//4286
f 4987//4987 5059//5059 4988//4988
f 5059//5059 4987//4987 5014//5014
f 4987//4987 4986//4986 5014//5014
f 4986//4986 4987//4987 4985//4985
f 4987//4987 4973//4973 4985//4985
f 4987//4987 4988//4988 4972//4972
f 4973//4973 4987//4987 4972//4972
f 4892//4892 4903//4903 4904//4904
f 4891//4891 4892//4892 4871//4871
f 4889//4889 4891//4891 4871//4871
f 4890//4890 4891//4891 4889//4889
f 4891//4891 4903//4903 4892//4892
f 4903//4903 4891//4891 4890//4890
f 4869//4869 4870//4870 4871//4871
f 4881//4881 4889//4889 4871//4871
f 4870//4870 4881//4881 4871//4871
f 5226//5226 5239//5239 5227//5227
f 5215//5215 5204//5204 5213//5213
f 5226//5226 5215//5215 5225//5225
f 5204//5204 5188//5188 5197//5197
f 5188//5188 5196//5196 5197//5197
f 5196//5196 5188//5188 5195//5195
f 5187//5187 5188//5188 5169//5169
f 5188//5188 5187//5187 5195//5195
f 5213//5213 5212//5212 5225//5225
f 5211//5211 5212//5212 5213//5213
f 5212//5212 5210//5210 5225//5225
f 5212//5212 5211//5211 5210//5210
f 5241//5241 5251//5251 5232//5232
f 5240//5240 5239//5239 5251//5251
f 5239//5239 5240//5240 5231//5231
f 5241//5241 5240//5240 5251//5251
f 5240//5240 5241//5241 5231//5231
f 5238//5238 5231//5231 5230//5230
f 5238//5238 5239//5239 5231//5231
f 5229//5229 5238//5238 5230//5230
f 5239//5239 5238//5238 5227//5227
f 5238//5238 5229//5229 5227//5227
f 4793//4793 4791//4791 4792//4792
f 5035//5035 5034//5034 5033//5033
f 5044//5044 5045//5045 5022//5022
f 5043//5043 5044//5044 5022//5022
f 5242//5242 5243//5243 5232//5232
f 5242//5242 5252//5252 5243//5243
f 5251//5251 5242//5242 5232//5232
f 5252//5252 5242//5242 5251//5251
f 4308//4308 4524//4524 4525//4525
f 4309//4309 4308//4308 4525//4525
f 4284//4284 4283//4283 4306//4306
f 4283//4283 4503//4503 4306//4306
f 4528//4528 4549//4549 4334//4334
f 4333//4333 4528//4528 4334//4334
f 4528//4528 4333//4333 4527//4527
f 4338//4338 4337//4337 4553//4553
f 4340//4340 4556//4556 4341//4341
f 4556//4556 4340//4340 4555//4555
f 4308//4308 4505//4505 4524//4524
f 4554//4554 4338//4338 4553//4553
f 5270//5270 5271//5271 5255//5255
f 5271//5271 5272//5272 5255//5255
f 5272//5272 5271//5271 5270//5270
f 5274//5274 5273//5273 5317//5317
f 5039//5039 5038//5038 5040//5040
f 4991//4991 4989//4989 4998//4998
f 4999//4999 4991//4991 4998//4998
f 4976//4976 4991//4991 4999//4999
f 4976//4976 4974//4974 4975//4975
f 4974//4974 4976//4976 4961//4961
f 4974//4974 4961//4961 4960//4960
f 4958//4958 4974//4974 4960//4960
f 5167//5167 5178//5178 5168//5168
f 5178//5178 5167//5167 5179//5179
f 5180//5180 5178//5178 5179//5179
f 5168//5168 5178//5178 5169//5169
f 5178//5178 5180//5180 5169//5169
f 5151//5151 5150//5150 5149//5149
f 5156//5156 5151//5151 5149//5149
f 5155//5155 5158//5158 5116//5116
f 5150//5150 5155//5155 5116//5116
f 5151//5151 5155//5155 5150//5150
f 5155//5155 5151//5151 5156//5156
f 5157//5157 5159//5159 5158//5158
f 5155//5155 5157//5157 5158//5158
f 5157//5157 5155//5155 5156//5156
f 5159//5159 5157//5157 5177//5177
f 5157//5157 5156//5156 5177//5177
f 5187//5187 5181//5181 5186//5186
f 5181//5181 5180//5180 5186//5186
f 5181//5181 5187//5187 5169//5169
f 5180//5180 5181//5181 5169//5169
f 5139//5139 5148//5148 5149//5149
f 5149//5149 5148//5148 5137//5137
f 5148//5148 5132//5132 5137//5137
f 5114//5114 5115//5115 5113//5113
f 5123//5123 5114//5114 5113//5113
f 5114//5114 5123//5123 5115//5115
f 4438//4438 4457//4457 4278//4278
f 4457//4457 4438//4438 4456//4456
f 4455//4455 4436//4436 4475//4475
f 4387//4387 4455//4455 4367//4367
f 4455//4455 4387//4387 4416//4416
f 4436//4436 4455//4455 4416//4416
f 2609//2609 2652//2652 2630//2630
f 2652//2652 2609//2609 2589//2589
f 2609//2609 2630//2630 2522//2522
f 2496//2496 2609//2609 2522//2522
f 2589//2589 2495//2495 2471//2471
f 2495//2495 2340//2340 2471//2471
f 2609//2609 2495//2495 2589//2589
f 2495//2495 2609//2609 2496//2496
f 2495//2495 2367//2367 2340//2340
f 2367//2367 2495//2495 2496//2496
f 2740//2740 2780//2780 2761//2761
f 2780//2780 2740//2740 2717//2717
f 2741//2741 2740//2740 2761//2761
f 2740//2740 2741//2741 2718//2718
f 2740//2740 2697//2697 2717//2717
f 2697//2697 2740//2740 2718//2718
f 2780//2780 2801//2801 2781//2781
f 2823//2823 2801//2801 2821//2821
f 2801//2801 2800//2800 2821//2821
f 2801//2801 2780//2780 2800//2800
f 3751//3751 3664//3664 3772//3772
f 3664//3664 3751//3751 3717//3717
f 3504//3504 3570//3570 3548//3548
f 3570//3570 3571//3571 3548//3548
f 3162//3162 3111//3111 3137//3137
f 3161//3161 3162//3162 3137//3137
f 3162//3162 3161//3161 3185//3185
f 3427//3427 3505//3505 3399//3399
f 3427//3427 3399//3399 3373//3373
f 3374//3374 3322//3322 3400//3400
f 3551//3551 3529//3529 3573//3573
f 3403//3403 3376//3376 3375//3375
f 3376//3376 3350//3350 3375//3375
f 3350//3350 3376//3376 3326//3326
f 3431//3431 3430//3430 3466//3466
f 3431//3431 3403//3403 3430//3430
f 3432//3432 3431//3431 3466//3466
f 3402//3402 3403//3403 3375//3375
f 3403//3403 3402//3402 3430//3430
f 3231//3231 3257//3257 3232//3232
f 3257//3257 3258//3258 3232//3232
f 3278//3278 3277//3277 3326//3326
f 2750//2750 2771//2771 2727//2727
f 2599//2599 2640//2640 2662//2662
f 2640//2640 2599//2599 2618//2618
f 2574//2574 2554//2554 2530//2530
f 2617//2617 2618//2618 2598//2598
f 2617//2617 2598//2598 2575//2575
f 2683//2683 2661//2661 2704//2704
f 2705//2705 2683//2683 2704//2704
f 2683//2683 2640//2640 2661//2661
f 2684//2684 2663//2663 2662//2662
f 2684//2684 2683//2683 2705//2705
f 2640//2640 2684//2684 2662//2662
f 2683//2683 2684//2684 2640//2640
f 2850//2850 2871//2871 2851//2851
f 2871//2871 2831//2831 2851//2851
f 2910//2910 2871//2871 2890//2890
f 2951//2951 2910//2910 2931//2931
f 2771//2771 2790//2790 2811//2811
f 2790//2790 2750//2750 2770//2770
f 2790//2790 2771//2771 2750//2750
f 2830//2830 2810//2810 2829//2829
f 2830//2830 2850//2850 2851//2851
f 2811//2811 2830//2830 2851//2851
f 2790//2790 2830//2830 2811//2811
f 2830//2830 2790//2790 2810//2810
f 2885//2885 2866//2866 2865//2865
f 2826//2826 2825//2825 2846//2846
f 2636//2636 2573//2573 2595//2595
f 3080//3080 3006//3006 3107//3107
f 3006//3006 3057//3057 2984//2984
f 3006//3006 3080//3080 3057//3057
f 2922//2922 3006//3006 2984//2984
f 2942//2942 3006//3006 2922//2922
f 2962//2962 3033//3033 3007//3007
f 3033//3033 2962//2962 2984//2984
f 3134//3134 3158//3158 3181//3181
f 3400//3400 3348//3348 3373//3373
f 3322//3322 3348//3348 3400//3400
f 2782//2782 2802//2802 2803//2803
f 2802//2802 2824//2824 2803//2803
f 2824//2824 2802//2802 2823//2823
f 2802//2802 2801//2801 2823//2823
f 2802//2802 2782//2782 2781//2781
f 2801//2801 2802//2802 2781//2781
f 2825//2825 2845//2845 2846//2846
f 2866//2866 2845//2845 2865//2865
f 2845//2845 2866//2866 2846//2846
f 2822//2822 2844//2844 2823//2823
f 2822//2822 2823//2823 2821//2821
f 2744//2744 2722//2722 2721//2721
f 2615//2615 2636//2636 2595//2595
f 2291//2291 2401//2401 2426//2426
f 2291//2291 2266//2266 2401//2401
f 2572//2572 2615//2615 2595//2595
f 2528//2528 2572//2572 2595//2595
f 2631//2631 2654//2654 2591//2591
f 2654//2654 2631//2631 2674//2674
f 2631//2631 2610//2610 2674//2674
f 2546//2546 2523//2523 2590//2590
f 2447//2447 2544//2544 2545//2545
f 2422//2422 2447//2447 2423//2423
f 2544//2544 2447//2447 2422//2422
f 2567//2567 2472//2472 2545//2545
f 2473//2473 2472//2472 2567//2567
f 2472//2472 2447//2447 2545//2545
f 2610//2610 2568//2568 2546//2546
f 2568//2568 2631//2631 2591//2591
f 2631//2631 2568//2568 2610//2610
f 2611//2611 2547//2547 2591//2591
f 2547//2547 2568//2568 2591//2591
f 2568//2568 2547//2547 2524//2524
f 2452//2452 2344//2344 2426//2426
f 2452//2452 2402//2402 2344//2344
f 2501//2501 2453//2453 2427//2427
f 2501//2501 2526//2526 2453//2453
f 2402//2402 2501//2501 2427//2427
f 2720//2720 2742//2742 2743//2743
f 2741//2741 2719//2719 2698//2698
f 2719//2719 2741//2741 2742//2742
f 2698//2698 2719//2719 2677//2677
f 2719//2719 2699//2699 2677//2677
f 2720//2720 2719//2719 2742//2742
f 2719//2719 2720//2720 2699//2699
f 1252//1252 1125//1125 1102//1102
f 1523//1523 1339//1339 1319//1319
f 1339//1339 1338//1338 1319//1319
f 1232//1232 1339//1339 1363//1363
f 1933//1933 1801//1801 1769//1769
f 1387//1387 1497//1497 1524//1524
f 1255//1255 1387//1387 1277//1277
f 1387//1387 1255//1255 1341//1341
f 1626//1626 1469//1469 1604//1604
f 1322//1322 1469//1469 1342//1342
f 1678//1678 1703//1703 1577//1577
f 1860//1860 1678//1678 1859//1859
f 1678//1678 1860//1860 1703//1703
f 1978//1978 1860//1860 1859//1859
f 1860//1860 1978//1978 1979//1979
f 1802//1802 1909//1909 1935//1935
f 1909//1909 2001//2001 2023//2023
f 1254//1254 1276//1276 1127//1127
f 1276//1276 1299//1299 1127//1127
f 1276//1276 1254//1254 1407//1407
f 1299//1299 1276//1276 1407//1407
f 1234//1234 1321//1321 1341//1341
f 1431//1431 1299//1299 1407//1407
f 1187//1187 1037//1037 1014//1014
f 1187//1187 1232//1232 1037//1037
f 1338//1338 1187//1187 1319//1319
f 1187//1187 1298//1298 1319//1319
f 1298//1298 1187//1187 1154//1154
f 1254//1254 1253//1253 1363//1363
f 570//570 557//557 717//717
f 718//718 570//570 717//717
f 570//570 718//718 571//571
f 521//521 624//624 625//625
f 624//624 521//521 607//607
f 624//624 607//607 734//734
f 1887//1887 2002//2002 2025//2025
f 1862//1862 2002//2002 1887//1887
f 2002//2002 2088//2088 2113//2113
f 2002//2002 1980//1980 2088//2088
f 1980//1980 1958//1958 2060//2060
f 1958//1958 1980//1980 1935//1935
f 1958//1958 2023//2023 2060//2060
f 1679//1679 1803//1803 1832//1832
f 1803//1803 1802//1802 1832//1832
f 1546//1546 1568//1568 1545//1545
f 1826//1826 1546//1546 1545//1545
f 1568//1568 1546//1546 1569//1569
f 1825//1825 1545//1545 1544//1544
f 1825//1825 1826//1826 1545//1545
f 1826//1826 1825//1825 2085//2085
f 1853//1853 1570//1570 1569//1569
f 1853//1853 1854//1854 1570//1570
f 1576//1576 1551//1551 1702//1702
f 1576//1576 1723//1723 1604//1604
f 1723//1723 1576//1576 1702//1702
f 1254//1254 1386//1386 1407//1407
f 1676//1676 1677//1677 1524//1524
f 1497//1497 1676//1676 1524//1524
f 1646//1646 1905//1905 1672//1672
f 1905//1905 1646//1646 1645//1645
f 1521//1521 1360//1360 1495//1495
f 1953//1953 1721//1721 1698//1698
f 1721//1721 1953//1953 1976//1976
f 1465//1465 1494//1494 1318//1318
f 2059//2059 2058//2058 2211//2211
f 1907//1907 2056//2056 2057//2057
f 2163//2163 2000//2000 2136//2136
f 2000//2000 1977//1977 2136//2136
f 2262//2262 2397//2397 2421//2421
f 2138//2138 2112//2112 2137//2137
f 2340//2340 2312//2312 2471//2471
f 2312//2312 2311//2311 2471//2471
f 2180//2180 2307//2307 2156//2156
f 2180//2180 2306//2306 2307//2307
f 2306//2306 2180//2180 2205//2205
f 1921//1921 2038//2038 1899//1899
f 1617//1617 1442//1442 1441//1441
f 1668//1668 1669//1669 1510//1510
f 1564//1564 1594//1594 1742//1742
f 1712//1712 1900//1900 1876//1876
f 2075//2075 2104//2104 2076//2076
f 2075//2075 2128//2128 2104//2104
f 1947//1947 1816//1816 1971//1971
f 1714//1714 1564//1564 1742//1742
f 1509//1509 1693//1693 1668//1668
f 2181//2181 2017//2017 2206//2206
f 2181//2181 1994//1994 2017//2017
f 1642//1642 1617//1617 1441//1441
f 1617//1617 1642//1642 1618//1618
f 1482//1482 1642//1642 1441//1441
f 1642//1642 1482//1482 1641//1641
f 746//746 728//728 747//747
f 547//547 548//548 373//373
f 548//548 549//549 373//373
f 639//639 420//420 638//638
f 421//421 420//420 639//639
f 641//641 422//422 640//640
f 422//422 639//639 640//640
f 422//422 421//421 639//639
f 422//422 423//423 421//421
f 423//423 422//422 641//641
f 423//423 642//642 424//424
f 423//423 641//641 642//642
f 420//420 418//418 638//638
f 418//418 420//420 419//419
f 216//216 215//215 248//248
f 215//215 216//216 214//214
f 247//247 215//215 214//214
f 600//600 581//581 580//580
f 562//562 581//581 600//600
f 563//563 547//547 373//373
f 562//562 563//563 373//373
f 563//563 562//562 547//547
f 371//371 370//370 369//369
f 370//370 206//206 369//369
f 372//372 384//384 359//359
f 372//372 371//371 384//384
f 902//902 885//885 903//903
f 1617//1617 1424//1424 1442//1442
f 1400//1400 1424//1424 1618//1618
f 1424//1424 1617//1617 1618//1618
f 1401//1401 1376//1376 1400//1400
f 1595//1595 1401//1401 1400//1400
f 1401//1401 1595//1595 1596//1596
f 1565//1565 1401//1401 1596//1596
f 1376//1376 1401//1401 1377//1377
f 1401//1401 1565//1565 1377//1377
f 1094//1094 1095//1095 1093//1093
f 1073//1073 1095//1095 1072//1072
f 1142//1142 1141//1141 1169//1169
f 1141//1141 1168//1168 1169//1169
f 886//886 885//885 887//887
f 1312//1312 1117//1117 1334//1334
f 869//869 868//868 887//887
f 868//868 886//886 887//887
f 1565//1565 1539//1539 1377//1377
f 1539//1539 1565//1565 1540//1540
f 1792//1792 1517//1517 1493//1493
f 1517//1517 1792//1792 1793//1793
f 1518//1518 1517//1517 1793//1793
f 1829//1829 1855//1855 1602//1602
f 1856//1856 1855//1855 2020//2020
f 1855//1855 1829//1829 2020//2020
f 1168//1168 1355//1355 1169//1169
f 1355//1355 1168//1168 1380//1380
f 1644//1644 1903//1903 1619//1619
f 1567//1567 1566//1566 1851//1851
f 1878//1878 1620//1620 1619//1619
f 2362//2362 2083//2083 2082//2082
f 1719//1719 1757//1757 2050//2050
f 1456//1456 1757//1757 1719//1719
f 1756//1756 1757//1757 1455//1455
f 1757//1757 1456//1456 1455//1455
f 2161//2161 2162//2162 1930//1930
f 2419//2419 2162//2162 2161//2161
f 2135//2135 2395//2395 2160//2160
f 2135//2135 2134//2134 2395//2395
f 1490//1490 1761//1761 1762//1762
f 1463//1463 1761//1761 1490//1490
f 1752//1752 1753//1753 1451//1451
f 1753//1753 1452//1452 1451//1451
f 1453//1453 1753//1753 1754//1754
f 1753//1753 1453//1453 1452//1452
f 1448//1448 1749//1749 1750//1750
f 1749//1749 1448//1448 1447//1447
f 235//235 234//234 251//251
f 234//234 233//233 251//251
f 233//233 231//231 232//232
f 36//36 51//51 37//37
f 51//51 36//36 35//35
f 35//35 36//36 34//34
f 38//38 36//36 37//37
f 36//36 38//38 34//34
f 252//252 235//235 251//251
f 253//253 252//252 251//251
f 252//252 253//253 235//235
f 435//435 436//436 310//310
f 325//325 183//183 324//324
f 481//481 684//684 685//685
f 686//686 481//481 685//685
f 458//458 481//481 459//459
f 481//481 458//458 457//457
f 456//456 481//481 457//457
f 452//452 454//454 453//453
f 454//454 455//455 453//453
f 129//129 53//53 52//52
f 54//54 53//53 129//129
f 462//462 687//687 463//463
f 464//464 687//687 688//688
f 687//687 464//464 463//463
f 687//687 686//686 685//685
f 131//131 255//255 256//256
f 255//255 131//131 254//254
f 255//255 254//254 251//251
f 387//387 401//401 402//402
f 294//294 387//387 402//402
f 387//387 294//294 293//293
f 808//808 601//601 582//582
f 501//501 485//485 484//484
f 486//486 485//485 501//501
f 1622//1622 1621//1621 1881//1881
f 1622//1622 1905//1905 1645//1645
f 905//905 768//768 889//889
f 892//892 834//834 814//814
f 834//834 892//892 927//927
f 814//814 834//834 835//835
f 834//834 858//858 835//835
f 834//834 927//927 858//858
f 791//791 926//926 962//962
f 926//926 791//791 772//772
f 716//716 734//734 606//606
f 792//792 791//791 812//812
f 792//792 695//695 694//694
f 792//792 812//812 695//695
f 772//772 792//792 694//694
f 791//791 792//792 772//772
f 750//750 657//657 625//625
f 750//750 771//771 657//657
f 624//624 750//750 625//625
f 750//750 624//624 734//734
f 771//771 750//750 772//772
f 750//750 926//926 772//772
f 813//813 735//735 718//718
f 735//735 751//751 587//587
f 751//751 735//735 736//736
f 571//571 735//735 587//587
f 718//718 735//735 571//571
f 857//857 1012//1012 1035//1035
f 856//856 1012//1012 857//857
f 1101//1101 1080//1080 1231//1231
f 1101//1101 1102//1102 928//928
f 910//910 1101//1101 928//928
f 1035//1035 1056//1056 909//909
f 963//963 962//962 1152//1152
f 989//989 963//963 1152//1152
f 963//963 989//989 812//812
f 791//791 963//963 812//812
f 963//963 791//791 962//962
f 832//832 833//833 736//736
f 735//735 832//832 736//736
f 832//832 735//735 813//813
f 583//583 567//567 566//566
f 469//469 567//567 487//487
f 555//555 556//556 439//439
f 605//605 519//519 518//518
f 518//518 519//519 390//390
f 829//829 621//621 828//828
f 829//829 828//828 851//851
f 852//852 829//829 851//851
f 621//621 829//829 622//622
f 733//733 732//732 889//889
f 732//732 715//715 889//889
f 654//654 852//852 853//853
f 623//623 519//519 605//605
f 769//769 749//749 768//768
f 749//749 748//748 768//768
f 748//748 749//749 769//769
f 828//828 827//827 851//851
f 827//827 620//620 603//603
f 621//621 827//827 828//828
f 620//620 827//827 621//621
f 1121//1121 888//888 1120//1120
f 1294//1294 1295//1295 1098//1098
f 1293//1293 1294//1294 1098//1098
f 2407//2407 2379//2379 2348//2348
f 2379//2379 2322//2322 2348//2348
f 3040//3040 3087//3087 3041//3041
f 3040//3040 3065//3065 3087//3087
f 3015//3015 3040//3040 3041//3041
f 3065//3065 3040//3040 3039//3039
f 3065//3065 3064//3064 3087//3087
f 3064//3064 3086//3086 3087//3087
f 3064//3064 3065//3065 3039//3039
f 2970//2970 2992//2992 2951//2951
f 2970//2970 2969//2969 2992//2992
f 2870//2870 2871//2871 2850//2850
f 2871//2871 2870//2870 2890//2890
f 2869//2869 2870//2870 2850//2850
f 3013//3013 3038//3038 3039//3039
f 3038//3038 3064//3064 3039//3039
f 2117//2117 2091//2091 2192//2192
f 2091//2091 2142//2142 2192//2192
f 2142//2142 2091//2091 2063//2063
f 2091//2091 1983//1983 2063//2063
f 2091//2091 2117//2117 2029//2029
f 2375//2375 2345//2345 2427//2427
f 2405//2405 2406//2406 2273//2273
f 2405//2405 2431//2431 2406//2406
f 2404//2404 2429//2429 2347//2347
f 2429//2429 2404//2404 2504//2504
f 2528//2528 2429//2429 2504//2504
f 2404//2404 2503//2503 2504//2504
f 2294//2294 2319//2319 2246//2246
f 2270//2270 2221//2221 2196//2196
f 2270//2270 2294//2294 2221//2221
f 2170//2170 2270//2270 2196//2196
f 2169//2169 2144//2144 2219//2219
f 2144//2144 2093//2093 2118//2118
f 2144//2144 2094//2094 2093//2093
f 2094//2094 2144//2144 2169//2169
f 2146//2146 2195//2195 2220//2220
f 2145//2145 2195//2195 2146//2146
f 2169//2169 2195//2195 2119//2119
f 2195//2195 2145//2145 2119//2119
f 1585//1585 1557//1557 1530//1530
f 1586//1586 1557//1557 1585//1585
f 1937//1937 1864//1864 1835//1835
f 1890//1890 1864//1864 1937//1937
f 1730//1730 1836//1836 1865//1865
f 1864//1864 1836//1836 1835//1835
f 1865//1865 1836//1836 1890//1890
f 1836//1836 1864//1864 1890//1890
f 1913//1913 1865//1865 1890//1890
f 1913//1913 2005//2005 1938//1938
f 1731//1731 1708//1708 1683//1683
f 1776//1776 1731//1731 1683//1683
f 1893//1893 1869//1869 1808//1808
f 1916//1916 1893//1893 1808//1808
f 2006//2006 2091//2091 2029//2029
f 2091//2091 2006//2006 1983//1983
f 1941//1941 1965//1965 1915//1915
f 1940//1940 1941//1941 1915//1915
f 1985//1985 1941//1941 2007//2007
f 1965//1965 1941//1941 1985//1985
f 1984//1984 1940//1940 1964//1964
f 2006//2006 1984//1984 1964//1964
f 1941//1941 1984//1984 2007//2007
f 1984//1984 1941//1941 1940//1940
f 1984//1984 2029//2029 2007//2007
f 1984//1984 2006//2006 2029//2029
f 1366//1366 1410//1410 1388//1388
f 1367//1367 1343//1343 1470//1470
f 1389//1389 1367//1367 1470//1470
f 1628//1628 1605//1605 1725//1725
f 1725//1725 1578//1578 1577//1577
f 1605//1605 1578//1578 1725//1725
f 1983//1983 2028//2028 2063//2063
f 2028//2028 2005//2005 2063//2063
f 2005//2005 2028//2028 1938//1938
f 1960//1960 1890//1890 1937//1937
f 1960//1960 1913//1913 1890//1890
f 2026//2026 1960//1960 1937//1937
f 2027//2027 1960//1960 2026//2026
f 2005//2005 2116//2116 2063//2063
f 2116//2116 2142//2142 2063//2063
f 2061//2061 2139//2139 2165//2165
f 2089//2089 2061//2061 2165//2165
f 1861//1861 1704//1704 1832//1832
f 1861//1861 1862//1862 1704//1704
f 1980//1980 1861//1861 1832//1832
f 2002//2002 1861//1861 1980//1980
f 1861//1861 2002//2002 1862//1862
f 1910//1910 1862//1862 1887//1887
f 1888//1888 1863//1863 1959//1959
f 1863//1863 1888//1888 1889//1889
f 1727//1727 1863//1863 1889//1889
f 1863//1863 1727//1727 1705//1705
f 1771//1771 1804//1804 1629//1629
f 1910//1910 1804//1804 1771//1771
f 1772//1772 1728//1728 1889//1889
f 1728//1728 1727//1727 1889//1889
f 1834//1834 1937//1937 1835//1835
f 1834//1834 1805//1805 1937//1937
f 1728//1728 1681//1681 1727//1727
f 1804//1804 1654//1654 1629//1629
f 1654//1654 1630//1630 1629//1629
f 1630//1630 1654//1654 1581//1581
f 1391//1391 1412//1412 1368//1368
f 1391//1391 1472//1472 1412//1412
f 1471//1471 1391//1391 1368//1368
f 1412//1412 1473//1473 1474//1474
f 1472//1472 1473//1473 1412//1412
f 1473//1473 1503//1503 1474//1474
f 1503//1503 1473//1473 1472//1472
f 1704//1704 1579//1579 1554//1554
f 1580//1580 1579//1579 1704//1704
f 1579//1579 1501//1501 1554//1554
f 1606//1606 1580//1580 1629//1629
f 1579//1579 1606//1606 1501//1501
f 1606//1606 1579//1579 1580//1580
f 1630//1630 1606//1606 1629//1629
f 1528//1528 1606//1606 1630//1630
f 1726//1726 1771//1771 1629//1629
f 1580//1580 1726//1726 1629//1629
f 1726//1726 1580//1580 1704//1704
f 1862//1862 1726//1726 1704//1704
f 1910//1910 1726//1726 1862//1862
f 1726//1726 1910//1910 1771//1771
f 2322//2322 2297//2297 2296//2296
f 2297//2297 2274//2274 2296//2296
f 2147//2147 2148//2148 2120//2120
f 2148//2148 2147//2147 2171//2171
f 2247//2247 2223//2223 2321//2321
f 2223//2223 2222//2222 2321//2321
f 2222//2222 2223//2223 2247//2247
f 2065//2065 2030//2030 2118//2118
f 2030//2030 2093//2093 2007//2007
f 2030//2030 2065//2065 2093//2093
f 4926//4926 4911//4911 4899//4899
f 4911//4911 4912//4912 4899//4899
f 4911//4911 4926//4926 4927//4927
f 4900//4900 4901//4901 4886//4886
f 4901//4901 4900//4900 4912//4912
f 4911//4911 4901//4901 4912//4912
f 4886//4886 4901//4901 4927//4927
f 4901//4901 4911//4911 4927//4927
f 5057//5057 5085//5085 5032//5032
f 5085//5085 5057//5057 5084//5084
f 4896//4896 4967//4967 4883//4883
f 4967//4967 4951//4951 4883//4883
f 4982//4982 4968//4968 4952//4952
f 4968//4968 4953//4953 4952//4952
f 5103//5103 4968//4968 5032//5032
f 4968//4968 4997//4997 5032//5032
f 4997//4997 4968//4968 4981//4981
f 4968//4968 4982//4982 4981//4981
f 4723//4723 4746//4746 4747//4747
f 4746//4746 4723//4723 4705//4705
f 4723//4723 4706//4706 4705//4705
f 4723//4723 4747//4747 4653//4653
f 4706//4706 4723//4723 4653//4653
f 3841//3841 3842//3842 3819//3819
f 3842//3842 3841//3841 3915//3915
f 3819//3819 3842//3842 3916//3916
f 3842//3842 3915//3915 3916//3916
f 3841//3841 3863//3863 3889//3889
f 4299//4299 4363//4363 4431//4431
f 4363//4363 4383//4383 4431//4431
f 4363//4363 4248//4248 4383//4383
f 4398//4398 4297//4297 4323//4323
f 4248//4248 4398//4398 4383//4383
f 3691//3691 3667//3667 3642//3642
f 3667//3667 3643//3643 3642//3642
f 3643//3643 3667//3667 3644//3644
f 3620//3620 3643//3643 3644//3644
f 3621//3621 3620//3620 3644//3644
f 3620//3620 3621//3621 3594//3594
f 3620//3620 3594//3594 3642//3642
f 3643//3643 3620//3620 3642//3642
f 3798//3798 3773//3773 3819//3819
f 4089//4089 4165//4165 4071//4071
f 3915//3915 3936//3936 3916//3916
f 3889//3889 3936//3936 3915//3915
f 3990//3990 3936//3936 4053//4053
f 4071//4071 4052//4052 3963//3963
f 4052//4052 3935//3935 3963//3963
f 4127//4127 4052//4052 4071//4071
f 3258//3258 3233//3233 3232//3232
f 3211//3211 3233//3233 3258//3258
f 3211//3211 3279//3279 3165//3165
f 3279//3279 3211//3211 3258//3258
f 3257//3257 3279//3279 3258//3258
f 3303//3303 3278//3278 3326//3326
f 3774//3774 3755//3755 3690//3690
f 3689//3689 3774//3774 3690//3690
f 3774//3774 3689//3689 3718//3718
f 3666//3666 3689//3689 3690//3690
f 3718//3718 3689//3689 3666//3666
f 4600//4600 4585//4585 4599//4599
f 4600//4600 4584//4584 4585//4585
f 4777//4777 4600//4600 4599//4599
f 4600//4600 4777//4777 4778//4778
f 4759//4759 4600//4600 4778//4778
f 4584//4584 4600//4600 4759//4759
f 4923//4923 4922//4922 4935//4935
f 4908//4908 4922//4922 4923//4923
f 4684//4684 4685//4685 4667//4667
f 3396//3396 3503//3503 3397//3397
f 3886//3886 3911//3911 3912//3912
f 3932//3932 3960//3960 4106//4106
f 4085//4085 4086//4086 4069//4069
f 3987//3987 4015//4015 4016//4016
f 4015//4015 3987//3987 3860//3860
f 4050//4050 4015//4015 3860//3860
f 3987//3987 3861//3861 3860//3860
f 3837//3837 3861//3861 3987//3987
f 3962//3962 3934//3934 3838//3838
f 3961//3961 3962//3962 3838//3838
f 3962//3962 3961//3961 4016//4016
f 3934//3934 3913//3913 3796//3796
f 3913//3913 3887//3887 3796//3796
f 3888//3888 3839//3839 3716//3716
f 3839//3839 3840//3840 3716//3716
f 3818//3818 3687//3687 3716//3716
f 3840//3840 3818//3818 3716//3716
f 3687//3687 3818//3818 3663//3663
f 3818//3818 3664//3664 3663//3663
f 4319//4319 4487//4487 4468//4468
f 4631//4631 4632//4632 4650//4650
f 4617//4617 4602//4602 4601//4601
f 4951//4951 4875//4875 4874//4874
f 4649//4649 4668//4668 4650//4650
f 4668//4668 4649//4649 4667//4667
f 4685//4685 4668//4668 4667//4667
f 4588//4588 4618//4618 4603//4603
f 4589//4589 4588//4588 4603//4603
f 4633//4633 4588//4588 4651//4651
f 4618//4618 4588//4588 4633//4633
f 4538//4538 4570//4570 4634//4634
f 4570//4570 4603//4603 4634//4634
f 4570//4570 4589//4589 4603//4603
f 4570//4570 4538//4538 4515//4515
f 4588//4588 4570//4570 4515//4515
f 4570//4570 4588//4588 4589//4589
f 4516//4516 4488//4488 4515//4515
f 4604//4604 4516//4516 4635//4635
f 4516//4516 4604//4604 4488//4488
f 4654//4654 4675//4675 4653//4653
f 4637//4637 4654//4654 4653//4653
f 4654//4654 4637//4637 4675//4675
f 4605//4605 4620//4620 4653//4653
f 4620//4620 4637//4637 4653//4653
f 4637//4637 4620//4620 4673//4673
f 4451//4451 4452//4452 4430//4430
f 4572//4572 4518//4518 4542//4542
f 4572//4572 4592//4592 4605//4605
f 4453//4453 4572//4572 4605//4605
f 4518//4518 4472//4472 4492//4492
f 4572//4572 4472//4472 4518//4518
f 4472//4472 4572//4572 4453//4453
f 4322//4322 4397//4397 4296//4296
f 4412//4412 4322//4322 4321//4321
f 4397//4397 4322//4322 4412//4412
f 4413//4413 4397//4397 4412//4412
f 4413//4413 4412//4412 4430//4430
f 4381//4381 4413//4413 4492//4492
f 4397//4397 4413//4413 4381//4381
f 4452//4452 4413//4413 4430//4430
f 4270//4270 4246//4246 4226//4226
f 4181//4181 4320//4320 4160//4160
f 4181//4181 4203//4203 4320//4320
f 4293//4293 4319//4319 4294//4294
f 4395//4395 4378//4378 4377//4377
f 4182//4182 4183//4183 4162//4162
f 4183//4183 4182//4182 4204//4204
f 4123//4123 4225//4225 4105//4105
f 4225//4225 4123//4123 4141//4141
f 3931//3931 3909//3909 3792//3792
f 4905//4905 4906//4906 4921//4921
f 5118//5118 5126//5126 5173//5173
f 5118//5118 5117//5117 5126//5126
f 5117//5117 5118//5118 5119//5119
f 5145//5145 5144//5144 5140//5140
f 5144//5144 5145//5145 5143//5143
f 5201//5201 5209//5209 5202//5202
f 5190//5190 5189//5189 5294//5294
f 5189//5189 5299//5299 5294//5294
f 5183//5183 5184//5184 5170//5170
f 5182//5182 5183//5183 5170//5170
f 5184//5184 5183//5183 5294//5294
f 5183//5183 5190//5190 5294//5294
f 5183//5183 5182//5182 5190//5190
f 5199//5199 5189//5189 5190//5190
f 5189//5189 5199//5199 5198//5198
f 4508//4508 4509//4509 4286//4286
f 4509//4509 4287//4287 4286//4286
f 4287//4287 4509//4509 4288//4288
f 4775//4775 4776//4776 4755//4755
f 4776//4776 4775//4775 4774//4774
f 4483//4483 4484//4484 4288//4288
f 4484//4484 4483//4483 4510//4510
f 4509//4509 4483//4483 4288//4288
f 4483//4483 4509//4509 4510//4510
f 4485//4485 4289//4289 4288//4288
f 4484//4484 4485//4485 4288//4288
f 4289//4289 4485//4485 4462//4462
f 5027//5027 5054//5054 5028//5028
f 5053//5053 5081//5081 5154//5154
f 5081//5081 5053//5053 5052//5052
f 5146//5146 5053//5053 5154//5154
f 5147//5147 5053//5053 5146//5146
f 5054//5054 5053//5053 5147//5147
f 5007//5007 5120//5120 4994//4994
f 5120//5120 4979//4979 4994//4994
f 5120//5120 5128//5128 5121//5121
f 5128//5128 5120//5120 5007//5007
f 5109//5109 5120//5120 5121//5121
f 4979//4979 5120//5120 5109//5109
f 5005//5005 5027//5027 5028//5028
f 5005//5005 5007//5007 4994//4994
f 5053//5053 5005//5005 5052//5052
f 5027//5027 5005//5005 5054//5054
f 5005//5005 5053//5053 5054//5054
f 4979//4979 5005//5005 4994//4994
f 5005//5005 5081//5081 5052//5052
f 5081//5081 5005//5005 5099//5099
f 5098//5098 5108//5108 5099//5099
f 5108//5108 5098//5098 5119//5119
f 4860//4860 4859//4859 4873//4873
f 4666//4666 4859//4859 4647//4647
f 4873//4873 4859//4859 4666//4666
f 4648//4648 4860//4860 4629//4629
f 4859//4859 4648//4648 4647//4647
f 4648//4648 4859//4859 4860//4860
f 5056//5056 4934//4934 5055//5055
f 4934//4934 5056//5056 4935//4935
f 5055//5055 5082//5082 5083//5083
f 5082//5082 5102//5102 5083//5083
f 4934//4934 5082//5082 5055//5055
f 5082//5082 4934//4934 4950//4950
f 4949//4949 5082//5082 4950//4950
f 5102//5102 5082//5082 4965//4965
f 5082//5082 4949//4949 4965//4965
f 4964//4964 4979//4979 5110//5110
f 4964//4964 5102//5102 4965//4965
f 3852//3852 4027//4027 4060//4060
f 3851//3851 3852//3852 3827//3827
f 3851//3851 3999//3999 4026//4026
f 3999//3999 3851//3851 3827//3827
f 4027//4027 3851//3851 4026//4026
f 3851//3851 4027//4027 3852//3852
f 4132//4132 4115//4115 4150//4150
f 3971//3971 3970//3970 3998//3998
f 3999//3999 3971//3971 3998//3998
f 4133//4133 3972//3972 3949//3949
f 4116//4116 4133//4133 3949//3949
f 4133//4133 4116//4116 4278//4278
f 3002//3002 3026//3026 2980//2980
f 3195//3195 3217//3217 3196//3196
f 2420//2420 2419//2419 2445//2445
f 2444//2444 2420//2420 2445//2445
f 2162//2162 2420//2420 2183//2183
f 2420//2420 2162//2162 2419//2419
f 2543//2543 2396//2396 2366//2366
f 2396//2396 2543//2543 2397//2397
f 2396//2396 2212//2212 2366//2366
f 2185//2185 2163//2163 2339//2339
f 2365//2365 2185//2185 2339//2339
f 2163//2163 2185//2185 2022//2022
f 2185//2185 2366//2366 2211//2211
f 2185//2185 2365//2365 2366//2366
f 2058//2058 2185//2185 2211//2211
f 2185//2185 2058//2058 2022//2022
f 3077//3077 3223//3223 3224//3224
f 3223//3223 3077//3077 3249//3249
f 2899//2899 2921//2921 3005//3005
f 2921//2921 2899//2899 2920//2920
f 3005//3005 2921//2921 3030//3030
f 2921//2921 2920//2920 3030//3030
f 3178//3178 3029//3029 3054//3054
f 3178//3178 3155//3155 3029//3029
f 3879//3879 3878//3878 3877//3877
f 3924//3924 3923//3923 3950//3950
f 3951//3951 3924//3924 3950//3950
f 3457//3457 3417//3417 3418//3418
f 3126//3126 3127//3127 3150//3150
f 3074//3074 3126//3126 3051//3051
f 3126//3126 3150//3150 3051//3051
f 3127//3127 3149//3149 3150//3150
f 3730//3730 3729//3729 3707//3707
f 3729//3729 3706//3706 3707//3707
f 3154//3154 3153//3153 3295//3295
f 3296//3296 3154//3154 3295//3295
f 3981//3981 3710//3710 3980//3980
f 3954//3954 3982//3982 3955//3955
f 3710//3710 3954//3954 3711//3711
f 3954//3954 3981//3981 3982//3982
f 3981//3981 3954//3954 3710//3710
f 4177//4177 4176//4176 4391//4391
f 4374//4374 4178//4178 4373//4373
f 4178//4178 4177//4177 4373//4373
f 4178//4178 4156//4156 4177//4177
f 4178//4178 4374//4374 4157//4157
f 4156//4156 4178//4178 4157//4157
f 3815//3815 3685//3685 3714//3714
f 3815//3815 3714//3714 3835//3835
f 3836//3836 3815//3815 3835//3835
f 3815//3815 3836//3836 3816//3816
f 3685//3685 3815//3815 3816//3816
f 3660//3660 3685//3685 3816//3816
f 4013//4013 3985//3985 3858//3858
f 4047//4047 3882//3882 4067//4067
f 4267//4267 4243//4243 4294//4294
f 4448//4448 4267//4267 4294//4294
f 4427//4427 4267//4267 4448//4448
f 4267//4267 4427//4427 4428//4428
f 4409//4409 4267//4267 4428//4428
f 4243//4243 4267//4267 4409//4409
f 3959//3959 3834//3834 3985//3985
f 3834//3834 3959//3959 3813//3813
f 3885//3885 3768//3768 3884//3884
f 3885//3885 3859//3859 3748//3748
f 3768//3768 3885//3885 3748//3748
f 4159//4159 4140//4140 4139//4139
f 3984//3984 4140//4140 4121//4121
f 4139//4139 3984//3984 3983//3983
f 4140//4140 3984//3984 4139//4139
f 4202//4202 4179//4179 4045//4045
f 4179//4179 4180//4180 4158//4158
f 4012//4012 4046//4046 3983//3983
f 4064//4064 4065//4065 4045//4045
f 4202//4202 4065//4065 4201//4201
f 4065//4065 4202//4202 4045//4045
f 4065//4065 4222//4222 4201//4201
f 4222//4222 4065//4065 4064//4064
f 3980//3980 3709//3709 3708//3708
f 3710//3710 3709//3709 3980//3980
f 3657//3657 3906//3906 3907//3907
f 3682//3682 3681//3681 3925//3925
f 3681//3681 3956//3956 3925//3925
f 4646//4646 4666//4666 4647//4647
f 4646//4646 4665//4665 4666//4666
f 4316//4316 4315//4315 4357//4357
f 4315//4315 4137//4137 4357//4357
f 4315//4315 4316//4316 4138//4138
f 4137//4137 4315//4315 4138//4138
f 4082//4082 4241//4241 4242//4242
f 4222//4222 4082//4082 4242//4242
f 4082//4082 4222//4222 4064//4064
f 4615//4615 4805//4805 4599//4599
f 411//411 412//412 445//445
f 444//444 411//411 445//445
f 744//744 743//743 726//726
f 444//444 443//443 475//475
f 1511//1511 1354//1354 1540//1540
f 1354//1354 1511//1511 1332//1332
f 1354//1354 1539//1539 1540//1540
f 1354//1354 1353//1353 1377//1377
f 1539//1539 1354//1354 1377//1377
f 1290//1290 1265//1265 1289//1289
f 1290//1290 1443//1443 1444//1444
f 1265//1265 1290//1290 1444//1444
f 1311//1311 1290//1290 1289//1289
f 1259//1259 1372//1372 1260//1260
f 1239//1239 1259//1259 1260//1260
f 1259//1259 1239//1239 1217//1217
f 1161//1161 1216//1216 1133//1133
f 1587//1587 1635//1635 1611//1611
f 1660//1660 1587//1587 1532//1532
f 1393//1393 1347//1347 1437//1437
f 1415//1415 1393//1393 1437//1437
f 1438//1438 1415//1415 1437//1437
f 935//935 1000//1000 1046//1046
f 1000//1000 1020//1020 1046//1046
f 1116//1116 1092//1092 1091//1091
f 846//846 865//865 820//820
f 846//846 781//781 844//844
f 783//783 801//801 784//784
f 801//801 783//783 820//820
f 758//758 783//783 784//784
f 593//593 783//783 758//758
f 742//742 702//702 725//725
f 742//742 802//802 702//702
f 758//758 742//742 725//725
f 801//801 821//821 802//802
f 821//821 975//975 936//936
f 802//802 821//821 936//936
f 1262//1262 1261//1261 1286//1286
f 1198//1198 1197//1197 1219//1219
f 1241//1241 1197//1197 1022//1022
f 1197//1197 1241//1241 1219//1219
f 1197//1197 1164//1164 1022//1022
f 1197//1197 1198//1198 1164//1164
f 1240//1240 1241//1241 1046//1046
f 1241//1241 1240//1240 1262//1262
f 1261//1261 1240//1240 1046//1046
f 1240//1240 1261//1261 1262//1262
f 1198//1198 1165//1165 1164//1164
f 1166//1166 1165//1165 1198//1198
f 1114//1114 1089//1089 1139//1139
f 589//589 630//630 590//590
f 589//589 590//590 525//525
f 613//613 589//589 525//525
f 630//630 589//589 612//612
f 589//589 613//613 612//612
f 574//574 575//575 560//560
f 574//574 543//543 573//573
f 543//543 574//574 560//560
f 574//574 573//573 592//592
f 575//575 574//574 592//592
f 543//543 526//526 525//525
f 525//525 526//526 393//393
f 526//526 507//507 393//393
f 526//526 560//560 507//507
f 526//526 543//543 560//560
f 699//699 664//664 723//723
f 724//724 699//699 723//723
f 799//799 699//699 724//724
f 799//799 724//724 723//723
f 757//757 799//799 723//723
f 799//799 757//757 780//780
f 799//799 843//843 844//844
f 781//781 799//799 844//844
f 595//595 596//596 578//578
f 594//594 595//595 577//577
f 596//596 595//595 615//615
f 595//595 594//594 615//615
f 334//334 314//314 333//333
f 528//528 381//381 527//527
f 381//381 347//347 346//346
f 356//356 366//366 355//355
f 1714//1714 1538//1538 1564//1564
f 1538//1538 1693//1693 1509//1509
f 1693//1693 1538//1538 1714//1714
f 1478//1478 1507//1507 1535//1535
f 1507//1507 1478//1478 1477//1477
f 1507//1507 1562//1562 1535//1535
f 1562//1562 1507//1507 1477//1477
f 1421//1421 1420//1420 1535//1535
f 1420//1420 1478//1478 1535//1535
f 1307//1307 1329//1329 1421//1421
f 1329//1329 1350//1350 1421//1421
f 1592//1592 1421//1421 1591//1591
f 1536//1536 1537//1537 1508//1508
f 1480//1480 1479//1479 1508//1508
f 1784//1784 1947//1947 1739//1739
f 1816//1816 1784//1784 1783//1783
f 1947//1947 1784//1784 1816//1816
f 1739//1739 1740//1740 1712//1712
f 1740//1740 1900//1900 1712//1712
f 1900//1900 1740//1740 1924//1924
f 1947//1947 1740//1740 1739//1739
f 1969//1969 1919//1919 1814//1814
f 1919//1919 1897//1897 1814//1814
f 1991//1991 2155//2155 2126//2126
f 1991//1991 2015//2015 2155//2155
f 2127//2127 1991//1991 2126//2126
f 1689//1689 1737//1737 1814//1814
f 1990//1990 2014//2014 1969//1969
f 1990//1990 1969//1969 1814//1814
f 1841//1841 1990//1990 1814//1814
f 2324//2324 2277//2277 2300//2300
f 2199//2199 2250//2250 2225//2225
f 2200//2200 2199//2199 2225//2225
f 2173//2173 2200//2200 2225//2225
f 2200//2200 2150//2150 2199//2199
f 2150//2150 2200//2200 2173//2173
f 2665//2665 2708//2708 2686//2686
f 2731//2731 2752//2752 2773//2773
f 1132//1132 1065//1065 1159//1159
f 1065//1065 1132//1132 1133//1133
f 1132//1132 1161//1161 1133//1133
f 1107//1107 1065//1065 1133//1133
f 1065//1065 1107//1107 1108//1108
f 1216//1216 1107//1107 1133//1133
f 1108//1108 1107//1107 1216//1216
f 1561//1561 1590//1590 1613//1613
f 1590//1590 1612//1612 1613//1613
f 1590//1590 1561//1561 1372//1372
f 1612//1612 1663//1663 1689//1689
f 2011//2011 2033//2033 2069//2069
f 1987//1987 2011//2011 2069//2069
f 2011//2011 2068//2068 2033//2033
f 2011//2011 2099//2099 2068//2068
f 2099//2099 2011//2011 2098//2098
f 1870//1870 1894//1894 1895//1895
f 1839//1839 1870//1870 1895//1895
f 1870//1870 1839//1839 1810//1810
f 1685//1685 1870//1870 1810//1810
f 1870//1870 1685//1685 1894//1894
f 1733//1733 1685//1685 1810//1810
f 1685//1685 1733//1733 1709//1709
f 1811//1811 1733//1733 1810//1810
f 1777//1777 1733//1733 1811//1811
f 1894//1894 1917//1917 1895//1895
f 1917//1917 1943//1943 1895//1895
f 1685//1685 1917//1917 1894//1894
f 972//972 1087//1087 1019//1019
f 1087//1087 1086//1086 1110//1110
f 1110//1110 1086//1086 1109//1109
f 1086//1086 1108//1108 1109//1109
f 1086//1086 1065//1065 1108//1108
f 1020//1020 999//999 1045//1045
f 1000//1000 999//999 1020//1020
f 999//999 935//935 841//841
f 999//999 1000//1000 935//935
f 780//780 840//840 841//841
f 32//32 106//106 48//48
f 27//27 17//17 26//26
f 28//28 27//27 26//26
f 17//17 27//27 30//30
f 27//27 28//28 30//30
f 89//89 202//202 101//101
f 202//202 221//221 101//101
f 88//88 202//202 89//89
f 249//249 202//202 220//220
f 249//249 250//250 224//224
f 452//452 429//429 647//647
f 429//429 452//452 430//430
f 383//383 368//368 239//239
f 368//368 240//240 239//239
f 240//240 368//368 369//369
f 368//368 371//371 369//369
f 192//192 180//180 179//179
f 180//180 169//169 179//179
f 161//161 162//162 152//152
f 152//152 162//162 153//153
f 162//162 290//290 153//153
f 304//304 305//305 171//171
f 305//305 160//160 171//171
f 160//160 305//305 161//161
f 162//162 288//288 290//290
f 288//288 162//162 161//161
f 288//288 289//289 290//290
f 478//478 707//707 708//708
f 730//730 729//729 705//705
f 270//270 247//247 211//211
f 191//191 178//178 177//177
f 178//178 191//191 192//192
f 190//190 191//191 177//177
f 191//191 335//335 192//192
f 338//338 317//317 192//192
f 317//317 180//180 192//192
f 318//318 317//317 373//373
f 317//317 338//338 373//373
f 337//337 192//192 336//336
f 337//337 338//338 192//192
f 337//337 336//336 373//373
f 338//338 337//337 373//373
f 348//348 190//190 188//188
f 384//384 348//348 359//359
f 70//70 57//57 69//69
f 58//58 57//57 70//70
f 69//69 57//57 56//56
f 57//57 58//58 56//56
f 60//60 59//59 70//70
f 61//61 60//60 70//70
f 59//59 60//60 44//44
f 63//63 62//62 64//64
f 63//63 61//61 62//62
f 43//43 63//63 64//64
f 44//44 63//63 43//43
f 60//60 63//63 44//44
f 63//63 60//60 61//61
f 134//134 61//61 149//149
f 61//61 134//134 62//62
f 62//62 134//134 64//64
f 134//134 136//136 64//64
f 137//137 138//138 64//64
f 136//136 137//137 64//64
f 137//137 242//242 138//138
f 147//147 148//148 70//70
f 146//146 147//147 70//70
f 116//116 117//117 46//46
f 45//45 116//116 46//46
f 116//116 45//45 115//115
f 212//212 91//91 211//211
f 263//263 262//262 238//238
f 262//262 263//263 287//287
f 275//275 262//262 287//287
f 262//262 383//383 238//238
f 262//262 382//382 383//383
f 677//677 678//678 676//676
f 636//636 678//678 677//677
f 416//416 678//678 417//417
f 678//678 636//636 417//417
f 939//939 985//985 940//940
f 985//985 939//939 984//984
f 645//645 428//428 426//426
f 295//295 402//402 297//297
f 295//295 294//294 402//402
f 282//282 281//281 293//293
f 294//294 282//282 293//293
f 295//295 282//282 294//294
f 323//323 339//339 340//340
f 280//280 259//259 258//258
f 259//259 280//280 281//281
f 258//258 259//259 143//143
f 259//259 150//150 143//143
f 259//259 281//281 157//157
f 150//150 259//259 157//157
f 150//150 151//151 145//145
f 151//151 150//150 157//157
f 151//151 158//158 145//145
f 158//158 151//151 157//157
f 404//404 405//405 389//389
f 404//404 388//388 535//535
f 404//404 389//389 388//388
f 536//536 404//404 535//535
f 405//405 404//404 536//536
f 486//486 502//502 361//361
f 502//502 376//376 361//361
f 376//376 502//502 516//516
f 502//502 515//515 516//516
f 502//502 486//486 515//515
f 236//236 352//352 360//360
f 352//352 236//236 351//351
f 485//485 352//352 351//351
f 352//352 486//486 360//360
f 352//352 485//485 486//486
f 468//468 469//469 438//438
f 468//468 438//438 437//437
f 554//554 468//468 437//437
f 468//468 554//554 566//566
f 567//567 468//468 566//566
f 468//468 567//567 469//469
f 1126//1126 965//965 1102//1102
f 965//965 1126//1126 1153//1153
f 1125//1125 1126//1126 1102//1102
f 1126//1126 1298//1298 1153//1153
f 1126//1126 1125//1125 1298//1298
f 1503//1503 1556//1556 1583//1583
f 1238//1238 1194//1194 1215//1215
f 1194//1194 1238//1238 1258//1258
f 1237//1237 1238//1238 1215//1215
f 1258//1258 1238//1238 1282//1282
f 1238//1238 1237//1237 1282//1282
f 836//836 967//967 859//859
f 1103//1103 1254//1254 1127//1127
f 1103//1103 1253//1253 1254//1254
f 1038//1038 1103//1103 1127//1127
f 1235//1235 1322//1322 1342//1342
f 1322//1322 1235//1235 1301//1301
f 1278//1278 1255//1255 1277//1277
f 1278//1278 1190//1190 1255//1255
f 1043//1043 1017//1017 1042//1042
f 1129//1129 1130//1130 1105//1105
f 1191//1191 1129//1129 1279//1279
f 1084//1084 1129//1129 1105//1105
f 861//861 860//860 881//881
f 861//861 838//838 860//860
f 860//860 837//837 797//797
f 838//838 837//837 860//860
f 893//893 1013//1013 1014//1014
f 1013//1013 893//893 991//991
f 1013//1013 1187//1187 1014//1014
f 1187//1187 1013//1013 1154//1154
f 3758//3758 3778//3778 3759//3759
f 3778//3778 3802//3802 3759//3759
f 3778//3778 3758//3758 3757//3757
f 3967//3967 3992//3992 3993//3993
f 3992//3992 4020//4020 3993//3993
f 3992//3992 4054//4054 4020//4020
f 3992//3992 3967//3967 3966//3966
f 3992//3992 3966//3966 4128//4128
f 4054//4054 3992//3992 4128//4128
f 3869//3869 3870//3870 3846//3846
f 3870//3870 3893//3893 3846//3846
f 3893//3893 3870//3870 3869//3869
f 3868//3868 3867//3867 3892//3892
f 3867//3867 3868//3868 3845//3845
f 3868//3868 3892//3892 3869//3869
f 3845//3845 3868//3868 3869//3869
f 3647//3647 3670//3670 3623//3623
f 3601//3601 3647//3647 3623//3623
f 3760//3760 3723//3723 3779//3779
f 3779//3779 3723//3723 3846//3846
f 4055//4055 4022//4022 4093//4093
f 4022//4022 3995//3995 3994//3994
f 3942//3942 3995//3995 3943//3943
f 3995//3995 3942//3942 3994//3994
f 3994//3994 3941//3941 3918//3918
f 3942//3942 3941//3941 3994//3994
f 3941//3941 3872//3872 3918//3918
f 3941//3941 3942//3942 3872//3872
f 3280//3280 3354//3354 3259//3259
f 3280//3280 3305//3305 3354//3354
f 3235//3235 3280//3280 3259//3259
f 3280//3280 3235//3235 3234//3234
f 3305//3305 3280//3280 3234//3234
f 3330//3330 3306//3306 3213//3213
f 3306//3306 3281//3281 3213//3213
f 3306//3306 3330//3330 3331//3331
f 3281//3281 3306//3306 3331//3331
f 3436//3436 3491//3491 3492//3492
f 3471//3471 3491//3491 3436//3436
f 3379//3379 3435//3435 3406//3406
f 3435//3435 3436//3436 3406//3406
f 3435//3435 3471//3471 3436//3436
f 2513//2513 2536//2536 2560//2560
f 2536//2536 2581//2581 2560//2560
f 2513//2513 2537//2537 2462//2462
f 2305//2305 2388//2388 2281//2281
f 2388//2388 2305//2305 2414//2414
f 2305//2305 2328//2328 2414//2414
f 2440//2440 2328//2328 2354//2354
f 2328//2328 2440//2440 2414//2414
f 2280//2280 2228//2228 2304//2304
f 2228//2228 2254//2254 2304//2304
f 2327//2327 2279//2279 2353//2353
f 2254//2254 2279//2279 2327//2327
f 2279//2279 2385//2385 2353//2353
f 2178//2178 2204//2204 2179//2179
f 2204//2204 2178//2178 2102//2102
f 2155//2155 2178//2178 2179//2179
f 3237//3237 3261//3261 3283//3283
f 2935//2935 2974//2974 2954//2954
f 3143//3143 3117//3117 3093//3093
f 3171//3171 3143//3143 3170//3170
f 3117//3117 3143//3143 3171//3171
f 3143//3143 3190//3190 3170//3170
f 2754//2754 2733//2733 2775//2775
f 2796//2796 2754//2754 2775//2775
f 2754//2754 2796//2796 2776//2776
f 2836//2836 2815//2815 2835//2835
f 2795//2795 2815//2815 2836//2836
f 2816//2816 2795//2795 2836//2836
f 2795//2795 2816//2816 2796//2796
f 2837//2837 2816//2816 2836//2836
f 2856//2856 2836//2836 2835//2835
f 2856//2856 2837//2837 2836//2836
f 2837//2837 2856//2856 2857//2857
f 3072//3072 3024//3024 3049//3049
f 2856//2856 2876//2876 2857//2857
f 2876//2876 2856//2856 2835//2835
f 3579//3579 3555//3555 3602//3602
f 3697//3697 3698//3698 3725//3725
f 2734//2734 2755//2755 2712//2712
f 2755//2755 2754//2754 2776//2776
f 2755//2755 2734//2734 2733//2733
f 2754//2754 2755//2755 2733//2733
f 2711//2711 2734//2734 2690//2690
f 2734//2734 2711//2711 2733//2733
f 2733//2733 2711//2711 2775//2775
f 2691//2691 2669//2669 2712//2712
f 2437//2437 2436//2436 2462//2462
f 2252//2252 2226//2226 2251//2251
f 2277//2277 2252//2252 2251//2251
f 4928//4928 4914//4914 4913//4913
f 4928//4928 4913//4913 4902//4902
f 4954//4954 4928//4928 4902//4902
f 4914//4914 4928//4928 4915//4915
f 4928//4928 4939//4939 4915//4915
f 4971//4971 4983//4983 4972//4972
f 4983//4983 4969//4969 5012//5012
f 4971//4971 4969//4969 4983//4983
f 4969//4969 5058//5058 5012//5012
f 4969//4969 4954//4954 5058//5058
f 4956//4956 4957//4957 4972//4972
f 4956//4956 4969//4969 4957//4957
f 4231//4231 4211//4211 4210//4210
f 4211//4211 4231//4231 4232//4232
f 4076//4076 4095//4095 4056//4056
f 4076//4076 4094//4094 4095//4095
f 4094//4094 4076//4076 4093//4093
f 4076//4076 4055//4055 4093//4093
f 4055//4055 4076//4076 4056//4056
f 4024//4024 4114//4114 4130//4130
f 3874//3874 4024//4024 3898//3898
f 3896//3896 4024//4024 3874//3874
f 4024//4024 3996//3996 3968//3968
f 4095//4095 4024//4024 4056//4056
f 4114//4114 4024//4024 4095//4095
f 4056//4056 4024//4024 3943//3943
f 4024//4024 3896//3896 3943//3943
f 3897//3897 3898//3898 3849//3849
f 3874//3874 3897//3897 3849//3849
f 3897//3897 3874//3874 3898//3898
f 4112//4112 4113//4113 4092//4092
f 4113//4113 4112//4112 4129//4129
f 4148//4148 4112//4112 4128//4128
f 4112//4112 4148//4148 4129//4129
f 4623//4623 4655//4655 4640//4640
f 4655//4655 4622//4622 4691//4691
f 4676//4676 4655//4655 4691//4691
f 4606//4606 4621//4621 4607//4607
f 4623//4623 4621//4621 4622//4622
f 4621//4621 4623//4623 4607//4607
f 4621//4621 4606//4606 4593//4593
f 4594//4594 4606//4606 4607//4607
f 4573//4573 4594//4594 4639//4639
f 4594//4594 4607//4607 4639//4639
f 4594//4594 4573//4573 4593//4593
f 4606//4606 4594//4594 4593//4593
f 4328//4328 4365//4365 4366//4366
f 4386//4386 4365//4365 4385//4385
f 4365//4365 4386//4386 4366//4366
f 4213//4213 4193//4193 4212//4212
f 4193//4193 4192//4192 4212//4212
f 4193//4193 4213//4213 4214//4214
f 4473//4473 4543//4543 4519//4519
f 4543//4543 4544//4544 4519//4519
f 4543//4543 4473//4473 4593//4593
f 4544//4544 4543//4543 4593//4593
f 3807//3807 3786//3786 3785//3785
f 3786//3786 3763//3763 3785//3785
f 3605//3605 3606//3606 3627//3627
f 3953//3953 3973//3973 3952//3952
f 3973//3973 3953//3953 3974//3974
f 4940//4940 4930//4930 4929//4929
f 4930//4930 4940//4940 4941//4941
f 4941//4941 4940//4940 4958//4958
f 4918//4918 4929//4929 4904//4904
f 4917//4917 4918//4918 4904//4904
f 4918//4918 4940//4940 4929//4929
f 3787//3787 3788//3788 3809//3809
f 4198//4198 4197//4197 4420//4420
f 4197//4197 4419//4419 4420//4420
f 4154//4154 4370//4370 4371//4371
f 4330//4330 4118//4118 4305//4305
f 4135//4135 4330//4330 4331//4331
f 4136//4136 4135//4135 4331//4331
f 4136//4136 4370//4370 4154//4154
f 4370//4370 4136//4136 4331//4331
f 4134//4134 4117//4117 4118//4118
f 4330//4330 4134//4134 4118//4118
f 4134//4134 4330//4330 4135//4135
f 4174//4174 4390//4390 4403//4403
f 4389//4389 4390//4390 4174//4174
f 4155//4155 4389//4389 4174//4174
f 4155//4155 4154//4154 4371//4371
f 4372//4372 4155//4155 4371//4371
f 4155//4155 4372//4372 4389//4389
f 4460//4460 4461//4461 4236//4236
f 4442//4442 4235//4235 4218//4218
f 4442//4442 4458//4458 4235//4235
f 4442//4442 4218//4218 4441//4441
f 4458//4458 4442//4442 4441//4441
f 4258//4258 4481//4481 4259//4259
f 4480//4480 4481//4481 4258//4258
f 4479//4479 4238//4238 4461//4461
f 4479//4479 4480//4480 4258//4258
f 4238//4238 4479//4479 4258//4258
f 4216//4216 4198//4198 4439//4439
f 4440//4440 4216//4216 4439//4439
f 4217//4217 4216//4216 4440//4440
f 5096//5096 5097//5097 5047//5047
f 5096//5096 5095//5095 5097//5097
f 5094//5094 5096//5096 5047//5047
f 5096//5096 5094//5094 5095//5095
f 4352//4352 4563//4563 4564//4564
f 4351//4351 4563//4563 4352//4352
f 4348//4348 4559//4559 4349//4349
f 4349//4349 4560//4560 4350//4350
f 4560//4560 4561//4561 4350//4350
f 4559//4559 4560//4560 4349//4349
f 4345//4345 4344//4344 4579//4579
f 4580//4580 4345//4345 4579//4579
f 4345//4345 4580//4580 4346//4346
f 4347//4347 4345//4345 4346//4346
f 5092//5092 5090//5090 5091//5091
f 5090//5090 5089//5089 5088//5088
f 4845//4845 4844//4844 4846//4846
f 4843//4843 4844//4844 4826//4826
f 5234//5234 5235//5235 5220//5220
f 5305//5305 5234//5234 5233//5233
f 5247//5247 5305//5305 5233//5233
f 5305//5305 5235//5235 5234//5234
f 5305//5305 5318//5318 5312//5312
f 5235//5235 5305//5305 5220//5220
f 5305//5305 5221//5221 5220//5220
f 5313//5313 5305//5305 5312//5312
f 5305//5305 5313//5313 5314//5314
f 5309//5309 5305//5305 5314//5314
f 5262//5262 5264//5264 5263//5263
f 5073//5073 5072//5072 5071//5071
f 5072//5072 5073//5073 5074//5074
f 5291//5291 5290//5290 5289//5289
f 5068//5068 5070//5070 5069//5069
f 5097//5097 5068//5068 5047//5047
f 5068//5068 5069//5069 5047//5047
f 5291//5291 5292//5292 5290//5290
f 5292//5292 5257//5257 5256//5256
f 5292//5292 5291//5291 5257//5257
f 4289//4289 4262//4262 4288//4288
f 4262//4262 4287//4287 4288//4288
f 4262//4262 4289//4289 4462//4462
f 4262//4262 4463//4463 4263//4263
f 4463//4463 4262//4262 4462//4462
f 4916//4916 4917//4917 4904//4904
f 4903//4903 4916//4916 4904//4904
f 4916//4916 4918//4918 4917//4917
f 4841//4841 4871//4871 4840//4840
f 4841//4841 4869//4869 4871//4871
f 5016//5016 5001//5001 5015//5015
f 5020//5020 5019//5019 5033//5033
f 5215//5215 5205//5205 5204//5204
f 5214//5214 5213//5213 5225//5225
f 5215//5215 5214//5214 5225//5225
f 5214//5214 5215//5215 5213//5213
f 5000//5000 4976//4976 4999//4999
f 5219//5219 5228//5228 5230//5230
f 5228//5228 5229//5229 5230//5230
f 5228//5228 5219//5219 5227//5227
f 5229//5229 5228//5228 5227//5227
f 4790//4790 4773//4773 4789//4789
f 5021//5021 5020//5020 5033//5033
f 5034//5034 5021//5021 5033//5033
f 5046//5046 5045//5045 5060//5060
f 5042//5042 5022//5022 5041//5041
f 5042//5042 5043//5043 5022//5022
f 5269//5269 5270//5270 5255//5255
f 5254//5254 5269//5269 5255//5255
f 4282//4282 4283//4283 4281//4281
f 4332//4332 4333//4333 4334//4334
f 4333//4333 4526//4526 4527//4527
f 4332//4332 4526//4526 4333//4333
f 4337//4337 4552//4552 4553//4553
f 4340//4340 4339//4339 4555//4555
f 4554//4554 4339//4339 4338//4338
f 4339//4339 4554//4554 4555//4555
f 4503//4503 4504//4504 4306//4306
f 4504//4504 4505//4505 4306//4306
f 4505//4505 4307//4307 4306//4306
f 4307//4307 4505//4505 4308//4308
f 4307//4307 4284//4284 4306//4306
f 5277//5277 5275//5275 5317//5317
f 5275//5275 5274//5274 5317//5317
f 5275//5275 5277//5277 5276//5276
f 5274//5274 5275//5275 5276//5276
f 4990//4990 4976//4976 4989//4989
f 4991//4991 4990//4990 4989//4989
f 4990//4990 4991//4991 4976//4976
f 5132//5132 5138//5138 5133//5133
f 5148//5148 5138//5138 5132//5132
f 5138//5138 5139//5139 5133//5133
f 5138//5138 5148//5148 5139//5139
f 4500//4500 4499//4499 4547//4547
f 4522//4522 4500//4500 4547//4547
f 4500//4500 4498//4498 4499//4499
f 4548//4548 4523//4523 4547//4547
f 4523//4523 4522//4522 4547//4547
f 4476//4476 4455//4455 4475//4475
f 4476//4476 4497//4497 4455//4455
f 4625//4625 4521//4521 4610//4610
f 4694//4694 4709//4709 4710//4710
f 4710//4710 4709//4709 4749//4749
f 4787//4787 4731//4731 4768//4768
f 4787//4787 4768//4768 4788//4788
f 4817//4817 4787//4787 4788//4788
f 4729//4729 4710//4710 4749//4749
f 4729//4729 4731//4731 4710//4710
f 2368//2368 2496//2496 2398//2398
f 2368//2368 2367//2367 2496//2496
f 2213//2213 2312//2312 2340//2340
f 2311//2311 2213//2213 2187//2187
f 2312//2312 2213//2213 2311//2311
f 3688//3688 3618//3618 3717//3717
f 3688//3688 3665//3665 3618//3618
f 3688//3688 3717//3717 3752//3752
f 3665//3665 3641//3641 3569//3569
f 3641//3641 3619//3619 3547//3547
f 3569//3569 3641//3641 3547//3547
f 3665//3665 3592//3592 3618//3618
f 3592//3592 3665//3665 3569//3569
f 3570//3570 3527//3527 3547//3547
f 3527//3527 3570//3570 3504//3504
f 3527//3527 3569//3569 3547//3547
f 3619//3619 3593//3593 3547//3547
f 3593//3593 3570//3570 3547//3547
f 3570//3570 3593//3593 3571//3571
f 3184//3184 3208//3208 3231//3231
f 3136//3136 3184//3184 3161//3161
f 3529//3529 3550//3550 3573//3573
f 3550//3550 3549//3549 3573//3573
f 3621//3621 3572//3572 3594//3594
f 3549//3549 3572//3572 3573//3573
f 3528//3528 3485//3485 3548//3548
f 3571//3571 3528//3528 3548//3548
f 3505//3505 3486//3486 3399//3399
f 3486//3486 3464//3464 3399//3399
f 3428//3428 3400//3400 3373//3373
f 3428//3428 3464//3464 3400//3400
f 3399//3399 3428//3428 3373//3373
f 3464//3464 3428//3428 3399//3399
f 3551//3551 3506//3506 3529//3529
f 3506//3506 3551//3551 3530//3530
f 3487//3487 3506//3506 3530//3530
f 3430//3430 3488//3488 3466//3466
f 3508//3508 3507//3507 3530//3530
f 3507//3507 3487//3487 3530//3530
f 3488//3488 3507//3507 3508//3508
f 3350//3350 3325//3325 3302//3302
f 3325//3325 3277//3277 3302//3302
f 3325//3325 3350//3350 3326//3326
f 3277//3277 3325//3325 3326//3326
f 3277//3277 3276//3276 3302//3302
f 3276//3276 3255//3255 3302//3302
f 3256//3256 3277//3277 3278//3278
f 3256//3256 3257//3257 3231//3231
f 3257//3257 3256//3256 3278//3278
f 3276//3276 3256//3256 3231//3231
f 3256//3256 3276//3276 3277//3277
f 2831//2831 2791//2791 2811//2811
f 2791//2791 2771//2771 2811//2811
f 2574//2574 2555//2555 2554//2554
f 2554//2554 2555//2555 2508//2508
f 2531//2531 2555//2555 2575//2575
f 2555//2555 2531//2531 2508//2508
f 2507//2507 2553//2553 2530//2530
f 2553//2553 2574//2574 2530//2530
f 2574//2574 2553//2553 2596//2596
f 2553//2553 2573//2573 2596//2596
f 2553//2553 2506//2506 2573//2573
f 2617//2617 2639//2639 2618//2618
f 2639//2639 2640//2640 2618//2618
f 2640//2640 2639//2639 2661//2661
f 2597//2597 2617//2617 2575//2575
f 2555//2555 2597//2597 2575//2575
f 2597//2597 2555//2555 2574//2574
f 2597//2597 2574//2574 2596//2596
f 2749//2749 2769//2769 2770//2770
f 2769//2769 2790//2790 2770//2770
f 2749//2749 2726//2726 2705//2705
f 2707//2707 2726//2726 2727//2727
f 2726//2726 2750//2750 2727//2727
f 2750//2750 2726//2726 2770//2770
f 2726//2726 2749//2749 2770//2770
f 2849//2849 2869//2869 2850//2850
f 2830//2830 2849//2849 2850//2850
f 2849//2849 2830//2830 2829//2829
f 2849//2849 2887//2887 2869//2869
f 2990//2990 3038//3038 3013//3013
f 2889//2889 2910//2910 2890//2890
f 2870//2870 2889//2889 2890//2890
f 2887//2887 2907//2907 2908//2908
f 2927//2927 2907//2907 2906//2906
f 2805//2805 2785//2785 2804//2804
f 2825//2825 2805//2805 2804//2804
f 2826//2826 2805//2805 2825//2825
f 2552//2552 2528//2528 2595//2595
f 2573//2573 2552//2552 2595//2595
f 2552//2552 2455//2455 2528//2528
f 3132//3132 3055//3055 3156//3156
f 3204//3204 3179//3179 3106//3106
f 3131//3131 3204//3204 3106//3106
f 3203//3203 3204//3204 3225//3225
f 3204//3204 3131//3131 3225//3225
f 3079//3079 3179//3179 3156//3156
f 3055//3055 3079//3079 3156//3156
f 3179//3179 3079//3079 3106//3106
f 3057//3057 3032//3032 2984//2984
f 3032//3032 3033//3033 2984//2984
f 2923//2923 2944//2944 2901//2901
f 2946//2946 2925//2925 2965//2965
f 3374//3374 3300//3300 3322//3322
f 3349//3349 3300//3300 3374//3374
f 3274//3274 3254//3254 3228//3228
f 3160//3160 3207//3207 3208//3208
f 3207//3207 3160//3160 3182//3182
f 3160//3160 3184//3184 3136//3136
f 3083//3083 3110//3110 3137//3137
f 3110//3110 3161//3161 3137//3137
f 3110//3110 3136//3136 3161//3161
f 2843//2843 2822//2822 2821//2821
f 2842//2842 2843//2843 2821//2821
f 2863//2863 2843//2843 2842//2842
f 2843//2843 2863//2863 2864//2864
f 2844//2844 2843//2843 2864//2864
f 2822//2822 2843//2843 2844//2844
f 2722//2722 2701//2701 2721//2721
f 2745//2745 2744//2744 2765//2765
f 2745//2745 2722//2722 2744//2744
f 2745//2745 2765//2765 2766//2766
f 2402//2402 2374//2374 2344//2344
f 2344//2344 2317//2317 2426//2426
f 2317//2317 2291//2291 2426//2426
f 2374//2374 2317//2317 2344//2344
f 2317//2317 2374//2374 2292//2292
f 2572//2572 2551//2551 2550//2550
f 2551//2551 2528//2528 2504//2504
f 2551//2551 2572//2572 2528//2528
f 2473//2473 2497//2497 2399//2399
f 2523//2523 2497//2497 2590//2590
f 2497//2497 2567//2567 2590//2590
f 2497//2497 2473//2473 2567//2567
f 2449//2449 2523//2523 2546//2546
f 2447//2447 2314//2314 2423//2423
f 2089//2089 2115//2115 2140//2140
f 2140//2140 2115//2115 2215//2215
f 2115//2115 2189//2189 2215//2215
f 2115//2115 2089//2089 2165//2165
f 2290//2290 2265//2265 2342//2342
f 2265//2265 2193//2193 2167//2167
f 2265//2265 2290//2290 2193//2193
f 2290//2290 2217//2217 2193//2193
f 2592//2592 2611//2611 2632//2632
f 2425//2425 2524//2524 2450//2450
f 2371//2371 2290//2290 2342//2342
f 2449//2449 2371//2371 2342//2342
f 2679//2679 2678//2678 2700//2700
f 2658//2658 2678//2678 2679//2679
f 2678//2678 2658//2658 2657//2657
f 2634//2634 2614//2614 2594//2594
f 2657//2657 2614//2614 2634//2634
f 2571//2571 2634//2634 2594//2594
f 2571//2571 2613//2613 2634//2634
f 2452//2452 2476//2476 2402//2402
f 2476//2476 2501//2501 2402//2402
f 2527//2527 2477//2477 2550//2550
f 2551//2551 2527//2527 2550//2550
f 2477//2477 2403//2403 2453//2453
f 2403//2403 2294//2294 2375//2375
f 2403//2403 2375//2375 2427//2427
f 2453//2453 2403//2403 2427//2427
f 1125//1125 1275//1275 1298//1298
f 1275//1275 1125//1125 1252//1252
f 1298//1298 1275//1275 1319//1319
f 1956//1956 1933//1933 1932//1932
f 1933//1933 1956//1956 1957//1957
f 2112//2112 1956//1956 1932//1932
f 1933//1933 1831//1831 1801//1801
f 1831//1831 1957//1957 1859//1859
f 1831//1831 1933//1933 1957//1957
f 1678//1678 1831//1831 1859//1859
f 1831//1831 1678//1678 1651//1651
f 1364//1364 1387//1387 1341//1341
f 1387//1387 1364//1364 1497//1497
f 1387//1387 1408//1408 1277//1277
f 1408//1408 1387//1387 1409//1409
f 1408//1408 1278//1278 1277//1277
f 1278//1278 1408//1408 1409//1409
f 1469//1469 1498//1498 1342//1342
f 1703//1703 1724//1724 1725//1725
f 1724//1724 1909//1909 1802//1802
f 1188//1188 1321//1321 1234//1234
f 1210//1210 1187//1187 1338//1338
f 1187//1187 1210//1210 1232//1232
f 1339//1339 1210//1210 1338//1338
f 1210//1210 1339//1339 1232//1232
f 2002//2002 2024//2024 2025//2025
f 2024//2024 2061//2061 2025//2025
f 2061//2061 2024//2024 2139//2139
f 1909//1909 1934//1934 1935//1935
f 1934//1934 1958//1958 1935//1935
f 1934//1934 1909//1909 2023//2023
f 1958//1958 1934//1934 2023//2023
f 1653//1653 1679//1679 1652//1652
f 1653//1653 1803//1803 1679//1679
f 1628//1628 1653//1653 1652//1652
f 1546//1546 1827//1827 1569//1569
f 1827//1827 1546//1546 1826//1826
f 1827//1827 1853//1853 1569//1569
f 1827//1827 1826//1826 2085//2085
f 1520//1520 1795//1795 1544//1544
f 1795//1795 1825//1825 1544//1544
f 1795//1795 1520//1520 1794//1794
f 2083//2083 1795//1795 1794//1794
f 1576//1576 1552//1552 1551//1551
f 1387//1387 1552//1552 1409//1409
f 1551//1551 1552//1552 1524//1524
f 1552//1552 1387//1387 1524//1524
f 1552//1552 1432//1432 1409//1409
f 1432//1432 1552//1552 1576//1576
f 1469//1469 1432//1432 1604//1604
f 1432//1432 1576//1576 1604//1604
f 1278//1278 1432//1432 1301//1301
f 1432//1432 1278//1278 1409//1409
f 1432//1432 1322//1322 1301//1301
f 1432//1432 1469//1469 1322//1322
f 1339//1339 1362//1362 1363//1363
f 1362//1362 1339//1339 1523//1523
f 1549//1549 1362//1362 1523//1523
f 1467//1467 1497//1497 1468//1468
f 1467//1467 1676//1676 1497//1497
f 1431//1431 1467//1467 1468//1468
f 1696//1696 1929//1929 1930//1930
f 1929//1929 2161//2161 1930//1930
f 1952//1952 1953//1953 1698//1698
f 1697//1697 1952//1952 1698//1698
f 1953//1953 1952//1952 2183//2183
f 1952//1952 1696//1696 1930//1930
f 1952//1952 1697//1697 1696//1696
f 1952//1952 2162//2162 2183//2183
f 2162//2162 1952//1952 1930//1930
f 1465//1465 1464//1464 1698//1698
f 1464//1464 1697//1697 1698//1698
f 1697//1697 1464//1464 1428//1428
f 1464//1464 1297//1297 1428//1428
f 1297//1297 1464//1464 1465//1465
f 1522//1522 1547//1547 1548//1548
f 1521//1521 1522//1522 1360//1360
f 1522//1522 1361//1361 1360//1360
f 1765//1765 1522//1522 1521//1521
f 1766//1766 1765//1765 1976//1976
f 1765//1765 1721//1721 1976//1976
f 1765//1765 1766//1766 1547//1547
f 1522//1522 1765//1765 1547//1547
f 1721//1721 1720//1720 1698//1698
f 1494//1494 1720//1720 1495//1495
f 1720//1720 1521//1521 1495//1495
f 1720//1720 1465//1465 1698//1698
f 1720//1720 1494//1494 1465//1465
f 1720//1720 1765//1765 1521//1521
f 1765//1765 1720//1720 1721//1721
f 1494//1494 1337//1337 1318//1318
f 1360//1360 1337//1337 1495//1495
f 1337//1337 1494//1494 1495//1495
f 1547//1547 1572//1572 1548//1548
f 1828//1828 1829//1829 1602//1602
f 1998//1998 1828//1828 1796//1796
f 1828//1828 1998//1998 1999//1999
f 1829//1829 1828//1828 1999//1999
f 2058//2058 1908//1908 2022//2022
f 1933//1933 1908//1908 1932//1932
f 1908//1908 1933//1933 1769//1769
f 1647//1647 1549//1549 1523//1523
f 1931//1931 2057//2057 2086//2086
f 1931//1931 1907//1907 2057//2057
f 1954//1954 1931//1931 2086//2086
f 1907//1907 1884//1884 2056//2056
f 2056//2056 1884//1884 2020//2020
f 2021//2021 2163//2163 2022//2022
f 2021//2021 2000//2000 2163//2163
f 2286//2286 2262//2262 2421//2421
f 2446//2446 2286//2286 2421//2421
f 2286//2286 2446//2446 2287//2287
f 2286//2286 2287//2287 2186//2186
f 2138//2138 2286//2286 2186//2186
f 2286//2286 2138//2138 2137//2137
f 2212//2212 2087//2087 2059//2059
f 2087//2087 2112//2112 1932//1932
f 1908//1908 2087//2087 1932//1932
f 2087//2087 2058//2058 2059//2059
f 2087//2087 1908//1908 2058//2058
f 2038//2038 2016//2016 1899//1899
f 2016//2016 1875//1875 1899//1899
f 2016//2016 1993//1993 1875//1875
f 1922//1922 1921//1921 1899//1899
f 1921//1921 1922//1922 1946//1946
f 1481//1481 1669//1669 1641//1641
f 1482//1482 1481//1481 1641//1641
f 1669//1669 1481//1481 1510//1510
f 1594//1594 1741//1741 1742//1742
f 1593//1593 1594//1594 1615//1615
f 1741//1741 1593//1593 1786//1786
f 1593//1593 1741//1741 1594//1594
f 1740//1740 1923//1923 1924//1924
f 1923//1923 1740//1740 1947//1947
f 2040//2040 2077//2077 2041//2041
f 1973//1973 1972//1972 1995//1995
f 2157//2157 2181//2181 2129//2129
f 2157//2157 2129//2129 1948//1948
f 1973//1973 2157//2157 1948//1948
f 2157//2157 1973//1973 1995//1995
f 1994//1994 2157//2157 1995//1995
f 2181//2181 2157//2157 1994//1994
f 2129//2129 1949//1949 1948//1948
f 1975//1975 1950//1950 1695//1695
f 1950//1950 1951//1951 1695//1695
f 1670//1670 1951//1951 1927//1927
f 1695//1695 1951//1951 1670//1670
f 763//763 762//762 788//788
f 358//358 372//372 359//359
f 370//370 358//358 206//206
f 348//348 358//358 359//359
f 358//358 348//348 188//188
f 206//206 358//358 207//207
f 358//358 188//188 207//207
f 670//670 634//634 633//633
f 579//579 600//600 580//580
f 619//619 597//597 618//618
f 598//598 597//597 619//619
f 1202//1202 1379//1379 1380//1380
f 1168//1168 1202//1202 1380//1380
f 1222//1222 1403//1403 1223//1223
f 806//806 787//787 600//600
f 1312//1312 1118//1118 1117//1117
f 1119//1119 1118//1118 1312//1312
f 619//619 850//850 824//824
f 849//849 850//850 619//619
f 1671//1671 1670//1670 1927//1927
f 1333//1333 1312//1312 1334//1334
f 1542//1542 1821//1821 1822//1822
f 1542//1542 1823//1823 1543//1543
f 1542//1542 1822//1822 1823//1823
f 1904//1904 1878//1878 1619//1619
f 1903//1903 1904//1904 1619//1619
f 1928//1928 1903//1903 1644//1644
f 1643//1643 1928//1928 1644//1644
f 1928//1928 1671//1671 1927//1927
f 1671//1671 1928//1928 1643//1643
f 1313//1313 1094//1094 1093//1093
f 1119//1119 1313//1313 1093//1093
f 1313//1313 1119//1119 1312//1312
f 1598//1598 1849//1849 1566//1566
f 1849//1849 1598//1598 1880//1880
f 1488//1488 1745//1745 1746//1746
f 1747//1747 1748//1748 1489//1489
f 1488//1488 1747//1747 1489//1489
f 1747//1747 1488//1488 1746//1746
f 1758//1758 2052//2052 1759//1759
f 1761//1761 2054//2054 1762//1762
f 2054//2054 1761//1761 2053//2053
f 1758//1758 1458//1458 1719//1719
f 1755//1755 1718//1718 1754//1754
f 1718//1718 1453//1453 1754//1754
f 1761//1761 1760//1760 2053//2053
f 1759//1759 1760//1760 1461//1461
f 1760//1760 1462//1462 1461//1461
f 1462//1462 1760//1760 1463//1463
f 1760//1760 1761//1761 1463//1463
f 51//51 113//113 37//37
f 113//113 38//38 37//37
f 38//38 113//113 39//39
f 231//231 123//123 230//230
f 109//109 51//51 50//50
f 108//108 109//109 50//50
f 402//402 403//403 310//310
f 403//403 435//435 310//310
f 401//401 403//403 402//402
f 436//436 466//466 324//324
f 466//466 325//325 324//324
f 480//480 481//481 456//456
f 480//480 680//680 681//681
f 680//680 480//480 651//651
f 480//480 456//456 455//455
f 454//454 480//480 455//455
f 480//480 452//452 651//651
f 480//480 454//454 452//452
f 460//460 481//481 686//686
f 460//460 462//462 461//461
f 459//459 460//460 461//461
f 481//481 460//460 459//459
f 687//687 460//460 686//686
f 460//460 687//687 462//462
f 41//41 40//40 52//52
f 53//53 41//41 52//52
f 165//165 172//172 75//75
f 172//172 173//173 75//75
f 172//172 165//165 307//307
f 182//182 340//340 258//258
f 182//182 323//323 340//340
f 78//78 182//182 132//132
f 323//323 182//182 322//322
f 182//182 133//133 132//132
f 133//133 182//182 258//258
f 308//308 321//321 322//322
f 292//292 308//308 307//307
f 308//308 172//172 307//307
f 172//172 308//308 173//173
f 72//72 65//65 66//66
f 71//71 72//72 66//66
f 72//72 77//77 78//78
f 164//164 163//163 291//291
f 163//163 164//164 74//74
f 374//374 385//385 375//375
f 467//467 351//351 342//342
f 467//467 485//485 351//351
f 466//466 467//467 342//342
f 485//485 467//467 484//484
f 467//467 466//466 484//484
f 1185//1185 1335//1335 1336//1336
f 1151//1151 1335//1335 1185//1185
f 1294//1294 1315//1315 1295//1295
f 1315//1315 1316//1316 1122//1122
f 1121//1121 1315//1315 1122//1122
f 1315//1315 1120//1120 1295//1295
f 1315//1315 1121//1121 1120//1120
f 1316//1316 1150//1150 1122//1122
f 1150//1150 1316//1316 1151//1151
f 1405//1405 1646//1646 1672//1672
f 1646//1646 1405//1405 1645//1645
f 1250//1250 1229//1229 1382//1382
f 1404//1404 1250//1250 1382//1382
f 1229//1229 1250//1250 1032//1032
f 1882//1882 1622//1622 1881//1881
f 1622//1622 1882//1882 1905//1905
f 2134//2134 1882//1882 1881//1881
f 2135//2135 1882//1882 2134//2134
f 1381//1381 1359//1359 1358//1358
f 1229//1229 1381//1381 1382//1382
f 1359//1359 1381//1381 1229//1229
f 1228//1228 1229//1229 1032//1032
f 1228//1228 1359//1359 1229//1229
f 1359//1359 1228//1228 1208//1208
f 1207//1207 1185//1185 1336//1336
f 1357//1357 1207//1207 1336//1336
f 1207//1207 1359//1359 1208//1208
f 1359//1359 1207//1207 1358//1358
f 1207//1207 1357//1357 1358//1358
f 905//905 906//906 768//768
f 906//906 905//905 923//923
f 904//904 905//905 889//889
f 888//888 904//904 889//889
f 905//905 904//904 923//923
f 1430//1430 1275//1275 1252//1252
f 656//656 568//568 556//556
f 692//692 656//656 655//655
f 555//555 656//656 556//556
f 656//656 537//537 655//655
f 656//656 555//555 537//537
f 656//656 693//693 568//568
f 693//693 656//656 692//692
f 1011//1011 856//856 833//833
f 1011//1011 1012//1012 856//856
f 1012//1012 1011//1011 1035//1035
f 1251//1251 1101//1101 1231//1231
f 1251//1251 1252//1252 1102//1102
f 1101//1101 1251//1251 1102//1102
f 1081//1081 1101//1101 910//910
f 1101//1101 1081//1081 1080//1080
f 1081//1081 910//910 909//909
f 1056//1056 1081//1081 909//909
f 1081//1081 1056//1056 1080//1080
f 391//391 406//406 407//407
f 406//406 439//439 407//407
f 829//829 652//652 622//622
f 654//654 653//653 852//852
f 653//653 829//829 852//852
f 653//653 652//652 829//829
f 623//623 520//520 519//519
f 537//537 520//520 655//655
f 520//520 623//623 655//655
f 520//520 406//406 391//391
f 406//406 520//520 537//537
f 520//520 391//391 390//390
f 519//519 520//520 390//390
f 809//809 808//808 851//851
f 827//827 809//809 851//851
f 809//809 601//601 808//808
f 2249//2249 2224//2224 2275//2275
f 2198//2198 2224//2224 2248//2248
f 2224//2224 2249//2249 2248//2248
f 3086//3086 3140//3140 3114//3114
f 3113//3113 3140//3140 3086//3086
f 3114//3114 3140//3140 3165//3165
f 3140//3140 3164//3164 3165//3165
f 3040//3040 3014//3014 3039//3039
f 3014//3014 3040//3040 3015//3015
f 3014//3014 3013//3013 3039//3039
f 2950//2950 2970//2970 2951//2951
f 2950//2950 2969//2969 2970//2970
f 2950//2950 2951//2951 2931//2931
f 2930//2930 2950//2950 2931//2931
f 2949//2949 2950//2950 2930//2930
f 2950//2950 2949//2949 2969//2969
f 2888//2888 2870//2870 2869//2869
f 2888//2888 2887//2887 2908//2908
f 2887//2887 2888//2888 2869//2869
f 2889//2889 2888//2888 2908//2908
f 2888//2888 2889//2889 2870//2870
f 3085//3085 3113//3113 3086//3086
f 2144//2144 2194//2194 2219//2219
f 2194//2194 2144//2144 2118//2118
f 2117//2117 2064//2064 2029//2029
f 2029//2029 2064//2064 2007//2007
f 2064//2064 2030//2030 2007//2007
f 2292//2292 2293//2293 2220//2220
f 2374//2374 2293//2293 2292//2292
f 2405//2405 2479//2479 2431//2431
f 2479//2479 2405//2405 2455//2455
f 2552//2552 2479//2479 2455//2455
f 2429//2429 2378//2378 2347//2347
f 2405//2405 2378//2378 2455//2455
f 2347//2347 2378//2378 2273//2273
f 2378//2378 2405//2405 2273//2273
f 2271//2271 2147//2147 2246//2246
f 2147//2147 2271//2271 2171//2171
f 2245//2245 2170//2170 2220//2220
f 2245//2245 2270//2270 2170//2170
f 2293//2293 2245//2245 2220//2220
f 2245//2245 2293//2293 2345//2345
f 2244//2244 2169//2169 2219//2219
f 2244//2244 2195//2195 2169//2169
f 2317//2317 2244//2244 2291//2291
f 2268//2268 2292//2292 2220//2220
f 2195//2195 2268//2268 2220//2220
f 2244//2244 2268//2268 2195//2195
f 2268//2268 2317//2317 2292//2292
f 2268//2268 2244//2244 2317//2317
f 1557//1557 1531//1531 1530//1530
f 1531//1531 1557//1557 1586//1586
f 1531//1531 1504//1504 1530//1530
f 1504//1504 1531//1531 1436//1436
f 1531//1531 1586//1586 1436//1436
f 1707//1707 1775//1775 1807//1807
f 1730//1730 1775//1775 1707//1707
f 1809//1809 1776//1776 1808//1808
f 2009//2009 1809//1809 1869//1869
f 1708//1708 1809//1809 1633//1633
f 1942//1942 1893//1893 1916//1916
f 1966//1966 1942//1942 1916//1916
f 1942//1942 2009//2009 1869//1869
f 1893//1893 1942//1942 1869//1869
f 2006//2006 1963//1963 1983//1983
f 1963//1963 2006//2006 1964//1964
f 1343//1343 1324//1324 1470//1470
f 1325//1325 1303//1303 1281//1281
f 1325//1325 1411//1411 1434//1434
f 1325//1325 1434//1434 1326//1326
f 1303//1303 1325//1325 1326//1326
f 1499//1499 1389//1389 1470//1470
f 1499//1499 1500//1500 1389//1389
f 1499//1499 1628//1628 1652//1652
f 1554//1554 1499//1499 1652//1652
f 1411//1411 1390//1390 1389//1389
f 1390//1390 1367//1367 1389//1389
f 1325//1325 1390//1390 1411//1411
f 1628//1628 1433//1433 1605//1605
f 1433//1433 1578//1578 1605//1605
f 1578//1578 1433//1433 1410//1410
f 1324//1324 1433//1433 1470//1470
f 1433//1433 1324//1324 1410//1410
f 1433//1433 1499//1499 1470//1470
f 1499//1499 1433//1433 1628//1628
f 2190//2190 2191//2191 2216//2216
f 2141//2141 2140//2140 2215//2215
f 2240//2240 2141//2141 2215//2215
f 2166//2166 2141//2141 2240//2240
f 2166//2166 2191//2191 2190//2190
f 2116//2116 2004//2004 2090//2090
f 2004//2004 2116//2116 2005//2005
f 1863//1863 1936//1936 1959//1959
f 1632//1632 1682//1682 1657//1657
f 1774//1774 1730//1730 1707//1707
f 1680//1680 1804//1804 1705//1705
f 1680//1680 1654//1654 1804//1804
f 1391//1391 1527//1527 1472//1472
f 1527//1527 1528//1528 1472//1472
f 1472//1472 1555//1555 1581//1581
f 1528//1528 1555//1555 1472//1472
f 1555//1555 1630//1630 1581//1581
f 1555//1555 1528//1528 1630//1630
f 2456//2456 2480//2480 2431//2431
f 2479//2479 2456//2456 2431//2431
f 2480//2480 2529//2529 2481//2481
f 2553//2553 2529//2529 2506//2506
f 2456//2456 2529//2529 2480//2480
f 2529//2529 2456//2456 2506//2506
f 2529//2529 2507//2507 2481//2481
f 2529//2529 2553//2553 2507//2507
f 2222//2222 2197//2197 2171//2171
f 2197//2197 2148//2148 2171//2171
f 2197//2197 2222//2222 2247//2247
f 4633//4633 4763//4763 4721//4721
f 4764//4764 4763//4763 4899//4899
f 4721//4721 4744//4744 4722//4722
f 4744//4744 4878//4878 4722//4722
f 4878//4878 4744//4744 4899//4899
f 4703//4703 4702//4702 4837//4837
f 5031//5031 5057//5057 5032//5032
f 5031//5031 5032//5032 5010//5010
f 4884//4884 4897//4897 4898//4898
f 4910//4910 4897//4897 4884//4884
f 5112//5112 5111//5111 5122//5122
f 5103//5103 5112//5112 5129//5129
f 5112//5112 5122//5122 5129//5129
f 5112//5112 5104//5104 5111//5111
f 5084//5084 5104//5104 5103//5103
f 5104//5104 5112//5112 5103//5103
f 4925//4925 4910//4910 4807//4807
f 4925//4925 4807//4807 4836//4836
f 4980//4980 4967//4967 4896//4896
f 4980//4980 4895//4895 4995//4995
f 4980//4980 4896//4896 4895//4895
f 4997//4997 4996//4996 5010//5010
f 4996//4996 5011//5011 5010//5010
f 3863//3863 3914//3914 3889//3889
f 3914//3914 3989//3989 3889//3889
f 4250//4250 4228//4228 4207//4207
f 4298//4298 4164//4164 4186//4186
f 4145//4145 4164//4164 4146//4146
f 4324//4324 4298//4298 4227//4227
f 4248//4248 4324//4324 4227//4227
f 4324//4324 4248//4248 4363//4363
f 4298//4298 4324//4324 4299//4299
f 4324//4324 4363//4363 4299//4299
f 4383//4383 4414//4414 4431//4431
f 4398//4398 4414//4414 4383//4383
f 4414//4414 4323//4323 4431//4431
f 4414//4414 4398//4398 4323//4323
f 4398//4398 4247//4247 4297//4297
f 4247//4247 4398//4398 4248//4248
f 4297//4297 4247//4247 4271//4271
f 4271//4271 4247//4247 4227//4227
f 4247//4247 4248//4248 4227//4227
f 3799//3799 3718//3718 3754//3754
f 3799//3799 3774//3774 3718//3718
f 3822//3822 3866//3866 3891//3891
f 3866//3866 3822//3822 3844//3844
f 3467//3467 3432//3432 3466//3466
f 3720//3720 3667//3667 3691//3691
f 3890//3890 3864//3864 3916//3916
f 3936//3936 3890//3890 3916//3916
f 3890//3890 3936//3936 3990//3990
f 4019//4019 3990//3990 4053//4053
f 3917//3917 3822//3822 3891//3891
f 4147//4147 4127//4127 4071//4071
f 4165//4165 4147//4147 4071//4071
f 4126//4126 4145//4145 4146//4146
f 4165//4165 4126//4126 4207//4207
f 4126//4126 4250//4250 4207//4207
f 4250//4250 4126//4126 4146//4146
f 4187//4187 4207//4207 4208//4208
f 4187//4187 4165//4165 4207//4207
f 4147//4147 4187//4187 4208//4208
f 4147//4147 4111//4111 4127//4127
f 4111//4111 4147//4147 4208//4208
f 4090//4090 3964//3964 3989//3989
f 3989//3989 3964//3964 3889//3889
f 3964//3964 3936//3936 3889//3889
f 3936//3936 3964//3964 4053//4053
f 3964//3964 4090//4090 4053//4053
f 4110//4110 4052//4052 4127//4127
f 4111//4111 4110//4110 4127//4127
f 4110//4110 4111//4111 4090//4090
f 4018//4018 4090//4090 3989//3989
f 4052//4052 4018//4018 3935//3935
f 4018//4018 4110//4110 4090//4090
f 4110//4110 4018//4018 4052//4052
f 4018//4018 3914//3914 3935//3935
f 3914//3914 4018//4018 3989//3989
f 3327//3327 3303//3303 3326//3326
f 3279//3279 3304//3304 3328//3328
f 3304//3304 3303//3303 3328//3328
f 3303//3303 3304//3304 3278//3278
f 3304//3304 3257//3257 3278//3278
f 3304//3304 3279//3279 3257//3257
f 3755//3755 3719//3719 3690//3690
f 3666//3666 3719//3719 3691//3691
f 3719//3719 3666//3666 3690//3690
f 3719//3719 3720//3720 3691//3691
f 3719//3719 3755//3755 3800//3800
f 3755//3755 3775//3775 3800//3800
f 3775//3775 3755//3755 3774//3774
f 3799//3799 3775//3775 3774//3774
f 4933//4933 4922//4922 4908//4908
f 4934//4934 4933//4933 4950//4950
f 4922//4922 4933//4933 4935//4935
f 4933//4933 4934//4934 4935//4935
f 4933//4933 4949//4949 4950//4950
f 4949//4949 4933//4933 4965//4965
f 3590//3590 3686//3686 3566//3566
f 3590//3590 3715//3715 3686//3686
f 3319//3319 3346//3346 3320//3320
f 3483//3483 3484//3484 3397//3397
f 3503//3503 3483//3483 3397//3397
f 4107//4107 3932//3932 4106//4106
f 4107//4107 4086//4086 4085//4085
f 3932//3932 3933//3933 3911//3911
f 3933//3933 4085//4085 4069//4069
f 3933//3933 4107//4107 4085//4085
f 4107//4107 3933//3933 3932//3932
f 3933//3933 4069//4069 3912//3912
f 3911//3911 3933//3933 3912//3912
f 3545//3545 3639//3639 3524//3524
f 3639//3639 3545//3545 3662//3662
f 3862//3862 3839//3839 3888//3888
f 3839//3839 3862//3862 3840//3840
f 3664//3664 3797//3797 3772//3772
f 3818//3818 3797//3797 3664//3664
f 4864//4864 4865//4865 4702//4702
f 4864//4864 4877//4877 4865//4865
f 4569//4569 4536//4536 4568//4568
f 4587//4587 4569//4569 4568//4568
f 4632//4632 4616//4616 4601//4601
f 4616//4616 4617//4617 4601//4601
f 4631//4631 4616//4616 4632//4632
f 4885//4885 4876//4876 4884//4884
f 4877//4877 4876//4876 4885//4885
f 4876//4876 4864//4864 4884//4884
f 4864//4864 4876//4876 4877//4877
f 4538//4538 4539//4539 4515//4515
f 4539//4539 4516//4516 4515//4515
f 4516//4516 4539//4539 4635//4635
f 4635//4635 4539//4539 4634//4634
f 4539//4539 4538//4538 4634//4634
f 4471//4471 4396//4396 4411//4411
f 4471//4471 4451//4451 4396//4396
f 4471//4471 4452//4452 4451//4451
f 4541//4541 4429//4429 4450//4450
f 4246//4246 4362//4362 4323//4323
f 4362//4362 4453//4453 4323//4323
f 4362//4362 4472//4472 4453//4453
f 4382//4382 4381//4381 4492//4492
f 4472//4472 4382//4382 4492//4492
f 4362//4362 4382//4382 4472//4472
f 4381//4381 4382//4382 4296//4296
f 4382//4382 4270//4270 4296//4296
f 4270//4270 4382//4382 4246//4246
f 4382//4382 4362//4362 4246//4246
f 4491//4491 4518//4518 4492//4492
f 4413//4413 4491//4491 4492//4492
f 4491//4491 4413//4413 4518//4518
f 4124//4124 4142//4142 4162//4162
f 4142//4142 4124//4124 4106//4106
f 4124//4124 4107//4107 4106//4106
f 4319//4319 4318//4318 4359//4359
f 4293//4293 4318//4318 4319//4319
f 4318//4318 4358//4358 4359//4359
f 4410//4410 4395//4395 4409//4409
f 3909//3909 3910//3910 3792//3792
f 3910//3910 3768//3768 3792//3792
f 3768//3768 3910//3910 3884//3884
f 3959//3959 3930//3930 3813//3813
f 4893//4893 4907//4907 4905//4905
f 4907//4907 4906//4906 4905//4905
f 5107//5107 5108//5108 5119//5119
f 5118//5118 5107//5107 5119//5119
f 5108//5108 5107//5107 5173//5173
f 5107//5107 5118//5118 5173//5173
f 5250//5250 5293//5293 5298//5298
f 5236//5236 5250//5250 5237//5237
f 5191//5191 5200//5200 5201//5201
f 5200//5200 5209//5209 5201//5201
f 5223//5223 5224//5224 5191//5191
f 4756//4756 4757//4757 4755//4755
f 4776//4776 4756//4756 4755//4755
f 4962//4962 4978//4978 4977//4977
f 5136//5136 5028//5028 5142//5142
f 5136//5136 5128//5128 5007//5007
f 5128//5128 5127//5127 5121//5121
f 5136//5136 5127//5127 5128//5128
f 5127//5127 5136//5136 5142//5142
f 4834//4834 4835//4835 4630//4630
f 5101//5101 4964//4964 5110//5110
f 4964//4964 5101//5101 5102//5102
f 5083//5083 5101//5101 5110//5110
f 5102//5102 5101//5101 5083//5083
f 4133//4133 4152//4152 3972//3972
f 4152//4152 4133//4133 4278//4278
f 3243//3243 3242//3242 3265//3265
f 2184//2184 2444//2444 2209//2209
f 2184//2184 2420//2420 2444//2444
f 2420//2420 2184//2184 2183//2183
f 2184//2184 1953//1953 2183//2183
f 2184//2184 2209//2209 1976//1976
f 1953//1953 2184//2184 1976//1976
f 2396//2396 2237//2237 2212//2212
f 2262//2262 2237//2237 2397//2397
f 2237//2237 2396//2396 2397//2397
f 2237//2237 2087//2087 2212//2212
f 2087//2087 2237//2237 2112//2112
f 3395//3395 3369//3369 3249//3249
f 3369//3369 3223//3223 3249//3249
f 3131//3131 3130//3130 3225//3225
f 3130//3130 3131//3131 3106//3106
f 3686//3686 3567//3567 3566//3566
f 3662//3662 3567//3567 3686//3686
f 3545//3545 3567//3567 3662//3662
f 3125//3125 3126//3126 3074//3074
f 4552//4552 4336//4336 4551//4551
f 4336//4336 4552//4552 4337//4337
f 4342//4342 4556//4556 4557//4557
f 4556//4556 4342//4342 4341//4341
f 4344//4344 4578//4578 4579//4579
f 4343//4343 4578//4578 4344//4344
f 3128//3128 3296//3296 3270//3270
f 3128//3128 3154//3154 3296//3296
f 4531//4531 4311//4311 4355//4355
f 4463//4463 4264//4264 4263//4263
f 4464//4464 4264//4264 4463//4463
f 4239//4239 4443//4443 4444//4444
f 4443//4443 4264//4264 4464//4464
f 4264//4264 4443//4443 4239//4239
f 4445//4445 4239//4239 4444//4444
f 4239//4239 4445//4445 4240//4240
f 4219//4219 4220//4220 4240//4240
f 4219//4219 4423//4423 4220//4220
f 4445//4445 4219//4219 4240//4240
f 4219//4219 4445//4445 4423//4423
f 4176//4176 4200//4200 4391//4391
f 4200//4200 4406//4406 4391//4391
f 4406//4406 4200//4200 4199//4199
f 3657//3657 3905//3905 3906//3906
f 4221//4221 4423//4423 4424//4424
f 4423//4423 4221//4221 4220//4220
f 4048//4048 4047//4047 4067//4067
f 4048//4048 4013//4013 4047//4047
f 3883//3883 3882//3882 4047//4047
f 3882//3882 3908//3908 4067//4067
f 3908//3908 4066//4066 4067//4067
f 4083//4083 4066//4066 3929//3929
f 4066//4066 3908//3908 3929//3929
f 3985//3985 3833//3833 3858//3858
f 3834//3834 3833//3833 3985//3985
f 3544//3544 3368//3368 3367//3367
f 3394//3394 3544//3544 3367//3367
f 4318//4318 4376//4376 4358//4358
f 3563//3563 3562//3562 3790//3790
f 3679//3679 3954//3954 3955//3955
f 3954//3954 3679//3679 3711//3711
f 4405//4405 4406//4406 4199//4199
f 4405//4405 4221//4221 4424//4424
f 4221//4221 4405//4405 4199//4199
f 3633//3633 3632//3632 3881//3881
f 3632//3632 3880//3880 3881//3881
f 3658//3658 3657//3657 3907//3907
f 3880//3880 3658//3658 3907//3907
f 3632//3632 3658//3658 3880//3880
f 4082//4082 4103//4103 4241//4241
f 4241//4241 4103//4103 4266//4266
f 4103//4103 4265//4265 4266//4266
f 4265//4265 4103//4103 4102//4102
f 4805//4805 4613//4613 4804//4804
f 4613//4613 4835//4835 4804//4804
f 4835//4835 4613//4613 4630//4630
f 301//301 303//303 302//302
f 301//301 444//444 303//303
f 301//301 443//443 444//444
f 443//443 315//315 475//475
f 315//315 334//334 475//475
f 334//334 315//315 314//314
f 334//334 474//474 475//475
f 1285//1285 1305//1305 1372//1372
f 1259//1259 1285//1285 1372//1372
f 1305//1305 1328//1328 1372//1372
f 1328//1328 1395//1395 1372//1372
f 1216//1216 1160//1160 1159//1159
f 1161//1161 1160//1160 1216//1216
f 1160//1160 1132//1132 1159//1159
f 1132//1132 1160//1160 1161//1161
f 1588//1588 1558//1558 1532//1532
f 1587//1587 1588//1588 1532//1532
f 1558//1558 1588//1588 1611//1611
f 1588//1588 1587//1587 1611//1611
f 1661//1661 1587//1587 1660//1660
f 1587//1587 1661//1661 1635//1635
f 1635//1635 1661//1661 1662//1662
f 1661//1661 1734//1734 1662//1662
f 1533//1533 1559//1559 1506//1506
f 1558//1558 1533//1533 1505//1505
f 1533//1533 1506//1506 1437//1437
f 1505//1505 1533//1533 1437//1437
f 1559//1559 1589//1589 1636//1636
f 1636//1636 1589//1589 1611//1611
f 1589//1589 1558//1558 1611//1611
f 1589//1589 1533//1533 1558//1558
f 1533//1533 1589//1589 1559//1559
f 1395//1395 1417//1417 1372//1372
f 1416//1416 1393//1393 1415//1415
f 1416//1416 1417//1417 1395//1395
f 1506//1506 1476//1476 1437//1437
f 1476//1476 1438//1438 1437//1437
f 1559//1559 1476//1476 1506//1506
f 1438//1438 1476//1476 1415//1415
f 1476//1476 1416//1416 1415//1415
f 1111//1111 1067//1067 1019//1019
f 1087//1087 1111//1111 1019//1019
f 1111//1111 1087//1087 1195//1195
f 1162//1162 1111//1111 1195//1195
f 1115//1115 1116//1116 1091//1091
f 1220//1220 1243//1243 1221//1221
f 975//975 976//976 936//936
f 865//865 845//845 844//844
f 845//845 846//846 844//844
f 846//846 845//845 865//865
f 800//800 846//846 820//820
f 846//846 800//800 781//781
f 783//783 800//800 820//820
f 865//865 883//883 1022//1022
f 917//917 842//842 935//935
f 741//741 742//742 758//758
f 742//742 741//741 802//802
f 801//801 741//741 758//758
f 741//741 801//801 802//802
f 1023//1023 821//821 1047//1047
f 1138//1138 1165//1165 1166//1166
f 1138//1138 1139//1139 1164//1164
f 1165//1165 1138//1138 1164//1164
f 1330//1330 1352//1352 1331//1331
f 1352//1352 1330//1330 1351//1351
f 1399//1399 1398//1398 1423//1423
f 799//799 819//819 843//843
f 917//917 819//819 842//842
f 842//842 819//819 780//780
f 819//819 799//799 780//780
f 799//799 665//665 699//699
f 699//699 665//665 664//664
f 665//665 781//781 666//666
f 665//665 799//799 781//781
f 630//630 665//665 666//666
f 665//665 630//630 664//664
f 576//576 614//614 577//577
f 594//594 614//614 615//615
f 614//614 594//594 577//577
f 442//442 366//366 493//493
f 595//595 509//509 577//577
f 509//509 545//545 527//527
f 381//381 509//509 527//527
f 510//510 529//529 511//511
f 510//510 528//528 529//529
f 510//510 381//381 528//528
f 356//356 345//345 366//366
f 345//345 381//381 346//346
f 1666//1666 1667//1667 1640//1640
f 1667//1667 1817//1817 1818//1818
f 1845//1845 1692//1692 1876//1876
f 1845//1845 1666//1666 1692//1692
f 1845//1845 1667//1667 1666//1666
f 1373//1373 1420//1420 1421//1421
f 1420//1420 1373//1373 1397//1397
f 1373//1373 1396//1396 1397//1397
f 1306//1306 1329//1329 1307//1307
f 1306//1306 1307//1307 1286//1286
f 1261//1261 1306//1306 1286//1286
f 1329//1329 1306//1306 1350//1350
f 1418//1418 1396//1396 1439//1439
f 1418//1418 1439//1439 1478//1478
f 1418//1418 1420//1420 1397//1397
f 1420//1420 1418//1418 1478//1478
f 1563//1563 1536//1536 1421//1421
f 1592//1592 1563//1563 1421//1421
f 1563//1563 1537//1537 1536//1536
f 1563//1563 1592//1592 1591//1591
f 1614//1614 1563//1563 1591//1591
f 1945//1945 1919//1919 1969//1969
f 2014//2014 1945//1945 1969//1969
f 1842//1842 1843//1843 1814//1814
f 1897//1897 1874//1874 1814//1814
f 1874//1874 1842//1842 1814//1814
f 1992//1992 1991//1991 2127//2127
f 1970//1970 1992//1992 2103//2103
f 1992//1992 2127//2127 2103//2103
f 1991//1991 1992//1992 2015//2015
f 1990//1990 2013//2013 2014//2014
f 2013//2013 1990//1990 1841//1841
f 2276//2276 2323//2323 2299//2299
f 2250//2250 2276//2276 2299//2299
f 2098//2098 2122//2122 2069//2069
f 2122//2122 2173//2173 2069//2069
f 2122//2122 2150//2150 2173//2173
f 2792//2792 2751//2751 2812//2812
f 2577//2577 2620//2620 2686//2686
f 2460//2460 2434//2434 2409//2409
f 2434//2434 2382//2382 2409//2409
f 2380//2380 2433//2433 2408//2408
f 2323//2323 2380//2380 2349//2349
f 2276//2276 2380//2380 2323//2323
f 2730//2730 2731//2731 2709//2709
f 2730//2730 2752//2752 2731//2731
f 3019//3019 3044//3044 3068//3068
f 2996//2996 3044//3044 3019//3019
f 3092//3092 3093//3093 3068//3068
f 3092//3092 3143//3143 3093//3093
f 3091//3091 3017//3017 2994//2994
f 1638//1638 1663//1663 1612//1612
f 1663//1663 1638//1638 1637//1637
f 1590//1590 1638//1638 1612//1612
f 1638//1638 1590//1590 1637//1637
f 1686//1686 1660//1660 1709//1709
f 1733//1733 1686//1686 1709//1709
f 1686//1686 1661//1661 1660//1660
f 1686//1686 1777//1777 1778//1778
f 1686//1686 1733//1733 1777//1777
f 1734//1734 1686//1686 1778//1778
f 1661//1661 1686//1686 1734//1734
f 1917//1917 1967//1967 1943//1943
f 1967//1967 1988//1988 2069//2069
f 1943//1943 1967//1967 2069//2069
f 1967//1967 1987//1987 1988//1988
f 1967//1967 1917//1917 1987//1987
f 972//972 997//997 1087//1087
f 840//840 839//839 863//863
f 779//779 757//757 722//722
f 778//778 779//779 722//722
f 757//757 779//779 780//780
f 107//107 108//108 48//48
f 106//106 107//107 48//48
f 107//107 106//106 120//120
f 103//103 32//32 31//31
f 103//103 31//31 101//101
f 201//201 202//202 88//88
f 201//201 87//87 200//200
f 201//201 88//88 87//87
f 220//220 201//201 200//200
f 202//202 201//201 220//220
f 221//221 222//222 224//224
f 202//202 222//222 221//221
f 249//249 222//222 202//202
f 169//169 170//170 171//171
f 180//180 170//170 169//169
f 170//170 304//304 171//171
f 304//304 170//170 318//318
f 170//170 317//317 318//318
f 317//317 170//170 180//180
f 305//305 319//319 373//373
f 304//304 319//319 305//305
f 319//319 318//318 373//373
f 319//319 304//304 318//318
f 289//289 306//306 373//373
f 288//288 306//306 289//289
f 306//306 305//305 373//373
f 305//305 306//306 161//161
f 306//306 288//288 161//161
f 549//549 530//530 373//373
f 530//530 531//531 373//373
f 531//531 532//532 373//373
f 478//478 499//499 707//707
f 499//499 730//730 705//705
f 116//116 208//208 117//117
f 278//278 289//289 373//373
f 289//289 278//278 290//290
f 290//290 278//278 153//153
f 349//349 348//348 384//384
f 349//349 191//191 190//190
f 348//348 349//349 190//190
f 135//135 134//134 149//149
f 134//134 135//135 136//136
f 92//92 91//91 212//212
f 20//20 92//92 22//22
f 382//382 277//277 276//276
f 262//262 277//277 382//382
f 277//277 275//275 276//276
f 277//277 262//262 275//275
f 418//418 637//637 638//638
f 637//637 418//418 417//417
f 636//636 637//637 417//417
f 675//675 414//414 451//451
f 1823//1823 1512//1512 1543//1543
f 646//646 429//429 428//428
f 645//645 646//646 428//428
f 429//429 646//646 647//647
f 643//643 425//425 642//642
f 644//644 645//645 426//426
f 644//644 426//426 425//425
f 643//643 644//644 425//425
f 944//944 1175//1175 945//945
f 1174//1174 1175//1175 944//944
f 1173//1173 1174//1174 944//944
f 943//943 1173//1173 944//944
f 296//296 282//282 295//295
f 175//175 296//296 297//297
f 296//296 295//295 297//297
f 166//166 296//296 175//175
f 282//282 296//296 281//281
f 281//281 296//296 157//157
f 296//296 166//166 157//157
f 1655//1655 1680//1680 1705//1705
f 1727//1727 1655//1655 1705//1705
f 1529//1529 1503//1503 1472//1472
f 1529//1529 1556//1556 1503//1503
f 966//966 836//836 929//929
f 966//966 967//967 836//836
f 1057//1057 966//966 929//929
f 966//966 1057//1057 1058//1058
f 967//967 966//966 1058//1058
f 1082//1082 1058//1058 1037//1037
f 993//993 1082//1082 1103//1103
f 993//993 967//967 1058//1058
f 1082//1082 993//993 1058//1058
f 993//993 1038//1038 1015//1015
f 1038//1038 993//993 1103//1103
f 968//968 931//931 1060//1060
f 896//896 895//895 912//912
f 1235//1235 1256//1256 1084//1084
f 1129//1129 1256//1256 1279//1279
f 1256//1256 1129//1129 1084//1084
f 1256//1256 1388//1388 1279//1279
f 1256//1256 1366//1366 1388//1388
f 1213//1213 1235//1235 1084//1084
f 1213//1213 1084//1084 1061//1061
f 1128//1128 1104//1104 1211//1211
f 1300//1300 1278//1278 1301//1301
f 1278//1278 1300//1300 1190//1190
f 1192//1192 1157//1157 1191//1191
f 1157//1157 1129//1129 1191//1191
f 1129//1129 1157//1157 1130//1130
f 1063//1063 970//970 995//995
f 1017//1017 1063//1063 995//995
f 970//970 1063//1063 933//933
f 1063//1063 1017//1017 1043//1043
f 1063//1063 1085//1085 1064//1064
f 1085//1085 1063//1063 1043//1043
f 838//838 932//932 933//933
f 837//837 816//816 797//797
f 777//777 816//816 756//756
f 797//797 816//816 777//777
f 1153//1153 992//992 991//991
f 992//992 1013//1013 991//991
f 992//992 1153//1153 1154//1154
f 1013//1013 992//992 1154//1154
f 3801//3801 3778//3778 3757//3757
f 3778//3778 3801//3801 3802//3802
f 3867//3867 3801//3801 3757//3757
f 3802//3802 3801//3801 3823//3823
f 3801//3801 3867//3867 3823//3823
f 3695//3695 3723//3723 3760//3760
f 4023//4023 4055//4055 4056//4056
f 4055//4055 4023//4023 4022//4022
f 4023//4023 4056//4056 3943//3943
f 3995//3995 4023//4023 3943//3943
f 4023//4023 3995//3995 4022//4022
f 3492//3492 3511//3511 3512//3512
f 3491//3491 3511//3511 3492//3492
f 3511//3511 3534//3534 3512//3512
f 3511//3511 3471//3471 3534//3534
f 3511//3511 3491//3491 3471//3471
f 2437//2437 2487//2487 2411//2411
f 2537//2537 2514//2514 2462//2462
f 2514//2514 2437//2437 2462//2462
f 2514//2514 2487//2487 2437//2437
f 2581//2581 2604//2604 2560//2560
f 2604//2604 2581//2581 2603//2603
f 2604//2604 2582//2582 2560//2560
f 2073//2073 2074//2074 1946//1946
f 1921//1921 2074//2074 2038//2038
f 2074//2074 1921//1921 1946//1946
f 2355//2355 2256//2256 2281//2281
f 2388//2388 2355//2355 2281//2281
f 2355//2355 2230//2230 2256//2256
f 2230//2230 2355//2355 2231//2231
f 2205//2205 2355//2355 2329//2329
f 2231//2231 2355//2355 2205//2205
f 2203//2203 2228//2228 2280//2280
f 2203//2203 2255//2255 2177//2177
f 2203//2203 2280//2280 2255//2255
f 2326//2326 2412//2412 2385//2385
f 2384//2384 2326//2326 2352//2352
f 2412//2412 2326//2326 2384//2384
f 2465//2465 2440//2440 2354//2354
f 2387//2387 2465//2465 2354//2354
f 2465//2465 2386//2386 2489//2489
f 2465//2465 2387//2387 2386//2386
f 3214//3214 3171//3171 3191//3191
f 3214//3214 3237//3237 3171//3171
f 3475//3475 3495//3495 3515//3515
f 2486//2486 2513//2513 2462//2462
f 2436//2436 2486//2486 2462//2462
f 2383//2383 2410//2410 2351//2351
f 2226//2226 2201//2201 2174//2174
f 4939//4939 4938//4938 4954//4954
f 4938//4938 4928//4928 4954//4954
f 4928//4928 4938//4938 4939//4939
f 4957//4957 4970//4970 4972//4972
f 4970//4970 4971//4971 4972//4972
f 4969//4969 4970//4970 4957//4957
f 4970//4970 4969//4969 4971//4971
f 4955//4955 4939//4939 4954//4954
f 4955//4955 4956//4956 4939//4939
f 4969//4969 4955//4955 4954//4954
f 4956//4956 4955//4955 4969//4969
f 4169//4169 4149//4149 4168//4168
f 4169//4169 4168//4168 4190//4190
f 4169//4169 4211//4211 4232//4232
f 4169//4169 4190//4190 4210//4210
f 4211//4211 4169//4169 4210//4210
f 3944//3944 4024//4024 3968//3968
f 4025//4025 4024//4024 4057//4057
f 4024//4024 4025//4025 3996//3996
f 4091//4091 4092//4092 4074//4074
f 4091//4091 4112//4112 4092//4092
f 4091//4091 4074//4074 4128//4128
f 4112//4112 4091//4091 4128//4128
f 4640//4640 4656//4656 4657//4657
f 4655//4655 4656//4656 4640//4640
f 4656//4656 4676//4676 4657//4657
f 4656//4656 4655//4655 4676//4676
f 4638//4638 4623//4623 4622//4622
f 4655//4655 4638//4638 4622//4622
f 4638//4638 4655//4655 4623//4623
f 4365//4365 4302//4302 4385//4385
f 4097//4097 4096//4096 4115//4115
f 4132//4132 4097//4097 4115//4115
f 3996//3996 3969//3969 3968//3968
f 4192//4192 4191//4191 4170//4170
f 4191//4191 4193//4193 4171//4171
f 4193//4193 4191//4191 4192//4192
f 4282//4282 4261//4261 4482//4482
f 4261//4261 4282//4282 4281//4281
f 4197//4197 4196//4196 4419//4419
f 4404//4404 4196//4196 4175//4175
f 4419//4419 4196//4196 4404//4404
f 4597//4597 4611//4611 4598//4598
f 4458//4458 4459//4459 4236//4236
f 4459//4459 4460//4460 4236//4236
f 4581//4581 4582//4582 4346//4346
f 4580//4580 4581//4581 4346//4346
f 4849//4849 4848//4848 4847//4847
f 4846//4846 4849//4849 4847//4847
f 4313//4313 4506//4506 4314//4314
f 4506//4506 4313//4313 4533//4533
f 4312//4312 4532//4532 4533//4533
f 4311//4311 4532//4532 4312//4312
f 4532//4532 4311//4311 4531//4531
f 4562//4562 4563//4563 4351//4351
f 4562//4562 4351//4351 4350//4350
f 4561//4561 4562//4562 4350//4350
f 4558//4558 4559//4559 4348//4348
f 4347//4347 4558//4558 4348//4348
f 4558//4558 4347//4347 4346//4346
f 5246//5246 5247//5247 5245//5245
f 5246//5246 5305//5305 5247//5247
f 5206//5206 5305//5305 5309//5309
f 5310//5310 5206//5206 5309//5309
f 4565//4565 4353//4353 4564//4564
f 5263//5263 5244//5244 5245//5245
f 5264//5264 5244//5244 5263//5263
f 5244//5244 5246//5246 5245//5245
f 5246//5246 5244//5244 5305//5305
f 5261//5261 5263//5263 5260//5260
f 5261//5261 5262//5262 5263//5263
f 5259//5259 5261//5261 5260//5260
f 3979//3979 3980//3980 3708//3708
f 4010//4010 3745//3745 3744//3744
f 4010//4010 4011//4011 3745//3745
f 5205//5205 5217//5217 5219//5219
f 5216//5216 5215//5215 5226//5226
f 5216//5216 5205//5205 5215//5215
f 5217//5217 5216//5216 5226//5226
f 5216//5216 5217//5217 5205//5205
f 4769//4769 4770//4770 4754//4754
f 4769//4769 4754//4754 4753//4753
f 5021//5021 5036//5036 5037//5037
f 5036//5036 5021//5021 5034//5034
f 5036//5036 5034//5034 5035//5035
f 5253//5253 5267//5267 5254//5254
f 5252//5252 5253//5253 5243//5243
f 5253//5253 5254//5254 5243//5243
f 5253//5253 5252//5252 5317//5317
f 5267//5267 5253//5253 5317//5317
f 5268//5268 5269//5269 5254//5254
f 5267//5267 5268//5268 5254//5254
f 5269//5269 5268//5268 5270//5270
f 5270//5270 5268//5268 5317//5317
f 5268//5268 5267//5267 5317//5317
f 4501//4501 4282//4282 4482//4482
f 4481//4481 4501//4501 4482//4482
f 4283//4283 4502//4502 4503//4503
f 4282//4282 4502//4502 4283//4283
f 4501//4501 4502//4502 4282//4282
f 4310//4310 4526//4526 4332//4332
f 4310//4310 4309//4309 4525//4525
f 4526//4526 4310//4310 4525//4525
f 4418//4418 4438//4438 4278//4278
f 4418//4418 4402//4402 4417//4417
f 4494//4494 4476//4476 4475//4475
f 4730//4730 4729//4729 4749//4749
f 4729//4729 4730//4730 4731//4731
f 4731//4731 4750//4750 4768//4768
f 4750//4750 4767//4767 4768//4768
f 4730//4730 4750//4750 4731//4731
f 4767//4767 4750//4750 4749//4749
f 4750//4750 4730//4730 4749//4749
f 2368//2368 2214//2214 2367//2367
f 2367//2367 2214//2214 2340//2340
f 2214//2214 2213//2213 2340//2340
f 2213//2213 2214//2214 2187//2187
f 3664//3664 3640//3640 3663//3663
f 3209//3209 3184//3184 3231//3231
f 3184//3184 3209//3209 3161//3161
f 3161//3161 3209//3209 3185//3185
f 3209//3209 3231//3231 3232//3232
f 3229//3229 3182//3182 3228//3228
f 3229//3229 3207//3207 3182//3182
f 3254//3254 3229//3229 3228//3228
f 3572//3572 3595//3595 3573//3573
f 3595//3595 3572//3572 3621//3621
f 3595//3595 3551//3551 3573//3573
f 3398//3398 3372//3372 3320//3320
f 3372//3372 3298//3298 3320//3320
f 3298//3298 3319//3319 3320//3320
f 3402//3402 3401//3401 3430//3430
f 3401//3401 3429//3429 3430//3430
f 3401//3401 3402//3402 3375//3375
f 3507//3507 3465//3465 3487//3487
f 3429//3429 3465//3465 3430//3430
f 3465//3465 3429//3429 3487//3487
f 3465//3465 3488//3488 3430//3430
f 3465//3465 3507//3507 3488//3488
f 3404//3404 3431//3431 3432//3432
f 3431//3431 3404//3404 3403//3403
f 3404//3404 3376//3376 3403//3403
f 3404//3404 3377//3377 3376//3376
f 3276//3276 3230//3230 3255//3255
f 3207//3207 3230//3230 3208//3208
f 3255//3255 3230//3230 3207//3207
f 3208//3208 3230//3230 3231//3231
f 3230//3230 3276//3276 3231//3231
f 2638//2638 2639//2639 2617//2617
f 2597//2597 2638//2638 2617//2617
f 2639//2639 2638//2638 2661//2661
f 2725//2725 2705//2705 2704//2704
f 2725//2725 2749//2749 2705//2705
f 2790//2790 2789//2789 2810//2810
f 2769//2769 2789//2789 2790//2790
f 2810//2810 2789//2789 2829//2829
f 2706//2706 2684//2684 2705//2705
f 2726//2726 2706//2706 2705//2705
f 2684//2684 2706//2706 2663//2663
f 2706//2706 2707//2707 2663//2663
f 2706//2706 2726//2726 2707//2707
f 2889//2889 2909//2909 2910//2910
f 2909//2909 2930//2930 2931//2931
f 2910//2910 2909//2909 2931//2931
f 2909//2909 2889//2889 2908//2908
f 2886//2886 2867//2867 2906//2906
f 2886//2886 2907//2907 2887//2887
f 2907//2907 2886//2886 2906//2906
f 2988//2988 2989//2989 2966//2966
f 2989//2989 2988//2988 3011//3011
f 2929//2929 2949//2949 2930//2930
f 2929//2929 2909//2909 2908//2908
f 2909//2909 2929//2929 2930//2930
f 3006//3006 3031//3031 3107//3107
f 3031//3031 3056//3056 3107//3107
f 3031//3031 3006//3006 2942//2942
f 3031//3031 2942//2942 2961//2961
f 3056//3056 3031//3031 2961//2961
f 2924//2924 2902//2902 2901//2901
f 2944//2944 2924//2924 2901//2901
f 2963//2963 2944//2944 2923//2923
f 2884//2884 2885//2885 2865//2865
f 2884//2884 2905//2905 2885//2885
f 3300//3300 3323//3323 3274//3274
f 3323//3323 3300//3300 3349//3349
f 3323//3323 3349//3349 3324//3324
f 3301//3301 3323//3323 3324//3324
f 3254//3254 3323//3323 3301//3301
f 3323//3323 3254//3254 3274//3274
f 3184//3184 3183//3183 3208//3208
f 3183//3183 3160//3160 3208//3208
f 3160//3160 3183//3183 3184//3184
f 2680//2680 2679//2679 2721//2721
f 2701//2701 2680//2680 2721//2721
f 2497//2497 2424//2424 2399//2399
f 2424//2424 2289//2289 2399//2399
f 2424//2424 2497//2497 2523//2523
f 2424//2424 2449//2449 2342//2342
f 2498//2498 2425//2425 2400//2400
f 2472//2472 2369//2369 2447//2447
f 2369//2369 2314//2314 2447//2447
f 2288//2288 2263//2263 2423//2423
f 2139//2139 2288//2288 2165//2165
f 2188//2188 2115//2115 2165//2165
f 2115//2115 2188//2188 2189//2189
f 2216//2216 2241//2241 2090//2090
f 2143//2143 2064//2064 2117//2117
f 2064//2064 2143//2143 2168//2168
f 2217//2217 2143//2143 2193//2193
f 2143//2143 2217//2217 2243//2243
f 2143//2143 2117//2117 2192//2192
f 2193//2193 2143//2143 2192//2192
f 2569//2569 2547//2547 2611//2611
f 2592//2592 2569//2569 2611//2611
f 2655//2655 2612//2612 2632//2632
f 2612//2612 2592//2592 2632//2632
f 2592//2592 2612//2612 2570//2570
f 2612//2612 2613//2613 2570//2570
f 2425//2425 2343//2343 2400//2400
f 2343//2343 2266//2266 2243//2243
f 2371//2371 2372//2372 2290//2290
f 2343//2343 2372//2372 2400//2400
f 2658//2658 2635//2635 2657//2657
f 2635//2635 2614//2614 2657//2657
f 2549//2549 2526//2526 2570//2570
f 2613//2613 2593//2593 2570//2570
f 2571//2571 2593//2593 2613//2613
f 2593//2593 2549//2549 2570//2570
f 2549//2549 2593//2593 2571//2571
f 2527//2527 2502//2502 2477//2477
f 2502//2502 2403//2403 2477//2477
f 1340//1340 1321//1321 1468//1468
f 1497//1497 1340//1340 1468//1468
f 1364//1364 1340//1340 1497//1497
f 1321//1321 1340//1340 1341//1341
f 1340//1340 1364//1364 1341//1341
f 1498//1498 1650//1650 1651//1651
f 1650//1650 1831//1831 1651//1651
f 1831//1831 1650//1650 1801//1801
f 1801//1801 1650//1650 1800//1800
f 1627//1627 1469//1469 1626//1626
f 1627//1627 1498//1498 1469//1469
f 1627//1627 1650//1650 1498//1498
f 1627//1627 1626//1626 1800//1800
f 1650//1650 1627//1627 1800//1800
f 1525//1525 1498//1498 1651//1651
f 1498//1498 1525//1525 1342//1342
f 1724//1724 1770//1770 1725//1725
f 1770//1770 1724//1724 1802//1802
f 1803//1803 1770//1770 1802//1802
f 1653//1653 1770//1770 1803//1803
f 1770//1770 1628//1628 1725//1725
f 1770//1770 1653//1653 1628//1628
f 1724//1724 1886//1886 1909//1909
f 1886//1886 1860//1860 1979//1979
f 1860//1860 1886//1886 1703//1703
f 1886//1886 1724//1724 1703//1703
f 2001//2001 1886//1886 1979//1979
f 1909//1909 1886//1886 2001//2001
f 1211//1211 1189//1189 1234//1234
f 1189//1189 1188//1188 1234//1234
f 1104//1104 1189//1189 1211//1211
f 1188//1188 1155//1155 1321//1321
f 1299//1299 1155//1155 1127//1127
f 1155//1155 1038//1038 1127//1127
f 2024//2024 2114//2114 2139//2139
f 2114//2114 2288//2288 2139//2139
f 2114//2114 2002//2002 2113//2113
f 2114//2114 2024//2024 2002//2002
f 1827//1827 1852//1852 1853//1853
f 1852//1852 2110//2110 2133//2133
f 1852//1852 2109//2109 2110//2110
f 1854//1854 1852//1852 2133//2133
f 1853//1853 1852//1852 1854//1854
f 1825//1825 2084//2084 2085//2085
f 1795//1795 2084//2084 1825//1825
f 2084//2084 1795//1795 2083//2083
f 2362//2362 2084//2084 2083//2083
f 1386//1386 1385//1385 1574//1574
f 1362//1362 1385//1385 1363//1363
f 1385//1385 1254//1254 1363//1363
f 1385//1385 1386//1386 1254//1254
f 1648//1648 1467//1467 1625//1625
f 1929//1929 1673//1673 1672//1672
f 1673//1673 1929//1929 1696//1696
f 1427//1427 1673//1673 1428//1428
f 1673//1673 1697//1697 1428//1428
f 1697//1697 1673//1673 1696//1696
f 1673//1673 1405//1405 1672//1672
f 1405//1405 1673//1673 1427//1427
f 1905//1905 1906//1906 1672//1672
f 1906//1906 1929//1929 1672//1672
f 1906//1906 2135//2135 2160//2160
f 2161//2161 1906//1906 2160//2160
f 1929//1929 1906//1906 2161//2161
f 1882//1882 1906//1906 1905//1905
f 1906//1906 1882//1882 2135//2135
f 1572//1572 1797//1797 1573//1573
f 1797//1797 1828//1828 1573//1573
f 1828//1828 1797//1797 1796//1796
f 1797//1797 1547//1547 1796//1796
f 1797//1797 1572//1572 1547//1547
f 1623//1623 1430//1430 1602//1602
f 1550//1550 1575//1575 1574//1574
f 1549//1549 1550//1550 1574//1574
f 1700//1700 1722//1722 1603//1603
f 1722//1722 1624//1624 1603//1603
f 1883//1883 1856//1856 2020//2020
f 1884//1884 1883//1883 2020//2020
f 2021//2021 1885//1885 1858//1858
f 1885//1885 1908//1908 1769//1769
f 1908//1908 1885//1885 2022//2022
f 1885//1885 2021//2021 2022//2022
f 1723//1723 1885//1885 1769//1769
f 1858//1858 1885//1885 1723//1723
f 1925//1925 2105//2105 1926//1926
f 2105//2105 1901//1901 1926//1926
f 2105//2105 1949//1949 2129//2129
f 1949//1949 2105//2105 1925//1925
f 2105//2105 2077//2077 1902//1902
f 1901//1901 2105//2105 1902//1902
f 2519//2519 2518//2518 2541//2541
f 2077//2077 1877//1877 1902//1902
f 2040//2040 1877//1877 2077//2077
f 1877//1877 2040//2040 1847//1847
f 1877//1877 1901//1901 1902//1902
f 1975//1975 1694//1694 1717//1717
f 1694//1694 1975//1975 1695//1695
f 1716//1716 1744//1744 1974//1974
f 1716//1716 1975//1975 1717//1717
f 1975//1975 1716//1716 1974//1974
f 1996//1996 1743//1743 1788//1788
f 1290//1290 1484//1484 1443//1443
f 1484//1484 1311//1311 1483//1483
f 1484//1484 1290//1290 1311//1311
f 2040//2040 1848//1848 1847//1847
f 1848//1848 2040//2040 2041//2041
f 2018//2018 1848//1848 2041//2041
f 2284//2284 2259//2259 2258//2258
f 2235//2235 2234//2234 2207//2207
f 2235//2235 2259//2259 2234//2234
f 2110//2110 2393//2393 2394//2394
f 2109//2109 2393//2393 2110//2110
f 2393//2393 2445//2445 2394//2394
f 2445//2445 2393//2393 2494//2494
f 2018//2018 1787//1787 1820//1820
f 1787//1787 1996//1996 1788//1788
f 1787//1787 2018//2018 1996//1996
f 372//372 357//357 371//371
f 358//358 357//357 372//372
f 357//357 370//370 371//371
f 357//357 358//358 370//370
f 617//617 619//619 618//618
f 599//599 598//598 619//619
f 599//599 579//579 598//598
f 599//599 619//619 600//600
f 579//579 599//599 600//600
f 1202//1202 1201//1201 1379//1379
f 1245//1245 1402//1402 1222//1222
f 1402//1402 1403//1403 1222//1222
f 805//805 600//600 826//826
f 806//806 805//805 826//826
f 805//805 806//806 600//600
f 806//806 807//807 787//787
f 787//787 807//807 788//788
f 1355//1355 1356//1356 1169//1169
f 1333//1333 1356//1356 1355//1355
f 1356//1356 1142//1142 1169//1169
f 1356//1356 1334//1334 1142//1142
f 1356//1356 1333//1333 1334//1334
f 1542//1542 1541//1541 1821//1821
f 1821//1821 1541//1541 1851//1851
f 1541//1541 1567//1567 1851//1851
f 1566//1566 1850//1850 1851//1851
f 1849//1849 1850//1850 1566//1566
f 1850//1850 1821//1821 1851//1851
f 2518//2518 2542//2542 2541//2541
f 1789//1789 1514//1514 1824//1824
f 2055//2055 1792//1792 1764//1764
f 1792//1792 2055//2055 2082//2082
f 1763//1763 2055//2055 1764//1764
f 2055//2055 1763//1763 1762//1762
f 2054//2054 2055//2055 1762//1762
f 1457//1457 1456//1456 1719//1719
f 1458//1458 1457//1457 1719//1719
f 1459//1459 1758//1758 1759//1759
f 1459//1459 1458//1458 1758//1758
f 1460//1460 1459//1459 1759//1759
f 1718//1718 1454//1454 1453//1453
f 1454//1454 1755//1755 1455//1455
f 1454//1454 1718//1718 1755//1755
f 120//120 228//228 229//229
f 226//226 228//228 120//120
f 250//250 225//225 224//224
f 226//226 225//225 250//250
f 225//225 226//226 120//120
f 111//111 112//112 51//51
f 112//112 113//113 51//51
f 126//126 127//127 128//128
f 127//127 126//126 235//235
f 126//126 112//112 235//235
f 112//112 126//126 113//113
f 114//114 40//40 39//39
f 113//113 114//114 39//39
f 126//126 114//114 113//113
f 40//40 114//114 128//128
f 114//114 126//126 128//128
f 125//125 123//123 231//231
f 125//125 231//231 233//233
f 234//234 125//125 233//233
f 125//125 234//234 235//235
f 112//112 125//125 235//235
f 125//125 112//112 111//111
f 107//107 121//121 108//108
f 121//121 107//107 120//120
f 121//121 120//120 229//229
f 110//110 111//111 51//51
f 109//109 110//110 51//51
f 110//110 109//109 123//123
f 434//434 403//403 401//401
f 403//403 434//434 435//435
f 341//341 466//466 342//342
f 466//466 341//341 325//325
f 325//325 341//341 183//183
f 341//341 184//184 183//183
f 341//341 342//342 184//184
f 682//682 480//480 681//681
f 481//481 683//683 684//684
f 480//480 683//683 481//481
f 683//683 682//682 684//684
f 682//682 683//683 480//480
f 42//42 53//53 54//54
f 42//42 41//41 53//53
f 42//42 54//54 55//55
f 77//77 174//174 78//78
f 174//174 182//182 78//78
f 76//76 174//174 77//77
f 174//174 76//76 75//75
f 173//173 174//174 75//75
f 308//308 320//320 321//321
f 320//320 308//308 292//292
f 73//73 76//76 77//77
f 72//72 73//73 77//77
f 76//76 73//73 74//74
f 73//73 72//72 71//71
f 73//73 163//163 74//74
f 163//163 73//73 71//71
f 156//156 71//71 155//155
f 156//156 163//163 71//71
f 156//156 155//155 291//291
f 163//163 156//156 291//291
f 387//387 386//386 401//401
f 386//386 385//385 401//401
f 385//385 386//386 375//375
f 386//386 293//293 375//375
f 386//386 387//387 293//293
f 809//809 602//602 601//601
f 602//602 827//827 603//603
f 602//602 809//809 827//827
f 1316//1316 1317//1317 1151//1151
f 1317//1317 1335//1335 1151//1151
f 1335//1335 1317//1317 1336//1336
f 1405//1405 1273//1273 1404//1404
f 1273//1273 1250//1250 1404//1404
f 1250//1250 1273//1273 1274//1274
f 1273//1273 1405//1405 1427//1427
f 1273//1273 1427//1427 1296//1296
f 1274//1274 1273//1273 1296//1296
f 770//770 769//769 768//768
f 789//789 770//770 768//768
f 790//790 789//789 810//810
f 924//924 789//789 768//768
f 906//906 924//924 768//768
f 924//924 906//906 923//923
f 924//924 961//961 789//789
f 789//789 961//961 810//810
f 961//961 987//987 810//810
f 854//854 831//831 855//855
f 987//987 988//988 810//810
f 988//988 1009//1009 830//830
f 988//988 1207//1207 1208//1208
f 1228//1228 988//988 1208//1208
f 1009//1009 988//988 1228//1228
f 503//503 584//584 604//604
f 584//584 503//503 487//487
f 567//567 584//584 487//487
f 584//584 567//567 583//583
f 908//908 1100//1100 925//925
f 1100//1100 908//908 1099//1099
f 874//874 1078//1078 890//890
f 1055//1055 1078//1078 873//873
f 1078//1078 874//874 873//873
f 1430//1430 1601//1601 1602//1602
f 1601//1601 1828//1828 1602//1602
f 1828//1828 1601//1601 1573//1573
f 1406//1406 1572//1572 1573//1573
f 1186//1186 1209//1209 1035//1035
f 1011//1011 1186//1186 1035//1035
f 1230//1230 1056//1056 1035//1035
f 1209//1209 1230//1230 1035//1035
f 1080//1080 1230//1230 1231//1231
f 1056//1056 1230//1230 1080//1080
f 1230//1230 1251//1251 1231//1231
f 585//585 693//693 716//716
f 586//586 585//585 606//606
f 585//585 716//716 606//606
f 490//490 585//585 586//586
f 585//585 490//490 489//489
f 989//989 990//990 813//813
f 990//990 832//832 813//813
f 990//990 1186//1186 1011//1011
f 832//832 990//990 833//833
f 990//990 1011//1011 833//833
f 990//990 989//989 1152//1152
f 1186//1186 990//990 1152//1152
f 555//555 538//538 537//537
f 538//538 406//406 537//537
f 538//538 555//555 439//439
f 406//406 538//538 439//439
f 689//689 713//713 690//690
f 871//871 713//713 853//853
f 714//714 713//713 715//715
f 713//713 654//654 853//853
f 713//713 689//689 654//654
f 715//715 713//713 889//889
f 713//713 888//888 889//889
f 3187//3187 3211//3211 3165//3165
f 3164//3164 3187//3187 3165//3165
f 3187//3187 3164//3164 3211//3211
f 3139//3139 3140//3140 3113//3113
f 3139//3139 3164//3164 3140//3140
f 3139//3139 3085//3085 3112//3112
f 3085//3085 3139//3139 3113//3113
f 3186//3186 3233//3233 3211//3211
f 3164//3164 3186//3186 3211//3211
f 3186//3186 3162//3162 3185//3185
f 2991//2991 3014//3014 3015//3015
f 2991//2991 3015//3015 2992//2992
f 2969//2969 2991//2991 2992//2992
f 2991//2991 2990//2990 3013//3013
f 3014//3014 2991//2991 3013//3013
f 2194//2194 2218//2218 2219//2219
f 2218//2218 2244//2244 2219//2219
f 2244//2244 2218//2218 2291//2291
f 2267//2267 2194//2194 2168//2168
f 2266//2266 2267//2267 2243//2243
f 2267//2267 2218//2218 2194//2194
f 2267//2267 2143//2143 2243//2243
f 2143//2143 2267//2267 2168//2168
f 2291//2291 2267//2267 2266//2266
f 2218//2218 2267//2267 2291//2291
f 2194//2194 2092//2092 2168//2168
f 2092//2092 2064//2064 2168//2168
f 2092//2092 2194//2194 2118//2118
f 2030//2030 2092//2092 2118//2118
f 2064//2064 2092//2092 2030//2030
f 2318//2318 2374//2374 2402//2402
f 2318//2318 2293//2293 2374//2374
f 2293//2293 2318//2318 2345//2345
f 2318//2318 2402//2402 2427//2427
f 2345//2345 2318//2318 2427//2427
f 2378//2378 2430//2430 2455//2455
f 2430//2430 2378//2378 2429//2429
f 2455//2455 2430//2430 2528//2528
f 2430//2430 2429//2429 2528//2528
f 2295//2295 2377//2377 2404//2404
f 2346//2346 2377//2377 2295//2295
f 2377//2377 2503//2503 2404//2404
f 2272//2272 2346//2346 2295//2295
f 2346//2346 2272//2272 2271//2271
f 2272//2272 2295//2295 2321//2321
f 2171//2171 2272//2272 2321//2321
f 2271//2271 2272//2272 2171//2171
f 2245//2245 2269//2269 2270//2270
f 2294//2294 2269//2269 2375//2375
f 2270//2270 2269//2269 2294//2294
f 2269//2269 2345//2345 2375//2375
f 2269//2269 2245//2245 2345//2345
f 1866//1866 1730//1730 1865//1865
f 1866//1866 1775//1775 1730//1730
f 1732//1732 1731//1731 1776//1776
f 1809//1809 1732//1732 1776//1776
f 1731//1731 1732//1732 1708//1708
f 1732//1732 1809//1809 1708//1708
f 1869//1869 1838//1838 1808//1808
f 1838//1838 1809//1809 1808//1808
f 1962//1962 2028//2028 1983//1983
f 2028//2028 1962//1962 1938//1938
f 1962//1962 1961//1961 1938//1938
f 1410//1410 1323//1323 1388//1388
f 1324//1324 1323//1323 1410//1410
f 1526//1526 1499//1499 1554//1554
f 1499//1499 1526//1526 1500//1500
f 1411//1411 1526//1526 1434//1434
f 1526//1526 1411//1411 1389//1389
f 1500//1500 1526//1526 1389//1389
f 1471//1471 1526//1526 1554//1554
f 1526//1526 1471//1471 1434//1434
f 1390//1390 1280//1280 1367//1367
f 1280//1280 1257//1257 1343//1343
f 1367//1367 1280//1280 1343//1343
f 1257//1257 1280//1280 1281//1281
f 1280//1280 1325//1325 1281//1281
f 1280//1280 1390//1390 1325//1325
f 1960//1960 1982//1982 1913//1913
f 1913//1913 1982//1982 2005//2005
f 1982//1982 2004//2004 2005//2005
f 1982//1982 2027//2027 2062//2062
f 1982//1982 1960//1960 2027//2027
f 2090//2090 1982//1982 2062//2062
f 2004//2004 1982//1982 2090//2090
f 1833//1833 1936//1936 1863//1863
f 1833//1833 1863//1863 1705//1705
f 1804//1804 1833//1833 1705//1705
f 1632//1632 1608//1608 1681//1681
f 1583//1583 1608//1608 1584//1584
f 1584//1584 1608//1608 1657//1657
f 1608//1608 1632//1632 1657//1657
f 1706//1706 1632//1632 1681//1681
f 1632//1632 1706//1706 1682//1682
f 1706//1706 1728//1728 1772//1772
f 1706//1706 1681//1681 1728//1728
f 1806//1806 1836//1836 1730//1730
f 1774//1774 1806//1806 1730//1730
f 1836//1836 1806//1806 1835//1835
f 1806//1806 1834//1834 1835//1835
f 1502//1502 1391//1391 1471//1471
f 1502//1502 1527//1527 1391//1391
f 1502//1502 1471//1471 1501//1501
f 1606//1606 1502//1502 1501//1501
f 1502//1502 1606//1606 1528//1528
f 1527//1527 1502//1502 1528//1528
f 2456//2456 2505//2505 2506//2506
f 2505//2505 2456//2456 2479//2479
f 2505//2505 2479//2479 2552//2552
f 2506//2506 2505//2505 2573//2573
f 2505//2505 2552//2552 2573//2573
f 1942//1942 1986//1986 2009//2009
f 1986//1986 1942//1942 1966//1966
f 4743//4743 4763//4763 4764//4764
f 4743//4743 4764//4764 4899//4899
f 4744//4744 4743//4743 4899//4899
f 4763//4763 4743//4743 4721//4721
f 4743//4743 4744//4744 4721//4721
f 4781//4781 4669//4669 4810//4810
f 4909//4909 4897//4897 4910//4910
f 4925//4925 4909//4909 4910//4910
f 4909//4909 4925//4925 4924//4924
f 4875//4875 4936//4936 4862//4862
f 4936//4936 4875//4875 4951//4951
f 4936//4936 4863//4863 4862//4862
f 4925//4925 4936//4936 4924//4924
f 4863//4863 4936//4936 4836//4836
f 4936//4936 4925//4925 4836//4836
f 4980//4980 4966//4966 4967//4967
f 4967//4967 4966//4966 4951//4951
f 4272//4272 4164//4164 4298//4298
f 4164//4164 4272//4272 4146//4146
f 4272//4272 4298//4298 4299//4299
f 3799//3799 3820//3820 3844//3844
f 3866//3866 3820//3820 3843//3843
f 3820//3820 3866//3866 3844//3844
f 3820//3820 3798//3798 3843//3843
f 3820//3820 3773//3773 3798//3798
f 3821//3821 3822//3822 3800//3800
f 3822//3822 3821//3821 3844//3844
f 3775//3775 3821//3821 3800//3800
f 3821//3821 3799//3799 3844//3844
f 3821//3821 3775//3775 3799//3799
f 3352//3352 3279//3279 3328//3328
f 3352//3352 3467//3467 3279//3279
f 3467//3467 3352//3352 3432//3432
f 3352//3352 3404//3404 3432//3432
f 3404//3404 3352//3352 3377//3377
f 3352//3352 3327//3327 3377//3377
f 3303//3303 3352//3352 3328//3328
f 3327//3327 3352//3352 3303//3303
f 3822//3822 3776//3776 3800//3800
f 3692//3692 3822//3822 3622//3622
f 3864//3864 3865//3865 3843//3843
f 3865//3865 3937//3937 3843//3843
f 3890//3890 3865//3865 3864//3864
f 3937//3937 3965//3965 3917//3917
f 3938//3938 3866//3866 3843//3843
f 3937//3937 3938//3938 3843//3843
f 3866//3866 3938//3938 3891//3891
f 3938//3938 3917//3917 3891//3891
f 3938//3938 3937//3937 3917//3917
f 4109//4109 4165//4165 4089//4089
f 4109//4109 4126//4126 4165//4165
f 4126//4126 4109//4109 4145//4145
f 4166//4166 4147//4147 4165//4165
f 4187//4187 4166//4166 4165//4165
f 4166//4166 4187//4187 4147//4147
f 4073//4073 4019//4019 4053//4053
f 4073//4073 3965//3965 4019//4019
f 3965//3965 4073//4073 4111//4111
f 3377//3377 3351//3351 3376//3376
f 3327//3327 3351//3351 3377//3377
f 3376//3376 3351//3351 3326//3326
f 3351//3351 3327//3327 3326//3326
f 3793//3793 3660//3660 3816//3816
f 3770//3770 3749//3749 3715//3715
f 3371//3371 3396//3396 3397//3397
f 3526//3526 3525//3525 3546//3546
f 3525//3525 3461//3461 3546//3546
f 3461//3461 3525//3525 3424//3424
f 3525//3525 3396//3396 3424//3424
f 3525//3525 3503//3503 3396//3396
f 3525//3525 3526//3526 3503//3503
f 3616//3616 3502//3502 3524//3524
f 3639//3639 3616//3616 3524//3524
f 4088//4088 4164//4164 4145//4145
f 4762//4762 4741//4741 4761//4761
f 4741//4741 4742//4742 4761//4761
f 4741//4741 4762//4762 4884//4884
f 4864//4864 4741//4741 4884//4884
f 4741//4741 4719//4719 4742//4742
f 4719//4719 4741//4741 4864//4864
f 4571//4571 4591//4591 4673//4673
f 4571//4571 4488//4488 4591//4591
f 4488//4488 4571//4571 4470//4470
f 4123//4123 4161//4161 4141//4141
f 4320//4320 4161//4161 4160//4160
f 4141//4141 4161//4161 4320//4320
f 3814//3814 3791//3791 3792//3792
f 3791//3791 3931//3931 3792//3792
f 3791//3791 3930//3930 3931//3931
f 3791//3791 3814//3814 3813//3813
f 3930//3930 3791//3791 3813//3813
f 4698//4698 4681//4681 4699//4699
f 5249//5249 5236//5236 5248//5248
f 5249//5249 5250//5250 5236//5236
f 5208//5208 5224//5224 5223//5223
f 5200//5200 5208//5208 5209//5209
f 5208//5208 5223//5223 5237//5237
f 5250//5250 5208//5208 5237//5237
f 5208//5208 5200//5200 5191//5191
f 5224//5224 5208//5208 5191//5191
f 4946//4946 4963//4963 4962//4962
f 4963//4963 4978//4978 4962//4962
f 5136//5136 5006//5006 5028//5028
f 5006//5006 5136//5136 5007//5007
f 5006//5006 5005//5005 5028//5028
f 5005//5005 5006//5006 5007//5007
f 3971//3971 3948//3948 3970//3970
f 3948//3948 3971//3971 3807//3807
f 3948//3948 3807//3807 3785//3785
f 3947//3947 3948//3948 3785//3785
f 4001//4001 4194//4194 4028//4028
f 3101//3101 3073//3073 3100//3100
f 3313//3313 3292//3292 3312//3312
f 3411//3411 3412//3412 3387//3387
f 3243//3243 3219//3219 3242//3242
f 2112//2112 2238//2238 2137//2137
f 2237//2237 2238//2238 2112//2112
f 2238//2238 2237//2237 2262//2262
f 2238//2238 2286//2286 2137//2137
f 2286//2286 2238//2238 2262//2262
f 3317//3317 3202//3202 3224//3224
f 3202//3202 3078//3078 3224//3224
f 3078//3078 3202//3202 3054//3054
f 3202//3202 3178//3178 3054//3054
f 3178//3178 3271//3271 3155//3155
f 3223//3223 3345//3345 3224//3224
f 3345//3345 3317//3317 3224//3224
f 3609//3609 3629//3629 3608//3608
f 3560//3560 3584//3584 3585//3585
f 3104//3104 3125//3125 3074//3074
f 4335//4335 4336//4336 4334//4334
f 4549//4549 4335//4335 4334//4334
f 4550//4550 4335//4335 4549//4549
f 4335//4335 4550//4550 4551//4551
f 4336//4336 4335//4335 4551//4551
f 4577//4577 4578//4578 4343//4343
f 4577//4577 4342//4342 4557//4557
f 4342//4342 4577//4577 4343//4343
f 3248//3248 3129//3129 3270//3270
f 3129//3129 3128//3128 3270//3270
f 3129//3129 3248//3248 3105//3105
f 3128//3128 3129//3129 2982//2982
f 2960//2960 3129//3129 3105//3105
f 3129//3129 2960//2960 2982//2982
f 4445//4445 4422//4422 4423//4423
f 4422//4422 4445//4445 4444//4444
f 3682//3682 3926//3926 3927//3927
f 3926//3926 3682//3682 3925//3925
f 3656//3656 3905//3905 3657//3657
f 3656//3656 3682//3682 3927//3927
f 3905//3905 3656//3656 3927//3927
f 4203//4203 4223//4223 4224//4224
f 4181//4181 4223//4223 4203//4203
f 3883//3883 3857//3857 3858//3858
f 3857//3857 3883//3883 4047//4047
f 3857//3857 4013//4013 3858//3858
f 4013//4013 3857//3857 4047//4047
f 3543//3543 3544//3544 3394//3394
f 3544//3544 3522//3522 3368//3368
f 3589//3589 3564//3564 3422//3422
f 3564//3564 3394//3394 3422//3422
f 3543//3543 3564//3564 3565//3565
f 3564//3564 3543//3543 3394//3394
f 3957//3957 3984//3984 4121//4121
f 3957//3957 4121//4121 4104//4104
f 3928//3928 4083//4083 3929//3929
f 4083//4083 3928//3928 4104//4104
f 3928//3928 3957//3957 4104//4104
f 3957//3957 3928//3928 3958//3958
f 3765//3765 3563//3563 3790//3790
f 3765//3765 3766//3766 3563//3563
f 3789//3789 3765//3765 3790//3790
f 3712//3712 3520//3520 3747//3747
f 3520//3520 3542//3542 3747//3747
f 3766//3766 3541//3541 3563//3563
f 3681//3681 3680//3680 3956//3956
f 3956//3956 3680//3680 3955//3955
f 3680//3680 3679//3679 3955//3955
f 4615//4615 4614//4614 4805//4805
f 4614//4614 4613//4613 4805//4805
f 4613//4613 4614//4614 4630//4630
f 301//301 316//316 443//443
f 316//316 315//315 443//443
f 316//316 301//301 302//302
f 314//314 316//316 302//302
f 315//315 316//316 314//314
f 381//381 495//495 347//347
f 474//474 495//495 511//511
f 495//495 510//510 511//511
f 510//510 495//495 381//381
f 347//347 332//332 333//333
f 332//332 334//334 333//333
f 332//332 474//474 334//334
f 495//495 332//332 347//347
f 332//332 495//495 474//474
f 1284//1284 1259//1259 1217//1217
f 1284//1284 1285//1285 1259//1259
f 1284//1284 1217//1217 1110//1110
f 1284//1284 1110//1110 1109//1109
f 1216//1216 1284//1284 1109//1109
f 1284//1284 1216//1216 1347//1347
f 1305//1305 1284//1284 1347//1347
f 1285//1285 1284//1284 1305//1305
f 1328//1328 1371//1371 1395//1395
f 1394//1394 1416//1416 1395//1395
f 1416//1416 1394//1394 1393//1393
f 1371//1371 1394//1394 1395//1395
f 1393//1393 1394//1394 1347//1347
f 1394//1394 1371//1371 1347//1347
f 1476//1476 1534//1534 1416//1416
f 1416//1416 1534//1534 1417//1417
f 1218//1218 1196//1196 1195//1195
f 1196//1196 1162//1162 1195//1195
f 1135//1135 1136//1136 1112//1112
f 1111//1111 1135//1135 1112//1112
f 1135//1135 1111//1111 1134//1134
f 1136//1136 1135//1135 1218//1218
f 1135//1135 1196//1196 1218//1218
f 1088//1088 1111//1111 1112//1112
f 1111//1111 1088//1088 1067//1067
f 900//900 802//802 919//919
f 900//900 919//919 936//936
f 1199//1199 1220//1220 1221//1221
f 1200//1200 1199//1199 1221//1221
f 800//800 782//782 781//781
f 782//782 800//800 783//783
f 782//782 783//783 593//593
f 782//782 593//593 592//592
f 666//666 782//782 592//592
f 781//781 782//782 666//666
f 899//899 864//864 843//843
f 883//883 864//864 899//899
f 843//843 864//864 844//844
f 864//864 865//865 844//844
f 864//864 883//883 865//865
f 883//883 918//918 1022//1022
f 918//918 883//883 899//899
f 918//918 917//917 935//935
f 918//918 1021//1021 1022//1022
f 1021//1021 918//918 935//935
f 821//821 1024//1024 975//975
f 1023//1023 1024//1024 821//821
f 1024//1024 1023//1023 1001//1001
f 1114//1114 1113//1113 1166//1166
f 1113//1113 1138//1138 1166//1166
f 1113//1113 1114//1114 1139//1139
f 1138//1138 1113//1113 1139//1139
f 1398//1398 1422//1422 1423//1423
f 1423//1423 1422//1422 1440//1440
f 898//898 819//819 917//917
f 898//898 918//918 899//899
f 918//918 898//898 917//917
f 898//898 899//899 843//843
f 819//819 898//898 843//843
f 700//700 593//593 725//725
f 700//700 576//576 593//593
f 409//409 410//410 366//366
f 442//442 409//409 366//366
f 473//473 442//442 493//493
f 576//576 473//473 593//593
f 492//492 473//473 493//493
f 473//473 492//492 593//593
f 409//409 473//473 410//410
f 473//473 409//409 442//442
f 366//366 395//395 355//355
f 561//561 595//595 578//578
f 561//561 509//509 595//595
f 545//545 561//561 578//578
f 345//345 367//367 381//381
f 367//367 345//345 356//356
f 367//367 356//356 355//355
f 380//380 367//367 355//355
f 381//381 367//367 380//380
f 1616//1616 1667//1667 1818//1818
f 1616//1616 1593//1593 1615//1615
f 1616//1616 1615//1615 1640//1640
f 1667//1667 1616//1616 1640//1640
f 1846//1846 1845//1845 1876//1876
f 1667//1667 1846//1846 1817//1817
f 1845//1845 1846//1846 1667//1667
f 1068//1068 1069//1069 1047//1047
f 1069//1069 1023//1023 1047//1047
f 1023//1023 1069//1069 1001//1001
f 1090//1090 1114//1114 1166//1166
f 1114//1114 1090//1090 1089//1089
f 1090//1090 1068//1068 1089//1089
f 1350//1350 1349//1349 1421//1421
f 1349//1349 1373//1373 1421//1421
f 1373//1373 1349//1349 1396//1396
f 1396//1396 1419//1419 1397//1397
f 1419//1419 1418//1418 1397//1397
f 1418//1418 1419//1419 1396//1396
f 2178//2178 2072//2072 2102//2102
f 2072//2072 2155//2155 2037//2037
f 2072//2072 2178//2178 2155//2155
f 1815//1815 1781//1781 1814//1814
f 1843//1843 1815//1815 1814//1814
f 1781//1781 1815//1815 1782//1782
f 1919//1919 1920//1920 1897//1897
f 1945//1945 1920//1920 1919//1919
f 1874//1874 1920//1920 1842//1842
f 1920//1920 1945//1945 2014//2014
f 1920//1920 1843//1843 1842//1842
f 1920//1920 1815//1815 1843//1843
f 1813//1813 1841//1841 1814//1814
f 1968//1968 1944//1944 1918//1918
f 1989//1989 1944//1944 1968//1968
f 2731//2731 2687//2687 2709//2709
f 2601//2601 2578//2578 2558//2558
f 2772//2772 2751//2751 2792//2792
f 2832//2832 2772//2772 2792//2792
f 2751//2751 2728//2728 2665//2665
f 2772//2772 2728//2728 2751//2751
f 2642//2642 2665//2665 2686//2686
f 2620//2620 2642//2642 2686//2686
f 2559//2559 2580//2580 2602//2602
f 2580//2580 2579//2579 2602//2602
f 2380//2380 2381//2381 2349//2349
f 2381//2381 2380//2380 2408//2408
f 2853//2853 2873//2873 2892//2892
f 2833//2833 2873//2873 2853//2853
f 2892//2892 2912//2912 2973//2973
f 2873//2873 2912//2912 2892//2892
f 2953//2953 2972//2972 2973//2973
f 1066//1066 997//997 996//996
f 997//997 1066//1066 1087//1087
f 1066//1066 1086//1086 1087//1087
f 1066//1066 996//996 1018//1018
f 1065//1065 1066//1066 1018//1018
f 1086//1086 1066//1066 1065//1065
f 997//997 971//971 996//996
f 996//996 971//971 1018//1018
f 971//971 997//997 972//972
f 882//882 971//971 972//972
f 1044//1044 1067//1067 1045//1045
f 999//999 1044//1044 1045//1045
f 916//916 840//840 863//863
f 840//840 916//916 841//841
f 916//916 999//999 841//841
f 916//916 1044//1044 999//999
f 798//798 779//779 778//778
f 779//779 798//798 780//780
f 882//882 798//798 778//778
f 105//105 106//106 32//32
f 103//103 105//105 32//32
f 106//106 105//105 120//120
f 221//221 102//102 101//101
f 102//102 103//103 101//101
f 102//102 221//221 224//224
f 223//223 249//249 224//224
f 222//222 223//223 224//224
f 223//223 222//222 249//249
f 745//745 764//764 746//746
f 745//745 763//763 764//764
f 745//745 532//532 531//531
f 745//745 746//746 747//747
f 532//532 745//745 747//747
f 763//763 745//745 762//762
f 513//513 512//512 747//747
f 512//512 532//532 747//747
f 512//512 513//513 373//373
f 532//532 512//512 373//373
f 479//479 478//478 708//708
f 707//707 706//706 705//705
f 706//706 499//499 705//705
f 499//499 706//706 707//707
f 730//730 496//496 729//729
f 496//496 728//728 729//729
f 210//210 270//270 211//211
f 91//91 210//210 211//211
f 208//208 118//118 117//117
f 117//117 118//118 18//18
f 245//245 208//208 116//116
f 154//154 147//147 146//146
f 278//278 154//154 153//153
f 154//154 69//69 153//153
f 154//154 146//146 69//69
f 191//191 350//350 335//335
f 349//349 350//350 191//191
f 335//335 350//350 384//384
f 350//350 349//349 384//384
f 264//264 135//135 149//149
f 148//148 264//264 149//149
f 135//135 267//267 136//136
f 267//267 137//137 136//136
f 93//93 212//212 94//94
f 93//93 92//92 212//212
f 95//95 93//93 94//94
f 93//93 23//23 22//22
f 92//92 93//93 22//22
f 23//23 93//93 24//24
f 93//93 95//95 24//24
f 674//674 675//675 451//451
f 1514//1514 1513//1513 1824//1824
f 1824//1824 1513//1513 1823//1823
f 1513//1513 1512//1512 1823//1823
f 1178//1178 949//949 948//948
f 1446//1446 1749//1749 1447//1447
f 1446//1446 1445//1445 1748//1748
f 1749//1749 1446//1446 1748//1748
f 1745//1745 1486//1486 1791//1791
f 982//982 983//983 981//981
f 941//941 1171//1171 942//942
f 1172//1172 943//943 942//942
f 1172//1172 1173//1173 943//943
f 1171//1171 1172//1172 942//942
f 1556//1556 1656//1656 1583//1583
f 1681//1681 1656//1656 1727//1727
f 1656//1656 1655//1655 1727//1727
f 1656//1656 1608//1608 1583//1583
f 1608//1608 1656//1656 1681//1681
f 1529//1529 1631//1631 1556//1556
f 1631//1631 1656//1656 1556//1556
f 1656//1656 1631//1631 1655//1655
f 1103//1103 1233//1233 1253//1253
f 1082//1082 1233//1233 1103//1103
f 1233//1233 1082//1082 1037//1037
f 1232//1232 1233//1233 1037//1037
f 1233//1233 1232//1232 1363//1363
f 1253//1253 1233//1233 1363//1363
f 895//895 930//930 912//912
f 931//931 930//930 1060//1060
f 1038//1038 1039//1039 1015//1015
f 1039//1039 895//895 1015//1015
f 930//930 1039//1039 1060//1060
f 1039//1039 930//930 895//895
f 880//880 896//896 879//879
f 896//896 880//880 895//895
f 880//880 879//879 859//859
f 967//967 880//880 859//859
f 993//993 880//880 967//967
f 880//880 993//993 1015//1015
f 895//895 880//880 1015//1015
f 1365//1365 1235//1235 1342//1342
f 1365//1365 1256//1256 1235//1235
f 1256//1256 1365//1365 1366//1366
f 1525//1525 1365//1365 1342//1342
f 1365//1365 1525//1525 1366//1366
f 1041//1041 1213//1213 1061//1061
f 1213//1213 1041//1041 1190//1190
f 1156//1156 1040//1040 1128//1128
f 1156//1156 1128//1128 1211//1211
f 1041//1041 1156//1156 1190//1190
f 1156//1156 1041//1041 1040//1040
f 1190//1190 1156//1156 1255//1255
f 1156//1156 1211//1211 1255//1255
f 969//969 968//968 1060//1060
f 969//969 931//931 968//968
f 1212//1212 1213//1213 1190//1190
f 1300//1300 1212//1212 1190//1190
f 1212//1212 1300//1300 1301//1301
f 1235//1235 1212//1212 1301//1301
f 1213//1213 1212//1212 1235//1235
f 1157//1157 1214//1214 1236//1236
f 1214//1214 1157//1157 1192//1192
f 1214//1214 1343//1343 1236//1236
f 1214//1214 1324//1324 1343//1343
f 1324//1324 1214//1214 1192//1192
f 897//897 932//932 838//838
f 897//897 861//861 881//881
f 861//861 897//897 838//838
f 913//913 897//897 881//881
f 817//817 816//816 837//837
f 817//817 837//837 838//838
f 817//817 739//739 756//756
f 816//816 817//817 756//756
f 739//739 817//817 721//721
f 721//721 817//817 663//663
f 817//817 838//838 663//663
f 2608//2608 2519//2519 2541//2541
f 2608//2608 2673//2673 2695//2695
f 2384//2384 2463//2463 2438//2438
f 2463//2463 2384//2384 2411//2411
f 2487//2487 2463//2463 2411//2411
f 2582//2582 2561//2561 2560//2560
f 2561//2561 2582//2582 2537//2537
f 2561//2561 2513//2513 2560//2560
f 2561//2561 2537//2537 2513//2513
f 2124//2124 2153//2153 2176//2176
f 2279//2279 2303//2303 2385//2385
f 2303//2303 2326//2326 2385//2385
f 2303//2303 2279//2279 2254//2254
f 2815//2815 2855//2855 2835//2835
f 2855//2855 2875//2875 2835//2835
f 3440//3440 3409//3409 3383//3383
f 3120//3120 3121//3121 3097//3097
f 3071//3071 3120//3120 3097//3097
f 3172//3172 3119//3119 3144//3144
f 3382//3382 3286//3286 3285//3285
f 3263//3263 3382//3382 3285//3285
f 3473//3473 3494//3494 3474//3474
f 3439//3439 3473//3473 3474//3474
f 2647//2647 2646//2646 2669//2669
f 2646//2646 2624//2624 2645//2645
f 2669//2669 2646//2646 2645//2645
f 2624//2624 2646//2646 2603//2603
f 2646//2646 2604//2604 2603//2603
f 2604//2604 2646//2646 2625//2625
f 2646//2646 2647//2647 2625//2625
f 2485//2485 2511//2511 2512//2512
f 4131//4131 4169//4169 4232//4232
f 4169//4169 4131//4131 4149//4149
f 4149//4149 4131//4131 4130//4130
f 4131//4131 4024//4024 4130//4130
f 4327//4327 4365//4365 4328//4328
f 4327//4327 4302//4302 4365//4365
f 4327//4327 4328//4328 4275//4275
f 4302//4302 4327//4327 4275//4275
f 4274//4274 4301//4301 4275//4275
f 4301//4301 4302//4302 4275//4275
f 4302//4302 4301//4301 4385//4385
f 3969//3969 3997//3997 4059//4059
f 3997//3997 4025//4025 4057//4057
f 4025//4025 3997//3997 3996//3996
f 3997//3997 3969//3969 3996//3996
f 3945//3945 3944//3944 3968//3968
f 4151//4151 4191//4191 4171//4171
f 4191//4191 4151//4151 4170//4170
f 4170//4170 4151//4151 4150//4150
f 4151//4151 4132//4132 4150//4150
f 4132//4132 4151//4151 4171//4171
f 3808//3808 3786//3786 3807//3807
f 3971//3971 3808//3808 3807//3807
f 3808//3808 3999//3999 3827//3827
f 3808//3808 3971//3971 3999//3999
f 4260//4260 4481//4481 4482//4482
f 4261//4261 4260//4260 4482//4482
f 4481//4481 4260//4260 4259//4259
f 4260//4260 4261//4261 4259//4259
f 4575//4575 4576//4576 4598//4598
f 4576//4576 4597//4597 4598//4598
f 4852//4852 4851//4851 4850//4850
f 4851//4851 4849//4849 4850//4850
f 4854//4854 4852//4852 4853//4853
f 5051//5051 5024//5024 5023//5023
f 4507//4507 4508//4508 4286//4286
f 4285//4285 4507//4507 4286//4286
f 4507//4507 4285//4285 4314//4314
f 4506//4506 4507//4507 4314//4314
f 4799//4799 4832//4832 4833//4833
f 4799//4799 4833//4833 4800//4800
f 4582//4582 4583//4583 4346//4346
f 4583//4583 4558//4558 4346//4346
f 4558//4558 4583//4583 4559//4559
f 5305//5305 5222//5222 5221//5221
f 5206//5206 5222//5222 5305//5305
f 5221//5221 5222//5222 5198//5198
f 5222//5222 5206//5206 5198//5198
f 5206//5206 5207//5207 5198//5198
f 5207//5207 5189//5189 5198//5198
f 5207//5207 5310//5310 5306//5306
f 5207//5207 5206//5206 5310//5310
f 5048//5048 5078//5078 5079//5079
f 4530//4530 4355//4355 4354//4354
f 4530//4530 4531//4531 4355//4355
f 4827//4827 4828//4828 4829//4829
f 4828//4828 4827//4827 4858//4858
f 4827//4827 4857//4857 4858//4858
f 4011//4011 3978//3978 3745//3745
f 3745//3745 3978//3978 3708//3708
f 3978//3978 3979//3979 3708//3708
f 5218//5218 5226//5226 5227//5227
f 5218//5218 5217//5217 5226//5226
f 5219//5219 5218//5218 5227//5227
f 5217//5217 5218//5218 5219//5219
f 4401//4401 4418//4418 4278//4278
f 4418//4418 4401//4401 4402//4402
f 4388//4388 4401//4401 4278//4278
f 4402//4402 4401//4401 4388//4388
f 4418//4418 4437//4437 4438//4438
f 4438//4438 4437//4437 4456//4456
f 4437//4437 4418//4418 4417//4417
f 4521//4521 4609//4609 4610//4610
f 4608//4608 4609//4609 4521//4521
f 4595//4595 4596//4596 4521//4521
f 4596//4596 4608//4608 4521//4521
f 4574//4574 4595//4595 4521//4521
f 4476//4476 4496//4496 4497//4497
f 4494//4494 4496//4496 4476//4476
f 4496//4496 4494//4494 4495//4495
f 4625//4625 4626//4626 4643//4643
f 4626//4626 4641//4641 4643//4643
f 4642//4642 4658//4658 4643//4643
f 4641//4641 4642//4642 4643//4643
f 4642//4642 4641//4641 4658//4658
f 4693//4693 4694//4694 4660//4660
f 4677//4677 4693//4693 4660//4660
f 4693//4693 4709//4709 4694//4694
f 4659//4659 4677//4677 4660//4660
f 4677//4677 4659//4659 4658//4658
f 4643//4643 4659//4659 4660//4660
f 4658//4658 4659//4659 4643//4643
f 2239//2239 2214//2214 2368//2368
f 2263//2263 2239//2239 2398//2398
f 2239//2239 2368//2368 2398//2398
f 3592//3592 3617//3617 3618//3618
f 3618//3618 3617//3617 3717//3717
f 3617//3617 3664//3664 3717//3717
f 3617//3617 3640//3640 3664//3664
f 3275//3275 3254//3254 3301//3301
f 3275//3275 3229//3229 3254//3254
f 3255//3255 3275//3275 3301//3301
f 3275//3275 3255//3255 3207//3207
f 3229//3229 3275//3275 3207//3207
f 3426//3426 3463//3463 3427//3427
f 3427//3427 3463//3463 3505//3505
f 3463//3463 3528//3528 3505//3505
f 3528//3528 3463//3463 3485//3485
f 3346//3346 3425//3425 3320//3320
f 3425//3425 3398//3398 3320//3320
f 3321//3321 3252//3252 3272//3272
f 3252//3252 3321//3321 3299//3299
f 2748//2748 2769//2769 2749//2749
f 2725//2725 2748//2748 2749//2749
f 2748//2748 2768//2768 2769//2769
f 2768//2768 2788//2788 2769//2769
f 2788//2788 2789//2789 2769//2769
f 2867//2867 2848//2848 2847//2847
f 2848//2848 2828//2828 2847//2847
f 2660//2660 2659//2659 2681//2681
f 2682//2682 2660//2660 2681//2681
f 2660//2660 2682//2682 2638//2638
f 2724//2724 2725//2725 2704//2704
f 3036//3036 3037//3037 3011//3011
f 2929//2929 2968//2968 2949//2949
f 2991//2991 2968//2968 2990//2990
f 2949//2949 2968//2968 2969//2969
f 2968//2968 2991//2991 2969//2969
f 2989//2989 2967//2967 2966//2966
f 2967//2967 2947//2947 2966//2966
f 3056//3056 3133//3133 3107//3107
f 3132//3132 3133//3133 3055//3055
f 3133//3133 3056//3056 3055//3055
f 2985//2985 2963//2963 2923//2923
f 2985//2985 2943//2943 3007//3007
f 2985//2985 2923//2923 2943//2943
f 3082//3082 3008//3008 3034//3034
f 2903//2903 2946//2946 2926//2926
f 2903//2903 2925//2925 2946//2946
f 2449//2449 2448//2448 2523//2523
f 2448//2448 2424//2424 2523//2523
f 2424//2424 2448//2448 2449//2449
f 2315//2315 2424//2424 2342//2342
f 2424//2424 2315//2315 2289//2289
f 2241//2241 2315//2315 2342//2342
f 2315//2315 2241//2241 2216//2216
f 2191//2191 2315//2315 2216//2216
f 2315//2315 2191//2191 2289//2289
f 2425//2425 2499//2499 2524//2524
f 2498//2498 2499//2499 2425//2425
f 2499//2499 2568//2568 2524//2524
f 2568//2568 2499//2499 2546//2546
f 2499//2499 2498//2498 2546//2546
f 2474//2474 2371//2371 2449//2449
f 2474//2474 2449//2449 2546//2546
f 2498//2498 2474//2474 2546//2546
f 2474//2474 2372//2372 2371//2371
f 2474//2474 2498//2498 2400//2400
f 2372//2372 2474//2474 2400//2400
f 2370//2370 2369//2369 2472//2472
f 2370//2370 2473//2473 2399//2399
f 2370//2370 2472//2472 2473//2473
f 2289//2289 2370//2370 2399//2399
f 2369//2369 2370//2370 2240//2240
f 2341//2341 2240//2240 2215//2215
f 2341//2341 2369//2369 2240//2240
f 2189//2189 2341//2341 2215//2215
f 2369//2369 2341//2341 2314//2314
f 2314//2314 2313//2313 2423//2423
f 2313//2313 2288//2288 2423//2423
f 2188//2188 2313//2313 2189//2189
f 2288//2288 2313//2313 2165//2165
f 2313//2313 2188//2188 2165//2165
f 2313//2313 2341//2341 2189//2189
f 2341//2341 2313//2313 2314//2314
f 2265//2265 2242//2242 2342//2342
f 2242//2242 2241//2241 2342//2342
f 2242//2242 2265//2265 2167//2167
f 2142//2142 2242//2242 2167//2167
f 2116//2116 2242//2242 2142//2142
f 2242//2242 2116//2116 2090//2090
f 2241//2241 2242//2242 2090//2090
f 2569//2569 2500//2500 2547//2547
f 2500//2500 2476//2476 2452//2452
f 2500//2500 2452//2452 2426//2426
f 2633//2633 2655//2655 2656//2656
f 2633//2633 2612//2612 2655//2655
f 2613//2613 2633//2633 2656//2656
f 2612//2612 2633//2633 2613//2613
f 2373//2373 2343//2343 2425//2425
f 2373//2373 2450//2450 2401//2401
f 2373//2373 2425//2425 2450//2450
f 2266//2266 2373//2373 2401//2401
f 2343//2343 2373//2373 2266//2266
f 2372//2372 2316//2316 2290//2290
f 2316//2316 2372//2372 2343//2343
f 2316//2316 2217//2217 2290//2290
f 2217//2217 2316//2316 2243//2243
f 2316//2316 2343//2343 2243//2243
f 2502//2502 2428//2428 2403//2403
f 2319//2319 2428//2428 2454//2454
f 2428//2428 2527//2527 2454//2454
f 2428//2428 2502//2502 2527//2527
f 2428//2428 2319//2319 2294//2294
f 2403//2403 2428//2428 2294//2294
f 1678//1678 1553//1553 1651//1651
f 1553//1553 1525//1525 1651//1651
f 1553//1553 1678//1678 1577//1577
f 1525//1525 1553//1553 1366//1366
f 1553//1553 1410//1410 1366//1366
f 1578//1578 1553//1553 1577//1577
f 1553//1553 1578//1578 1410//1410
f 1320//1320 1155//1155 1299//1299
f 1155//1155 1320//1320 1321//1321
f 1431//1431 1320//1320 1299//1299
f 1321//1321 1320//1320 1468//1468
f 1320//1320 1431//1431 1468//1468
f 2108//2108 1827//1827 2085//2085
f 2108//2108 1852//1852 1827//1827
f 1852//1852 2108//2108 2109//2109
f 2084//2084 2108//2108 2085//2085
f 2108//2108 2084//2084 2362//2362
f 1467//1467 1649//1649 1676//1676
f 1648//1648 1649//1649 1467//1467
f 1676//1676 1649//1649 1677//1677
f 1496//1496 1523//1523 1319//1319
f 1496//1496 1647//1647 1523//1523
f 1496//1496 1623//1623 1647//1647
f 1798//1798 1649//1649 1648//1648
f 1575//1575 1699//1699 1603//1603
f 1699//1699 1700//1700 1603//1603
f 1550//1550 1699//1699 1575//1575
f 1675//1675 1699//1699 1550//1550
f 1674//1674 1675//1675 1550//1550
f 1647//1647 1674//1674 1549//1549
f 1674//1674 1550//1550 1549//1549
f 1716//1716 1715//1715 1744//1744
f 1997//1997 1743//1743 1996//1996
f 1743//1743 1997//1997 1744//1744
f 1744//1744 1997//1997 1974//1974
f 1848//1848 1819//1819 1847//1847
f 1819//1819 2018//2018 1820//1820
f 1819//1819 1848//1848 2018//2018
f 2361//2361 2055//2055 2054//2054
f 2361//2361 2362//2362 2082//2082
f 2055//2055 2361//2361 2082//2082
f 1201//1201 1378//1378 1379//1379
f 1403//1403 1378//1378 1223//1223
f 1378//1378 1201//1201 1223//1223
f 1402//1402 1378//1378 1403//1403
f 1426//1426 1245//1245 1244//1244
f 1426//1426 1402//1402 1245//1245
f 1598//1598 1597//1597 1880//1880
f 1597//1597 1879//1879 1880//1880
f 1597//1597 1620//1620 1878//1878
f 1879//1879 1597//1597 1878//1878
f 2359//2359 2392//2392 2417//2417
f 2358//2358 2392//2392 2359//2359
f 2392//2392 2358//2358 2357//2357
f 2418//2418 2392//2392 2391//2391
f 2392//2392 2418//2418 2417//2417
f 2048//2048 1755//1755 1754//1754
f 227//227 226//226 250//250
f 227//227 228//228 226//226
f 228//228 227//227 229//229
f 121//121 122//122 108//108
f 122//122 109//109 108//108
f 109//109 122//122 123//123
f 122//122 121//121 229//229
f 230//230 122//122 229//229
f 123//123 122//122 230//230
f 125//125 124//124 123//123
f 124//124 110//110 123//123
f 124//124 125//125 111//111
f 110//110 124//124 111//111
f 435//435 500//500 436//436
f 434//434 500//500 435//435
f 466//466 500//500 484//484
f 500//500 466//466 436//436
f 500//500 653//653 654//654
f 653//653 500//500 652//652
f 689//689 500//500 654//654
f 652//652 500//500 622//622
f 500//500 689//689 690//690
f 500//500 501//501 484//484
f 714//714 500//500 690//690
f 500//500 715//715 501//501
f 500//500 714//714 715//715
f 182//182 181//181 322//322
f 174//174 181//181 182//182
f 181//181 308//308 322//322
f 308//308 181//181 173//173
f 181//181 174//174 173//173
f 1034//1034 1054//1054 1055//1055
f 1034//1034 873//873 855//855
f 1034//1034 1055//1055 873//873
f 831//831 1034//1034 855//855
f 1009//1009 1010//1010 830//830
f 1010//1010 1228//1228 1032//1032
f 1010//1010 1009//1009 1228//1228
f 988//988 811//811 810//810
f 811//811 988//988 830//830
f 811//811 790//790 810//810
f 831//831 811//811 830//830
f 962//962 1124//1124 1152//1152
f 926//926 1124//1124 962//962
f 1124//1124 926//926 925//925
f 1100//1100 1124//1124 925//925
f 1123//1123 1124//1124 1100//1100
f 1124//1124 1123//1123 1152//1152
f 1099//1099 1079//1079 1055//1055
f 1079//1079 1078//1078 1055//1055
f 1079//1079 908//908 907//907
f 908//908 1079//1079 1099//1099
f 891//891 1079//1079 907//907
f 1079//1079 891//891 890//890
f 1078//1078 1079//1079 890//890
f 1572//1572 1384//1384 1548//1548
f 1406//1406 1384//1384 1572//1572
f 1601//1601 1429//1429 1573//1573
f 1429//1429 1406//1406 1573//1573
f 1429//1429 1601//1601 1430//1430
f 693//693 569//569 568//568
f 585//585 569//569 693//693
f 439//439 569//569 470//470
f 569//569 489//489 470//470
f 569//569 585//585 489//489
f 556//556 569//569 439//439
f 568//568 569//569 556//556
f 691//691 714//714 690//690
f 713//713 691//691 690//690
f 691//691 713//713 714//714
f 872//872 713//713 871//871
f 713//713 872//872 888//888
f 888//888 872//872 1120//1120
f 3138//3138 3139//3139 3112//3112
f 3162//3162 3138//3138 3111//3111
f 3233//3233 3210//3210 3232//3232
f 3186//3186 3210//3210 3233//3233
f 3210//3210 3186//3186 3185//3185
f 3210//3210 3209//3209 3232//3232
f 3209//3209 3210//3210 3185//3185
f 2377//2377 2376//2376 2503//2503
f 2376//2376 2319//2319 2454//2454
f 2376//2376 2377//2377 2346//2346
f 1775//1775 1837//1837 1807//1807
f 1866//1866 1837//1837 1775//1775
f 1837//1837 1892//1892 1807//1807
f 1913//1913 1891//1891 1865//1865
f 1891//1891 1866//1866 1865//1865
f 1891//1891 1913//1913 1938//1938
f 1961//1961 1891//1891 1938//1938
f 1809//1809 1868//1868 1869//1869
f 1868//1868 1838//1838 1869//1869
f 1838//1838 1868//1868 1809//1809
f 1388//1388 1302//1302 1279//1279
f 1323//1323 1302//1302 1388//1388
f 1302//1302 1191//1191 1279//1279
f 1302//1302 1192//1192 1191//1191
f 1302//1302 1324//1324 1192//1192
f 1302//1302 1323//1323 1324//1324
f 1833//1833 1911//1911 1936//1936
f 1911//1911 1804//1804 1910//1910
f 1911//1911 1833//1833 1804//1804
f 1911//1911 1887//1887 2025//2025
f 1911//1911 1910//1910 1887//1887
f 1834//1834 1773//1773 1805//1805
f 1806//1806 1773//1773 1834//1834
f 1773//1773 1806//1806 1774//1774
f 1773//1773 1774//1774 1707//1707
f 1805//1805 1729//1729 1772//1772
f 1729//1729 1706//1706 1772//1772
f 1773//1773 1729//1729 1805//1805
f 1706//1706 1729//1729 1682//1682
f 1729//1729 1707//1707 1682//1682
f 1729//1729 1773//1773 1707//1707
f 2009//2009 2010//2010 2032//2032
f 1986//1986 2010//2010 2009//2009
f 4687//4687 4809//4809 4810//4810
f 4669//4669 4687//4687 4810//4810
f 4687//4687 4669//4669 4651//4651
f 4670//4670 4781//4781 4782//4782
f 4670//4670 4669//4669 4781//4781
f 4670//4670 4763//4763 4633//4633
f 4763//4763 4670//4670 4782//4782
f 4670//4670 4633//4633 4651//4651
f 4669//4669 4670//4670 4651//4651
f 4249//4249 4250//4250 4146//4146
f 4272//4272 4249//4249 4146//4146
f 4249//4249 4272//4272 4299//4299
f 4228//4228 4249//4249 4299//4299
f 4250//4250 4249//4249 4228//4228
f 3753//3753 3799//3799 3754//3754
f 3753//3753 3820//3820 3799//3799
f 3820//3820 3753//3753 3773//3773
f 3489//3489 3467//3467 3466//3466
f 3597//3597 3596//3596 3622//3622
f 3692//3692 3721//3721 3822//3822
f 3721//3721 3692//3692 3720//3720
f 3645//3645 3595//3595 3621//3621
f 3596//3596 3645//3645 3622//3622
f 3720//3720 3668//3668 3667//3667
f 3692//3692 3668//3668 3720//3720
f 3667//3667 3668//3668 3644//3644
f 3668//3668 3621//3621 3644//3644
f 3668//3668 3645//3645 3621//3621
f 3668//3668 3692//3692 3622//3622
f 3645//3645 3668//3668 3622//3622
f 3991//3991 3890//3890 3990//3990
f 3991//3991 3865//3865 3890//3890
f 3865//3865 3991//3991 3937//3937
f 3991//3991 3965//3965 3937//3937
f 4019//4019 3991//3991 3990//3990
f 3965//3965 3991//3991 4019//4019
f 4111//4111 4072//4072 4090//4090
f 4073//4073 4072//4072 4111//4111
f 4090//4090 4072//4072 4053//4053
f 4072//4072 4073//4073 4053//4053
f 3794//3794 3769//3769 3637//3637
f 3769//3769 3638//3638 3637//3637
f 3770//3770 3638//3638 3769//3769
f 3502//3502 3568//3568 3482//3482
f 3568//3568 3461//3461 3482//3482
f 3461//3461 3568//3568 3546//3546
f 4164//4164 4087//4087 4186//4186
f 4088//4088 4087//4087 4164//4164
f 4109//4109 4051//4051 4145//4145
f 4125//4125 4144//4144 4206//4206
f 4143//4143 4144//4144 4125//4125
f 4206//4206 4144//4144 4227//4227
f 4720//4720 4864//4864 4702//4702
f 4720//4720 4719//4719 4864//4864
f 4703//4703 4720//4720 4702//4702
f 4571//4571 4540//4540 4470//4470
f 4540//4540 4571//4571 4541//4541
f 4540//4540 4450//4450 4470//4470
f 4540//4540 4541//4541 4450//4450
f 4541//4541 4517//4517 4429//4429
f 4517//4517 4489//4489 4429//4429
f 4471//4471 4490//4490 4452//4452
f 4490//4490 4471//4471 4411//4411
f 4429//4429 4490//4490 4411//4411
f 4489//4489 4490//4490 4429//4429
f 4716//4716 4714//4714 4715//4715
f 5250//5250 5266//5266 5293//5293
f 5249//5249 5266//5266 5250//5250
f 5266//5266 5249//5249 5248//5248
f 5293//5293 5266//5266 5265//5265
f 5266//5266 5248//5248 5265//5265
f 4948//4948 4931//4931 4947//4947
f 4919//4919 4920//4920 4921//4921
f 4920//4920 4919//4919 4932//4932
f 4028//4028 4215//4215 4062//4062
f 4172//4172 4001//4001 4000//4000
f 4172//4172 4152//4152 4278//4278
f 3360//3360 3361//3361 3338//3338
f 3442//3442 3443//3443 3410//3410
f 3442//3442 3476//3476 3443//3443
f 3318//3318 3202//3202 3317//3317
f 3271//3271 3250//3250 3155//3155
f 3130//3130 3250//3250 3225//3225
f 3250//3250 3130//3130 3155//3155
f 3369//3369 3370//3370 3223//3223
f 3370//3370 3345//3345 3223//3223
f 3903//3903 3902//3902 3879//3879
f 3902//3902 3878//3878 3879//3879
f 3977//3977 4002//4002 4003//4003
f 4002//4002 3977//3977 3976//3976
f 4244//4244 4243//4243 4409//4409
f 4395//4395 4244//4244 4409//4409
f 4223//4223 4244//4244 4224//4224
f 4244//4244 4377//4377 4224//4224
f 4244//4244 4395//4395 4377//4377
f 3522//3522 3523//3523 3368//3368
f 3588//3588 3589//3589 3422//3422
f 3458//3458 3588//3588 3422//3422
f 3614//3614 3588//3588 3458//3458
f 3613//3613 3458//3458 3480//3480
f 3613//3613 3614//3614 3458//3458
f 3812//3812 3789//3789 3811//3811
f 3789//3789 3812//3812 3765//3765
f 3612//3612 3832//3832 3811//3811
f 3586//3586 3612//3612 3811//3811
f 3562//3562 3561//3561 3790//3790
f 3521//3521 3712//3712 3713//3713
f 3521//3521 3520//3520 3712//3712
f 3767//3767 3541//3541 3766//3766
f 3541//3541 3767//3767 3542//3542
f 3767//3767 3766//3766 3746//3746
f 3767//3767 3746//3746 3747//3747
f 3542//3542 3767//3767 3747//3747
f 1371//1371 1348//1348 1347//1347
f 1348//1348 1371//1371 1328//1328
f 1348//1348 1305//1305 1347//1347
f 1348//1348 1328//1328 1305//1305
f 1560//1560 1476//1476 1559//1559
f 1560//1560 1534//1534 1476//1476
f 1560//1560 1559//1559 1636//1636
f 1534//1534 1560//1560 1636//1636
f 1196//1196 1163//1163 1162//1162
f 1135//1135 1163//1163 1196//1196
f 1163//1163 1135//1135 1134//1134
f 1111//1111 1163//1163 1134//1134
f 1163//1163 1111//1111 1162//1162
f 1024//1024 1002//1002 975//975
f 1002//1002 1024//1024 1001//1001
f 1002//1002 976//976 975//975
f 976//976 1002//1002 1001//1001
f 1374//1374 1375//1375 1399//1399
f 1375//1375 1374//1374 1351//1351
f 702//702 701//701 725//725
f 701//701 700//700 725//725
f 631//631 614//614 576//576
f 700//700 631//631 576//576
f 614//614 631//631 615//615
f 509//509 494//494 577//577
f 494//494 576//576 577//577
f 494//494 473//473 576//576
f 473//473 494//494 410//410
f 509//509 544//544 545//545
f 544//544 561//561 545//545
f 561//561 544//544 509//509
f 1785//1785 1616//1616 1818//1818
f 1616//1616 1785//1785 1593//1593
f 1786//1786 1785//1785 1818//1818
f 1593//1593 1785//1785 1786//1786
f 1287//1287 1309//1309 1288//1288
f 1287//1287 1288//1288 1263//1263
f 1045//1045 1137//1137 1046//1046
f 1067//1067 1137//1137 1045//1045
f 1088//1088 1137//1137 1067//1067
f 1136//1136 1137//1137 1112//1112
f 1137//1137 1088//1088 1112//1112
f 1898//1898 1874//1874 1897//1897
f 1920//1920 1898//1898 1897//1897
f 1898//1898 1920//1920 1874//1874
f 2036//2036 2072//2072 2037//2037
f 1663//1663 1688//1688 1689//1689
f 1688//1688 1663//1663 1637//1637
f 1687//1687 1688//1688 1637//1637
f 1871//1871 1872//1872 1779//1779
f 1872//1872 1812//1812 1779//1779
f 1812//1812 1813//1813 1779//1779
f 1735//1735 1687//1687 1779//1779
f 1944//1944 1896//1896 1918//1918
f 1896//1896 1871//1871 1918//1918
f 1871//1871 1896//1896 1872//1872
f 2035//2035 2071//2071 2014//2014
f 2013//2013 2035//2035 2014//2014
f 2622//2622 2578//2578 2601//2601
f 2483//2483 2533//2533 2459//2459
f 2483//2483 2509//2509 2533//2533
f 2433//2433 2483//2483 2459//2459
f 2380//2380 2483//2483 2433//2433
f 2600//2600 2620//2620 2577//2577
f 2557//2557 2600//2600 2577//2577
f 2600//2600 2557//2557 2509//2509
f 2600//2600 2642//2642 2620//2620
f 2509//2509 2532//2532 2533//2533
f 2557//2557 2532//2532 2509//2509
f 2665//2665 2729//2729 2708//2708
f 2728//2728 2729//2729 2665//2665
f 2729//2729 2772//2772 2708//2708
f 2729//2729 2728//2728 2772//2772
f 2934//2934 2953//2953 2973//2973
f 2912//2912 2934//2934 2973//2973
f 2934//2934 2972//2972 2953//2953
f 2934//2934 2912//2912 2873//2873
f 2972//2972 2995//2995 2973//2973
f 2995//2995 2972//2972 2994//2994
f 2995//2995 3017//3017 2973//2973
f 3017//3017 2995//2995 2994//2994
f 3017//3017 3018//3018 2973//2973
f 3018//3018 3043//3043 2973//2973
f 3018//3018 3017//3017 3091//3091
f 3067//3067 3142//3142 3169//3169
f 3067//3067 3018//3018 3091//3091
f 3018//3018 3067//3067 3043//3043
f 3189//3189 3067//3067 3169//3169
f 3236//3236 3067//3067 3189//3189
f 998//998 972//972 1019//1019
f 998//998 973//973 972//972
f 1067//1067 998//998 1019//1019
f 973//973 998//998 1067//1067
f 973//973 974//974 972//972
f 974//974 882//882 972//972
f 916//916 974//974 1044//1044
f 974//974 973//973 1067//1067
f 1044//1044 974//974 1067//1067
f 862//862 882//882 915//915
f 862//862 916//916 863//863
f 916//916 862//862 915//915
f 862//862 798//798 882//882
f 839//839 862//862 863//863
f 818//818 840//840 780//780
f 798//798 818//818 780//780
f 818//818 839//839 840//840
f 818//818 862//862 839//839
f 862//862 818//818 798//798
f 105//105 104//104 120//120
f 104//104 105//105 103//103
f 102//102 104//104 103//103
f 104//104 102//102 224//224
f 225//225 104//104 224//224
f 104//104 225//225 120//120
f 530//530 550//550 531//531
f 550//550 745//745 531//531
f 550//550 530//530 549//549
f 745//745 550//550 762//762
f 548//548 550//550 549//549
f 479//479 446//446 447//447
f 446//446 709//709 671//671
f 709//709 446//446 708//708
f 446//446 479//479 708//708
f 499//499 497//497 730//730
f 497//497 496//496 730//730
f 496//496 514//514 728//728
f 514//514 513//513 747//747
f 728//728 514//514 747//747
f 513//513 514//514 373//373
f 514//514 496//496 373//373
f 477//477 499//499 478//478
f 477//477 476//476 499//499
f 210//210 209//209 270//270
f 209//209 118//118 208//208
f 209//209 210//210 91//91
f 90//90 20//20 19//19
f 90//90 92//92 20//20
f 92//92 90//90 91//91
f 119//119 19//19 18//18
f 118//118 119//119 18//18
f 119//119 90//90 19//19
f 90//90 119//119 91//91
f 119//119 209//209 91//91
f 209//209 119//119 118//118
f 246//246 245//245 270//270
f 245//245 246//246 208//208
f 209//209 246//246 270//270
f 246//246 209//209 208//208
f 243//243 268//268 269//269
f 268//268 243//243 242//242
f 244//244 116//116 115//115
f 244//244 245//245 116//116
f 244//244 243//243 269//269
f 242//242 244//244 138//138
f 243//243 244//244 242//242
f 270//270 244//244 269//269
f 245//245 244//244 270//270
f 137//137 241//241 242//242
f 267//267 241//241 137//137
f 241//241 268//268 242//242
f 241//241 267//267 268//268
f 264//264 265//265 135//135
f 450//450 674//674 451//451
f 1176//1176 946//946 945//945
f 1175//1175 1176//1176 945//945
f 1487//1487 1745//1745 1488//1488
f 1487//1487 1486//1486 1745//1745
f 1170//1170 941//941 940//940
f 1170//1170 1171//1171 941//941
f 985//985 1170//1170 940//940
f 1607//1607 1529//1529 1472//1472
f 1607//1607 1631//1631 1529//1529
f 1655//1655 1607//1607 1680//1680
f 1631//1631 1607//1607 1655//1655
f 1059//1059 1155//1155 1188//1188
f 1039//1039 1059//1059 1060//1060
f 1155//1155 1059//1059 1038//1038
f 1059//1059 1039//1039 1038//1038
f 1083//1083 969//969 1060//1060
f 969//969 1083//1083 1104//1104
f 1059//1059 1083//1083 1060//1060
f 1083//1083 1189//1189 1104//1104
f 1189//1189 1083//1083 1188//1188
f 1083//1083 1059//1059 1188//1188
f 1040//1040 1016//1016 1128//1128
f 1016//1016 1104//1104 1128//1128
f 932//932 914//914 913//913
f 914//914 897//897 913//913
f 897//897 914//914 932//932
f 3409//3409 3441//3441 3475//3475
f 3440//3440 3441//3441 3409//3409
f 3556//3556 3536//3536 3580//3580
f 3556//3556 3580//3580 3603//3603
f 3173//3173 3215//3215 3238//3238
f 3119//3119 3096//3096 3144//3144
f 3309//3309 3335//3335 3336//3336
f 3335//3335 3309//3309 3439//3439
f 3382//3382 3408//3408 3286//3286
f 3408//3408 3309//3309 3286//3286
f 3309//3309 3408//3408 3439//3439
f 3357//3357 3382//3382 3263//3263
f 3357//3357 3240//3240 3334//3334
f 3240//3240 3357//3357 3263//3263
f 3357//3357 3408//3408 3382//3382
f 4077//4077 4097//4097 4132//4132
f 4077//4077 4132//4132 4171//4171
f 4097//4097 4077//4077 4096//4096
f 4058//4058 3997//3997 4057//4057
f 3997//3997 4058//4058 4059//4059
f 4058//4058 4077//4077 4059//4059
f 4096//4096 4058//4058 4057//4057
f 4077//4077 4058//4058 4096//4096
f 3919//3919 3945//3945 3898//3898
f 3945//3945 3919//3919 3944//3944
f 4024//4024 3919//3919 3898//3898
f 3944//3944 3919//3919 4024//4024
f 3946//3946 3969//3969 3849//3849
f 3898//3898 3946//3946 3849//3849
f 3945//3945 3946//3946 3898//3898
f 3969//3969 3946//3946 3968//3968
f 3946//3946 3945//3945 3968//3968
f 4802//4802 4801//4801 4803//4803
f 4802//4802 4803//4803 4774//4774
f 4529//4529 4530//4530 4354//4354
f 4353//4353 4529//4529 4354//4354
f 4565//4565 4529//4529 4353//4353
f 4546//4546 4574//4574 4521//4521
f 4574//4574 4546//4546 4545//4545
f 4497//4497 4546//4546 4521//4521
f 4545//4545 4546//4546 4497//4497
f 4574//4574 4520//4520 4495//4495
f 4520//4520 4574//4574 4545//4545
f 4520//4520 4496//4496 4495//4495
f 4520//4520 4545//4545 4497//4497
f 4496//4496 4520//4520 4497//4497
f 4626//4626 4624//4624 4641//4641
f 4609//4609 4624//4624 4610//4610
f 4641//4641 4624//4624 4658//4658
f 4624//4624 4609//4609 4608//4608
f 4624//4624 4625//4625 4610//4610
f 4624//4624 4626//4626 4625//4625
f 3484//3484 3462//3462 3397//3397
f 3462//3462 3371//3371 3397//3397
f 3371//3371 3462//3462 3346//3346
f 3462//3462 3425//3425 3346//3346
f 3180//3180 3227//3227 3157//3157
f 3347//3347 3321//3321 3272//3272
f 3298//3298 3347//3347 3272//3272
f 3347//3347 3298//3298 3372//3372
f 3226//3226 3252//3252 3299//3299
f 3226//3226 3273//3273 3205//3205
f 3273//3273 3226//3226 3299//3299
f 3180//3180 3226//3226 3205//3205
f 3252//3252 3251//3251 3272//3272
f 2788//2788 2808//2808 2789//2789
f 2848//2848 2808//2808 2828//2828
f 2886//2886 2868//2868 2867//2867
f 2868//2868 2848//2848 2867//2867
f 2868//2868 2886//2886 2887//2887
f 2849//2849 2868//2868 2887//2887
f 2868//2868 2808//2808 2848//2848
f 2659//2659 2616//2616 2636//2636
f 2660//2660 2616//2616 2659//2659
f 2616//2616 2573//2573 2636//2636
f 2573//2573 2616//2616 2596//2596
f 2702//2702 2682//2682 2681//2681
f 2702//2702 2723//2723 2682//2682
f 2747//2747 2767//2767 2768//2768
f 2748//2748 2747//2747 2768//2768
f 2747//2747 2748//2748 2725//2725
f 2724//2724 2747//2747 2725//2725
f 2746//2746 2724//2724 2723//2723
f 2747//2747 2746//2746 2767//2767
f 2746//2746 2747//2747 2724//2724
f 2746//2746 2786//2786 2767//2767
f 2723//2723 2703//2703 2682//2682
f 2724//2724 2703//2703 2723//2723
f 2638//2638 2703//2703 2661//2661
f 2682//2682 2703//2703 2638//2638
f 2661//2661 2703//2703 2704//2704
f 2703//2703 2724//2724 2704//2704
f 3012//3012 2989//2989 3011//3011
f 3037//3037 3012//3012 3011//3011
f 2990//2990 3012//3012 3038//3038
f 3012//3012 3037//3037 3038//3038
f 3061//3061 3084//3084 3036//3036
f 3084//3084 3037//3037 3036//3036
f 3111//3111 3084//3084 3083//3083
f 3084//3084 3061//3061 3083//3083
f 3084//3084 3138//3138 3112//3112
f 3138//3138 3084//3084 3111//3111
f 3037//3037 3063//3063 3038//3038
f 3063//3063 3037//3037 3085//3085
f 3063//3063 3085//3085 3086//3086
f 3064//3064 3063//3063 3086//3086
f 3038//3038 3063//3063 3064//3064
f 2927//2927 2928//2928 2907//2907
f 2907//2907 2928//2928 2908//2908
f 2928//2928 2929//2929 2908//2908
f 2947//2947 2948//2948 2927//2927
f 2967//2967 2948//2948 2947//2947
f 2948//2948 2928//2928 2927//2927
f 2928//2928 2948//2948 2929//2929
f 2925//2925 2945//2945 2965//2965
f 2945//2945 2987//2987 2965//2965
f 2987//2987 2945//2945 2964//2964
f 3059//3059 3082//3082 3034//3034
f 3008//3008 3009//3009 2986//2986
f 2987//2987 3009//3009 3010//3010
f 3009//3009 2964//2964 2986//2986
f 3009//3009 2987//2987 2964//2964
f 3135//3135 3058//3058 3081//3081
f 3135//3135 3059//3059 3058//3058
f 2884//2884 2904//2904 2905//2905
f 2905//2905 2904//2904 2926//2926
f 2904//2904 2903//2903 2926//2926
f 2264//2264 2370//2370 2289//2289
f 2370//2370 2264//2264 2240//2240
f 2191//2191 2264//2264 2289//2289
f 2264//2264 2166//2166 2240//2240
f 2166//2166 2264//2264 2191//2191
f 2500//2500 2475//2475 2547//2547
f 2450//2450 2475//2475 2451//2451
f 2475//2475 2500//2500 2426//2426
f 2524//2524 2475//2475 2450//2450
f 2547//2547 2475//2475 2524//2524
f 2401//2401 2475//2475 2426//2426
f 2475//2475 2401//2401 2451//2451
f 2476//2476 2525//2525 2501//2501
f 2500//2500 2525//2525 2476//2476
f 2108//2108 2363//2363 2109//2109
f 2363//2363 2108//2108 2362//2362
f 2361//2361 2363//2363 2362//2362
f 2363//2363 2361//2361 2393//2393
f 1623//1623 1466//1466 1430//1430
f 1496//1496 1466//1466 1623//1623
f 1430//1430 1466//1466 1275//1275
f 1275//1275 1466//1466 1319//1319
f 1466//1466 1496//1496 1319//1319
f 1624//1624 1768//1768 1625//1625
f 1768//1768 1648//1648 1625//1625
f 1768//1768 1798//1798 1648//1648
f 1722//1722 1768//1768 1624//1624
f 1768//1768 1722//1722 1767//1767
f 1830//1830 1701//1701 1677//1677
f 1830//1830 1858//1858 1701//1701
f 1830//1830 1857//1857 1858//1858
f 2468//2468 2443//2443 2442//2442
f 2443//2443 2468//2468 2417//2417
f 2519//2519 2468//2468 2491//2491
f 2468//2468 2608//2608 2417//2417
f 2608//2608 2468//2468 2519//2519
f 2468//2468 2492//2492 2491//2491
f 2468//2468 2467//2467 2492//2492
f 1425//1425 1426//1426 1244//1244
f 1266//1266 1425//1425 1244//1244
f 1425//1425 1265//1265 1444//1444
f 1425//1425 1266//1266 1265//1265
f 2044//2044 2045//2045 1750//1750
f 2336//2336 2333//2333 2359//2359
f 2048//2048 2047//2047 2334//2334
f 2047//2047 2048//2048 1754//1754
f 1753//1753 2047//2047 1754//1754
f 2047//2047 1753//1753 1752//1752
f 2049//2049 1757//1757 1756//1756
f 1757//1757 2049//2049 2050//2050
f 1755//1755 2049//2049 1756//1756
f 2048//2048 2049//2049 1755//1755
f 2336//2336 2051//2051 2050//2050
f 2051//2051 2336//2336 2052//2052
f 2051//2051 2052//2052 1758//1758
f 2051//2051 1719//1719 2050//2050
f 2051//2051 1758//1758 1719//1719
f 2052//2052 2337//2337 2053//2053
f 2336//2336 2337//2337 2052//2052
f 2361//2361 2337//2337 2393//2393
f 2337//2337 2336//2336 2359//2359
f 1033//1033 831//831 830//830
f 1033//1033 1034//1034 831//831
f 1010//1010 1033//1033 830//830
f 1033//1033 1010//1010 1032//1032
f 1034//1034 1033//1033 1054//1054
f 1250//1250 1033//1033 1032//1032
f 1384//1384 1383//1383 1548//1548
f 1383//1383 1522//1522 1548//1548
f 1522//1522 1383//1383 1361//1361
f 3138//3138 3163//3163 3139//3139
f 3139//3139 3163//3163 3164//3164
f 3163//3163 3186//3186 3164//3164
f 3186//3186 3163//3163 3162//3162
f 3163//3163 3138//3138 3162//3162
f 2478//2478 2376//2376 2454//2454
f 2376//2376 2478//2478 2503//2503
f 2527//2527 2478//2478 2454//2454
f 2478//2478 2527//2527 2551//2551
f 2503//2503 2478//2478 2504//2504
f 2478//2478 2551//2551 2504//2504
f 2376//2376 2320//2320 2319//2319
f 2320//2320 2376//2376 2346//2346
f 2319//2319 2320//2320 2246//2246
f 2320//2320 2271//2271 2246//2246
f 2320//2320 2346//2346 2271//2271
f 1867//1867 1866//1866 1939//1939
f 1867//1867 1837//1837 1866//1866
f 1837//1837 1867//1867 1892//1892
f 1963//1963 1867//1867 1939//1939
f 1867//1867 1964//1964 1892//1892
f 1867//1867 1963//1963 1964//1964
f 1914//1914 1891//1891 1961//1961
f 1962//1962 1914//1914 1961//1961
f 1866//1866 1914//1914 1939//1939
f 1891//1891 1914//1914 1866//1866
f 1914//1914 1963//1963 1939//1939
f 1963//1963 1914//1914 1983//1983
f 1914//1914 1962//1962 1983//1983
f 4687//4687 4686//4686 4809//4809
f 4809//4809 4686//4686 4837//4837
f 4686//4686 4703//4703 4837//4837
f 3531//3531 3488//3488 3508//3508
f 3777//3777 3776//3776 3822//3822
f 3721//3721 3777//3777 3822//3822
f 3661//3661 3794//3794 3637//3637
f 3793//3793 3661//3661 3660//3660
f 3794//3794 3661//3661 3793//3793
f 3615//3615 3638//3638 3770//3770
f 3590//3590 3615//3615 3715//3715
f 3615//3615 3770//3770 3715//3715
f 3616//3616 3591//3591 3502//3502
f 3591//3591 3568//3568 3502//3502
f 4087//4087 4108//4108 4186//4186
f 4108//4108 4206//4206 4186//4186
f 4108//4108 4125//4125 4206//4206
f 4070//4070 4088//4088 4145//4145
f 4051//4051 4070//4070 4145//4145
f 4017//4017 4089//4089 3988//3988
f 4017//4017 4109//4109 4089//4089
f 4017//4017 4051//4051 4109//4109
f 4163//4163 4185//4185 4271//4271
f 4163//4163 4144//4144 4143//4143
f 4163//4163 4271//4271 4227//4227
f 4144//4144 4163//4163 4227//4227
f 4184//4184 4297//4297 4271//4271
f 4185//4185 4184//4184 4271//4271
f 4194//4194 4195//4195 4028//4028
f 4195//4195 4215//4215 4028//4028
f 4234//4234 4063//4063 4062//4062
f 4215//4215 4234//4234 4062//4062
f 4063//4063 4234//4234 4080//4080
f 4500//4500 4478//4478 4498//4498
f 4478//4478 4457//4457 4477//4477
f 4173//4173 4194//4194 4001//4001
f 4172//4172 4173//4173 4001//4001
f 4194//4194 4173//4173 4278//4278
f 4173//4173 4172//4172 4278//4278
f 3972//3972 4153//4153 4000//4000
f 4153//4153 4172//4172 4000//4000
f 4152//4152 4153//4153 3972//3972
f 4172//4172 4153//4153 4152//4152
f 3519//3519 3539//3539 3540//3540
f 3297//3297 3271//3271 3178//3178
f 3202//3202 3297//3297 3178//3178
f 3318//3318 3297//3297 3202//3202
f 3102//3102 3104//3104 3074//3074
f 3102//3102 3103//3103 3104//3104
f 3316//3316 3481//3481 3295//3295
f 3479//3479 3635//3635 3480//3480
f 3635//3635 3613//3613 3480//3480
f 3612//3612 3611//3611 3832//3832
f 3611//3611 3610//3610 3831//3831
f 3832//3832 3611//3611 3831//3831
f 3587//3587 3789//3789 3790//3790
f 3561//3561 3587//3587 3790//3790
f 3789//3789 3587//3587 3811//3811
f 3587//3587 3586//3586 3811//3811
f 3499//3499 3713//3713 3683//3683
f 3499//3499 3521//3521 3713//3713
f 3499//3499 3683//3683 3500//3500
f 701//701 667//667 700//700
f 667//667 631//631 700//700
f 667//667 701//701 702//702
f 667//667 702//702 615//615
f 631//631 667//667 615//615
f 494//494 394//394 410//410
f 394//394 494//494 395//395
f 410//410 394//394 366//366
f 394//394 395//395 366//366
f 494//494 397//397 395//395
f 397//397 494//494 509//509
f 397//397 381//381 380//380
f 397//397 509//509 381//381
f 1840//1840 1812//1812 1872//1872
f 1813//1813 1840//1840 1841//1841
f 1812//1812 1840//1840 1813//1813
f 1813//1813 1780//1780 1779//1779
f 1780//1780 1735//1735 1779//1779
f 1780//1780 1813//1813 1814//1814
f 1710//1710 1688//1688 1687//1687
f 1735//1735 1710//1710 1687//1687
f 1710//1710 1737//1737 1689//1689
f 1688//1688 1710//1710 1689//1689
f 2752//2752 2793//2793 2773//2773
f 2793//2793 2813//2813 2773//2773
f 3067//3067 3116//3116 3142//3142
f 3116//3116 3067//3067 3091//3091
f 3116//3116 3091//3091 2994//2994
f 934//934 916//916 915//915
f 934//934 974//974 916//916
f 882//882 934//934 915//915
f 974//974 934//934 882//882
f 476//476 498//498 499//499
f 498//498 497//497 499//499
f 139//139 115//115 138//138
f 244//244 139//139 138//138
f 139//139 244//244 115//115
f 266//266 267//267 135//135
f 265//265 266//266 135//135
f 267//267 266//266 268//268
f 266//266 265//265 268//268
f 450//450 449//449 448//448
f 1007//1007 1008//1008 979//979
f 979//979 1008//1008 980//980
f 1008//1008 1227//1227 980//980
f 1225//1225 1007//1007 1006//1006
f 1203//1203 981//981 980//980
f 1227//1227 1203//1203 980//980
f 1203//1203 982//982 981//981
f 1516//1516 1790//1790 1791//1791
f 946//946 1177//1177 947//947
f 1176//1176 1177//1177 946//946
f 1177//1177 948//948 947//947
f 1177//1177 1178//1178 948//948
f 1582//1582 1472//1472 1581//1581
f 1582//1582 1607//1607 1472//1472
f 1654//1654 1582//1582 1581//1581
f 1680//1680 1582//1582 1654//1654
f 1607//1607 1582//1582 1680//1680
f 994//994 969//969 1104//1104
f 1016//1016 994//994 1104//1104
f 2608//2608 2651//2651 2673//2673
f 2629//2629 2651//2651 2608//2608
f 3308//3308 3216//3216 3284//3284
f 3216//3216 3240//3240 3239//3239
f 3216//3216 3308//3308 3333//3333
f 3334//3334 3216//3216 3333//3333
f 3240//3240 3216//3216 3334//3334
f 3145//3145 3172//3172 3192//3192
f 3145//3145 3119//3119 3172//3172
f 3215//3215 3145//3145 3192//3192
f 3173//3173 3145//3145 3215//3215
f 3273//3273 3253//3253 3205//3205
f 3253//3253 3180//3180 3205//3205
f 3253//3253 3227//3227 3180//3180
f 3227//3227 3206//3206 3157//3157
f 3158//3158 3206//3206 3181//3181
f 3157//3157 3206//3206 3158//3158
f 2828//2828 2827//2827 2847//2847
f 2806//2806 2827//2827 2828//2828
f 2807//2807 2806//2806 2828//2828
f 2808//2808 2807//2807 2828//2828
f 2809//2809 2868//2868 2849//2849
f 2868//2868 2809//2809 2808//2808
f 2809//2809 2849//2849 2829//2829
f 2789//2789 2809//2809 2829//2829
f 2808//2808 2809//2809 2789//2789
f 2637//2637 2660//2660 2638//2638
f 2637//2637 2616//2616 2660//2660
f 2637//2637 2638//2638 2597//2597
f 2637//2637 2597//2597 2596//2596
f 2616//2616 2637//2637 2596//2596
f 3062//3062 3084//3084 3112//3112
f 3084//3084 3062//3062 3037//3037
f 3085//3085 3062//3062 3112//3112
f 3037//3037 3062//3062 3085//3085
f 3035//3035 3009//3009 3008//3008
f 3009//3009 3035//3035 3010//3010
f 3059//3059 3109//3109 3082//3082
f 3135//3135 3109//3109 3059//3059
f 3108//3108 3159//3159 3081//3081
f 3159//3159 3135//3135 3081//3081
f 3159//3159 3134//3134 3181//3181
f 3159//3159 3108//3108 3134//3134
f 2548//2548 2592//2592 2570//2570
f 2548//2548 2525//2525 2592//2592
f 2526//2526 2548//2548 2570//2570
f 2501//2501 2548//2548 2526//2526
f 2525//2525 2548//2548 2501//2501
f 2364//2364 2393//2393 2109//2109
f 2363//2363 2364//2364 2109//2109
f 2364//2364 2363//2363 2393//2393
f 1799//1799 1798//1798 1857//1857
f 1830//1830 1799//1799 1857//1857
f 1798//1798 1799//1799 1649//1649
f 1649//1649 1799//1799 1677//1677
f 1799//1799 1830//1830 1677//1677
f 2332//2332 2360//2360 2359//2359
f 2333//2333 2332//2332 2359//2359
f 2044//2044 2332//2332 2045//2045
f 2332//2332 2333//2333 2045//2045
f 2046//2046 2333//2333 2334//2334
f 2047//2047 2046//2046 2334//2334
f 2333//2333 2046//2046 2045//2045
f 2046//2046 1752//1752 2045//2045
f 2046//2046 2047//2047 1752//1752
f 2333//2333 2335//2335 2334//2334
f 2335//2335 2333//2333 2336//2336
f 2335//2335 2048//2048 2334//2334
f 2335//2335 2049//2049 2048//2048
f 2335//2335 2336//2336 2050//2050
f 2049//2049 2335//2335 2050//2050
f 2337//2337 2338//2338 2053//2053
f 2338//2338 2337//2337 2361//2361
f 2338//2338 2054//2054 2053//2053
f 2338//2338 2361//2361 2054//2054
f 3489//3489 3509//3509 3597//3597
f 3509//3509 3489//3489 3466//3466
f 3488//3488 3509//3509 3466//3466
f 3531//3531 3509//3509 3488//3488
f 3551//3551 3574//3574 3530//3530
f 3574//3574 3596//3596 3597//3597
f 3595//3595 3574//3574 3551//3551
f 3645//3645 3574//3574 3595//3595
f 3574//3574 3645//3645 3596//3596
f 3756//3756 3721//3721 3720//3720
f 3756//3756 3777//3777 3721//3721
f 3777//3777 3756//3756 3776//3776
f 3776//3776 3756//3756 3800//3800
f 3756//3756 3719//3719 3800//3800
f 3719//3719 3756//3756 3720//3720
f 3368//3368 3501//3501 3344//3344
f 3523//3523 3501//3501 3368//3368
f 3501//3501 3316//3316 3344//3344
f 3501//3501 3481//3481 3316//3316
f 4184//4184 4205//4205 4297//4297
f 4297//4297 4205//4205 4323//4323
f 4246//4246 4205//4205 4226//4226
f 4205//4205 4246//4246 4323//4323
f 4080//4080 4256//4256 4081//4081
f 4234//4234 4256//4256 4080//4080
f 3444//3444 3445//3445 3412//3412
f 3445//3445 3444//3444 3477//3477
f 3459//3459 3296//3296 3295//3295
f 3481//3481 3459//3459 3295//3295
f 3635//3635 3636//3636 3613//3613
f 3659//3659 3479//3479 3500//3500
f 3659//3659 3635//3635 3479//3479
f 396//396 397//397 380//380
f 397//397 396//396 395//395
f 396//396 380//380 355//355
f 395//395 396//396 355//355
f 1840//1840 1873//1873 1841//1841
f 1873//1873 1840//1840 1872//1872
f 1896//1896 1873//1873 1872//1872
f 1873//1873 1944//1944 1841//1841
f 1873//1873 1896//1896 1944//1944
f 1780//1780 1736//1736 1735//1735
f 1710//1710 1736//1736 1737//1737
f 1736//1736 1710//1710 1735//1735
f 1737//1737 1736//1736 1814//1814
f 1736//1736 1780//1780 1814//1814
f 279//279 265//265 264//264
f 279//279 154//154 278//278
f 154//154 279//279 147//147
f 147//147 279//279 148//148
f 279//279 264//264 148//148
f 1005//1005 1224//1224 1006//1006
f 1224//1224 1225//1225 1006//1006
f 1030//1030 1224//1224 1005//1005
f 1008//1008 1226//1226 1227//1227
f 1226//1226 1008//1008 1007//1007
f 1225//1225 1226//1226 1007//1007
f 982//982 1204//1204 983//983
f 1203//1203 1204//1204 982//982
f 1516//1516 1515//1515 1790//1790
f 1789//1789 1515//1515 1514//1514
f 1515//1515 1789//1789 1790//1790
f 1486//1486 1485//1485 1791//1791
f 1485//1485 1516//1516 1791//1791
f 951//951 952//952 921//921
f 2586//2586 2565//2565 2587//2587
f 2565//2565 2608//2608 2541//2541
f 2565//2565 2586//2586 2608//2608
f 2760//2760 2739//2739 2759//2759
f 2716//2716 2739//2739 2695//2695
f 3216//3216 3194//3194 3284//3284
f 3194//3194 3216//3216 3173//3173
f 3047//3047 3070//3070 3096//3096
f 3070//3070 3118//3118 3144//3144
f 3096//3096 3070//3070 3144//3144
f 2806//2806 2787//2787 2786//2786
f 2807//2807 2787//2787 2806//2806
f 2767//2767 2787//2787 2768//2768
f 2786//2786 2787//2787 2767//2767
f 2787//2787 2807//2807 2808//2808
f 2787//2787 2788//2788 2768//2768
f 2787//2787 2808//2808 2788//2788
f 3082//3082 3060//3060 3008//3008
f 3060//3060 3035//3035 3008//3008
f 3509//3509 3552//3552 3597//3597
f 3552//3552 3509//3509 3531//3531
f 3552//3552 3574//3574 3597//3597
f 3552//3552 3531//3531 3508//3508
f 3552//3552 3508//3508 3530//3530
f 3574//3574 3552//3552 3530//3530
f 4279//4279 4100//4100 4081//4081
f 4279//4279 4101//4101 4100//4100
f 3459//3459 3460//3460 3296//3296
f 3683//3683 3684//3684 3500//3500
f 3684//3684 3659//3659 3500//3500
f 1029//1029 1248//1248 1030//1030
f 1248//1248 1224//1224 1030//1030
f 983//983 1205//1205 984//984
f 1204//1204 1205//1205 983//983
f 1144//1144 951//951 950//950
f 3193//3193 3173//3173 3238//3238
f 3193//3193 3194//3194 3173//3173
f 3262//3262 3193//3193 3238//3238
f 3284//3284 3193//3193 3262//3262
f 3194//3194 3193//3193 3284//3284
f 3046//3046 3070//3070 3047//3047
f 3021//3021 3046//3046 3047//3047
f 3118//3118 3046//3046 3095//3095
f 3070//3070 3046//3046 3118//3118
f 3046//3046 3094//3094 3095//3095
f 3094//3094 3046//3046 3069//3069
f 4256//4256 4257//4257 4081//4081
f 4257//4257 4279//4279 4081//4081
f 4101//4101 4304//4304 4117//4117
f 4117//4117 4304//4304 4305//4305
f 3423//3423 3395//3395 3270//3270
f 3296//3296 3423//3423 3270//3270
f 3460//3460 3423//3423 3296//3296
f 1247//1247 1028//1028 1027//1027
f 1028//1028 1247//1247 1029//1029
f 1247//1247 1248//1248 1029//1029
f 1206//1206 985//985 984//984
f 1205//1205 1206//1206 984//984
f 1206//1206 1170//1170 985//985
f 1143//1143 1144//1144 950//950
f 1178//1178 1143//1143 949//949
f 1143//1143 950//950 949//949
f 951//951 1145//1145 952//952
f 1144//1144 1145//1145 951//951
f 1145//1145 953//953 952//952
f 2976//2976 2956//2956 2955//2955
f 4279//4279 4280//4280 4101//4101
f 4280//4280 4304//4304 4101//4101
f 1053//1053 1246//1246 1027//1027
f 1246//1246 1247//1247 1027//1027
f 1246//1246 1053//1053 1052//1052
f 1143//1143 1179//1179 1144//1144
f 1179//1179 1143//1143 1178//1178
f 1179//1179 1145//1145 1144//1144
f 1180//1180 954//954 953//953
f 1145//1145 1180//1180 953//953
f 957//957 956//956 1147//1147
f 1051//1051 1269//1269 1052//1052
f 1269//1269 1246//1246 1052//1052
f 956//956 1146//1146 1147//1147
f 2955//2955 2937//2937 2914//2914
f 2956//2956 2937//2937 2955//2955
f 1268//1268 1051//1051 1050//1050
f 1268//1268 1269//1269 1051//1051
f 1074//1074 1268//1268 1050//1050
f 1180//1180 1181//1181 954//954
f 1181//1181 1146//1146 954//954
f 955//955 956//956 922//922
f 955//955 1146//1146 956//956
f 955//955 922//922 954//954
f 1146//1146 955//955 954//954
f 2937//2937 2915//2915 2914//2914
f 2915//2915 2937//2937 2895//2895
f 2915//2915 2894//2894 2914//2914
f 2915//2915 2895//2895 2894//2894
f 1073//1073 1267//1267 1074//1074
f 1267//1267 1268//1268 1074//1074
f 1267//1267 1073//1073 1072//1072
f 1181//1181 1182//1182 1146//1146
f 1146//1146 1182//1182 1147//1147
f 1095//1095 1292//1292 1072//1072
f 1292//1292 1267//1267 1072//1072
f 1291//1291 1095//1095 1094//1094
f 1291//1291 1292//1292 1095//1095
f 1291//1291 1313//1313 1314//1314
f 1313//1313 1291//1291 1094//1094
