# Created by Open3D 
# object name: iith-medium-slope
# number of vertices: 5309
# number of triangles: 6932
v -25.226 -6.63714 -0.716867 0.255645 0.466536 0.353664
vn -0.11671 0.0298179 0.992718
v -25.2249 -6.4954 -0.721273 0.254468 0.465471 0.353495
vn -0.0325089 0.040666 0.998644
v -25.2485 -6.30723 -0.729724 0.25221 0.463428 0.353173
vn -0.0333252 0.0382343 0.998713
v -25.2564 -6.13029 -0.736298 0.250454 0.461839 0.352922
vn -0.0336476 0.0313998 0.99894
v -25.2571 -5.91965 -0.743333 0.248574 0.460139 0.352653
vn -0.0335858 0.0372193 0.998743
v -25.2821 -5.66482 -0.754413 0.245614 0.45746 0.352231
vn -0.0343985 0.0388563 0.998653
v -25.3085 -5.48512 -0.763193 0.243268 0.455338 0.351895
vn -0.0362907 0.0391217 0.998575
v -25.3099 -5.3015 -0.769661 0.24154 0.453775 0.351649
vn -0.0354364 0.0327872 0.998834
v -25.291 -5.11058 -0.774394 0.240276 0.452631 0.351468
vn -0.033401 0.035267 0.99882
v -25.2895 -4.92968 -0.780612 0.238615 0.451128 0.351231
vn -0.0334884 0.0398031 0.998646
v -25.2894 -4.69864 -0.788858 0.236412 0.449134 0.350916
vn -0.0316225 0.0351161 0.998883
v -25.3073 -4.47046 -0.798923 0.233723 0.446701 0.350532
vn -0.105703 0.035795 0.993753
v -25.2766 -4.32855 -0.800999 0.233168 0.4462 0.350453
vn -0.0317999 0.0300182 0.999043
v -25.2786 -4.12218 -0.808833 0.231075 0.444306 0.350154
vn -0.101139 0.0369648 0.994185
v -25.2591 -3.87718 -0.816024 0.229154 0.442568 0.349879
vn -0.101443 0.0374725 0.994135
v -25.2422 -3.71551 -0.820437 0.227975 0.441501 0.349711
vn -0.100185 0.0378886 0.994247
v -25.2306 -3.50908 -0.827156 0.22618 0.439877 0.349454
vn -0.127935 0.0413335 0.990921
v -25.0329 -7.8682 -0.660031 0.270829 0.480274 0.355833
vn -0.0362378 0.0401474 0.998536
v -25.048 -7.68072 -0.667031 0.268959 0.478582 0.355566
vn -0.0325894 0.0416848 0.998599
v -25.0863 -7.50178 -0.676189 0.266513 0.476369 0.355216
vn -0.0326345 0.040619 0.998642
v -25.1328 -7.31774 -0.686389 0.263788 0.473903 0.354827
vn -0.103192 0.0298693 0.994213
v -25.1392 -7.08802 -0.694042 0.261743 0.472053 0.354535
vn -0.0322794 0.0410039 0.998637
v -25.176 -6.8603 -0.704799 0.258869 0.469453 0.354124
vn -0.0337195 0.0413773 0.998574
v -25.1951 -6.72502 -0.710973 0.25722 0.467961 0.353889
vn -0.0319329 0.0396416 0.998704
v -25.1989 -3.95312 -0.807045 0.231553 0.444738 0.350222
vn -0.0315251 0.0312244 0.999015
v -25.1987 -3.4152 -0.827545 0.226076 0.439783 0.349439
vn -0.0317616 0.0341497 0.998912
v -25.1981 -3.27872 -0.832789 0.224675 0.438515 0.349239
vn -0.105582 0.039508 0.993625
v -25.16 -3.09875 -0.835972 0.223825 0.437746 0.349118
vn -0.0327423 0.0299719 0.999014
v -25.1154 -2.90761 -0.839011 0.223013 0.437011 0.349002
vn -0.0323841 0.0289191 0.999057
v -25.1583 -2.73621 -0.850246 0.220011 0.434296 0.348573
vn -0.109826 0.0408671 0.99311
v -25.0706 -2.50256 -0.850778 0.219869 0.434167 0.348553
vn -0.0318778 0.0331212 0.998943
v -25.0638 -2.28004 -0.859205 0.217617 0.43213 0.348231
vn -0.0342726 0.0329857 0.998868
v -25.0726 -2.10483 -0.867374 0.215435 0.430156 0.347919
vn -0.100656 0.0415166 0.994055
v -25.1144 -1.92617 -0.879108 0.2123 0.427319 0.347471
vn -0.111751 0.0428643 0.992811
v -25.0072 -1.11817 -0.902904 0.205943 0.421567 0.346563
vn -0.10366 0.0432938 0.99367
v -25.0351 -0.851063 -0.917552 0.202029 0.418026 0.346004
vn -0.107981 0.0438093 0.993187
v -25.0381 -0.671463 -0.925891 0.199801 0.416011 0.345686
vn -0.0353079 0.059309 0.997615
v -25.0479 -0.491608 -0.935 0.197368 0.413809 0.345338
vn -0.0419688 0.0466206 0.998031
v -25.0464 -0.311877 -0.943031 0.195222 0.411868 0.345032
vn -0.0335649 0.0443476 0.998452
v -25.049 -0.0689987 -0.954465 0.192168 0.409104 0.344595
vn -0.0357357 0.0415 0.998499
v -25.0437 0.128754 -0.963118 0.189856 0.407012 0.344265
vn -0.101589 0.0466641 0.993731
v -25.0017 0.535893 -0.978045 0.185868 0.403404 0.343695
vn -0.103696 0.047528 0.993473
v -24.8154 -8.85805 -0.610591 0.284038 0.492225 0.35772
vn -0.036747 0.0453566 0.998295
v -24.8738 -8.73235 -0.619806 0.281576 0.489998 0.357368
vn -0.136472 0.0200925 0.99044
v -24.9063 -8.52405 -0.628768 0.279182 0.487831 0.357026
vn -0.0354663 0.0447315 0.998369
v -24.9469 -8.31829 -0.638556 0.276567 0.485465 0.356652
vn -0.033947 0.0422554 0.99853
v -24.9851 -8.11465 -0.648147 0.274005 0.483147 0.356286
vn -0.0336576 0.0412129 0.998583
v -24.9832 -1.74313 -0.873469 0.213807 0.428682 0.347687
vn -0.033557 0.0351374 0.998819
v -24.9763 -1.49658 -0.883315 0.211176 0.426302 0.347311
vn -0.0396303 0.0368093 0.998536
v -24.9391 -1.29497 -0.88824 0.20986 0.425112 0.347123
vn -0.0316891 0.0388388 0.998743
v -24.9387 -0.986485 -0.901714 0.206261 0.421855 0.346609
vn -0.0328678 0.0501456 0.998201
v -24.9999 0.308566 -0.967091 0.188794 0.406052 0.344113
vn -0.0345885 0.0397162 0.998612
v -24.9996 0.445746 -0.973544 0.18707 0.404492 0.343867
vn -0.0352089 0.0436427 0.998427
v -24.978 0.687297 -0.982875 0.184577 0.402237 0.343511
vn -0.0352551 0.0395207 0.998597
v -24.9556 0.93771 -0.992674 0.181959 0.399868 0.343137
vn -0.0365291 0.0363847 0.99867
v -24.6114 -10.4075 -0.551096 0.299933 0.506606 0.35999
vn -0.0990943 0.0232731 0.994806
v -24.6158 -10.2544 -0.555196 0.298838 0.505615 0.359834
vn -0.0972628 0.0240285 0.994969
v -24.6366 -10.1125 -0.560685 0.297371 0.504288 0.359624
vn -0.0994276 0.0240858 0.994753
v -24.6901 -9.88571 -0.57155 0.294469 0.501662 0.35921
vn -0.135758 0.0190064 0.99056
v -24.7173 -9.69981 -0.578896 0.292506 0.499886 0.358929
vn -0.10521 0.0244317 0.99415
v -24.7242 -9.50775 -0.584459 0.29102 0.498542 0.358717
vn -0.0342801 0.0378939 0.998694
v -24.7266 -9.31258 -0.589727 0.289612 0.497268 0.358516
vn -0.0326407 0.0337106 0.998898
v -24.7839 -9.13783 -0.599996 0.286869 0.494786 0.358124
vn -0.103232 0.0254243 0.994332
v -24.7833 -8.99153 -0.603809 0.28585 0.493864 0.357979
vn -0.0336652 0.035245 0.998812
v -24.7255 2.12054 -1.0283 0.172441 0.391256 0.341777
vn -0.0501851 0.0281194 0.998344
v -24.6657 2.25222 -1.029 0.172253 0.391086 0.34175
vn -0.0436112 0.0375874 0.998341
v -24.4955 -10.9092 -0.528033 0.306095 0.512181 0.360871
vn -0.0991554 0.0228205 0.99481
v -24.4964 -10.7056 -0.53279 0.304824 0.511031 0.360689
vn -0.0394723 0.0303609 0.998759
v -24.5186 -10.5208 -0.53929 0.303087 0.50946 0.360441
vn -0.0360545 0.0378818 0.998632
v -24.5998 -10.0004 -0.55979 0.29761 0.504505 0.359659
vn -0.0345826 0.0382392 0.99867
v -24.1097 3.99054 -1.06596 0.16238 0.382153 0.34034
vn -0.0405987 0.0334822 0.998614
v -24.0847 4.16598 -1.07324 0.160436 0.380394 0.340062
vn -0.114072 0.0586392 0.99174
v -24.0173 4.28691 -1.07326 0.160431 0.38039 0.340062
vn -0.0411419 0.0305297 0.998687
v -23.8907 4.49614 -1.07237 0.160667 0.380604 0.340095
vn -0.0404998 0.0257405 0.998848
v -23.7652 4.72101 -1.07261 0.160603 0.380546 0.340086
vn -0.0353746 0.0329257 0.998832
v -23.7192 4.86669 -1.07639 0.160022 0.380019 0.340003
vn -0.0371586 0.0336829 0.998742
v -23.623 5.0922 -1.07984 0.16 0.38 0.34
vn -0.0378302 0.0314995 0.998788
v -23.5706 5.21428 -1.08172 0.16 0.38 0.34
vn -0.0365684 0.0288665 0.998914
v -23.2016 -5.20055 -0.701403 0.259777 0.470274 0.354254
vn -0.0334651 0.0341673 0.998856
v -23.2084 -5.07322 -0.706378 0.258447 0.469071 0.354064
vn -0.0336468 0.0382075 0.998703
v -23.2291 -4.90546 -0.714237 0.256348 0.467172 0.353764
vn -0.033807 0.0435422 0.998479
v -23.2723 -4.67914 -0.726601 0.253045 0.464183 0.353292
vn -0.0331816 0.0410974 0.998604
v -23.2778 -4.46892 -0.734505 0.250933 0.462272 0.35299
vn -0.0336798 0.0336465 0.998866
v -23.2822 -4.27798 -0.741706 0.249009 0.460532 0.352716
vn -0.0307259 0.0260846 0.999187
v -23.2565 -4.14734 -0.743608 0.248501 0.460072 0.352643
vn -0.0342882 0.032267 0.998891
v -23.2441 -3.91298 -0.75076 0.24659 0.458343 0.35237
vn -0.0326173 0.0335142 0.998906
v -23.238 -3.70314 -0.757819 0.244704 0.456637 0.352101
vn -0.0320474 0.0343102 0.998897
v -23.2158 -3.47542 -0.763933 0.243071 0.455159 0.351867
vn -0.0329853 0.0305216 0.99899
v -23.2116 -3.30474 -0.769933 0.241468 0.453709 0.351638
vn -0.0329862 0.0293419 0.999025
v -23.0217 -7.27687 -0.61908 0.28177 0.490173 0.357396
vn -0.0331206 0.0430487 0.998524
v -23.0278 -7.10672 -0.624486 0.280326 0.488866 0.357189
vn -0.033085 0.0420143 0.998569
v -23.0863 -6.90146 -0.636536 0.277107 0.485954 0.35673
vn -0.032489 0.0422168 0.99858
v -23.132 -6.67235 -0.648049 0.274031 0.483171 0.35629
vn -0.0319469 0.0398981 0.998693
v -23.131 -6.47877 -0.653655 0.272533 0.481816 0.356076
vn -0.0313824 0.0358071 0.998866
v -23.1694 -6.34992 -0.661614 0.270407 0.479892 0.355772
vn -0.032602 0.036054 0.998818
v -23.1529 -6.10957 -0.667184 0.268918 0.478545 0.35556
vn -0.0318835 0.0315462 0.998994
v -23.158 -5.89837 -0.674278 0.267023 0.476831 0.355289
vn -0.0322645 0.0314442 0.998985
v -23.1773 -5.66684 -0.683652 0.264519 0.474565 0.354931
vn -0.0333869 0.0376329 0.998734
v -23.1868 -5.47703 -0.690771 0.262617 0.472844 0.35466
vn -0.0332698 0.0363441 0.998785
v -23.1953 -5.28523 -0.697934 0.260703 0.471112 0.354386
vn -0.0338689 0.0377284 0.998714
v -23.1788 -3.09148 -0.774587 0.240224 0.452584 0.351461
vn -0.0331954 0.0284486 0.999044
v -23.1353 -2.88178 -0.778064 0.239295 0.451744 0.351328
vn -0.0394407 0.0240166 0.998933
v -23.1349 -2.71054 -0.784769 0.237504 0.450123 0.351072
vn -0.0326816 0.0301159 0.999012
v -23.0587 -2.47798 -0.785851 0.237215 0.449861 0.351031
vn -0.0374691 0.0267624 0.998939
v -23.0579 -2.33989 -0.791347 0.235747 0.448533 0.350821
vn -0.0374663 0.032428 0.998772
v -23.0584 -2.04523 -0.803491 0.232502 0.445597 0.350357
vn -0.034673 0.0356335 0.998763
v -23.0519 -1.87919 -0.809702 0.230843 0.444096 0.35012
vn -0.0412311 0.037371 0.998451
v -23.0393 -1.75453 -0.81358 0.229807 0.443159 0.349972
vn -0.0323373 0.03744 0.998776
v -23.0141 -1.22247 -0.833709 0.224429 0.438293 0.349204
vn -0.0322579 0.0406501 0.998653
v -23.0061 -1.09226 -0.838539 0.223139 0.437125 0.34902
vn -0.0329591 0.0428097 0.998539
v -23.0079 -0.848341 -0.849544 0.220199 0.434465 0.3486
vn -0.0321051 0.0468546 0.998386
v -23.0178 -0.728234 -0.856 0.218474 0.432905 0.348353
vn -0.0342656 0.0475527 0.998281
v -23.0272 -0.500326 -0.867342 0.215444 0.430163 0.347921
vn -0.0337793 0.0519459 0.998078
v -23.0159 -0.359958 -0.872538 0.214055 0.428907 0.347722
vn -0.0349271 0.0428098 0.998473
v -22.8079 -8.05516 -0.575681 0.293365 0.500663 0.359052
vn -0.0353355 0.0487141 0.998188
v -22.8641 -7.89355 -0.585809 0.290659 0.498215 0.358666
vn -0.0330085 0.0439867 0.998487
v -22.9233 -7.66614 -0.598067 0.287384 0.495252 0.358198
vn -0.0331322 0.0426806 0.998539
v -22.961 -7.47726 -0.607149 0.284958 0.493057 0.357851
vn -0.0327446 0.0436865 0.998509
v -22.9867 -7.39572 -0.612095 0.283636 0.491861 0.357662
vn -0.0326022 0.0416903 0.998599
v -22.8779 -2.16634 -0.779043 0.239034 0.451507 0.351291
vn -0.0326306 0.0381854 0.998738
v -22.9812 -1.67464 -0.810696 0.230577 0.443856 0.350082
vn -0.0341006 0.0501694 0.998158
v -22.9543 -1.48532 -0.815883 0.229192 0.442602 0.349885
vn -0.0343242 0.0352678 0.998788
v -22.9498 -1.34814 -0.821302 0.227744 0.441292 0.349678
vn -0.033183 0.04049 0.998629
v -22.9817 -1.01803 -0.839186 0.222966 0.436969 0.348995
vn -0.106548 0.0437469 0.993345
v -22.961 -0.935649 -0.840606 0.222586 0.436626 0.348941
vn -0.0343414 0.0468044 0.998314
v -22.973 -0.278783 -0.871654 0.214292 0.429121 0.347756
vn -0.0382218 0.0367729 0.998592
v -22.938 -0.11212 -0.875622 0.213232 0.428162 0.347605
vn -0.038104 0.0382292 0.998542
v -22.9856 0.0962432 -0.890531 0.209248 0.424558 0.347035
vn -0.0356922 0.0397099 0.998574
v -22.9643 0.258622 -0.895933 0.207805 0.423252 0.346829
vn -0.0365285 0.0420008 0.99845
v -22.9214 0.483519 -0.902105 0.206156 0.42176 0.346594
vn -0.0375461 0.0346227 0.998695
v -22.8628 0.703841 -0.906491 0.204984 0.4207 0.346426
vn -0.0386697 0.0346061 0.998653
v -22.916 6.55558 -1.09734 0.16 0.38 0.34
vn -0.0394177 0.0281661 0.998826
v -22.8206 6.61525 -1.09159 0.16 0.38 0.34
vn -0.0392275 0.0257284 0.998899
v -22.6194 -9.11402 -0.530069 0.305551 0.511689 0.360793
vn -0.0327591 0.0321808 0.998945
v -22.6067 -8.92646 -0.533113 0.304737 0.510953 0.360677
vn -0.0304881 0.0386218 0.998789
v -22.6291 -8.75589 -0.539511 0.303028 0.509406 0.360433
vn -0.030916 0.0316709 0.99902
v -22.667 -8.52233 -0.549148 0.300454 0.507077 0.360065
vn -0.0304867 0.0399801 0.998735
v -22.7197 -8.31515 -0.55981 0.297605 0.5045 0.359658
vn -0.0316108 0.043443 0.998556
v -22.7684 -8.13256 -0.569547 0.295004 0.502146 0.359286
vn -0.0311319 0.0503739 0.998245
v -22.7086 1.46888 -0.928097 0.199212 0.415478 0.345602
vn -0.0389892 0.0343675 0.998648
v -22.6617 1.69481 -0.934649 0.197462 0.413894 0.345352
vn -0.0371945 0.0406064 0.998483
v -22.6517 1.83841 -0.941005 0.195763 0.412357 0.345109
vn -0.0398456 0.0372613 0.998511
v -22.7378 6.72421 -1.09018 0.16 0.38 0.34
vn -0.0363823 0.0286761 0.998926
v -22.7167 6.89709 -1.09891 0.16 0.38 0.34
vn -0.098411 0.0623855 0.993188
v -22.6609 7.0629 -1.10384 0.16 0.38 0.34
vn -0.102411 0.0662813 0.992532
v -22.4389 -9.82137 -0.495584 0.314764 0.520024 0.362109
vn -0.0335755 0.038403 0.998698
v -22.4789 -9.69612 -0.502429 0.312935 0.51837 0.361848
vn -0.0338112 0.0408511 0.998593
v -22.5108 -9.52682 -0.509437 0.311063 0.516676 0.36158
vn -0.0332895 0.0411654 0.998598
v -22.5721 -9.29994 -0.520892 0.308002 0.513907 0.361143
vn -0.0328137 0.0388595 0.998706
v -22.5118 7.14248 -1.09417 0.16 0.38 0.34
vn -0.0370163 0.02964 0.998875
v -22.4603 7.2611 -1.09664 0.16 0.38 0.34
vn -0.0986286 0.0638441 0.993074
v -22.2426 -10.2485 -0.466391 0.322563 0.527081 0.363223
vn -0.102832 0.0198463 0.994501
v -22.3242 -10.0725 -0.478426 0.319348 0.524172 0.362764
vn -0.037264 0.0466057 0.998218
v -22.399 -9.89375 -0.489901 0.316282 0.521398 0.362326
vn -0.0379637 0.0501409 0.99802
v -22.2761 3.17876 -0.972974 0.187222 0.40463 0.343889
vn -0.0399952 0.0354599 0.99857
v -22.2372 3.2958 -0.975371 0.186582 0.404051 0.343797
vn -0.0392985 0.028922 0.998809
v -22.3859 7.37096 -1.09633 0.16 0.38 0.34
vn -0.03976 0.0256067 0.998881
v -22.3471 7.49167 -1.10027 0.16 0.38 0.34
vn -0.101252 0.066037 0.992667
v -22.2417 7.68346 -1.1023 0.16 0.38 0.34
vn -0.0992839 0.0655275 0.992899
v -22.0099 -10.7083 -0.433412 0.331374 0.535052 0.364482
vn -0.0346305 0.0483844 0.998228
v -22.0858 -10.5306 -0.444631 0.328377 0.532341 0.364054
vn -0.035011 0.0462721 0.998315
v -22.1686 -10.3533 -0.456655 0.325164 0.529434 0.363595
vn -0.0379506 0.0520488 0.997923
v -22.1691 3.44415 -0.976447 0.186295 0.40379 0.343756
vn -0.0395133 0.0281072 0.998824
v -22.0868 3.63468 -0.978499 0.185747 0.403294 0.343678
vn -0.038909 0.0306761 0.998772
v -22.0131 3.82426 -0.981522 0.184939 0.402564 0.343563
vn -0.0375952 0.0307649 0.998819
v -22.0872 7.84817 -1.09786 0.16 0.38 0.34
vn -0.0445844 0.0255641 0.998678
v -22.055 8.10989 -1.11186 0.16 0.38 0.34
vn -0.0978789 0.0653447 0.993051
v -22.0289 8.27773 -1.12038 0.16 0.38 0.34
vn -0.0999556 0.0664939 0.992768
v -21.8489 -11.2407 -0.407172 0.338384 0.541395 0.365483
vn -0.1023 0.0173787 0.994602
v -21.8574 -11.1034 -0.410482 0.3375 0.540595 0.365357
vn -0.0345621 0.0431198 0.998472
v -21.9237 -10.9042 -0.420899 0.334717 0.538077 0.36496
vn -0.0336457 0.04503 0.998419
v -21.9823 3.94412 -0.98516 0.183967 0.401684 0.343424
vn -0.0383596 0.0324267 0.998738
v -21.9274 4.11551 -0.989295 0.182862 0.400685 0.343266
vn -0.0386674 0.0339364 0.998676
v -21.8634 4.32686 -0.994912 0.181362 0.399327 0.343052
vn -0.0358238 0.031203 0.998871
v -21.9692 7.93897 -1.09226 0.16 0.38 0.34
vn -0.0374936 0.0328562 0.998757
v -21.9735 8.44545 -1.12611 0.16 0.38 0.34
vn -0.0985316 0.0669999 0.992876
v -21.6439 -12.0687 -0.372537 0.347638 0.549767 0.366805
vn -0.101168 0.015471 0.994749
v -21.6887 -11.6863 -0.383229 0.344781 0.547183 0.366397
vn -0.101509 0.0160966 0.994704
v -21.7443 -11.5244 -0.391594 0.342546 0.545161 0.366078
vn -0.101531 0.01674 0.994692
v -21.7814 -11.3519 -0.39833 0.340747 0.543533 0.365821
vn -0.0412646 0.05367 0.997706
v -21.7543 4.50115 -0.993668 0.181694 0.399628 0.343099
vn -0.0427631 0.0316702 0.998583
v -21.7015 4.65847 -0.997472 0.180678 0.398708 0.342954
vn -0.0389476 0.0291918 0.998815
v -21.6978 8.51078 -1.10365 0.16 0.38 0.34
vn -0.0363997 0.0398173 0.998544
v -21.6733 8.68629 -1.11305 0.16 0.38 0.34
vn -0.0379635 0.0494242 0.998056
v -21.7759 8.91705 -1.13856 0.16 0.38 0.34
vn -0.0965768 0.0669291 0.993073
v -21.6958 9.07412 -1.14146 0.16 0.38 0.34
vn -0.0955431 0.0673158 0.993147
v -21.6363 9.22652 -1.14611 0.16 0.38 0.34
vn -0.0947783 0.0673434 0.993218
v -21.4226 -12.7048 -0.340725 0.356137 0.557457 0.36802
vn -0.0350299 0.0319181 0.998876
v -21.4848 -12.5411 -0.349325 0.353839 0.555378 0.367691
vn -0.100716 0.0147146 0.994806
v -21.4737 -12.2965 -0.351826 0.353171 0.554773 0.367596
vn -0.0336561 0.0242706 0.999139
v -21.482 -11.8239 -0.359985 0.350991 0.552801 0.367284
vn -0.0334573 0.0231653 0.999172
v -21.4794 -11.7276 -0.361267 0.350648 0.552491 0.367235
vn -0.0337845 0.0462482 0.998359
v -21.4037 -6.28505 -0.608178 0.284683 0.492808 0.357812
vn -0.0417928 0.0387235 0.998376
v -21.4259 -6.08741 -0.616259 0.282524 0.490855 0.357503
vn -0.0338552 0.0300576 0.998975
v -21.4238 -5.21159 -0.642204 0.275592 0.484583 0.356513
vn -0.0358664 0.0361461 0.998703
v -21.4246 -5.0943 -0.645973 0.274585 0.483672 0.356369
vn -0.0441229 0.0343198 0.998436
v -21.438 -4.70172 -0.660103 0.27081 0.480257 0.35583
vn -0.0367671 0.0373141 0.998627
v -21.4246 -4.48046 -0.665918 0.269257 0.478851 0.355608
vn -0.0419052 0.0331476 0.998572
v -21.444 -4.07587 -0.681885 0.264991 0.474992 0.354999
vn -0.0394762 0.0354886 0.99859
v -21.4438 -3.91892 -0.687349 0.263531 0.473671 0.35479
vn -0.0389325 0.0341597 0.998658
v -21.4373 -3.70286 -0.694282 0.261679 0.471995 0.354526
vn -0.0401735 0.0290654 0.99877
v -21.4029 -3.5234 -0.696861 0.26099 0.471372 0.354427
vn -0.0492471 0.0282247 0.998388
v -21.5707 9.34756 -1.14807 0.16 0.38 0.34
vn -0.0386091 0.0471869 0.99814
v -21.4774 9.50766 -1.15012 0.16 0.38 0.34
vn -0.0953376 0.06876 0.993067
v -21.2142 -13.2829 -0.312075 0.363791 0.564382 0.369113
vn -0.0358599 0.0330796 0.998809
v -21.2585 -13.1107 -0.318733 0.362012 0.562773 0.368859
vn -0.0362888 0.0344062 0.998749
v -21.3542 -12.937 -0.330646 0.358829 0.559893 0.368404
vn -0.0390371 0.0383125 0.998503
v -21.2142 -7.2501 -0.56144 0.297169 0.504106 0.359596
vn -0.033351 0.0440629 0.998472
v -21.242 -7.11802 -0.567876 0.29545 0.50255 0.35935
vn -0.0378152 0.0383271 0.998549
v -21.2706 -6.88176 -0.57716 0.29297 0.500306 0.358996
vn -0.0418647 0.0362253 0.998466
v -21.3079 -6.66672 -0.587013 0.290337 0.497924 0.35862
vn -0.0636255 0.0377979 0.997258
v -21.3687 -6.45969 -0.599427 0.287021 0.494924 0.358146
vn -0.0378824 0.0422868 0.998387
v -21.3661 -5.91289 -0.61458 0.282972 0.491261 0.357567
vn -0.111739 0.029051 0.993313
v -21.3848 -5.66173 -0.624083 0.280433 0.488964 0.357205
vn -0.0388515 0.031836 0.998738
v -21.2456 -5.45652 -0.614626 0.28296 0.49125 0.357566
vn -0.111342 0.0302044 0.993323
v -21.3201 -5.31168 -0.627427 0.27954 0.488155 0.357077
vn -0.111634 0.0307052 0.993275
v -21.2733 -4.86827 -0.636128 0.277216 0.486052 0.356745
vn -0.11147 0.0325726 0.993234
v -21.3575 -4.79942 -0.647847 0.274085 0.483219 0.356298
vn -0.111965 0.0322754 0.993188
v -21.3399 -4.29323 -0.662663 0.270126 0.479638 0.355732
vn -0.111395 0.0332427 0.99322
v -21.302 -4.17444 -0.662435 0.270187 0.479693 0.355741
vn -0.110442 0.0350247 0.993265
v -21.3772 -3.40396 -0.698309 0.260603 0.471022 0.354372
vn -0.0396175 0.0221834 0.998969
v -21.3208 -3.28386 -0.696352 0.261126 0.471495 0.354447
vn -0.112765 0.0369442 0.992935
v -21.2479 -3.16311 -0.692586 0.262132 0.472405 0.35459
vn -0.113091 0.0374794 0.992877
v -21.2708 -2.91438 -0.704609 0.25892 0.469499 0.354131
vn -0.0417625 0.0313575 0.998635
v -21.3159 -2.49358 -0.726107 0.253177 0.464303 0.353311
vn -0.0358186 0.0316915 0.998856
v -21.341 -2.27167 -0.737819 0.250048 0.461472 0.352864
vn -0.0314524 0.0439477 0.998539
v -21.3177 -2.057 -0.743887 0.248426 0.460005 0.352632
vn -0.111319 0.0402705 0.992968
v -21.3413 -1.90209 -0.75295 0.246005 0.457814 0.352286
vn -0.0252967 0.039806 0.998887
v -21.3331 -1.73267 -0.759098 0.244363 0.456328 0.352052
vn -0.0289069 0.0449342 0.998572
v -21.3084 -1.47998 -0.767 0.242251 0.454418 0.35175
vn -0.0301007 0.0339601 0.99897
v -21.274 -1.26942 -0.772171 0.24087 0.453168 0.351553
vn -0.0326688 0.0381036 0.99874
v -21.219 -1.06091 -0.775051 0.2401 0.452472 0.351443
vn -0.111816 0.0441352 0.992748
v -21.2296 -0.907909 -0.783043 0.237965 0.45054 0.351138
vn -0.0402809 0.0389016 0.998431
v -21.2346 -0.734732 -0.791398 0.235733 0.44852 0.350819
vn -0.0432537 0.0497968 0.997822
v -21.2526 -0.566813 -0.801064 0.233151 0.446184 0.35045
vn -0.0391596 0.0393434 0.998458
v -21.3073 9.68696 -1.1462 0.16 0.38 0.34
vn -0.0459148 0.0328267 0.998406
v -21.2357 9.84262 -1.15019 0.16 0.38 0.34
vn -0.0954433 0.0696257 0.992997
v -21.0257 -13.8806 -0.286127 0.370723 0.570654 0.370103
vn -0.0373211 0.0356066 0.998669
v -21.0762 -13.7021 -0.293202 0.368833 0.568944 0.369833
vn -0.0347078 0.0315773 0.998899
v -21.1381 -13.4872 -0.30194 0.366499 0.566832 0.3695
vn -0.0352695 0.0343133 0.998789
v -21.0113 -8.2679 -0.515016 0.309572 0.515327 0.361367
vn -0.0311422 0.0409741 0.998675
v -21.0333 -8.18714 -0.519234 0.308445 0.514308 0.361206
vn -0.030194 0.0408147 0.99871
v -21.0618 -7.87098 -0.529567 0.305685 0.51181 0.360812
vn -0.110479 0.0227052 0.993619
v -21.1297 -7.70625 -0.540952 0.302643 0.509058 0.360378
vn -0.0359885 0.0406333 0.998526
v -21.1484 -7.48282 -0.54838 0.300659 0.507263 0.360094
vn -0.0395794 0.0375075 0.998512
v -21.1419 -7.31627 -0.551754 0.299757 0.506447 0.359965
vn -0.110316 0.024784 0.993588
v -21.1989 -5.79721 -0.599215 0.287077 0.494975 0.358154
vn -0.108608 0.0278465 0.993695
v -21.1653 -4.93249 -0.621896 0.281018 0.489492 0.357288
vn -0.111203 0.0318894 0.993286
v -21.1791 -3.08 -0.687912 0.263381 0.473535 0.354769
vn -0.110582 0.0360116 0.993214
v -21.1607 -2.71411 -0.699833 0.260196 0.470653 0.354314
vn -0.111996 0.0391028 0.992939
v -21.0296 -0.457407 -0.78075 0.238578 0.451094 0.351225
vn -0.111515 0.0457182 0.992711
v -21.123 -0.284717 -0.799363 0.233605 0.446595 0.350515
vn -0.113082 0.0461763 0.992512
v -21.1313 -0.112774 -0.808363 0.231201 0.44442 0.350172
vn -0.0409465 0.0327589 0.998624
v -21.1235 0.101787 -0.81769 0.228709 0.442165 0.349816
vn -0.0409684 0.0405531 0.998337
v -21.079 0.299983 -0.822182 0.227509 0.441079 0.349644
vn -0.0433331 0.0365993 0.99839
v -21.0617 0.470447 -0.828531 0.225812 0.439545 0.349402
vn -0.0380785 0.0396741 0.998487
v -21.0375 0.636419 -0.833966 0.22436 0.438231 0.349194
vn -0.0389147 0.0350152 0.998629
v -21.0742 5.93044 -1.01007 0.177312 0.395664 0.342473
vn -0.0459065 0.0248237 0.998637
v -21.0341 6.0455 -1.01322 0.176471 0.394902 0.342353
vn -0.0427922 0.0275394 0.998704
v -21.1021 9.94258 -1.14441 0.16 0.38 0.34
vn -0.0492142 0.0281056 0.998393
v -21.0107 10.1068 -1.14725 0.16 0.38 0.34
vn -0.0946259 0.0701245 0.99304
v -20.8457 -14.2796 -0.263997 0.376635 0.576003 0.370948
vn -0.040992 0.0394752 0.998379
v -20.9677 -14.0964 -0.277984 0.372899 0.572623 0.370414
vn -0.101694 0.00825915 0.994781
v -20.8196 -8.89183 -0.480802 0.318713 0.523597 0.362673
vn -0.0320128 0.0390286 0.998725
v -20.8788 -8.65813 -0.492078 0.315701 0.520872 0.362243
vn -0.0335502 0.0437696 0.998478
v -20.9397 -8.4959 -0.502189 0.312999 0.518428 0.361857
vn -0.0369923 0.0495267 0.998088
v -20.9865 -8.38136 -0.509804 0.310965 0.516587 0.361566
vn -0.0293699 0.03945 0.99879
v -20.9652 -8.086 -0.51398 0.309849 0.515578 0.361407
vn -0.10879 0.0222232 0.993816
v -20.9531 -7.91199 -0.516598 0.30915 0.514945 0.361307
vn -0.109583 0.0234567 0.993701
v -20.9362 -7.33992 -0.528326 0.306016 0.51211 0.360859
vn -0.108378 0.0261744 0.993765
v -20.8617 1.38135 -0.851887 0.219573 0.433899 0.34851
vn -0.0399387 0.0357132 0.998564
v -20.8679 10.2496 -1.14376 0.16 0.38 0.34
vn -0.0949957 0.0711356 0.992933
v -20.8573 14.956 -1.33907 0.16 0.38 0.34
vn -0.084051 0.074185 0.993696
v -20.8104 15.0383 -1.34125 0.16 0.38 0.34
vn -0.0853449 0.0754126 0.993493
v -20.6305 -14.6847 -0.238846 0.383355 0.582083 0.371908
vn -0.0360223 0.0356014 0.998717
v -20.6979 -14.4932 -0.247292 0.381098 0.580041 0.371585
vn -0.035538 0.0360262 0.998719
v -20.7752 -14.3911 -0.255906 0.378797 0.577959 0.371257
vn -0.0447295 0.0470907 0.997889
v -20.6243 -9.32172 -0.45108 0.326654 0.530782 0.363808
vn -0.0504997 0.0435761 0.997773
v -20.7407 -9.07398 -0.468543 0.321988 0.526561 0.363141
vn -0.0366578 0.0475741 0.998195
v -20.6141 6.0235 -0.967918 0.188573 0.405852 0.344082
vn -0.0510438 0.0193918 0.998508
v -20.7591 6.36776 -1.00531 0.178583 0.396813 0.342655
vn -0.0482879 0.028183 0.998436
v -20.6692 6.45993 -1.00196 0.179479 0.397624 0.342783
vn -0.103571 0.0652037 0.992482
v -20.6978 10.3309 -1.13336 0.16 0.38 0.34
vn -0.0448471 0.0308713 0.998517
v -20.6812 10.5118 -1.14474 0.16 0.38 0.34
vn -0.094947 0.0718923 0.992883
v -20.6959 15.159 -1.34058 0.16 0.38 0.34
vn -0.0838207 0.0746451 0.993681
v -20.4593 -15.0699 -0.218661 0.388747 0.586962 0.372678
vn -0.0983709 0.0076344 0.995121
v -20.5394 -14.9141 -0.227831 0.386298 0.584745 0.372328
vn -0.0395303 0.0386572 0.99847
v -20.4166 -9.81717 -0.419553 0.335076 0.538402 0.365011
vn -0.0373156 0.04957 0.998073
v -20.4337 -9.69542 -0.423536 0.334012 0.53744 0.364859
vn -0.10635 0.0184888 0.994157
v -20.5379 -9.54429 -0.437565 0.330264 0.534049 0.364323
vn -0.038389 0.0505652 0.997983
v -20.4798 2.89954 -0.891547 0.208977 0.424312 0.346997
vn -0.0399367 0.0342285 0.998616
v -20.4239 3.06002 -0.894446 0.208202 0.423612 0.346886
vn -0.0407339 0.0355243 0.998538
v -20.5595 6.17066 -0.971712 0.18756 0.404935 0.343937
vn -0.0308736 0.0421923 0.998632
v -20.5099 6.55121 -0.991367 0.182309 0.400184 0.343187
vn -0.0314795 0.0481162 0.998346
v -20.488 6.73435 -1.00117 0.179689 0.397813 0.342813
vn -0.0346105 0.0515733 0.998069
v -20.4815 6.87856 -1.01007 0.177311 0.395662 0.342473
vn -0.0397627 0.0275279 0.99883
v -20.4066 7.03702 -1.0129 0.176556 0.394979 0.342365
vn -0.0347176 0.0355956 0.998763
v -20.4934 10.6534 -1.13714 0.16 0.38 0.34
vn -0.0435435 0.0320592 0.998537
v -20.5786 15.3342 -1.34385 0.16 0.38 0.34
vn -0.0839643 0.0748136 0.993656
v -20.4856 15.4403 -1.344 0.16 0.38 0.34
vn -0.0925541 0.0862539 0.991965
v -20.2462 -15.4562 -0.194875 0.395102 0.592712 0.373586
vn -0.0335617 0.0354781 0.998807
v -20.3446 -15.3145 -0.2055 0.392264 0.590143 0.373181
vn -0.0988662 0.00638242 0.99508
v -20.3792 -15.173 -0.210007 0.391059 0.589054 0.373008
vn -0.036123 0.0385849 0.998602
v -20.2422 -10.2966 -0.392767 0.342233 0.544877 0.366033
vn -0.035624 0.0473981 0.998241
v -20.3207 -10.0962 -0.404478 0.339104 0.542046 0.365586
vn -0.0504036 0.0385879 0.997983
v -20.3689 -9.92229 -0.412589 0.336937 0.540086 0.365277
vn -0.0634122 0.0321636 0.997469
v -20.3978 3.16779 -0.897742 0.207322 0.422815 0.34676
vn -0.0406458 0.0305027 0.998708
v -20.2416 3.47737 -0.898313 0.207169 0.422677 0.346738
vn -0.0432424 0.0298308 0.998619
v -20.3603 7.14395 -1.01529 0.175916 0.394401 0.342274
vn -0.0337832 0.0329479 0.998886
v -20.2375 7.28399 -1.01208 0.176774 0.395176 0.342396
vn -0.0373816 0.0338893 0.998726
v -20.3811 10.7795 -1.13565 0.16 0.38 0.34
vn -0.0459203 0.0301576 0.99849
v -20.2704 10.9084 -1.13459 0.16 0.38 0.34
vn -0.0459783 0.0289333 0.998523
v -20.3019 15.5341 -1.33556 0.16 0.38 0.34
vn -0.0841256 0.0756279 0.993581
v -20.0591 -15.8653 -0.173908 0.400704 0.59778 0.374386
vn -0.0987491 0.00562377 0.995096
v -20.1222 -15.6958 -0.181143 0.398771 0.596031 0.37411
vn -0.033825 0.0377259 0.998715
v -20.1811 -15.5724 -0.187711 0.397016 0.594443 0.373859
vn -0.0365487 0.038313 0.998597
v -20.0612 -10.7072 -0.367077 0.349096 0.551087 0.367014
vn -0.0462104 0.0436755 0.997976
v -20.1382 -10.4682 -0.378897 0.345938 0.54823 0.366563
vn -0.0531111 0.038977 0.997828
v -20.1543 -10.3927 -0.381788 0.345166 0.547531 0.366452
vn -0.107098 0.0158275 0.994123
v -20.1941 3.54331 -0.896886 0.20755 0.423022 0.346793
vn -0.108968 0.0570737 0.992405
v -20.1258 3.67947 -0.897345 0.207428 0.422911 0.346775
vn -0.113316 0.060176 0.991735
v -20.0701 3.87825 -0.903046 0.205905 0.421533 0.346558
vn -0.0427484 0.032023 0.998573
v -20.0036 4.03066 -0.904852 0.205422 0.421096 0.346489
vn -0.0417509 0.0356879 0.99849
v -20.1685 7.51217 -1.02052 0.17452 0.393137 0.342074
vn -0.032534 0.0369385 0.998788
v -20.0749 7.72826 -1.02575 0.173123 0.391873 0.341875
vn -0.0340043 0.0341994 0.998836
v -20.1734 10.996 -1.13185 0.16 0.38 0.34
vn -0.041952 0.0322732 0.998598
v -20.0939 11.0959 -1.13169 0.16 0.38 0.34
vn -0.0469884 0.0260101 0.998557
v -20.0345 11.2076 -1.13433 0.16 0.38 0.34
vn -0.093542 0.0737135 0.992883
v -20.1409 15.5849 -1.32583 0.16 0.38 0.34
vn -0.0834726 0.0753104 0.99366
v -20.0821 15.7115 -1.33057 0.16 0.38 0.34
vn -0.0833889 0.0760705 0.993609
v -20.0011 15.8263 -1.33257 0.16 0.38 0.34
vn -0.0847281 0.0773936 0.993394
v -19.8442 -16.2521 -0.150911 0.406848 0.603339 0.375264
vn -0.0362756 0.040985 0.998501
v -19.9424 -16.1038 -0.161184 0.404103 0.600855 0.374872
vn -0.0958893 0.00574065 0.995375
v -19.9917 -15.9807 -0.166681 0.402635 0.599527 0.374662
vn -0.0338213 0.0368988 0.998747
v -19.8133 -11.453 -0.330534 0.358859 0.55992 0.368408
vn -0.0381564 0.0310258 0.99879
v -19.8735 -11.2865 -0.339057 0.356582 0.55786 0.368083
vn -0.0786841 0.0214924 0.996668
v -19.9227 -11.1128 -0.346577 0.354573 0.556042 0.367796
vn -0.0506407 0.0308452 0.99824
v -19.9761 -10.9592 -0.354376 0.352489 0.554157 0.367498
vn -0.0519734 0.032697 0.998113
v -19.9528 4.13288 -0.905427 0.205269 0.420957 0.346467
vn -0.111946 0.0612079 0.991827
v -19.9249 4.27933 -0.911308 0.203698 0.419536 0.346243
vn -0.0463575 0.0225085 0.998671
v -19.9638 7.91626 -1.02738 0.172686 0.391478 0.341812
vn -0.0348356 0.0341605 0.998809
v -19.8643 8.06572 -1.02765 0.172614 0.391413 0.341802
vn -0.0370311 0.0303537 0.998853
v -19.8931 11.2721 -1.12585 0.16 0.38 0.34
vn -0.043223 0.0286637 0.998654
v -19.901 15.9254 -1.33179 0.16 0.38 0.34
vn -0.092874 0.0882391 0.99176
v -19.6175 -16.6352 -0.127308 0.413154 0.609044 0.376165
vn -0.0220688 0.0447458 0.998755
v -19.7119 -16.4806 -0.137047 0.410552 0.60669 0.375793
vn -0.0932881 0.00596107 0.995621
v -19.7778 -16.3689 -0.143925 0.408714 0.605027 0.375531
vn -0.0520661 0.0621795 0.996706
v -19.6361 -11.8592 -0.306968 0.365155 0.565617 0.369308
vn -0.0392151 0.0330829 0.998683
v -19.7252 -11.6791 -0.318463 0.362084 0.562838 0.368869
vn -0.0354964 0.0272687 0.998998
v -19.7826 -11.5316 -0.326311 0.359987 0.560941 0.36857
vn -0.0437229 0.0362632 0.998385
v -19.7189 8.29734 -1.02912 0.172223 0.391059 0.341746
vn -0.0379761 0.0394843 0.998498
v -19.624 8.44782 -1.03015 0.171948 0.39081 0.341707
vn -0.039649 0.032722 0.998678
v -19.7189 11.4908 -1.12582 0.16 0.38 0.34
vn -0.0423041 0.0281861 0.998707
v -19.7276 16.0235 -1.32484 0.16 0.38 0.34
vn -0.0828936 0.0760604 0.993652
v -19.4843 -16.8672 -0.113635 0.416807 0.612349 0.376687
vn -0.0108003 0.0800776 0.99673
v -19.5535 -16.7517 -0.120693 0.414921 0.610643 0.376417
vn 0.0434773 0.0836385 0.995547
v -19.4284 -12.2455 -0.280985 0.372097 0.571897 0.3703
vn -0.104457 0.00982684 0.994481
v -19.4879 -12.1867 -0.287834 0.370267 0.570242 0.370038
vn -0.0400989 0.0371922 0.998503
v -19.5703 -11.9581 -0.298929 0.367303 0.56756 0.369615
vn -0.104928 0.0106471 0.994423
v -19.575 8.55047 -1.03249 0.171321 0.390243 0.341617
vn -0.0424197 0.0323849 0.998575
v -19.475 8.69064 -1.03242 0.171341 0.390261 0.34162
vn -0.043493 0.0283225 0.998652
v -19.4871 11.6743 -1.11796 0.16 0.38 0.34
vn -0.0454222 0.0206435 0.998755
v -19.5887 16.15 -1.32304 0.16 0.38 0.34
vn -0.0835803 0.077981 0.993445
v -19.4658 16.2898 -1.32367 0.16 0.38 0.34
vn -0.0869944 0.0842637 0.992639
v -19.3015 -19.128 0.0663726 0.464898 0.65586 0.383557
vn -0.0856363 0.00468304 0.996315
v -19.232 -18.816 0.0708816 0.466103 0.65695 0.383729
vn 0.03267 0.0796468 0.996288
v -19.2603 -16.8556 -0.0925784 0.422432 0.617439 0.37749
vn -0.0936905 0.00429448 0.995592
v -19.2371 -12.916 -0.254865 0.379075 0.578211 0.371296
vn -0.0369393 0.0329356 0.998775
v -19.3201 -12.71 -0.265271 0.376295 0.575696 0.370899
vn -0.0370695 0.0315214 0.998815
v -19.3631 -12.5261 -0.271434 0.374649 0.574206 0.370664
vn -0.0388875 0.0305837 0.998775
v -19.2955 -12.3044 -0.266455 0.375979 0.575409 0.370854
vn -0.103699 0.00965549 0.994562
v -19.3297 -12.0099 -0.27302 0.374225 0.573822 0.370604
vn -0.104517 0.0102914 0.99447
v -19.3852 -10.2164 -0.301726 0.366556 0.566884 0.369508
vn -0.040548 0.0425374 0.998272
v -19.3162 5.35936 -0.912535 0.20337 0.419239 0.346196
vn -0.0317804 0.0226945 0.999237
v -19.277 5.52151 -0.918892 0.201671 0.417703 0.345953
vn -0.0277673 0.0337848 0.999043
v -19.3024 8.89612 -1.0298 0.172039 0.390893 0.34172
vn -0.0379343 0.0306304 0.998811
v -19.244 9.04173 -1.03451 0.170781 0.389754 0.34154
vn -0.0414113 0.0318057 0.998636
v -19.2878 11.8666 -1.11398 0.16 0.38 0.34
vn -0.0449864 0.0217391 0.998751
v -19.2638 16.36 -1.31236 0.16 0.38 0.34
vn -0.082673 0.0777126 0.993542
v -19.0442 -17.0821 -0.0714234 0.428084 0.622552 0.378298
vn -0.0937002 0.00334156 0.995595
v -19.0331 -16.8502 -0.0712319 0.428135 0.622599 0.378305
vn -0.0533968 0.0698274 0.996129
v -19.0505 -13.3198 -0.232435 0.385068 0.583633 0.372153
vn -0.0399901 0.0428211 0.998282
v -19.1637 -13.108 -0.24572 0.381518 0.580421 0.371645
vn -0.0370529 0.0368043 0.998635
v -19.174 -11.8362 -0.25846 0.378115 0.577342 0.371159
vn -0.104467 0.0125819 0.994449
v -19.1407 5.68833 -0.91497 0.202719 0.418651 0.346103
vn -0.108384 0.0660142 0.991915
v -19.1033 5.88558 -0.92408 0.200285 0.416449 0.345755
vn -0.0322807 0.0343821 0.998887
v -19.0582 6.04283 -0.929752 0.19877 0.415078 0.345539
vn -0.0290262 0.0448642 0.998571
v -19.1465 9.16933 -1.03404 0.170908 0.389869 0.341558
vn -0.0373193 0.0313123 0.998813
v -19.0552 9.29546 -1.03416 0.170876 0.38984 0.341554
vn -0.0417816 0.0318202 0.99862
v -19.1813 11.9559 -1.1109 0.16 0.38 0.34
vn -0.0398673 0.0261542 0.998863
v -19.0863 12.0373 -1.10833 0.16 0.38 0.34
vn -0.0484193 0.017648 0.998671
v -19.0887 16.4523 -1.30507 0.16 0.38 0.34
vn -0.0841913 0.0819049 0.993078
v -18.8997 -19.6994 0.103598 0.474843 0.664858 0.384978
vn 0.0154574 0.0896554 0.995853
v -18.8112 -17.6405 -0.0480614 0.434326 0.628199 0.379189
vn -0.013984 0.0415128 0.99904
v -18.9044 -17.4546 -0.0571994 0.431884 0.62599 0.378841
vn -0.0223863 0.0648037 0.997647
v -18.9651 -17.306 -0.0632822 0.430259 0.62452 0.378608
vn -0.0940646 0.00269893 0.995562
v -18.9343 -17.1608 -0.0608692 0.430904 0.625103 0.378701
vn -0.0925867 0.00303965 0.9957
v -18.8218 -13.8411 -0.205575 0.392244 0.590125 0.373178
vn -0.0388989 0.0414761 0.998382
v -18.9018 -13.7045 -0.214584 0.389837 0.587947 0.372834
vn -0.0340687 0.0341196 0.998837
v -18.9643 -13.5066 -0.222254 0.387788 0.586094 0.372541
vn -0.0340377 0.0331777 0.99887
v -18.9322 6.11335 -0.920767 0.20117 0.417249 0.345881
vn -0.107527 0.0672857 0.991923
v -18.9264 6.32628 -0.93471 0.197445 0.413879 0.345349
vn -0.035382 0.0375674 0.998668
v -18.8409 6.46976 -0.935293 0.19729 0.413738 0.345327
vn -0.0416926 0.0332708 0.998576
v -18.9598 9.37254 -1.03028 0.171911 0.390777 0.341702
vn -0.0362694 0.0250154 0.999029
v -18.8835 9.48601 -1.03108 0.171699 0.390585 0.341671
vn -0.0425285 0.0276086 0.998714
v -18.9239 12.1476 -1.10181 0.16 0.38 0.34
vn -0.0381185 0.0248146 0.998965
v -18.8244 12.3052 -1.10476 0.16 0.38 0.34
vn -0.0913475 0.0764422 0.992881
v -18.898 16.5493 -1.29694 0.16 0.38 0.34
vn -0.0836655 0.0812426 0.993177
v -18.6651 -18.0922 -0.033676 0.438169 0.631676 0.379738
vn 0.0316936 0.061727 0.99759
v -18.7321 -17.8014 -0.0403788 0.436378 0.630056 0.379483
vn -0.0360196 0.0197999 0.999155
v -18.6432 -14.2051 -0.185466 0.397616 0.594986 0.373945
vn -0.101367 0.00436512 0.99484
v -18.7191 -14.0652 -0.193888 0.395366 0.59295 0.373624
vn -0.0358504 0.0377011 0.998646
v -18.7842 -13.9135 -0.201322 0.39338 0.591153 0.37334
vn -0.0353018 0.0359221 0.998731
v -18.6124 -5.89979 -0.539306 0.303083 0.509456 0.36044
vn -0.0336915 0.0363766 0.99877
v -18.6552 -5.66424 -0.550423 0.300113 0.506769 0.360016
vn 0 0 0
v -18.6623 -5.4521 -0.55676 0.29842 0.505237 0.359774
vn -0.0333161 0.0311059 0.998961
v -18.6704 -5.29742 -0.561846 0.297061 0.504008 0.35958
vn -0.0334498 0.0351698 0.998821
v -18.6848 -5.14008 -0.567895 0.295445 0.502545 0.359349
vn -0.0339041 0.033574 0.998861
v -18.7262 -4.90562 -0.579553 0.29233 0.499727 0.358904
vn -0.118665 0.0284188 0.992528
v -18.719 -4.69419 -0.584744 0.290943 0.498473 0.358706
vn -0.034078 0.0334003 0.998861
v -18.7077 -4.53505 -0.58804 0.290063 0.497676 0.35858
vn -0.0334766 0.0224491 0.999187
v -18.6862 -4.29991 -0.592504 0.28887 0.496597 0.35841
vn -0.0327708 0.0291191 0.999039
v -18.7096 -4.12555 -0.600826 0.286647 0.494585 0.358092
vn -0.0344132 0.0364921 0.998741
v -18.7224 -3.92005 -0.608995 0.284465 0.492611 0.357781
vn -0.0341655 0.0338214 0.998844
v -18.7166 -3.69602 -0.615611 0.282697 0.491012 0.357528
vn -0.0343289 0.0316271 0.99891
v -18.723 -3.49052 -0.623336 0.280633 0.489144 0.357233
vn -0.0356116 0.0351269 0.998748
v -18.75 -3.3074 -0.633015 0.278047 0.486805 0.356864
vn -0.12025 0.0347219 0.992136
v -18.7406 -3.14876 -0.637428 0.276868 0.485738 0.356695
vn -0.036315 0.0343308 0.998751
v -18.717 -2.94569 -0.641782 0.275705 0.484685 0.356529
vn -0.0387981 0.0136193 0.999154
v -18.7061 -2.70876 -0.649146 0.273738 0.482905 0.356248
vn -0.121705 0.0368042 0.991884
v -18.6624 -2.48474 -0.652154 0.272934 0.482178 0.356133
vn -0.12353 0.0377568 0.991622
v -18.6653 -2.31541 -0.659033 0.271096 0.480516 0.355871
vn -0.124471 0.0387316 0.991467
v -18.6096 -2.06069 -0.662125 0.27027 0.479768 0.355753
vn -0.12408 0.0395272 0.991485
v -18.742 6.5839 -0.932474 0.198043 0.41442 0.345435
vn -0.106746 0.0688344 0.991901
v -18.7088 6.73005 -0.939088 0.196276 0.412821 0.345182
vn -0.0470219 0.0402481 0.998083
v -18.6427 6.87965 -0.94246 0.195375 0.412006 0.345054
vn -0.0424807 0.0458704 0.998044
v -18.7099 9.70074 -1.02981 0.172038 0.390892 0.34172
vn -0.0380488 0.0280707 0.998882
v -18.622 9.85391 -1.0326 0.171292 0.390217 0.341613
vn -0.0427936 0.0293649 0.998652
v -18.7379 12.3458 -1.09996 0.16 0.38 0.34
vn -0.0367371 0.025648 0.998996
v -18.6695 12.4745 -1.10364 0.16 0.38 0.34
vn -0.0902821 0.0764205 0.99298
v -18.6829 16.6943 -1.29069 0.16 0.38 0.34
vn -0.0827995 0.0803533 0.993321
v -18.4802 -18.3178 -0.0164233 0.442778 0.635847 0.380397
vn 0.0155756 0.092851 0.995558
v -18.4485 -14.6874 -0.163804 0.403403 0.600222 0.374772
vn -0.0335234 0.0368512 0.998758
v -18.5286 -14.472 -0.172685 0.401031 0.598075 0.374433
vn -0.0334149 0.0345991 0.998843
v -18.5999 -14.3258 -0.180529 0.398935 0.596179 0.374134
vn -0.0342072 0.03603 0.998765
v -18.4145 -7.10316 -0.488665 0.316612 0.521697 0.362373
vn -0.0312892 0.0298019 0.999066
v -18.4783 -6.90373 -0.500425 0.31347 0.518854 0.361924
vn -0.124973 0.0185003 0.991988
v -18.5172 -6.67804 -0.509885 0.310943 0.516567 0.361563
vn -0.118055 0.0222514 0.992758
v -18.5628 -6.47919 -0.519765 0.308304 0.514179 0.361186
vn -0.118055 0.0222514 0.992758
v -18.5651 -6.33377 -0.523297 0.30736 0.513325 0.361051
vn -0.0331519 0.0297974 0.999006
v -18.581 -6.12344 -0.530099 0.305543 0.511681 0.360792
vn -0.0324956 0.0309467 0.998993
v -18.4798 -2.20394 -0.640175 0.276134 0.485074 0.356591
vn -0.0361368 0.0218582 0.999108
v -18.5782 -1.87583 -0.665668 0.269323 0.478912 0.355618
vn -0.123512 0.0404049 0.99152
v -18.5187 -1.67238 -0.666593 0.269076 0.478688 0.355582
vn -0.122708 0.0407069 0.991608
v -18.5344 -1.48832 -0.676308 0.266481 0.47634 0.355212
vn -0.124693 0.0422585 0.991295
v -18.503 -1.20991 -0.684346 0.264334 0.474397 0.354905
vn -0.124326 0.0432354 0.991299
v -18.5306 -1.07424 -0.693767 0.261817 0.47212 0.354545
vn -0.124669 0.0439372 0.991225
v -18.5132 -0.806347 -0.703588 0.259193 0.469746 0.35417
vn -0.12427 0.0446637 0.991243
v -18.5221 -0.673737 -0.710755 0.257278 0.468013 0.353897
vn -0.123984 0.0456968 0.991231
v -18.4451 -0.50702 -0.708819 0.257795 0.468481 0.353971
vn -0.0360662 0.0557071 0.997796
v -18.503 -0.288776 -0.726352 0.253111 0.464243 0.353302
vn -0.123808 0.0467673 0.991203
v -18.4846 -0.0716304 -0.734475 0.250941 0.46228 0.352992
vn -0.0353684 0.0478996 0.998226
v -18.4449 0.144686 -0.740087 0.249442 0.460923 0.352777
vn -0.0364465 0.0319634 0.998824
v -18.4078 0.322168 -0.744275 0.248323 0.459911 0.352618
vn -0.0363322 0.0331886 0.998789
v -18.4034 0.425752 -0.748938 0.247077 0.458784 0.35244
vn -0.0368337 0.0338871 0.998747
v -18.5677 7.06715 -0.947664 0.193985 0.410748 0.344855
vn -0.042731 0.0385602 0.998342
v -18.4202 7.35945 -0.952738 0.192629 0.409521 0.344661
vn -0.0393983 0.0336854 0.998656
v -18.5322 9.93415 -1.02975 0.172054 0.390906 0.341722
vn -0.0332091 0.0276908 0.999065
v -18.4607 10.0506 -1.03153 0.17158 0.390477 0.341654
vn -0.0378843 0.0287111 0.99887
v -18.5072 12.6402 -1.1017 0.16 0.38 0.34
vn -0.0366823 0.027999 0.998935
v -18.5151 16.7955 -1.28495 0.16 0.38 0.34
vn -0.0814393 0.0791742 0.993529
v -18.4515 16.9185 -1.28953 0.16 0.38 0.34
vn -0.0838134 0.0828011 0.993035
v -18.2251 -18.2987 0.0068822 0.449004 0.64148 0.381286
vn -0.0905897 0.0005502 0.995888
v -18.2247 -15.1036 -0.140135 0.409727 0.605943 0.375675
vn -0.0355309 0.0396952 0.99858
v -18.3281 -14.8961 -0.151033 0.406815 0.603309 0.375259
vn -0.0338343 0.0372193 0.998734
v -18.2666 -7.83948 -0.457391 0.324967 0.529256 0.363567
vn -0.12003 0.0161938 0.992638
v -18.3032 -7.70386 -0.46411 0.323173 0.527632 0.36331
vn -0.11781 0.0177196 0.992878
v -18.3392 -7.53123 -0.471499 0.321198 0.525846 0.363028
vn -0.0337808 0.0447913 0.998425
v -18.3895 -7.3471 -0.48097 0.318668 0.523557 0.362667
vn -0.0325634 0.0343333 0.99888
v -18.2791 -1.33533 -0.650841 0.273285 0.482496 0.356184
vn -0.0314506 0.0330676 0.998958
v -18.354 -0.942409 -0.677487 0.266166 0.476055 0.355167
vn -0.0354009 0.0540785 0.997909
v -18.2765 0.977982 -0.761686 0.243671 0.455702 0.351953
vn -0.0346772 0.0361179 0.998746
v -18.2573 1.07459 -0.764418 0.242941 0.455042 0.351849
vn -0.033356 0.0312706 0.998954
v -18.3477 7.24746 -0.936858 0.196872 0.41336 0.345267
vn -0.106404 0.0716993 0.991735
v -18.3377 7.49307 -0.953583 0.192403 0.409317 0.344629
vn -0.0471077 0.0329448 0.998346
v -18.2119 7.66106 -0.952357 0.192731 0.409613 0.344676
vn -0.042609 0.0337551 0.998521
v -18.2929 10.2603 -1.031 0.171721 0.390605 0.341674
vn -0.037703 0.02772 0.998904
v -18.2009 10.4079 -1.0333 0.171107 0.390049 0.341587
vn -0.0442526 0.0238599 0.998735
v -18.3744 12.7451 -1.0978 0.16 0.38 0.34
vn -0.0404161 0.0220745 0.998939
v -18.2787 12.8281 -1.09562 0.16 0.38 0.34
vn -0.0372576 0.0243435 0.999009
v -18.2955 16.9665 -1.28062 0.16 0.38 0.34
vn -0.0811994 0.0794494 0.993526
v -18.0105 -18.8306 0.0264883 0.454242 0.646219 0.382035
vn -0.0897422 0.000182024 0.995965
v -18.0778 -18.7707 0.0204125 0.452619 0.644751 0.381803
vn 0.0290701 0.0673533 0.997306
v -18.0121 -17.304 0.0251305 0.45388 0.645891 0.381983
vn -0.0915736 0.00165429 0.995797
v -18.0915 -15.2957 -0.126463 0.413379 0.609248 0.376197
vn -0.0438148 0.0575287 0.997382
v -18.016 -8.54101 -0.416553 0.335878 0.539128 0.365125
vn -0.0281022 0.0478691 0.998458
v -18.0998 -8.31309 -0.429866 0.332321 0.53591 0.364617
vn -0.0315787 0.0403352 0.998687
v -18.1738 -8.10037 -0.442002 0.329079 0.532976 0.364154
vn -0.118793 0.0158652 0.992792
v -18.1933 -7.92123 -0.44719 0.327693 0.531722 0.363956
vn -0.0324027 0.041831 0.998599
v -18.1506 7.04634 -0.901163 0.206408 0.421988 0.34663
vn -0.024111 0.0357379 0.99907
v -18.0402 7.66047 -0.933938 0.197651 0.414066 0.345379
vn -0.0249129 0.0577611 0.99802
v -18.0509 7.94704 -0.95629 0.19168 0.408663 0.344526
vn -0.0428823 0.0300146 0.998629
v -18.0676 10.5094 -1.02807 0.172503 0.391312 0.341786
vn -0.037197 0.0234739 0.999032
v -18.1867 12.9083 -1.09359 0.16 0.38 0.34
vn -0.0383065 0.0233543 0.998993
v -18.0847 13.0372 -1.09454 0.16 0.38 0.34
vn -0.0907758 0.0801796 0.992638
v -18.1414 17.066 -1.27604 0.16 0.38 0.34
vn -0.0818332 0.0814182 0.993315
v -17.8808 -19.0732 0.0380423 0.457329 0.649012 0.382476
vn -0.0475178 0.0296618 0.99843
v -17.9893 -18.9342 0.0283678 0.454745 0.646674 0.382106
vn 0.0181528 0.0699413 0.997386
v -17.9448 -17.0205 0.0307706 0.455387 0.647254 0.382198
vn -0.0290819 0.104823 0.994066
v -17.8482 -15.6464 -0.101873 0.419949 0.615192 0.377136
vn -0.0235652 0.045632 0.99868
v -17.9222 -15.4692 -0.109375 0.417945 0.613379 0.376849
vn -0.0959496 0.00231089 0.995384
v -17.8222 -9.0691 -0.386682 0.343858 0.546348 0.366265
vn -0.0146319 0.0537581 0.998447
v -17.8946 -8.86826 -0.397743 0.340903 0.543674 0.365843
vn -0.0131435 0.051236 0.9986
v -17.9614 -8.68908 -0.408012 0.33816 0.541192 0.365451
vn -0.0178484 0.0500732 0.998586
v -17.9764 7.79417 -0.936998 0.196834 0.413326 0.345262
vn -0.10554 0.0735485 0.991691
v -17.9353 8.09257 -0.954857 0.192063 0.409009 0.34458
vn -0.0441273 0.0309982 0.998545
v -17.8389 8.24715 -0.956238 0.191694 0.408675 0.344528
vn -0.0372023 0.0383797 0.99857
v -17.992 10.5962 -1.02741 0.17268 0.391472 0.341811
vn -0.0407648 0.0230554 0.998903
v -17.9003 10.6976 -1.02636 0.17296 0.391726 0.341851
vn -0.0323563 0.02932 0.999046
v -17.8057 10.8426 -1.0285 0.172388 0.391208 0.34177
vn -0.0358159 0.0259548 0.999021
v -17.947 13.1387 -1.09016 0.16 0.38 0.34
vn -0.0394062 0.0233171 0.998951
v -17.8576 13.225 -1.08898 0.16 0.38 0.34
vn -0.0430239 0.0261513 0.998732
v -17.9678 17.1552 -1.2691 0.16 0.38 0.34
vn -0.0802019 0.0798888 0.993572
v -17.8569 17.2927 -1.27121 0.16 0.38 0.34
vn -0.0815538 0.0815026 0.993331
v -17.7893 -20.366 0.199938 0.500582 0.688145 0.388655
vn 0.0348445 0.135721 0.990134
v -17.6153 -19.4438 0.0613904 0.463567 0.654656 0.383367
vn -0.000188433 0.119632 0.992818
v -17.6695 -16.0188 -0.0841811 0.424676 0.619468 0.377811
vn -0.0453079 0.10927 0.992979
v -17.7496 -15.8721 -0.0920594 0.422571 0.617564 0.37751
vn -0.0223796 0.0367083 0.999075
v -17.7995 -15.702 -0.0970304 0.421243 0.616363 0.37732
vn -0.0958952 0.00192657 0.99539
v -17.6347 -9.45903 -0.360204 0.350932 0.552748 0.367276
vn 0.00240015 0.063713 0.997965
v -17.7029 -9.31854 -0.369741 0.348384 0.550443 0.366912
vn -0.0226541 0.0621893 0.997807
v -17.7716 -9.17435 -0.37946 0.345788 0.548094 0.366541
vn -0.0241757 0.0528453 0.99831
v -17.617 3.06725 -0.800147 0.233396 0.446406 0.350485
vn -0.0429433 0.00682276 0.999054
v -17.7982 8.34855 -0.959589 0.190798 0.407865 0.3444
vn -0.0328865 0.0408395 0.998624
v -17.7344 8.51581 -0.965582 0.189197 0.406417 0.344171
vn -0.0361066 0.0310441 0.998866
v -17.6187 8.69695 -0.967259 0.188749 0.406011 0.344107
vn -0.0345171 0.0278269 0.999017
v -17.7351 10.9321 -1.02869 0.172337 0.391162 0.341762
vn -0.0300878 0.0295389 0.999111
v -17.6528 11.0599 -1.03081 0.171771 0.39065 0.341682
vn -0.0336145 0.0265224 0.999083
v -17.7571 13.3049 -1.08633 0.16 0.38 0.34
vn -0.0329021 0.0298595 0.999012
v -17.6658 13.465 -1.09097 0.16 0.38 0.34
vn -0.0899264 0.0802563 0.99271
v -17.7501 17.3796 -1.2696 0.16 0.38 0.34
vn -0.0841316 0.0854771 0.992782
v -17.613 17.442 -1.26361 0.16 0.38 0.34
vn -0.0793886 0.079823 0.993643
v -17.4788 -19.4981 0.0734511 0.466789 0.657571 0.383827
vn 0.00879662 0.119217 0.992829
v -17.4249 -16.459 -0.0606451 0.430964 0.625158 0.378709
vn 0.0700761 0.0835846 0.994034
v -17.4509 -16.3193 -0.0630108 0.430332 0.624586 0.378619
vn 0.00981952 0.0586768 0.998229
v -17.4812 -16.0509 -0.0657535 0.429599 0.623923 0.378514
vn -0.0964059 -6.36527e-05 0.995342
v -17.4059 -10.0479 -0.328016 0.359532 0.560529 0.368505
vn -0.113267 0.00858934 0.993528
v -17.4576 -9.91865 -0.335116 0.357635 0.558813 0.368234
vn 0.00838394 0.0495435 0.998737
v -17.5171 -9.73316 -0.343718 0.355337 0.556733 0.367905
vn 0.00495788 0.056407 0.998396
v -17.5352 -9.57146 -0.347353 0.354366 0.555855 0.367767
vn -0.0385558 0.0583797 0.99755
v -17.5868 3.16116 -0.802281 0.232826 0.44589 0.350404
vn -0.121003 0.0618287 0.990725
v -17.5516 3.28408 -0.805683 0.231917 0.445067 0.350274
vn -0.124612 0.0667153 0.98996
v -17.4951 8.79458 -0.961799 0.190208 0.407331 0.344315
vn -0.103168 0.0757801 0.991773
v -17.444 8.95264 -0.968707 0.188362 0.405661 0.344052
vn -0.0354142 0.0262335 0.999028
v -17.572 11.1445 -1.02969 0.172069 0.39092 0.341724
vn -0.0358474 0.0229856 0.999093
v -17.4841 11.2242 -1.02754 0.172644 0.39144 0.341806
vn -0.0402253 0.0188156 0.999013
v -17.5089 13.6279 -1.09007 0.16 0.38 0.34
vn -0.0326707 0.0306036 0.998998
v -17.5286 17.5579 -1.26625 0.16 0.38 0.34
vn -0.0796091 0.0806935 0.993555
v -17.433 17.6558 -1.26656 0.16 0.38 0.34
vn -0.0837052 0.0866063 0.99272
v -17.2945 -19.5033 0.0897939 0.471155 0.661522 0.384451
vn -0.0887992 -0.00146065 0.996048
v -17.3355 -16.5457 -0.0521042 0.433245 0.627222 0.379035
vn 0.00580332 0.100313 0.994939
v -17.271 -10.319 -0.310309 0.364262 0.564809 0.36918
vn -0.0200323 0.069009 0.997415
v -17.3796 -10.1506 -0.324164 0.360561 0.56146 0.368652
vn 0.00768244 0.0654049 0.997829
v -17.3976 3.38035 -0.792853 0.235344 0.448169 0.350763
vn -0.0460542 0.00379081 0.998932
v -17.2703 3.51518 -0.785859 0.237213 0.449859 0.35103
vn -0.0332869 0.0361774 0.998791
v -17.2799 9.1509 -0.967063 0.188802 0.406059 0.344115
vn -0.0356774 0.0285061 0.998957
v -17.2172 9.26508 -0.969527 0.188143 0.405463 0.34402
vn -0.0335881 0.0273841 0.999061
v -17.3593 11.3245 -1.02353 0.173716 0.39241 0.341959
vn -0.0354454 0.0203655 0.999164
v -17.2617 11.4432 -1.02369 0.173674 0.392372 0.341953
vn -0.0357802 0.0254522 0.999036
v -17.3969 13.7424 -1.08937 0.16 0.38 0.34
vn -0.0315901 0.0318086 0.998995
v -17.2689 13.9021 -1.09099 0.16 0.38 0.34
vn -0.0357519 0.0277853 0.998974
v -17.2813 17.751 -1.2622 0.16 0.38 0.34
vn -0.0803665 0.0826991 0.993329
v -17.1196 -19.8391 0.104458 0.475073 0.665066 0.38501
vn 0.0175851 0.0931591 0.995496
v -17.1686 -19.6953 0.100507 0.474018 0.664111 0.38486
vn -0.0880093 -0.00242986 0.996117
v -17.1887 -19.523 0.0991244 0.473648 0.663777 0.384807
vn -0.0876639 -0.00200189 0.996148
v -17.1177 -17.6961 0.107377 0.475853 0.665772 0.385122
vn -0.0370219 0.0300604 0.998862
v -17.1407 -17.5446 0.105244 0.475283 0.665256 0.38504
vn 0.024082 0.120561 0.992414
v -17.104 -16.5612 -0.0297192 0.439226 0.632633 0.379889
vn -0.0963238 -0.00152603 0.995349
v -17.0203 -10.8322 -0.278305 0.372813 0.572545 0.370402
vn -0.114758 0.00452559 0.993383
v -17.081 -10.7071 -0.285942 0.370773 0.570699 0.37011
vn -0.115029 0.00521595 0.993348
v -17.1654 -10.533 -0.296686 0.367902 0.568102 0.3697
vn -0.114891 0.00610984 0.993359
v -17.0183 4.61768 -0.828761 0.225751 0.439489 0.349393
vn -0.0385925 0.04527 0.998229
v -17.1366 9.33923 -0.967012 0.188815 0.406071 0.344116
vn -0.103121 0.0784682 0.991569
v -17.0517 9.45463 -0.967368 0.18872 0.405985 0.344103
vn -0.0369308 0.0222077 0.999071
v -17.1585 11.5577 -1.02303 0.17385 0.392531 0.341979
vn -0.0351344 0.0231941 0.999113
v -17.0627 11.6772 -1.02355 0.17371 0.392404 0.341959
vn -0.0391633 0.0227452 0.998974
v -17.0738 14.0599 -1.08664 0.16 0.38 0.34
vn -0.0372168 0.0255644 0.99898
v -17.1166 17.8716 -1.25896 0.16 0.38 0.34
vn -0.0801496 0.0832188 0.993303
v -16.8119 -20.2959 0.129975 0.48189 0.671234 0.385984
vn 0.0359003 0.0481806 0.998193
v -16.8738 -20.163 0.125037 0.480571 0.67004 0.385796
vn 0.0197943 0.0689258 0.997425
v -16.8427 -19.925 0.128518 0.481501 0.670882 0.385929
vn -0.0865744 -0.00316092 0.99624
v -16.8166 -19.7083 0.131437 0.482281 0.671588 0.38604
vn -0.0226366 0.018998 0.999563
v -16.9065 -18.523 0.125923 0.480808 0.670255 0.38583
vn -0.032759 0.0170404 0.999318
v -16.8705 -17.1224 -0.00876745 0.444823 0.637697 0.380689
vn 0.0714498 0.122055 0.989948
v -16.9583 -16.9235 -0.0165679 0.442739 0.635812 0.380391
vn 0.0228677 0.132661 0.990898
v -16.9236 -16.7824 -0.0128472 0.443733 0.636711 0.380533
vn -0.0954091 -0.0027521 0.995434
v -16.8316 -11.2106 -0.255126 0.379005 0.578148 0.371286
vn -0.11345 0.00320753 0.993538
v -16.8665 -11.1494 -0.259328 0.377883 0.577132 0.371126
vn -0.114544 0.00351531 0.993412
v -16.9437 -10.9519 -0.26896 0.375309 0.574804 0.370758
vn -0.114302 0.00426998 0.993437
v -16.9204 -10.6229 -0.267794 0.375621 0.575086 0.370803
vn -0.0392465 0.0439386 0.998263
v -16.9491 4.74692 -0.829351 0.225593 0.439346 0.34937
vn -0.0336793 0.0301885 0.998977
v -16.8811 4.89348 -0.831407 0.225044 0.438849 0.349292
vn -0.0330606 0.031887 0.998945
v -16.8256 5.05784 -0.836329 0.223729 0.43766 0.349104
vn -0.0321423 0.0362804 0.998825
v -16.9609 9.56621 -0.966882 0.18885 0.406103 0.344121
vn -0.0336532 0.0250546 0.999119
v -16.8416 9.72552 -0.967377 0.188718 0.405983 0.344103
vn -0.0317772 0.0263265 0.999148
v -16.9329 11.7669 -1.01848 0.175066 0.393631 0.342152
vn -0.037206 0.0203339 0.999101
v -16.8512 11.844 -1.01699 0.175463 0.39399 0.342209
vn -0.0381321 0.0195597 0.999081
v -16.9488 14.1659 -1.08434 0.16 0.38 0.34
vn -0.0331219 0.0291084 0.999027
v -16.8757 14.2645 -1.08603 0.16 0.38 0.34
vn -0.036676 0.0280364 0.998934
v -16.9368 17.9852 -1.25403 0.16 0.38 0.34
vn -0.0783209 0.0816942 0.993575
v -16.871 18.1021 -1.25846 0.16 0.38 0.34
vn -0.0824164 0.085924 0.992887
v -16.6941 -20.4354 0.139692 0.484486 0.673583 0.386355
vn 0.0306476 0.115091 0.992882
v -16.7773 -20.3923 0.132635 0.482601 0.671877 0.386086
vn 0.062193 0.121602 0.990629
v -16.6331 -17.3536 0.0129859 0.450635 0.642956 0.381519
vn 0.0574765 0.129608 0.989898
v -16.6208 -17.1174 0.0150509 0.451187 0.643455 0.381598
vn -0.0943065 -0.00324804 0.995538
v -16.6247 -11.6946 -0.230431 0.385603 0.584117 0.372229
vn 0 0 0
v -16.6891 -11.512 -0.238065 0.383564 0.582272 0.371938
vn -0.111902 0.00305095 0.993715
v -16.7769 -11.3193 -0.248544 0.380764 0.579739 0.371538
vn -0.11241 0.00308067 0.993657
v -16.7588 -11.0079 -0.247464 0.381052 0.58 0.371579
vn -0.0387082 0.0386793 0.998502
v -16.7703 5.17579 -0.838095 0.223257 0.437233 0.349037
vn -0.0350606 0.0295549 0.998948
v -16.6953 5.3213 -0.839551 0.222868 0.436881 0.348981
vn -0.0321232 0.0348931 0.998875
v -16.6381 5.47217 -0.843648 0.221774 0.43589 0.348825
vn -0.0268793 0.0320702 0.999124
v -16.7044 9.91672 -0.968764 0.188347 0.405648 0.34405
vn -0.029337 0.0292405 0.999142
v -16.7624 11.9227 -1.01502 0.17599 0.394467 0.342284
vn -0.0342852 0.0217647 0.999175
v -16.6641 12.0393 -1.01531 0.175913 0.394397 0.342273
vn -0.0346044 0.0251466 0.999085
v -16.7792 14.3945 -1.08831 0.16 0.38 0.34
vn -0.0864408 0.0820827 0.99287
v -16.6388 14.4849 -1.08357 0.16 0.38 0.34
vn -0.0379966 0.0272955 0.998905
v -16.7678 18.1983 -1.25826 0.16 0.38 0.34
vn -0.0792375 0.0833015 0.993369
v -16.6594 18.2819 -1.25665 0.16 0.38 0.34
vn -0.0776302 0.0815454 0.993642
v -16.5469 -20.4067 0.152553 0.487922 0.676692 0.386846
vn -0.0861889 -0.00373058 0.996272
v -16.4836 -17.4397 0.0267787 0.45432 0.64629 0.382046
vn 0.0127481 0.152037 0.988293
v -16.534 -16.277 0.025895 0.454084 0.646076 0.382012
vn -0.0940173 -0.00163641 0.995569
v -16.4406 -12.057 -0.209375 0.391228 0.589207 0.373033
vn -0.113704 -0.0014648 0.993514
v -16.534 -11.8879 -0.219964 0.388399 0.586647 0.372628
vn -0.108789 0.00215334 0.994062
v -16.5812 -11.7965 -0.225376 0.386953 0.585339 0.372422
vn 0 0 0
v -16.4144 -5.06005 -0.494786 0.314977 0.520217 0.36214
vn -0.0340087 0.0374498 0.99872
v -16.4331 -4.92559 -0.500462 0.31346 0.518845 0.361923
vn -0.0331244 0.0332879 0.998897
v -16.4445 -4.6939 -0.507656 0.311539 0.517106 0.361648
vn -0.033561 0.0342232 0.998851
v -16.4695 -4.4831 -0.516424 0.309196 0.514987 0.361314
vn -0.0326463 0.0288484 0.999051
v -16.4805 -4.29047 -0.523036 0.307429 0.513389 0.361061
vn -0.0315827 0.0271379 0.999133
v -16.4697 -4.08339 -0.527285 0.306294 0.512362 0.360899
vn -0.0327799 0.0309435 0.998983
v -16.4703 -3.89992 -0.532645 0.304863 0.511066 0.360695
vn -0.0339911 0.0317327 0.998918
v -16.4705 -3.70161 -0.538536 0.303288 0.509642 0.36047
vn -0.0342047 0.0298795 0.998968
v -16.4692 -3.48929 -0.544886 0.301592 0.508107 0.360227
vn -0.0345793 0.0309052 0.998924
v -16.4581 -3.31049 -0.549064 0.300476 0.507097 0.360068
vn -0.0357016 0.0346147 0.998763
v -16.462 -3.10869 -0.556203 0.298569 0.505372 0.359796
vn -0.0361598 0.017602 0.999191
v -16.443 -2.92978 -0.559668 0.297643 0.504534 0.359663
vn -0.0292725 0.028681 0.99916
v -16.4405 -2.7049 -0.567165 0.29564 0.502722 0.359377
vn -0.0279278 0.0319218 0.9991
v -16.4297 -2.51005 -0.572707 0.294159 0.501382 0.359166
vn -0.0284737 0.0295255 0.999158
v -16.4119 -2.26812 -0.579255 0.29241 0.4998 0.358916
vn -0.0289558 0.0337925 0.999009
v -16.4127 -2.04447 -0.587959 0.290085 0.497696 0.358584
vn -0.0262676 0.0245324 0.999354
v -16.5962 5.55835 -0.844934 0.22143 0.43558 0.348776
vn -0.0275767 0.0219715 0.999378
v -16.5346 5.65745 -0.844866 0.221448 0.435596 0.348778
vn -0.0294256 0.0222362 0.99932
v -16.4488 5.80923 -0.84588 0.221177 0.435351 0.34874
vn -0.0315055 0.0228347 0.999243
v -16.5744 10.0888 -0.969487 0.188154 0.405473 0.344022
vn -0.0311781 0.0288273 0.999098
v -16.4598 10.2479 -0.970874 0.187784 0.405138 0.343969
vn -0.0346823 0.0232329 0.999128
v -16.5746 12.1168 -1.01324 0.176464 0.394896 0.342352
vn -0.0354323 0.0189732 0.999192
v -16.4716 12.2523 -1.0148 0.176049 0.39452 0.342293
vn -0.0333297 0.030942 0.998965
v -16.5187 14.596 -1.08236 0.16 0.38 0.34
vn -0.0864618 0.0829864 0.992793
v -16.411 14.6628 -1.07859 0.16 0.38 0.34
vn -0.0367947 0.0265295 0.998971
v -16.57 18.3799 -1.25776 0.16 0.38 0.34
vn -0.0790075 0.0834513 0.993375
v -16.477 18.4879 -1.25946 0.16 0.38 0.34
vn -0.0770636 0.0824675 0.99361
v -16.4242 18.6289 -1.26709 0.16 0.38 0.34
vn -0.0866162 0.0922439 0.991962
v -16.2435 -20.6689 0.177549 0.4946 0.682734 0.3878
vn -0.0863654 -0.00584895 0.996246
v -16.2164 -20.433 0.180954 0.49551 0.683557 0.38793
vn -0.0744433 0.0667001 0.994992
v -16.303 -20.3352 0.17391 0.493628 0.681854 0.387661
vn -0.0309272 0.0424942 0.998618
v -16.3406 -17.4685 0.040154 0.457893 0.649523 0.382556
vn -0.093973 -0.00435335 0.995565
v -16.2433 -12.4571 -0.187556 0.397058 0.594481 0.373865
vn -0.112695 -0.00173464 0.993628
v -16.3144 -12.2695 -0.195293 0.394991 0.592611 0.37357
vn -0.112917 -0.00172709 0.993603
v -16.3618 -12.1599 -0.200534 0.39359 0.591344 0.37337
vn -0.111291 0.000214848 0.993788
v -16.2174 -6.46147 -0.441128 0.329312 0.533187 0.364187
vn -0.0313036 0.0331763 0.998959
v -16.2533 -6.28032 -0.448857 0.327248 0.531319 0.363893
vn 0 0 0
v -16.268 -6.12547 -0.453484 0.326011 0.530201 0.363716
vn 0 0 0
v -16.3155 -5.91491 -0.463659 0.323293 0.527741 0.363328
vn -0.0319011 0.0282487 0.999092
v -16.3337 -5.66898 -0.470844 0.321373 0.526004 0.363053
vn -0.0326935 0.0314155 0.998972
v -16.3378 -5.46578 -0.475544 0.320118 0.524868 0.362874
vn -0.137824 0.0205113 0.990244
v -16.3609 -5.2973 -0.482253 0.318325 0.523247 0.362618
vn -0.134395 0.0215981 0.990692
v -16.3967 -5.18153 -0.489623 0.316356 0.521465 0.362337
vn -0.0343578 0.0338269 0.998837
v -16.389 -1.91043 -0.59 0.289539 0.497202 0.358506
vn -0.13489 0.0388599 0.990098
v -16.3896 -1.7345 -0.597161 0.287626 0.495471 0.358232
vn -0.0221342 0.0318316 0.999248
v -16.3694 -1.47583 -0.605116 0.285501 0.493548 0.357929
vn -0.0217584 0.0294821 0.999328
v -16.3395 -1.27232 -0.609707 0.284274 0.492439 0.357753
vn -0.0231332 0.0342477 0.999146
v -16.3384 -1.0815 -0.617912 0.282082 0.490455 0.35744
vn -0.0255691 0.049011 0.998471
v -16.3067 -0.904536 -0.621476 0.28113 0.489594 0.357304
vn -0.0287472 0.0340415 0.999007
v -16.2995 -0.707002 -0.629557 0.278971 0.48764 0.356996
vn -0.0297886 0.0486847 0.99837
v -16.3156 -0.490291 -0.641941 0.275662 0.484647 0.356523
vn -0.0316547 0.0559086 0.997934
v -16.294 -0.301999 -0.648023 0.274038 0.483177 0.356291
vn -0.0349889 0.0402992 0.998575
v -16.2511 -0.0951513 -0.652312 0.272892 0.48214 0.356127
vn -0.03497 0.0358522 0.998745
v -16.3946 5.93009 -0.848473 0.220485 0.434724 0.348641
vn -0.0173768 0.0279698 0.999458
v -16.3195 6.08747 -0.851419 0.219698 0.434012 0.348528
vn -0.0195593 0.0224756 0.999556
v -16.2051 6.23113 -0.848796 0.220398 0.434646 0.348628
vn -0.117946 0.0759641 0.99011
v -16.3325 10.3549 -0.96678 0.188877 0.406127 0.344125
vn -0.100798 0.0819194 0.991529
v -16.2392 10.4877 -0.968368 0.188453 0.405743 0.344065
vn -0.0329474 0.0229951 0.999193
v -16.319 12.3458 -1.00825 0.177799 0.396104 0.342543
vn -0.0380619 0.0181998 0.99911
v -16.248 12.4347 -1.00903 0.177591 0.395915 0.342513
vn -0.032098 0.0306311 0.999015
v -16.3365 14.7602 -1.08029 0.16 0.38 0.34
vn -0.0857469 0.0834362 0.992817
v -16.315 18.7121 -1.26553 0.16 0.38 0.34
vn -0.076804 0.0824892 0.993628
v -16.2097 18.8068 -1.26528 0.16 0.38 0.34
vn -0.0775325 0.0836035 0.993478
v -16.0708 -20.744 0.191971 0.498453 0.68622 0.38835
vn -0.0848143 -0.00461673 0.996386
v -16.1302 -17.6939 0.0588042 0.462876 0.654031 0.383268
vn 0.0280834 0.0706944 0.997103
v -16.1577 -17.5145 0.0571406 0.462432 0.653629 0.383205
vn -0.0930427 -0.00503217 0.995649
v -16.1199 -17.3699 0.0614045 0.463571 0.654659 0.383367
vn -0.0924713 -0.0034474 0.995709
v -16.0815 -12.7119 -0.170064 0.401731 0.598709 0.374533
vn 0 0 0
v -16.1675 -12.5772 -0.179311 0.39926 0.596474 0.37418
vn -0.108007 6.35916e-05 0.99415
v -16.0195 -7.4059 -0.402217 0.339708 0.542593 0.365673
vn -0.0330222 0.0462475 0.998384
v -16.0644 -7.28767 -0.409478 0.337768 0.540838 0.365395
vn -0.0297581 0.0383602 0.998821
v -16.095 -7.11593 -0.415604 0.336131 0.539357 0.365162
vn -0.0321737 0.042508 0.998578
v -16.1469 -6.91173 -0.425132 0.333586 0.537054 0.364798
vn -0.0313434 0.0337904 0.998937
v -16.1828 -6.65892 -0.433486 0.331354 0.535035 0.364479
vn -0.0308067 0.0306679 0.999055
v -16.144 0.771997 -0.682864 0.264729 0.474755 0.354961
vn -0.0333618 0.0399488 0.998645
v -16.1419 0.856586 -0.687218 0.263566 0.473703 0.354795
vn -0.0341554 0.0306918 0.998945
v -16.0328 1.22475 -0.692975 0.262028 0.472311 0.354575
vn -0.0348395 0.0259439 0.999056
v -16.198 6.15784 -0.842349 0.222121 0.436204 0.348874
vn -0.0355521 0.0290378 0.998946
v -16.18 6.32736 -0.853207 0.21922 0.43358 0.34846
vn -0.0214429 0.0165053 0.999634
v -16.0675 6.4923 -0.852695 0.219357 0.433704 0.34848
vn -0.020231 0.0407752 0.998964
v -16.0594 10.6889 -0.967071 0.1888 0.406057 0.344114
vn -0.032419 0.0219719 0.999233
v -16.1981 12.5407 -1.01327 0.176456 0.394889 0.342351
vn -0.0351279 0.0299832 0.998933
v -16.1043 12.6553 -1.01418 0.176214 0.394669 0.342316
vn -0.0306158 0.0331207 0.998982
v -16.1466 14.8882 -1.07468 0.160238 0.380215 0.340034
vn -0.0361459 0.0284925 0.99894
v -16.0427 15.0422 -1.07873 0.16 0.38 0.34
vn -0.0855209 0.0838057 0.992806
v -16.1061 18.8965 -1.26477 0.16 0.38 0.34
vn -0.0900542 0.0996133 0.990943
v -15.8066 -21.3296 0.211237 0.503601 0.690877 0.389086
vn 0.00648897 0.0855669 0.996311
v -15.8471 -21.0374 0.209473 0.503129 0.69045 0.389018
vn -0.0844067 -0.00577481 0.996415
v -15.8969 -20.8864 0.206066 0.502219 0.689627 0.388888
vn -0.0845811 -0.00505772 0.996404
v -15.9202 -17.8909 0.0773007 0.467818 0.658502 0.383974
vn -0.0285048 0.07789 0.996554
v -15.8319 -13.1162 -0.143817 0.408743 0.605053 0.375535
vn -0.109616 -0.00460149 0.993963
v -15.9453 -12.9385 -0.155661 0.405579 0.60219 0.375083
vn -0.114453 -0.00686626 0.993405
v -15.8308 -7.91659 -0.372552 0.347634 0.549764 0.366805
vn -0.0323631 0.0414233 0.998617
v -15.9085 -7.6572 -0.38507 0.344289 0.546738 0.366327
vn -0.0344023 0.04588 0.998354
v -15.9926 -7.48879 -0.397786 0.340892 0.543664 0.365842
vn -0.032675 0.0439584 0.998499
v -15.92 1.47592 -0.692147 0.262249 0.472511 0.354607
vn 0 0 0
v -15.928 6.70327 -0.85277 0.219337 0.433686 0.348477
vn -0.039249 0.019915 0.999031
v -15.8373 6.80023 -0.849791 0.220133 0.434406 0.34859
vn -0.0527834 0.0065067 0.998585
v -15.9047 10.8849 -0.968089 0.188528 0.405811 0.344075
vn -0.0321062 0.0196841 0.999291
v -15.9941 12.766 -1.01331 0.176446 0.39488 0.342349
vn -0.037321 0.0261216 0.998962
v -15.8665 12.8617 -1.00961 0.177434 0.395774 0.342491
vn -0.0375947 0.0262935 0.998947
v -15.9533 15.1253 -1.07811 0.16 0.38 0.34
vn -0.0309624 0.0356428 0.998885
v -15.8649 15.2037 -1.0772 0.16 0.38 0.34
vn -0.0370424 0.0316365 0.998813
v -15.9078 19.0437 -1.26186 0.16 0.38 0.34
vn -0.0805191 0.0894697 0.992729
v -15.7759 -21.1637 0.214788 0.504549 0.691735 0.389221
vn -0.0837945 -0.00559775 0.996467
v -15.6142 -18.0123 0.104923 0.475197 0.665179 0.385028
vn -0.0917751 -0.00666394 0.995757
v -15.7355 -17.9666 0.0939961 0.472278 0.662537 0.384611
vn -0.0924219 -0.00533811 0.995706
v -15.6482 -13.4228 -0.125136 0.413734 0.609569 0.376248
vn -0.105995 -0.00290692 0.994362
v -15.7633 -13.2643 -0.13694 0.41058 0.606716 0.375797
vn -0.109616 -0.00460149 0.993963
v -15.6178 -8.4757 -0.341008 0.356061 0.557388 0.368009
vn -0.0362658 0.0527511 0.997949
v -15.6598 -8.29129 -0.347568 0.354308 0.555803 0.367758
vn -0.127538 0.00687039 0.99181
v -15.771 -8.08724 -0.363401 0.350078 0.551976 0.367154
vn -0.0333815 0.0445784 0.998448
v -15.6799 6.92216 -0.84108 0.22246 0.436511 0.348923
vn -0.0591356 0.00196171 0.998248
v -15.6064 7.07792 -0.845002 0.221412 0.435563 0.348773
vn -0.115948 0.0797999 0.990044
v -15.7218 11.0579 -0.964538 0.189476 0.406669 0.344211
vn -0.0349243 0.0167231 0.99925
v -15.7841 12.9857 -1.01258 0.17664 0.395055 0.342377
vn -0.0361801 0.0274442 0.998968
v -15.659 13.0753 -1.00872 0.177671 0.395988 0.342524
vn -0.0355405 0.0275495 0.998988
v -15.7754 15.3414 -1.08129 0.16 0.38 0.34
vn -0.08409 0.0840914 0.992904
v -15.6583 15.4515 -1.08075 0.16 0.38 0.34
vn -0.0830739 0.083697 0.993022
v -15.7683 19.1253 -1.25802 0.16 0.38 0.34
vn -0.0760056 0.0838961 0.993572
v -15.6642 19.2142 -1.25756 0.16 0.38 0.34
vn -0.0778159 0.0867411 0.993187
v -15.4425 -21.311 0.241958 0.511808 0.698303 0.390258
vn -0.0837735 -0.00614873 0.996466
v -15.5914 -18.1064 0.106417 0.475596 0.66554 0.385085
vn -0.0263376 0.0523038 0.998284
v -15.4156 -13.8242 -0.102283 0.41984 0.615093 0.37712
vn -0.104417 -0.00463819 0.994523
v -15.4844 -13.7013 -0.108933 0.418063 0.613486 0.376866
vn -0.104417 -0.00463819 0.994523
v -15.575 -13.5462 -0.117841 0.415683 0.611332 0.376526
vn 0 0 0
v -15.4352 -8.8012 -0.315991 0.362744 0.563435 0.368963
vn -0.0369327 0.0559531 0.99775
v -15.4825 -8.68602 -0.322545 0.360994 0.561851 0.368713
vn -0.128827 0.0035699 0.991661
v -15.5357 -8.57524 -0.329902 0.359028 0.560073 0.368433
vn -0.12721 0.00573396 0.991859
v -15.5684 2.56141 -0.711425 0.257099 0.467851 0.353871
vn -0.0403698 0.00735319 0.999158
v -15.5214 2.69973 -0.71412 0.256379 0.4672 0.353768
vn -0.0264273 0.0312232 0.999163
v -15.4578 2.90782 -0.719326 0.254988 0.465942 0.35357
vn -0.0261888 0.0313014 0.999167
v -15.5781 6.99237 -0.834816 0.224133 0.438025 0.349162
vn -0.0303524 0.0271858 0.999169
v -15.5987 7.14561 -0.849581 0.220189 0.434456 0.348598
vn -0.115837 0.080088 0.990034
v -15.4946 7.29155 -0.849348 0.220251 0.434513 0.348607
vn -0.112885 0.0796184 0.990413
v -15.4208 7.40869 -0.850374 0.219977 0.434265 0.348568
vn -0.114274 0.0815222 0.990099
v -15.5969 11.1874 -0.963208 0.189832 0.406991 0.344262
vn -0.0374301 0.0165515 0.999162
v -15.4847 11.2585 -0.958198 0.19117 0.408202 0.344453
vn -0.0406819 0.0120236 0.9991
v -15.5513 13.1796 -1.00781 0.177915 0.396209 0.342559
vn -0.0369625 0.0263586 0.998969
v -15.4447 13.2872 -1.00734 0.17804 0.396322 0.342577
vn -0.0366229 0.0278469 0.998941
v -15.518 15.5465 -1.07703 0.160091 0.380082 0.340013
vn -0.0371512 0.0326579 0.998776
v -15.4415 15.6369 -1.07833 0.16 0.38 0.34
vn -0.0837325 0.0857982 0.992788
v -15.4771 19.3029 -1.2508 0.16 0.38 0.34
vn -0.0763009 0.0852802 0.993431
v -15.2592 -21.9518 0.252938 0.514742 0.700957 0.390677
vn -0.0833653 -0.00915256 0.996477
v -15.3609 -21.7925 0.245608 0.512783 0.699185 0.390398
vn -0.083279 -0.00682545 0.996503
v -15.2543 -21.2874 0.257851 0.516054 0.702144 0.390865
vn -0.0828502 -0.00676439 0.996539
v -15.2225 -19.0348 0.133031 0.482707 0.671973 0.386101
vn -0.0502908 0.076916 0.995768
v -15.3416 -18.8929 0.123426 0.480141 0.669651 0.385734
vn -0.0106206 0.0207229 0.999729
v -15.3569 -18.5166 0.124988 0.480558 0.670029 0.385794
vn -0.0342625 0.0104356 0.999358
v -15.3916 -18.3727 0.122896 0.479999 0.669523 0.385714
vn -0.0914338 -0.00716484 0.995785
v -15.2282 -14.0402 -0.0836637 0.424814 0.619594 0.377831
vn -0.109419 -0.00961697 0.993949
v -15.3364 -13.921 -0.0944247 0.421939 0.616992 0.37742
vn -0.107187 -0.00739476 0.994211
v -15.2414 -9.06879 -0.29042 0.369576 0.569616 0.369939
vn -0.0404624 0.0559042 0.997616
v -15.336 -8.92538 -0.302876 0.366248 0.566606 0.369464
vn -0.12392 0.00522384 0.992278
v -15.3165 7.51595 -0.847168 0.220833 0.43504 0.34869
vn -0.0301845 0.0315502 0.999046
v -15.2733 7.65468 -0.853709 0.219086 0.433459 0.348441
vn -0.11446 0.0828419 0.989968
v -15.3472 11.3544 -0.952892 0.192588 0.409484 0.344655
vn -0.0326462 0.0167882 0.999326
v -15.2782 11.4357 -0.953147 0.19252 0.409422 0.344646
vn -0.0365244 0.0205683 0.999121
v -15.3091 13.3658 -1.00178 0.179527 0.397667 0.34279
vn -0.03628 0.0261493 0.998999
v -15.2323 13.5028 -1.00671 0.178208 0.396474 0.342601
vn -0.0371063 0.0266873 0.998955
v -15.2915 15.7189 -1.0728 0.160698 0.380632 0.3401
vn -0.0395868 0.0308001 0.998741
v -15.2602 19.5045 -1.25147 0.16 0.38 0.34
vn -0.0740541 0.0843213 0.993683
v -15.0839 -21.955 0.267396 0.518604 0.704451 0.391229
vn -0.0822137 -0.00775231 0.996585
v -15.0314 -20.5195 0.281343 0.52233 0.707823 0.391761
vn -0.0592083 0.0598626 0.996449
v -15.0332 -18.9467 0.150852 0.487468 0.67628 0.386781
vn -0.0897545 -0.00812149 0.995931
v -15.0167 -17.8546 0.160998 0.490178 0.678733 0.387168
vn -0.0898532 -0.00748638 0.995927
v -15.0555 -17.6638 0.158765 0.489582 0.678193 0.387083
vn -0.0632397 0.0256873 0.997668
v -15.0671 -14.3242 -0.0687508 0.428798 0.623198 0.3784
vn -0.105152 -0.00851479 0.99442
v -15.1624 -14.1478 -0.0774609 0.426471 0.621093 0.378067
vn -0.104802 -0.00740775 0.994466
v -15.0171 -9.48939 -0.261465 0.377312 0.576615 0.371045
vn -0.0304175 0.0443332 0.998554
v -15.0743 -9.33404 -0.268781 0.375357 0.574847 0.370765
vn -0.0355342 0.0497582 0.998129
v -15.1456 -9.17587 -0.278014 0.372891 0.572615 0.370413
vn -0.126531 0.00173698 0.991961
v -15.0693 3.98181 -0.742435 0.248814 0.460356 0.352688
vn -0.0288855 0.0377592 0.998869
v -15.0286 4.09983 -0.745692 0.247944 0.459568 0.352563
vn -0.037186 0.0321545 0.998791
v -15.1678 7.74134 -0.848817 0.220393 0.434641 0.348628
vn -0.0328169 0.0290365 0.99904
v -15.0854 7.9112 -0.853671 0.219096 0.433468 0.348442
vn -0.0363081 0.0290477 0.998918
v -15.1695 11.5305 -0.950727 0.193166 0.410007 0.344738
vn -0.0307049 0.0194781 0.999339
v -15.0655 11.6243 -0.948747 0.193695 0.410486 0.344814
vn -0.0295386 0.0248587 0.999254
v -15.1074 13.5903 -1.00303 0.179193 0.397365 0.342742
vn -0.0390838 0.0253059 0.998915
v -15.1344 15.8754 -1.07318 0.160574 0.380519 0.340082
vn -0.0344426 0.0360933 0.998755
v -15.151 19.7378 -1.26315 0.16 0.38 0.34
vn -0.076263 0.0855933 0.993407
v -15.0712 19.8604 -1.26764 0.16 0.38 0.34
vn -0.085925 0.0953865 0.991725
v -14.9018 -21.9324 0.28256 0.522656 0.708117 0.391808
vn -0.0821226 -0.00724259 0.996596
v -14.9538 -20.5618 0.287611 0.524005 0.709338 0.392001
vn -0.0214471 0.0752385 0.996935
v -14.86 -18.9343 0.166531 0.491657 0.68007 0.38738
vn -0.0889144 -0.0078096 0.996009
v -14.9787 -17.6983 0.16559 0.491406 0.679843 0.387344
vn -0.00859982 0.0696893 0.997532
v -14.8354 -14.6396 -0.0470943 0.434584 0.628433 0.379226
vn -0.105916 -0.00983632 0.994326
v -14.9157 -14.4772 -0.054047 0.432726 0.626752 0.378961
vn -0.105152 -0.00851479 0.99442
v -14.8209 -9.8377 -0.23709 0.383824 0.582507 0.371975
vn -0.0309767 0.0428139 0.998603
v -14.8696 -9.74159 -0.243051 0.382231 0.581067 0.371747
vn -0.0332602 0.0493713 0.998227
v -14.9542 -9.59455 -0.253557 0.379425 0.578527 0.371346
vn -0.0352218 0.0522722 0.998012
v -14.9428 4.2746 -0.747292 0.247517 0.459182 0.352502
vn -0.0361332 0.0331538 0.998797
v -14.8371 4.52498 -0.752226 0.246198 0.457989 0.352314
vn -0.0367502 0.0382865 0.998591
v -14.8067 4.62138 -0.755578 0.245303 0.457179 0.352186
vn -0.034801 0.0343645 0.998803
v -14.9684 8.08061 -0.854688 0.218824 0.433222 0.348403
vn -0.0348107 0.0338645 0.99882
v -14.8729 8.29749 -0.862439 0.216754 0.431348 0.348108
vn -0.0326383 0.0405013 0.998646
v -14.9312 11.7625 -0.947803 0.193947 0.410714 0.34485
vn -0.0334247 0.020901 0.999223
v -14.8403 11.8467 -0.946392 0.194324 0.411055 0.344903
vn -0.0310047 0.0195152 0.999329
v -14.9378 13.6884 -0.996323 0.180984 0.398986 0.342998
vn -0.0458689 0.0211112 0.998724
v -14.846 13.8073 -0.998533 0.180394 0.398452 0.342913
vn -0.0369337 0.0310122 0.998836
v -14.9247 16.0929 -1.07462 0.160069 0.380063 0.34001
vn -0.0374918 0.0347993 0.998691
v -14.9976 19.9153 -1.26682 0.16 0.38 0.34
vn -0.0733866 0.084139 0.993748
v -14.9082 20.026 -1.26963 0.16 0.38 0.34
vn -0.087181 0.100211 0.991139
v -14.6497 -21.8963 0.303519 0.528255 0.713183 0.392608
vn -0.0816844 -0.00807684 0.996626
v -14.6873 -21.7888 0.301262 0.527652 0.712638 0.392522
vn -0.0817255 -0.00720826 0.996629
v -14.7066 -21.0875 0.304792 0.528595 0.713491 0.392656
vn -0.0240075 0.042052 0.998827
v -14.7507 -20.8661 0.302646 0.528022 0.712972 0.392575
vn -0.0144359 0.0397366 0.999106
v -14.6363 -19.6284 0.179893 0.495227 0.6833 0.38789
vn -0.0297457 0.105456 0.993979
v -14.6667 -19.5408 0.178079 0.494742 0.682862 0.38782
vn -0.0133113 0.0655268 0.997762
v -14.6402 -19.2448 0.183313 0.49614 0.684127 0.38802
vn -0.0888656 -0.00955909 0.995998
v -14.7667 -19.0815 0.173563 0.493536 0.68177 0.387648
vn -0.0893794 -0.00947608 0.995953
v -14.6708 -14.8769 -0.0322222 0.438557 0.632028 0.379794
vn -0.100611 -0.00745692 0.994898
v -14.7809 -14.7324 -0.0422751 0.435871 0.629598 0.37941
vn -0.100611 -0.00745692 0.994898
v -14.7019 -10.0659 -0.222767 0.387651 0.58597 0.372522
vn -0.0314566 0.0425079 0.998601
v -14.7737 -9.91774 -0.231335 0.385362 0.583899 0.372195
vn -0.0330549 0.045421 0.998421
v -14.7775 4.3656 -0.732331 0.251514 0.462798 0.353073
vn -0.0657228 0.0439988 0.996867
v -14.7506 4.7382 -0.757211 0.244867 0.456784 0.352124
vn -0.0380101 0.030921 0.998799
v -14.669 4.90596 -0.759587 0.244232 0.45621 0.352033
vn -0.0404737 0.0241197 0.998889
v -14.7376 8.53772 -0.86798 0.215273 0.430009 0.347896
vn -0.108545 0.0839678 0.990539
v -14.6208 8.66433 -0.865914 0.215825 0.430508 0.347975
vn -0.0357142 0.0334486 0.998802
v -14.7382 11.9487 -0.945553 0.194548 0.411258 0.344935
vn -0.0309334 0.0239821 0.999234
v -14.6334 12.0465 -0.944129 0.194929 0.411602 0.34499
vn -0.0357481 0.0134151 0.999271
v -14.6869 13.8677 -0.98961 0.182778 0.400609 0.343254
vn -0.0400131 0.025541 0.998873
v -14.7096 16.284 -1.07353 0.160356 0.380322 0.340051
vn -0.0432405 0.0321257 0.998548
v -14.7387 20.1052 -1.2638 0.16 0.38 0.34
vn -0.0732946 0.0842519 0.993745
v -14.6387 20.2019 -1.2647 0.16 0.38 0.34
vn -0.0759272 0.0887206 0.993158
v -14.4728 -22.1097 0.316243 0.531654 0.716259 0.393093
vn -0.0811538 -0.00844547 0.996666
v -14.5679 -21.9368 0.309894 0.529958 0.714724 0.392851
vn -0.0809833 -0.00760545 0.996686
v -14.4837 -19.5682 0.193984 0.498991 0.686706 0.388427
vn -0.0878102 -0.0102275 0.996085
v -14.5508 -19.2734 0.190986 0.49819 0.685982 0.388313
vn -0.0870596 -0.00859331 0.996166
v -14.4684 -15.0973 -0.0135666 0.443541 0.636537 0.380506
vn 0 0 0
v -14.5798 -14.9883 -0.0239134 0.440777 0.634036 0.380111
vn 0 0 0
v -14.413 -10.6401 -0.189534 0.396529 0.594003 0.37379
vn -0.117044 -0.00352691 0.99312
v -14.4674 -10.4905 -0.195423 0.394956 0.592579 0.373565
vn -0.117044 -0.00352691 0.99312
v -14.5653 -10.2975 -0.20663 0.391962 0.58987 0.373137
vn 0 0 0
v -14.5422 5.1182 -0.759791 0.244177 0.45616 0.352025
vn -0.0421043 0.0215551 0.998881
v -14.4142 5.29358 -0.757217 0.244865 0.456783 0.352124
vn -0.0403546 0.0303892 0.998723
v -14.5441 8.76786 -0.866438 0.215685 0.430382 0.347955
vn -0.0310397 0.0382811 0.998785
v -14.4583 8.91092 -0.869538 0.214857 0.429632 0.347837
vn -0.0300281 0.0384802 0.998808
v -14.5624 12.1463 -0.946226 0.194369 0.411096 0.34491
vn -0.0369241 0.0272322 0.998947
v -14.4219 12.2814 -0.944871 0.194731 0.411423 0.344962
vn -0.038536 0.0259737 0.99892
v -14.5842 13.972 -0.989678 0.18276 0.400592 0.343251
vn -0.0363332 0.032364 0.998816
v -14.4967 14.097 -0.993024 0.181866 0.399783 0.343124
vn -0.0373381 0.0322128 0.998783
v -14.5818 16.3888 -1.07222 0.160708 0.38064 0.340101
vn -0.0813083 0.0875323 0.992838
v -14.4578 16.4221 -1.06499 0.162638 0.382387 0.340377
vn -0.0430883 0.0313653 0.998579
v -14.4942 20.3077 -1.26315 0.16 0.38 0.34
vn -0.0730293 0.0857125 0.99364
v -14.3193 -22.2814 0.327271 0.534601 0.718924 0.393514
vn -0.0802865 -0.00973594 0.996724
v -14.2905 -19.5664 0.211004 0.503538 0.69082 0.389077
vn -0.0867605 -0.00960474 0.996183
v -14.2744 -15.337 0.00364468 0.448139 0.640698 0.381163
vn 0 0 0
v -14.2082 -11.0207 -0.167087 0.402526 0.599428 0.374647
vn -0.116991 -0.00554845 0.993117
v -14.2782 -10.9176 -0.174845 0.400454 0.597553 0.374351
vn -0.117455 -0.0050214 0.993066
v -14.3466 -10.7618 -0.182144 0.398504 0.595789 0.374072
vn -0.117266 -0.00433296 0.993091
v -14.3349 5.46064 -0.760499 0.243988 0.455989 0.351998
vn -0.0429624 0.0401737 0.998269
v -14.252 5.65904 -0.766111 0.242489 0.454633 0.351784
vn -0.0364711 0.0245831 0.999032
v -14.3286 9.11457 -0.873316 0.213848 0.428719 0.347693
vn -0.0329821 0.0347097 0.998853
v -14.2366 9.24403 -0.87479 0.213454 0.428363 0.347636
vn -0.0345445 0.0332939 0.998848
v -14.3148 12.3678 -0.942433 0.195382 0.412012 0.345055
vn -0.0413859 0.023862 0.998858
v -14.3655 14.1779 -0.988607 0.183046 0.400851 0.343292
vn -0.0339261 0.0327032 0.998889
v -14.2609 14.3086 -0.991094 0.182381 0.40025 0.343197
vn -0.0386931 0.0300952 0.998798
v -14.3102 16.4955 -1.05943 0.164126 0.383733 0.340589
vn -0.0397896 0.0316449 0.998707
v -14.2405 16.6013 -1.0631 0.163144 0.382845 0.340449
vn -0.0810716 0.0879235 0.992823
v -14.291 20.4983 -1.26469 0.16 0.38 0.34
vn -0.079472 0.0939493 0.9924
v -14.0965 -19.8196 0.225266 0.507349 0.694268 0.389621
vn -0.025269 0.0944956 0.995205
v -14.1748 -19.7215 0.219501 0.505809 0.692874 0.389401
vn -0.087397 -0.0108423 0.996115
v -14.0135 -15.6348 0.026537 0.454255 0.646231 0.382036
vn 0.00245113 0.0608039 0.998147
v -14.1129 -15.5058 0.0180921 0.451999 0.64419 0.381714
vn 0 0 0
v -14.0279 -11.2935 -0.147543 0.407748 0.604153 0.375393
vn -0.116632 -0.00595691 0.993157
v -14.135 -11.159 -0.159321 0.404601 0.601306 0.374943
vn -0.116632 -0.00595691 0.993157
v -14.17 5.77487 -0.765171 0.24274 0.45486 0.35182
vn -0.0519087 0.0384549 0.997911
v -14.1113 5.90755 -0.768781 0.241776 0.453987 0.351682
vn -0.0287808 0.0255112 0.99926
v -14.0211 6.05243 -0.769501 0.241583 0.453813 0.351655
vn -0.0290972 0.0234957 0.9993
v -14.156 9.34455 -0.875012 0.213394 0.428309 0.347628
vn -0.0357678 0.031671 0.998858
v -14.0782 9.44306 -0.875431 0.213283 0.428208 0.347612
vn -0.0401 0.0282145 0.998797
v -14.1921 12.3991 -0.933549 0.197755 0.41416 0.345394
vn -0.0332679 0.0161531 0.999316
v -14.079 12.4924 -0.931289 0.198359 0.414706 0.34548
vn -0.0317513 0.0171903 0.999348
v -14.0602 14.4516 -0.986331 0.183654 0.401401 0.343379
vn -0.0357614 0.030993 0.99888
v -14.1221 16.7103 -1.06315 0.163131 0.382833 0.340447
vn -0.0795068 0.0868643 0.993042
v -14.1356 20.5968 -1.26185 0.16 0.38 0.34
vn -0.072219 0.0854509 0.993722
v -14.0729 20.6683 -1.26349 0.16 0.38 0.34
vn -0.0740554 0.0881933 0.993347
v -13.9114 -22.0877 0.36184 0.543836 0.72728 0.394834
vn -0.080454 -0.00859233 0.996721
v -13.8846 -21.8872 0.365753 0.544882 0.728226 0.394983
vn -0.0234401 0.0481053 0.998567
v -13.9136 -20.0523 0.238514 0.510888 0.69747 0.390127
vn 0.000512707 0.0660092 0.997819
v -13.9331 -19.8164 0.239526 0.511158 0.697715 0.390165
vn -0.0861924 -0.0110746 0.996217
v -13.9403 -15.7371 0.0325831 0.455871 0.647693 0.382267
vn -0.00937651 0.0698246 0.997515
v -13.8518 -11.5097 -0.128496 0.412836 0.608757 0.376119
vn -0.113166 -0.00787469 0.993545
v -13.8094 -2.00835 -0.441297 0.329267 0.533147 0.364181
vn -0.145601 0.0372936 0.98864
v -13.9435 6.14151 -0.767215 0.242194 0.454366 0.351742
vn -0.053369 0.0373799 0.997875
v -13.8529 6.31791 -0.770906 0.241208 0.453474 0.351601
vn -0.027357 0.028952 0.999206
v -13.9947 9.54121 -0.875256 0.213329 0.42825 0.347618
vn -0.0305394 0.0395233 0.998752
v -13.8733 9.72174 -0.878656 0.212421 0.427428 0.347489
vn -0.0369236 0.0191185 0.999135
v -13.9845 12.5995 -0.932125 0.198136 0.414504 0.345448
vn -0.0445427 0.0216085 0.998774
v -13.9001 12.6598 -0.929672 0.198791 0.415097 0.345542
vn -0.0316952 0.0191302 0.999314
v -13.891 14.5987 -0.984852 0.184049 0.401759 0.343436
vn -0.0374345 0.0309496 0.99882
v -13.9731 16.7862 -1.05786 0.164544 0.384111 0.340649
vn -0.0380685 0.0332246 0.998723
v -13.865 16.8456 -1.05445 0.165455 0.384936 0.340779
vn -0.0452279 0.0273905 0.998601
v -13.9682 20.7601 -1.26387 0.16 0.38 0.34
vn -0.0944492 0.113493 0.989039
v -13.8609 20.8482 -1.26376 0.16 0.38 0.34
vn -0.103956 0.127131 0.986423
v -13.7364 -22.1081 0.375696 0.547538 0.73063 0.395363
vn -0.0798655 -0.00924532 0.996763
v -13.7336 -20.1618 0.25276 0.514694 0.700914 0.390671
vn -0.0364855 0.0282962 0.998933
v -13.7347 -15.9396 0.0504913 0.460655 0.652021 0.382951
vn -0.0146485 0.073 0.997224
v -13.6319 -11.8683 -0.106287 0.41877 0.614125 0.376967
vn -0.113166 -0.00787469 0.993545
v -13.7269 -11.7447 -0.116128 0.416141 0.611746 0.376592
vn -0.113166 -0.00787469 0.993545
v -13.6249 -4.43515 -0.34399 0.355264 0.556668 0.367895
vn -0.148027 0.019006 0.988801
v -13.6372 -4.30687 -0.348423 0.35408 0.555596 0.367726
vn -0.0128669 0.0365026 0.999251
v -13.6454 -4.12847 -0.353484 0.352728 0.554373 0.367533
vn -0.0116921 0.033079 0.999384
v -13.6671 -3.92729 -0.361305 0.350638 0.552482 0.367234
vn -0.012349 0.0366583 0.999252
v -13.6941 -3.68734 -0.371195 0.347996 0.550092 0.366857
vn -0.0132215 0.039776 0.999121
v -13.7227 -3.47164 -0.381097 0.345351 0.547698 0.366479
vn -0.0141817 0.0405747 0.999076
v -13.74 -3.27107 -0.389239 0.343175 0.54573 0.366168
vn -0.0137861 0.0408102 0.999072
v -13.7511 -3.09555 -0.395971 0.341377 0.544103 0.365911
vn -0.0139212 0.0415406 0.99904
v -13.7796 -2.91983 -0.405582 0.338809 0.54178 0.365544
vn -0.0151089 0.0423884 0.998987
v -13.7818 -2.73272 -0.411831 0.337139 0.540269 0.365306
vn -0.0133669 0.0390235 0.999149
v -13.7824 -2.50104 -0.4196 0.335064 0.538391 0.365009
vn -0.011783 0.0382564 0.999198
v -13.7877 -2.26065 -0.428778 0.332612 0.536173 0.364659
vn -0.0116699 0.0382268 0.999201
v -13.7973 -2.10908 -0.435721 0.330757 0.534495 0.364394
vn -0.0127879 0.0401161 0.999113
v -13.7979 -1.88609 -0.444214 0.328488 0.532441 0.36407
vn -0.0129302 0.0363472 0.999256
v -13.7915 -1.70679 -0.450279 0.326868 0.530976 0.363838
vn -0.0129192 0.0341124 0.999334
v -13.7894 -1.5058 -0.458123 0.324772 0.529079 0.363539
vn -0.0129215 0.044046 0.998946
v -13.7922 -1.29076 -0.467617 0.322236 0.526785 0.363177
vn -0.0118398 0.0365851 0.99926
v -13.7686 -1.05213 -0.474486 0.3204 0.525124 0.362914
vn -0.0109952 0.0319421 0.999429
v -13.7405 -0.851643 -0.479351 0.319101 0.523948 0.362729
vn -0.00783973 0.0383936 0.999232
v -13.7159 -0.676405 -0.483833 0.317903 0.522865 0.362558
vn -0.00544099 0.0269467 0.999622
v -13.6914 -0.503699 -0.488463 0.316666 0.521746 0.362381
vn -0.00481025 0.0365809 0.999319
v -13.6903 -0.315765 -0.4976 0.314225 0.519537 0.362032
vn -0.00690939 0.0370954 0.999288
v -13.7123 6.51137 -0.769996 0.241451 0.453694 0.351636
vn -0.0345184 0.0226056 0.999148
v -13.6886 9.90117 -0.875278 0.213323 0.428245 0.347618
vn -0.0360285 0.0239392 0.999064
v -13.6136 10.0021 -0.87663 0.212962 0.427918 0.347566
vn -0.0277759 0.027511 0.999236
v -13.7957 12.7517 -0.928287 0.199161 0.415432 0.345594
vn -0.0338218 0.0196449 0.999235
v -13.6435 12.8724 -0.925165 0.199995 0.416186 0.345714
vn -0.0329845 0.0195014 0.999266
v -13.7317 14.702 -0.980398 0.185239 0.402835 0.343606
vn -0.040678 0.0270363 0.998806
v -13.6187 14.8003 -0.979586 0.185456 0.403032 0.343637
vn -0.0401823 0.0312574 0.998703
v -13.7255 16.9266 -1.0505 0.166512 0.385891 0.34093
vn -0.0458545 0.0275641 0.998568
v -13.6276 17.0015 -1.04938 0.166811 0.386162 0.340973
vn -0.0428006 0.0315615 0.998585
v -13.7339 20.9444 -1.26299 0.16 0.38 0.34
vn -0.0961678 0.11932 0.988188
v -13.5025 -23.5959 0.3797 0.548608 0.731597 0.395515
vn -0.079551 -0.0103276 0.996777
v -13.4865 -23.1396 0.385638 0.550194 0.733033 0.395742
vn -0.078561 -0.0100983 0.996858
v -13.4378 -22.252 0.398187 0.553547 0.736066 0.396221
vn -0.0491149 0.0546264 0.997298
v -13.5606 -22.1886 0.389019 0.551097 0.73385 0.395871
vn -0.0388842 0.0377004 0.998532
v -13.436 -16.2649 0.0754552 0.467325 0.658056 0.383904
vn -0.009119 0.0694245 0.997546
v -13.5144 -16.1232 0.0698425 0.465825 0.656699 0.383689
vn -0.099171 -0.0154165 0.994951
v -13.4549 -12.1452 -0.0889414 0.423404 0.618318 0.377629
vn 0 0 0
v -13.5663 -11.9555 -0.0996044 0.420555 0.61574 0.377222
vn 0 0 0
v -13.4122 -5.64991 -0.293756 0.368685 0.56881 0.369812
vn -0.145055 0.0105849 0.989367
v -13.4377 -5.50798 -0.29915 0.367244 0.567506 0.369606
vn -0.0195469 0.0483986 0.998637
v -13.4698 -5.34554 -0.305948 0.365428 0.565863 0.369347
vn -0.0155086 0.0315776 0.999381
v -13.4908 -5.12038 -0.312217 0.363753 0.564348 0.369108
vn -0.0154492 0.0397829 0.999089
v -13.5488 -4.90251 -0.324212 0.360548 0.561448 0.36865
vn -0.0160414 0.0410126 0.99903
v -13.5747 -4.68583 -0.331792 0.358523 0.559616 0.36836
vn -0.0143751 0.0388417 0.999142
v -13.598 -4.53406 -0.338056 0.356849 0.558102 0.368121
vn -0.0145863 0.0449721 0.998882
v -13.5978 0.541752 -0.529457 0.305714 0.511837 0.360816
vn -0.00777981 0.0379614 0.999249
v -13.5732 6.68554 -0.767872 0.242018 0.454207 0.351717
vn -0.0428188 0.0246675 0.998778
v -13.4512 6.81129 -0.763822 0.2431 0.455186 0.351871
vn -0.0481214 0.0299313 0.998393
v -13.526 10.1145 -0.877801 0.212649 0.427635 0.347521
vn -0.0286413 0.0269149 0.999227
v -13.4356 10.2227 -0.878329 0.212508 0.427507 0.347501
vn -0.0331609 0.0235161 0.999173
v -13.5272 12.9716 -0.923512 0.200437 0.416586 0.345777
vn -0.0347707 0.0242168 0.999102
v -13.4349 13.0327 -0.920615 0.201211 0.417286 0.345887
vn -0.0324784 0.0161562 0.999342
v -13.4895 14.898 -0.977393 0.186042 0.403562 0.34372
vn -0.0398719 0.029432 0.998771
v -13.5092 17.1058 -1.0493 0.166832 0.386181 0.340976
vn -0.03677 0.0368149 0.998645
v -13.4965 21.1252 -1.26176 0.16 0.38 0.34
vn -0.0853655 0.105837 0.990713
v -13.2088 -23.9055 0.399181 0.553812 0.736307 0.396259
vn -0.0770215 -0.0108057 0.996971
v -13.3287 -23.4932 0.39432 0.552514 0.735131 0.396073
vn -0.0769773 -0.0103043 0.99698
v -13.2729 -22.3233 0.410569 0.556855 0.739059 0.396694
vn -0.053325 0.056462 0.99698
v -13.2256 -20.7283 0.288879 0.524344 0.709644 0.392049
vn -0.00877784 0.0590122 0.998219
v -13.2444 -20.4718 0.290651 0.524817 0.710073 0.392117
vn -0.0847242 -0.0127912 0.996322
v -13.2252 -16.4055 0.0940863 0.472302 0.662559 0.384615
vn -0.0956962 -0.0150481 0.995297
v -13.3488 -16.3352 0.0829957 0.469339 0.659878 0.384191
vn -0.098435 -0.015788 0.995018
v -13.2322 -12.4629 -0.0674399 0.429148 0.623515 0.37845
vn 0 0 0
v -13.3533 -12.2924 -0.0790817 0.426038 0.620701 0.378005
vn 0 0 0
v -13.2151 -6.28768 -0.259376 0.37787 0.57712 0.371124
vn -0.0155422 0.0450611 0.998863
v -13.2682 -6.09644 -0.268495 0.375434 0.574916 0.370776
vn -0.0147938 0.0388835 0.999134
v -13.3272 -5.89078 -0.278857 0.372665 0.572411 0.370381
vn -0.0178198 0.0439444 0.998875
v -13.3697 -5.74324 -0.28653 0.370615 0.570557 0.370088
vn -0.0192677 0.0449414 0.998804
v -13.3361 6.95389 -0.762333 0.243498 0.455546 0.351928
vn -0.0470697 0.0296365 0.998452
v -13.2325 7.08894 -0.761756 0.243652 0.455685 0.35195
vn -0.0435169 0.0328508 0.998512
v -13.3118 10.3443 -0.87669 0.212946 0.427904 0.347564
vn -0.0366864 0.0215616 0.999094
v -13.2327 10.4226 -0.875761 0.213194 0.428128 0.347599
vn -0.0342523 0.0129984 0.999329
v -13.3275 13.1454 -0.921195 0.201056 0.417146 0.345865
vn -0.0316726 0.0235074 0.999222
v -13.2112 13.2541 -0.920652 0.201201 0.417277 0.345886
vn -0.032692 0.0265304 0.999113
v -13.2845 15.0947 -0.977929 0.185899 0.403432 0.3437
vn -0.0398686 0.0313034 0.998714
v -13.2968 17.2669 -1.04698 0.167452 0.386742 0.341065
vn -0.045954 0.0329746 0.998399
v -13.2911 21.2795 -1.26064 0.16 0.38 0.34
vn -0.0740919 0.092025 0.992996
v -13.0951 -24.0678 0.406136 0.555671 0.737988 0.396524
vn -0.0769027 -0.0128919 0.996955
v -13.1423 -22.3661 0.420453 0.559495 0.741448 0.397071
vn -0.0898224 0.0336467 0.995389
v -13.0333 -20.7493 0.304768 0.528589 0.713485 0.392656
vn -0.0836368 -0.0131475 0.99641
v -13.0114 -19.6014 0.321503 0.53306 0.71753 0.393294
vn -0.0856671 -0.0119191 0.996253
v -13.0653 -19.4665 0.318546 0.53227 0.716815 0.393181
vn -0.0146745 0.0566839 0.998284
v -13.072 -16.668 0.104701 0.475138 0.665125 0.38502
vn -0.00777068 0.0591147 0.998221
v -13.184 -16.5237 0.0961723 0.47286 0.663063 0.384694
vn -0.00741981 0.0656889 0.997813
v -13.0511 -12.718 -0.0504982 0.433674 0.62761 0.379096
vn -0.109827 -0.0138417 0.993854
v -13.1592 -12.5647 -0.0605359 0.430993 0.625184 0.378713
vn 0 0 0
v -13.0476 -6.82756 -0.232719 0.384992 0.583564 0.372142
vn -0.0135747 0.0447665 0.998905
v -13.0953 -6.68069 -0.240048 0.383034 0.581792 0.371862
vn -0.013736 0.0432406 0.99897
v -13.1451 -6.50566 -0.247992 0.380911 0.579872 0.371559
vn -0.0132645 0.0401906 0.999104
v -13.1833 -6.38474 -0.254168 0.379261 0.578379 0.371323
vn -0.0155399 0.045724 0.998833
v -13.1628 2.08626 -0.560998 0.297288 0.504213 0.359613
vn -0.00956169 0.030877 0.999477
v -13.163 7.16246 -0.759888 0.244151 0.456137 0.352022
vn -0.0536723 0.0363623 0.997896
v -13.0964 7.30974 -0.765276 0.242712 0.454835 0.351816
vn -0.0329188 0.0456664 0.998414
v -13.0155 7.46958 -0.770214 0.241393 0.453641 0.351628
vn -0.0339589 0.0361034 0.998771
v -13.1 10.5171 -0.870779 0.214525 0.429332 0.347789
vn -0.0379953 0.0202076 0.999074
v -13.1154 13.3511 -0.920985 0.201112 0.417197 0.345873
vn -0.0300556 0.0362704 0.99889
v -13.0187 13.4014 -0.916857 0.202215 0.418194 0.346031
vn -0.0335216 0.0202699 0.999232
v -13.1465 15.1634 -0.97251 0.187346 0.404742 0.343907
vn -0.0396834 0.0313084 0.998722
v -13.0534 15.2559 -0.973186 0.187166 0.404579 0.343881
vn -0.0370984 0.0328628 0.998771
v -13.1847 17.3464 -1.04532 0.167895 0.387143 0.341128
vn -0.0465435 0.035176 0.998297
v -13.0765 17.4378 -1.04511 0.16795 0.387193 0.341136
vn -0.0413882 0.0406306 0.998317
v -13.1202 21.385 -1.25778 0.16 0.38 0.34
vn -0.0686143 0.0861578 0.993916
v -13.0519 21.4594 -1.25951 0.16 0.38 0.34
vn -0.0698044 0.0874413 0.993721
v -12.9394 -21.0848 0.307998 0.529452 0.714266 0.392779
vn -0.00374324 0.0629687 0.998008
v -12.9478 -20.8454 0.310624 0.530153 0.714901 0.392879
vn -0.241744 -0.0340774 0.969742
v -12.8978 -19.7175 0.329737 0.53526 0.719521 0.393609
vn -0.0925959 0.0264664 0.995352
v -12.8912 -16.8677 0.118824 0.478911 0.668539 0.385559
vn -0.0070798 0.0641469 0.997915
v -12.8254 -13.0163 -0.0297102 0.439228 0.632635 0.37989
vn -0.109827 -0.0138417 0.993854
v -12.9332 -12.9024 -0.0400289 0.436472 0.630141 0.379496
vn -0.109827 -0.0138417 0.993854
v -12.8321 -7.40678 -0.201594 0.393307 0.591087 0.37333
vn -0.0165923 0.0515908 0.99853
v -12.876 -7.29843 -0.207719 0.391671 0.589607 0.373096
vn -0.0143241 0.0467182 0.998805
v -12.9385 -7.09737 -0.216643 0.389287 0.58745 0.372755
vn -0.0139184 0.0482122 0.99874
v -12.9977 -6.94565 -0.225298 0.386974 0.585358 0.372425
vn -0.0153978 0.0532641 0.998462
v -12.9211 7.57691 -0.768734 0.241788 0.453999 0.351684
vn -0.12101 0.0928251 0.988302
v -12.845 7.72629 -0.773614 0.240484 0.452819 0.351498
vn -0.0322223 0.0407624 0.998649
v -12.9235 10.6703 -0.866996 0.215536 0.430247 0.347934
vn -0.0349079 0.0197842 0.999195
v -12.9464 13.5341 -0.922851 0.200614 0.416746 0.345802
vn -0.0363121 0.0286426 0.99893
v -12.8013 13.6294 -0.91872 0.201717 0.417744 0.34596
vn -0.0426341 0.0255671 0.998764
v -12.888 15.3785 -0.970612 0.187854 0.405201 0.343979
vn -0.044659 0.0278902 0.998613
v -12.9025 17.5763 -1.04408 0.168226 0.387443 0.341175
vn -0.0444158 0.0385512 0.998269
v -12.8039 17.64 -1.0422 0.168728 0.387897 0.341247
vn -0.0772042 0.0911591 0.992839
v -12.9526 21.5635 -1.26171 0.16 0.38 0.34
vn -0.076956 0.0960752 0.992395
v -12.8056 21.6787 -1.26157 0.16 0.38 0.34
vn -0.0712259 0.0912671 0.993276
v -12.7721 -24.162 0.429763 0.561983 0.743699 0.397426
vn -0.0761259 -0.0128491 0.997015
v -12.7139 -23.7005 0.439494 0.564582 0.746051 0.397797
vn -0.0765057 -0.0109949 0.997009
v -12.6894 -21.3218 0.325327 0.534081 0.718455 0.39344
vn -0.10284 0.0717205 0.992109
v -12.6576 -17.0694 0.137703 0.483955 0.673102 0.386279
vn -0.0974638 -0.0202069 0.995034
v -12.7527 -16.9577 0.130605 0.482059 0.671386 0.386008
vn -0.0945822 -0.0153869 0.995398
v -12.6707 -13.2143 -0.0157694 0.442953 0.636005 0.380422
vn 0 0 0
v -12.7484 -13.1156 -0.022743 0.44109 0.634319 0.380156
vn 0 0 0
v -12.6317 -7.82456 -0.174552 0.400532 0.597624 0.374362
vn -0.0176453 0.0559284 0.998279
v -12.7166 -7.66811 -0.185896 0.397501 0.594882 0.373929
vn -0.0185899 0.0572379 0.998187
v -12.775 -7.53625 -0.193752 0.395402 0.592983 0.373629
vn -0.0158903 0.0507471 0.998585
v -12.7733 3.34991 -0.59631 0.287854 0.495677 0.358265
vn -0.0157762 0.029577 0.999438
v -12.6976 3.50492 -0.597496 0.287537 0.49539 0.35822
vn -0.0277446 0.024993 0.999303
v -12.6516 3.62069 -0.600047 0.286855 0.494774 0.358122
vn -0.0505534 0.0421281 0.997832
v -12.7478 7.91304 -0.779671 0.238866 0.451355 0.351267
vn -0.0305924 0.039101 0.998767
v -12.667 8.01201 -0.779442 0.238927 0.45141 0.351275
vn -0.0389504 0.0302216 0.998784
v -12.7869 10.7875 -0.864085 0.216314 0.430951 0.348045
vn -0.0367052 0.0286041 0.998917
v -12.7097 10.8817 -0.865259 0.216 0.430667 0.348
vn -0.0304415 0.0162889 0.999404
v -12.6696 13.692 -0.912764 0.203308 0.419184 0.346187
vn -0.0387578 0.0196635 0.999055
v -12.7141 15.4562 -0.963249 0.189821 0.406981 0.34426
vn -0.0471741 0.0257238 0.998555
v -12.6862 17.687 -1.03736 0.17002 0.389066 0.341431
vn -0.0393731 0.0411018 0.998379
v -12.6427 21.7625 -1.25759 0.16 0.38 0.34
vn -0.0695996 0.0885046 0.993641
v -12.4333 -23.7635 0.460155 0.570103 0.751045 0.398586
vn -0.075655 -0.0117235 0.997065
v -12.4952 -23.5099 0.458371 0.569626 0.750614 0.398518
vn -0.0155287 -0.002816 0.999875
v -12.4895 -21.427 0.340209 0.538057 0.722052 0.394008
vn -0.079312 -0.0101224 0.996798
v -12.4711 -17.2988 0.151177 0.487555 0.676359 0.386794
vn 0.00363029 0.0708033 0.997484
v -12.5584 -17.1651 0.145417 0.486016 0.674967 0.386574
vn -0.0934747 -0.0178784 0.995461
v -12.4688 -13.4463 0.0024675 0.447825 0.640413 0.381118
vn -0.111257 -0.0202423 0.993585
v -12.5724 -13.3284 -0.00684823 0.445336 0.638161 0.380762
vn -0.10587 -0.0144197 0.994275
v -12.4303 -8.29113 -0.149294 0.40728 0.603729 0.375326
vn -0.0146002 0.0436829 0.998939
v -12.5021 -8.0908 -0.15788 0.404986 0.601654 0.374998
vn -0.0158742 0.0503572 0.998605
v -12.5811 -7.94541 -0.16805 0.402269 0.599196 0.37461
vn -0.0170315 0.052713 0.998464
v -12.5857 3.72552 -0.598967 0.287144 0.495035 0.358163
vn -0.00939034 0.0269275 0.999593
v -12.5208 3.91209 -0.604858 0.28557 0.493611 0.357939
vn -0.0087741 0.0270287 0.999596
v -12.4321 4.11399 -0.608921 0.284484 0.492629 0.357783
vn -0.00738055 0.0297421 0.99953
v -12.5715 8.1005 -0.776533 0.239704 0.452114 0.351386
vn -0.0440498 0.0268137 0.998669
v -12.4529 8.24244 -0.776192 0.239796 0.452196 0.351399
vn -0.0334498 0.0370528 0.998753
v -12.5857 10.9806 -0.8621 0.216844 0.43143 0.348121
vn -0.0348622 0.0204918 0.999182
v -12.464 11.0826 -0.859615 0.217508 0.432031 0.348215
vn -0.0371444 0.0174686 0.999157
v -12.5417 13.7579 -0.907539 0.204704 0.420447 0.346386
vn -0.0411237 0.0200286 0.998953
v -12.5213 15.5439 -0.955347 0.191932 0.408891 0.344562
vn -0.0467587 0.0275051 0.998527
v -12.5081 17.8517 -1.0387 0.169663 0.388742 0.34138
vn -0.0764927 0.0911346 0.992896
v -12.4753 21.8381 -1.25263 0.16 0.38 0.34
vn -0.0693055 0.088557 0.993657
v -12.2123 -24.2935 0.470492 0.572864 0.753544 0.398981
vn -0.0745035 -0.0121738 0.997146
v -12.2361 -24.1474 0.470479 0.572861 0.753541 0.39898
vn -0.0747024 -0.0120478 0.997133
v -12.202 -23.91 0.475912 0.574312 0.754854 0.399187
vn -0.0139061 0.0322042 0.999385
v -12.2543 -23.7262 0.474154 0.573843 0.754429 0.39912
vn -0.0176314 0.0603217 0.998023
v -12.3284 -22.0613 0.487238 0.577338 0.757592 0.39962
vn 0.0130885 0.0577715 0.998244
v -12.2965 -21.5165 0.35461 0.541905 0.725533 0.394558
vn 0.00203118 -0.00326838 0.999993
v -12.2245 -17.502 0.170526 0.492724 0.681036 0.387532
vn -0.0937214 -0.0199182 0.995399
v -12.3346 -17.381 0.162533 0.490589 0.679104 0.387227
vn -0.0937137 -0.0187551 0.995423
v -12.287 -13.6756 0.0180367 0.451985 0.644176 0.381712
vn -0.113167 -0.0223082 0.993325
v -12.3782 -13.5312 0.0108881 0.450075 0.642449 0.381439
vn -0.111257 -0.0202423 0.993585
v -12.2344 -8.67076 -0.125724 0.413577 0.609427 0.376225
vn -0.0156382 0.0514639 0.998552
v -12.3107 -8.51946 -0.134718 0.411174 0.607253 0.375882
vn -0.0169864 0.0528338 0.998459
v -12.3774 -8.39414 -0.142794 0.409016 0.605301 0.375574
vn -0.0169875 0.0520595 0.998499
v -12.3539 4.3359 -0.616561 0.282443 0.490782 0.357492
vn -0.0273754 0.0344708 0.999031
v -12.2783 4.49238 -0.619279 0.281717 0.490125 0.357388
vn -0.0412862 0.033398 0.998589
v -12.2059 4.60666 -0.618968 0.2818 0.4902 0.3574
vn -0.0324661 0.0251855 0.999155
v -12.3831 8.33005 -0.776474 0.23972 0.452128 0.351389
vn -0.115379 0.0970877 0.988565
v -12.2929 8.50664 -0.78329 0.237899 0.45048 0.351128
vn -0.036378 0.033215 0.998786
v -12.3294 11.1704 -0.854475 0.218881 0.433273 0.348412
vn -0.0356614 0.0287729 0.99895
v -12.2429 11.2609 -0.854648 0.218835 0.433232 0.348405
vn -0.0322824 0.021029 0.999258
v -12.3005 13.9006 -0.899676 0.206805 0.422348 0.346686
vn -0.036354 0.0205872 0.999127
v -12.2869 15.6368 -0.944618 0.194798 0.411484 0.344971
vn -0.0520739 0.0258327 0.998309
v -12.331 17.9505 -1.03417 0.170874 0.389838 0.341553
vn -0.0386943 0.04026 0.99844
v -12.226 18.084 -1.03844 0.169733 0.388806 0.34139
vn -0.0761235 0.0916394 0.992878
v -12.2856 21.9328 -1.2479 0.16 0.38 0.34
vn -0.0680753 0.0882666 0.993768
v -12.0286 -24.7311 0.47874 0.575068 0.755537 0.399295
vn -0.0758774 -0.0136215 0.997024
v -12.1479 -24.4638 0.47321 0.57359 0.754201 0.399084
vn -0.0746085 -0.0125153 0.997134
v -12.0526 -21.9156 0.368137 0.545519 0.728803 0.395074
vn 0.310287 0.0897566 0.946396
v -12.0577 -21.7625 0.370144 0.546055 0.729288 0.395151
vn 0.0355609 0.0550509 0.99785
v -12.0774 -21.5551 0.371792 0.546495 0.729686 0.395214
vn -0.105854 -0.17072 0.979617
v -12.1944 -21.3719 0.504902 0.582057 0.761861 0.400294
vn -0.27995 -0.103064 0.954466
v -12.1148 -17.6033 0.178784 0.49493 0.683032 0.387847
vn -0.0934745 -0.0211061 0.995398
v -12.1991 -17.5931 0.171067 0.492869 0.681167 0.387553
vn -0.00820998 0.0781097 0.996911
v -12.1025 -13.8895 0.0337912 0.456194 0.647985 0.382313
vn 0 0 0
v -12.0369 -9.03561 -0.103054 0.419633 0.614906 0.37709
vn -0.134753 -0.0138197 0.990783
v -12.1017 -8.90344 -0.110218 0.417719 0.613175 0.376817
vn -0.0176863 0.0563894 0.998252
v -12.0034 -2.32462 -0.406099 0.338671 0.541655 0.365524
vn -0.013385 0.0384389 0.999171
v -12.0042 -2.10334 -0.413622 0.336661 0.539836 0.365237
vn -0.0138314 0.0384117 0.999166
v -12.0074 -1.93685 -0.42008 0.334936 0.538275 0.364991
vn -0.0131201 0.0348677 0.999306
v -12.0126 -1.27546 -0.447091 0.327719 0.531746 0.36396
vn -0.0119073 0.0420781 0.999043
v -12.007 -1.05574 -0.455784 0.325397 0.529645 0.363628
vn -0.0100108 0.041566 0.999086
v -12.0188 -0.722973 -0.473341 0.320706 0.525401 0.362958
vn -0.00763155 0.0382143 0.99924
v -12.0023 -0.557923 -0.478616 0.319297 0.524126 0.362757
vn -0.0064726 0.0356782 0.999342
v -12.1237 4.75605 -0.620552 0.281377 0.489817 0.35734
vn -0.0432933 0.0318478 0.998555
v -12.0439 4.88215 -0.620577 0.28137 0.489811 0.357339
vn -0.0251573 0.0159727 0.999556
v -12.0708 8.72708 -0.779189 0.238995 0.451472 0.351285
vn -0.0394055 0.0304287 0.99876
v -12.1525 11.3455 -0.853907 0.219033 0.433411 0.348433
vn -0.0354636 0.0171433 0.999224
v -12.0226 11.4356 -0.849782 0.220135 0.434408 0.348591
vn -0.0370601 0.0172122 0.999165
v -12.1131 14.0543 -0.897898 0.20728 0.422777 0.346754
vn -0.0325652 0.02668 0.999113
v -12.0627 15.7324 -0.935153 0.197327 0.413772 0.345332
vn -0.0522407 0.0257789 0.998302
v -12.1172 18.1396 -1.0353 0.170572 0.389565 0.34151
vn -0.0756401 0.0929396 0.992794
v -12.1195 22.1517 -1.25602 0.16 0.38 0.34
vn -0.0713136 0.0947506 0.992943
v -11.8687 -25.0289 0.486739 0.577205 0.757471 0.399601
vn -0.076394 -0.014429 0.996973
v -11.8924 -24.8629 0.487139 0.577312 0.757568 0.399616
vn -0.0735829 -0.0128315 0.997207
v -11.9429 -24.7591 0.484734 0.576669 0.756986 0.399524
vn -0.0736641 -0.0123571 0.997207
v -11.8733 -22.1068 0.37941 0.54853 0.731527 0.395504
vn 0.166713 0.205935 0.96426
v -11.9967 -21.9872 0.371479 0.546411 0.72961 0.395202
vn 0.0879634 0.140611 0.98615
v -11.8197 -17.8638 0.200807 0.500814 0.688356 0.388688
vn -0.00838711 0.0736357 0.99725
v -11.9005 -17.7103 0.19658 0.499685 0.687334 0.388526
vn -0.0926437 -0.0210829 0.995476
v -11.9403 -17.4965 0.197365 0.499895 0.687524 0.388556
vn -0.0921199 -0.0194909 0.995557
v -11.8849 -14.1139 0.0525048 0.461193 0.652508 0.383028
vn 0 0 0
v -11.8067 -9.41481 -0.0774665 0.42647 0.621091 0.378067
vn -0.0105923 0.046177 0.998877
v -11.8661 -9.3165 -0.0839375 0.424741 0.619527 0.37782
vn -0.0138561 0.049329 0.998686
v -11.9615 -9.12835 -0.0940925 0.422028 0.617073 0.377433
vn -0.0171519 0.0548091 0.99835
v -11.8213 -4.09167 -0.333627 0.358033 0.559173 0.36829
vn -0.0130309 0.0398464 0.999121
v -11.8401 -3.92371 -0.339442 0.356479 0.557767 0.368068
vn -0.0118876 0.0343859 0.999338
v -11.8593 -3.71913 -0.346257 0.354658 0.55612 0.367808
vn -0.0126559 0.0361613 0.999266
v -11.8844 -3.47969 -0.355205 0.352268 0.553957 0.367467
vn -0.0135693 0.0380266 0.999185
v -11.9024 -3.25673 -0.363134 0.35015 0.55204 0.367164
vn -0.014497 0.0392799 0.999123
v -11.9256 -3.09594 -0.37089 0.348077 0.550165 0.366868
vn -0.0145282 0.0434801 0.998949
v -11.9475 -2.93053 -0.378829 0.345956 0.548246 0.366565
vn -0.0133611 0.0396148 0.999126
v -11.9617 -2.6893 -0.38787 0.343541 0.546061 0.36622
vn -0.0142509 0.0427706 0.998983
v -11.9888 -2.48915 -0.398428 0.34072 0.543509 0.365817
vn -0.013739 0.0425735 0.998999
v -11.9746 -2.21224 -0.404871 0.338999 0.541952 0.365571
vn -0.166006 0.0329011 0.985576
v -11.9965 -1.71606 -0.426438 0.333237 0.536738 0.364748
vn -0.0131665 0.0351287 0.999296
v -11.9932 -1.49509 -0.434616 0.331052 0.534762 0.364436
vn -0.0133485 0.0463329 0.998837
v -11.9932 -0.891252 -0.460944 0.324018 0.528398 0.363431
vn -0.169108 0.046763 0.984487
v -11.9173 0.120533 -0.500371 0.313485 0.518867 0.361926
vn -0.00722705 0.0357158 0.999336
v -11.8959 5.0963 -0.619276 0.281718 0.490126 0.357388
vn -0.0196894 0.00485908 0.999794
v -11.9098 8.8864 -0.776512 0.23971 0.452119 0.351387
vn -0.04263 0.0269916 0.998726
v -11.8562 11.5552 -0.845078 0.221392 0.435545 0.34877
vn -0.0378725 0.0186887 0.999108
v -11.9729 14.1571 -0.895521 0.207915 0.423352 0.346845
vn -0.0419572 0.0184346 0.998949
v -11.8577 14.2629 -0.895737 0.207858 0.4233 0.346837
vn -0.0431552 0.0299451 0.99862
v -11.9114 15.8106 -0.930164 0.19866 0.414978 0.345523
vn -0.0401129 0.0338685 0.998621
v -11.9493 18.1783 -1.02615 0.173015 0.391775 0.341859
vn -0.0419056 0.0361681 0.998467
v -11.8466 18.2425 -1.02436 0.173495 0.392209 0.341928
vn -0.0375237 0.0385188 0.998553
v -11.981 22.1886 -1.2498 0.16 0.38 0.34
vn -0.0679524 0.088413 0.993763
v -11.8566 22.251 -1.24687 0.16 0.38 0.34
vn -0.0687354 0.0913033 0.993448
v -11.6999 -22.3133 0.389797 0.551305 0.734038 0.395901
vn 0.0929935 0.00441917 0.995657
v -11.6908 -22.1381 0.393413 0.552271 0.734912 0.396039
vn -0.0790585 -0.0157614 0.996745
v -11.6856 -18.0501 0.209126 0.503037 0.690367 0.389005
vn 0.00531199 0.0680466 0.997668
v -11.7417 -17.9419 0.206332 0.50229 0.689691 0.388899
vn -0.0899377 -0.0202031 0.995742
v -11.6023 -14.4391 0.0752535 0.467271 0.658007 0.383896
vn -0.105414 -0.0238096 0.994143
v -11.7027 -14.3143 0.0675079 0.465201 0.656135 0.3836
vn -0.103001 -0.021158 0.994456
v -11.6295 -9.6984 -0.0585947 0.431511 0.625653 0.378787
vn -0.0130293 0.0553773 0.99838
v -11.7403 -9.53813 -0.0705941 0.428306 0.622753 0.378329
vn -0.0151192 0.0569827 0.998261
v -11.6396 -4.9081 -0.294468 0.368495 0.568638 0.369785
vn -0.0161285 0.0414876 0.999009
v -11.6899 -4.68936 -0.304553 0.3658 0.5662 0.3694
vn -0.0153126 0.0443238 0.9989
v -11.7301 -4.48184 -0.31333 0.363455 0.564079 0.369065
vn -0.0145608 0.0389704 0.999134
v -11.77 -4.29947 -0.32218 0.361091 0.56194 0.368727
vn -0.0147342 0.0458425 0.99884
v -11.7374 5.3157 -0.617497 0.282193 0.490556 0.357456
vn -0.0287172 0.0207718 0.999372
v -11.6417 5.48311 -0.61999 0.281527 0.489953 0.357361
vn -0.0332567 0.031309 0.998956
v -11.7108 9.09623 -0.774985 0.240118 0.452488 0.351445
vn -0.0363159 0.0318362 0.998833
v -11.7142 11.6395 -0.839375 0.222915 0.436923 0.348988
vn -0.0410207 0.0213719 0.99893
v -11.6983 14.3693 -0.892232 0.208794 0.424147 0.346971
vn -0.0540098 0.0199324 0.998341
v -11.7366 15.9153 -0.925878 0.199805 0.416014 0.345686
vn -0.032381 0.0315895 0.998976
v -11.6529 16.0139 -0.928515 0.1991 0.415377 0.345586
vn -0.0420987 0.0404697 0.998293
v -11.7155 18.3294 -1.02258 0.173969 0.392639 0.341996
vn -0.0343936 0.042141 0.99852
v -11.6856 22.3146 -1.24092 0.16 0.38 0.34
vn -0.0674867 0.0884814 0.993789
v -11.5716 -24.6528 0.51347 0.584346 0.763932 0.400621
vn -0.0486843 0.0636592 0.996783
v -11.5223 -22.525 0.400226 0.554091 0.736559 0.396299
vn -0.0247047 0.0569054 0.998074
v -11.4818 -22.1079 0.410448 0.556823 0.73903 0.396689
vn -0.0776211 -0.0161143 0.996853
v -11.522 -18.1662 0.221529 0.50635 0.693364 0.389479
vn -0.0893428 -0.0205384 0.995789
v -11.4554 -14.6059 0.0867415 0.47034 0.660784 0.384334
vn -0.104669 -0.0243015 0.99421
v -11.5141 -14.5203 0.0826608 0.46925 0.659797 0.384179
vn -0.104073 -0.023179 0.9943
v -11.4199 -10.0442 -0.0375088 0.437145 0.63075 0.379592
vn -0.0145144 0.0555176 0.998352
v -11.5276 -9.86585 -0.0482049 0.434287 0.628165 0.379184
vn -0.0138323 0.0565116 0.998306
v -11.4295 -5.71253 -0.257539 0.378361 0.577564 0.371194
vn -0.0142782 0.0397205 0.999109
v -11.4778 -5.46533 -0.265498 0.376234 0.575641 0.370891
vn -0.0151998 0.0378972 0.999166
v -11.5228 -5.2913 -0.27327 0.374158 0.573762 0.370594
vn -0.0172466 0.0419913 0.998969
v -11.5593 -5.13939 -0.279869 0.372395 0.572167 0.370342
vn -0.0195365 0.0487692 0.998619
v -11.5684 5.59627 -0.620666 0.281347 0.48979 0.357335
vn -0.0464923 0.0281099 0.998523
v -11.4736 5.71094 -0.618679 0.281877 0.49027 0.357411
vn -0.0368518 0.0155411 0.9992
v -11.5345 9.30257 -0.776133 0.239811 0.45221 0.351402
vn -0.0371459 0.0292826 0.998881
v -11.426 9.43096 -0.777186 0.23953 0.451956 0.351361
vn -0.0362866 0.0284468 0.998936
v -11.5946 11.7554 -0.839297 0.222936 0.436942 0.348991
vn -0.0345979 0.0222667 0.999153
v -11.4715 11.8492 -0.836714 0.223626 0.437567 0.349089
vn -0.0342159 0.0201281 0.999212
v -11.5102 14.3766 -0.876583 0.212975 0.427929 0.347568
vn -0.0391012 0.0136647 0.999142
v -11.503 16.1251 -0.927077 0.199485 0.415724 0.345641
vn -0.0318546 0.0383426 0.998757
v -11.5196 18.4986 -1.0237 0.173671 0.392369 0.341953
vn -0.0332798 0.0426296 0.998537
v -11.5569 22.3684 -1.23701 0.16 0.38 0.34
vn -0.0667609 0.088835 0.993806
v -11.4409 22.4417 -1.23577 0.16 0.38 0.34
vn -0.0680571 0.0913744 0.993488
v -11.2714 -22.5013 0.420257 0.559443 0.741401 0.397063
vn -0.0777971 -0.0170901 0.996823
v -11.2604 -18.4555 0.238624 0.510917 0.697497 0.390131
vn -0.010144 0.0817087 0.996605
v -11.3643 -18.3515 0.231648 0.509054 0.69581 0.389865
vn 0.00419413 0.0655788 0.997839
v -11.2226 -14.8603 0.104708 0.47514 0.665127 0.38502
vn 0 0 0
v -11.3376 -14.738 0.0958159 0.472764 0.662977 0.384681
vn -0.100845 -0.0216612 0.994666
v -11.2886 -10.2786 -0.0252991 0.440407 0.633701 0.380058
vn -0.0138755 0.0499284 0.998656
v -11.3583 -10.1477 -0.0315773 0.438729 0.632184 0.379818
vn -0.0128638 0.0509662 0.998618
v -11.2489 -6.33852 -0.230717 0.385527 0.584048 0.372218
vn -0.0142949 0.0486683 0.998713
v -11.3095 -6.13152 -0.239264 0.383243 0.581982 0.371892
vn -0.0126065 0.0395973 0.999136
v -11.3703 -5.90235 -0.248245 0.380844 0.579811 0.371549
vn -0.0139018 0.0411692 0.999055
v -11.2143 2.6668 -0.560292 0.297476 0.504383 0.359639
vn -0.0108413 0.0280437 0.999548
v -11.3138 5.89957 -0.615224 0.2828 0.491105 0.357543
vn -0.036226 0.0179666 0.999182
v -11.3325 9.50947 -0.77486 0.240151 0.452518 0.35145
vn -0.0479877 0.0275244 0.998469
v -11.2083 9.60904 -0.771366 0.241085 0.453362 0.351584
vn -0.0497679 0.0330633 0.998213
v -11.3506 11.9474 -0.834908 0.224109 0.438003 0.349158
vn -0.036814 0.0196712 0.999129
v -11.2464 12.0152 -0.83169 0.224969 0.438781 0.349281
vn -0.0382246 0.0195051 0.999079
v -11.292 14.4887 -0.868799 0.215054 0.429811 0.347865
vn -0.0436533 0.0152203 0.998931
v -11.2904 16.3344 -0.930197 0.198651 0.41497 0.345522
vn -0.030472 0.0421108 0.998648
v -11.2886 18.6761 -1.02316 0.173815 0.392499 0.341974
vn -0.0388088 0.03832 0.998512
v -11.2775 22.5293 -1.23267 0.16 0.38 0.34
vn -0.0717907 0.0996712 0.992427
v -11.0465 -22.6281 0.435499 0.563515 0.745085 0.397645
vn -0.0768607 -0.0175164 0.996888
v -11.1298 -22.5186 0.430975 0.562306 0.743992 0.397472
vn -0.0768741 -0.0163137 0.996907
v -11.0163 -18.6145 0.256749 0.51576 0.701878 0.390823
vn -0.0172909 0.0869404 0.996063
v -11.125 -18.517 0.249355 0.513784 0.700091 0.390541
vn -0.0881731 -0.0214399 0.995874
v -11.029 -15.0732 0.119146 0.478997 0.668617 0.385571
vn -0.106107 -0.0306553 0.993882
v -11.1399 -14.9607 0.110672 0.476733 0.666568 0.385248
vn 0 0 0
v -11.036 -10.6379 -0.000958875 0.44691 0.639585 0.380987
vn -0.0245691 0.0627854 0.997725
v -11.1478 -10.5104 -0.0122871 0.443883 0.636847 0.380555
vn -0.018505 0.0546258 0.998335
v -11.0211 -6.88046 -0.199484 0.393871 0.591597 0.37341
vn -0.0172546 0.0545274 0.998363
v -11.097 -6.69617 -0.209477 0.391201 0.589182 0.373029
vn -0.015938 0.0503795 0.998603
v -11.1737 -6.51502 -0.220001 0.388389 0.586638 0.372627
vn -0.0145004 0.0483502 0.998725
v -11.1738 2.7476 -0.560373 0.297454 0.504364 0.359636
vn -0.0124653 0.0239194 0.999636
v -11.1218 2.89986 -0.564715 0.296294 0.503314 0.359471
vn -0.00962686 0.0257719 0.999621
v -11.0473 3.1252 -0.572032 0.29434 0.501545 0.359191
vn -0.00618846 0.0301797 0.999525
v -11.1108 6.10482 -0.608041 0.284719 0.492841 0.357817
vn -0.0161026 0.00805509 0.999838
v -11.0358 6.26826 -0.61441 0.283018 0.491302 0.357574
vn -0.134904 0.100293 0.98577
v -11.0804 9.7197 -0.768816 0.241766 0.453979 0.351681
vn -0.0471881 0.0395681 0.998102
v -11.0823 12.1357 -0.828208 0.225899 0.439623 0.349414
vn -0.0352299 0.0198211 0.999183
v -11.1493 14.5568 -0.863305 0.216522 0.431139 0.348075
vn -0.0248167 0.0171897 0.999544
v -11.0377 14.666 -0.864666 0.216158 0.43081 0.348023
vn -0.0283099 0.0225628 0.999345
v -11.071 16.5362 -0.932306 0.198088 0.41446 0.345441
vn -0.036137 0.0368387 0.998668
v -11.1216 18.7516 -1.01793 0.175211 0.393762 0.342173
vn -0.0373798 0.038595 0.998556
v -11.0367 18.8386 -1.01989 0.17469 0.393291 0.342099
vn -0.0727869 0.0933138 0.992973
v -11.1392 22.5584 -1.22601 0.16 0.38 0.34
vn -0.0665655 0.0891842 0.993788
v -11.0185 22.638 -1.22515 0.16 0.38 0.34
vn -0.0654768 0.089046 0.993873
v -10.9192 -22.8376 0.441584 0.565141 0.746556 0.397877
vn -0.0186123 0.0470102 0.998721
v -10.8891 -22.7721 0.445059 0.566069 0.747396 0.39801
vn -0.0763367 -0.0175558 0.996928
v -10.8649 -18.7166 0.267729 0.518693 0.704532 0.391242
vn -0.0891162 -0.0253981 0.995697
v -10.8658 -15.2659 0.130623 0.482064 0.671391 0.386009
vn -0.103411 -0.0287318 0.994224
v -10.9228 -15.1853 0.12702 0.481101 0.67052 0.385872
vn -0.103411 -0.0287318 0.994224
v -10.8415 -10.8862 0.0175569 0.451856 0.64406 0.381694
vn -0.126331 -0.025517 0.99166
v -10.9202 -10.7467 0.0111165 0.450136 0.642504 0.381448
vn -0.0169204 0.0561227 0.99828
v -10.8447 -7.24645 -0.17677 0.399939 0.597088 0.374277
vn -0.017213 0.0548789 0.998345
v -10.9226 -7.07914 -0.186525 0.397333 0.59473 0.373905
vn -0.0159804 0.052468 0.998495
v -10.9634 3.32199 -0.575819 0.293328 0.50063 0.359047
vn -0.00974879 0.0236195 0.999673
v -10.8744 3.52267 -0.57958 0.292323 0.499721 0.358903
vn -0.00843682 0.0290821 0.999541
v -10.844 3.61732 -0.583402 0.291302 0.498797 0.358757
vn -0.0069757 0.0327576 0.999439
v -10.9343 6.37463 -0.611622 0.283763 0.491976 0.35768
vn -0.0113934 0.0120404 0.999863
v -10.841 6.49561 -0.611622 0.283763 0.491976 0.35768
vn -0.0130506 0.00860714 0.999878
v -10.9161 9.92066 -0.772123 0.240883 0.45318 0.351555
vn -0.0390447 0.0256319 0.998909
v -10.8584 12.2993 -0.823642 0.227119 0.440726 0.349588
vn -0.0333689 0.0214667 0.999213
v -10.9241 14.7729 -0.865698 0.215883 0.430561 0.347983
vn -0.0335284 0.0301932 0.998982
v -10.8432 14.8314 -0.864716 0.216145 0.430798 0.348021
vn -0.0285459 0.025707 0.999262
v -10.8673 16.6601 -0.928306 0.199156 0.415427 0.345594
vn -0.0376972 0.0346319 0.998689
v -10.8748 18.9266 -1.01636 0.17563 0.394142 0.342233
vn -0.0346077 0.0393623 0.998626
v -10.8691 22.7441 -1.22483 0.16 0.38 0.34
vn -0.0740823 0.105375 0.991669
v -10.6928 -22.8582 0.458527 0.569668 0.750652 0.398524
vn -0.0760223 -0.0183281 0.996938
v -10.682 -18.9076 0.279147 0.521744 0.707292 0.391678
vn -0.0883503 -0.0260877 0.995748
v -10.7448 -18.7984 0.276343 0.520995 0.706614 0.391571
vn -0.0859891 -0.0231522 0.996027
v -10.7028 -15.4183 0.142932 0.485352 0.674366 0.386479
vn 0 0 0
v -10.7956 -15.3307 0.135972 0.483492 0.672684 0.386213
vn -0.100427 -0.0266035 0.994589
v -10.6838 -11.0861 0.0320737 0.455735 0.647569 0.382248
vn -0.0140665 0.0555619 0.998356
v -10.768 -10.979 0.0244036 0.453686 0.645715 0.381955
vn -0.0135366 0.0533433 0.998484
v -10.6358 -7.66179 -0.151607 0.406662 0.60317 0.375237
vn -0.015399 0.049826 0.998639
v -10.7358 -7.45798 -0.163296 0.403539 0.600345 0.374791
vn -0.0152755 0.0488346 0.99869
v -10.7794 -7.3545 -0.168301 0.402202 0.599135 0.3746
vn -0.16156 -0.0203892 0.986652
v -10.7786 3.7528 -0.585541 0.29073 0.49828 0.358676
vn -0.0133347 0.0186136 0.999738
v -10.7044 3.89806 -0.587428 0.290227 0.497824 0.358604
vn -0.0147582 0.0143211 0.999789
v -10.6082 4.05607 -0.587312 0.290257 0.497852 0.358608
vn -0.0157061 0.0142145 0.999776
v -10.6779 6.68474 -0.609689 0.284279 0.492443 0.357754
vn -0.0105458 0.0092686 0.999901
v -10.6857 10.0731 -0.763226 0.24326 0.45533 0.351894
vn -0.0508702 0.0384103 0.997966
v -10.7689 12.3662 -0.82209 0.227533 0.441102 0.349648
vn -0.0319139 0.0242151 0.999197
v -10.652 12.4653 -0.821389 0.227721 0.441271 0.349674
vn -0.0352759 0.0170002 0.999233
v -10.6661 14.9401 -0.860747 0.217206 0.431757 0.348172
vn -0.0302853 0.0217741 0.999304
v -10.7261 16.7509 -0.926095 0.199747 0.415962 0.345678
vn -0.0338854 0.0320467 0.998912
v -10.6447 16.8235 -0.926865 0.199541 0.415775 0.345649
vn -0.0310129 0.0385711 0.998774
v -10.6876 19.0479 -1.01424 0.176199 0.394656 0.342314
vn -0.0368432 0.0379282 0.998601
v -10.7027 22.8259 -1.22123 0.16 0.38 0.34
vn -0.0683555 0.0960568 0.993026
v -10.4759 -22.9034 0.474179 0.573849 0.754435 0.399121
vn -0.0750753 -0.018581 0.997005
v -10.5115 -18.9756 0.29235 0.525271 0.710483 0.392182
vn -0.0859182 -0.02393 0.996015
v -10.4782 -15.6427 0.159042 0.489656 0.67826 0.387094
vn -0.0994815 -0.0297992 0.994593
v -10.5847 -15.5254 0.151792 0.487719 0.676508 0.386817
vn -0.0971398 -0.026625 0.994915
v -10.5152 -11.2963 0.0471964 0.459775 0.651225 0.382825
vn -0.018323 0.0617788 0.997922
v -10.4283 -8.03806 -0.127838 0.413012 0.608916 0.376145
vn -0.150494 -0.0235526 0.98833
v -10.5288 -7.88632 -0.139797 0.409817 0.606025 0.375688
vn -0.0160124 0.0521232 0.998512
v -10.5577 4.15271 -0.588743 0.289875 0.497506 0.358554
vn -0.0182604 0.00811688 0.9998
v -10.4918 4.24093 -0.587023 0.290334 0.497922 0.358619
vn -0.0193227 0.00602895 0.999795
v -10.5344 6.86782 -0.61016 0.284153 0.492329 0.357736
vn -0.0103437 0.00880522 0.999908
v -10.5711 10.1934 -0.763847 0.243094 0.45518 0.351871
vn -0.0403887 0.022044 0.998941
v -10.4775 10.2574 -0.760692 0.243936 0.455943 0.351991
vn -0.0441076 0.0344324 0.998433
v -10.4928 12.5614 -0.81643 0.229045 0.44247 0.349864
vn -0.0397408 0.0227894 0.99895
v -10.4394 12.643 -0.820107 0.228063 0.441581 0.349723
vn -0.0332548 0.0133738 0.999357
v -10.4567 15.0867 -0.858071 0.21792 0.432404 0.348274
vn -0.0266346 0.0235196 0.999369
v -10.4965 16.9416 -0.926954 0.199517 0.415754 0.345645
vn -0.0368722 0.0364599 0.998655
v -10.5623 19.152 -1.01506 0.17598 0.394458 0.342283
vn -0.039204 0.038832 0.998476
v -10.4352 19.2536 -1.01557 0.175844 0.394335 0.342263
vn -0.0711591 0.0955741 0.992876
v -10.5331 22.9012 -1.21689 0.16 0.38 0.34
vn -0.0684907 0.0976916 0.992857
v -10.3449 -23.3095 0.476469 0.574461 0.754988 0.399209
vn -0.0575023 0.0814099 0.995021
v -10.3741 -23.0895 0.478403 0.574978 0.755456 0.399283
vn -0.0752302 -0.0186546 0.996992
v -10.2334 -19.2129 0.310337 0.530076 0.714831 0.392868
vn -0.0856276 -0.0260417 0.995987
v -10.3252 -19.1288 0.304595 0.528542 0.713443 0.392649
vn -0.0858675 -0.0251253 0.99599
v -10.2386 -15.8518 0.176629 0.494355 0.682511 0.387765
vn -0.0997054 -0.031703 0.994512
v -10.3378 -15.7475 0.169956 0.492572 0.680898 0.38751
vn -0.0994815 -0.0297992 0.994593
v -10.2049 -11.6699 0.0741155 0.466967 0.657732 0.383852
vn -0.119113 -0.0299208 0.99243
v -10.3112 -11.5194 0.0657401 0.464729 0.655707 0.383533
vn -0.0160236 0.0597382 0.998085
v -10.2929 -8.29129 -0.113532 0.416834 0.612374 0.376691
vn -0.0141383 0.0504468 0.998627
v -10.3843 -8.1436 -0.123654 0.41413 0.609927 0.376304
vn -0.0179538 0.0564632 0.998243
v -10.399 4.38834 -0.587143 0.290302 0.497893 0.358615
vn -0.0183421 0.00625404 0.999812
v -10.3153 4.50078 -0.585412 0.290765 0.498311 0.358681
vn -0.0142548 0.0165017 0.999762
v -10.244 4.6457 -0.589178 0.289759 0.497401 0.358537
vn -0.0140075 0.0153525 0.999784
v -10.348 7.09671 -0.610422 0.284083 0.492266 0.357726
vn -0.00931457 0.0114312 0.999891
v -10.2454 7.24046 -0.612794 0.28345 0.491692 0.357636
vn -0.00312472 0.0205409 0.999784
v -10.3528 10.35 -0.757433 0.244807 0.45673 0.352115
vn -0.0578226 0.0407449 0.997495
v -10.2679 10.4416 -0.75847 0.24453 0.45648 0.352076
vn -0.039779 0.0231911 0.998939
v -10.3126 12.6965 -0.813859 0.229732 0.443091 0.349962
vn -0.0355613 0.026854 0.999007
v -10.3653 15.1694 -0.858877 0.217705 0.432209 0.348244
vn -0.0228613 0.0348377 0.999131
v -10.2729 15.2482 -0.859254 0.217605 0.432118 0.348229
vn -0.0222212 0.0291993 0.999327
v -10.3113 17.0253 -0.920916 0.201131 0.417213 0.345876
vn -0.0421277 0.0327685 0.998575
v -10.2688 19.2911 -1.00725 0.178064 0.396344 0.342581
vn -0.0468242 0.0364578 0.998238
v -10.3472 22.9407 -1.2083 0.16 0.38 0.34
vn -0.0647424 0.0889812 0.993927
v -10.2388 23.0382 -1.21012 0.16 0.38 0.34
vn -0.0664011 0.0938989 0.993365
v -10.0811 -23.0661 0.5008 0.580961 0.76087 0.400137
vn -0.0744805 -0.018786 0.997046
v -10.0144 -22.1848 0.522363 0.586722 0.766082 0.40096
vn -0.044429 0.0326469 0.998479
v -10.1301 -19.2587 0.317997 0.532123 0.716683 0.39316
vn -0.0850154 -0.0267108 0.996022
v -10.0503 -16.0245 0.189812 0.497877 0.685698 0.388268
vn -0.0984067 -0.0318865 0.994635
v -10.1524 -15.9502 0.182098 0.495816 0.683833 0.387974
vn -0.0984067 -0.0318865 0.994635
v -10.0487 -11.8493 0.0872983 0.470489 0.660918 0.384356
vn -0.119582 -0.0327345 0.992285
v -10.1365 -11.7303 0.0805014 0.468673 0.659275 0.384096
vn -0.0188284 0.0617051 0.997917
v -10.0139 -8.82596 -0.0868594 0.42396 0.618821 0.377709
vn -0.0132511 0.0550474 0.998396
v -10.0781 -8.70763 -0.0928255 0.422366 0.617379 0.377481
vn -0.0114235 0.0491554 0.998726
v -10.1511 -8.54926 -0.099158 0.420674 0.615848 0.377239
vn -0.0115526 0.0465908 0.998847
v -10.1789 4.7345 -0.588279 0.289999 0.497618 0.358571
vn -0.0185043 0.00839035 0.999794
v -10.0812 4.87626 -0.588103 0.290046 0.497661 0.358578
vn -0.018386 0.00516802 0.999818
v -10.1628 7.3593 -0.615238 0.282797 0.491102 0.357542
vn -0.00752329 0.017108 0.999825
v -10.0592 7.5006 -0.617671 0.282147 0.490514 0.35745
vn -0.0121916 0.0143316 0.999823
v -10.123 10.5284 -0.752643 0.246087 0.457888 0.352298
vn -0.0521535 0.0370517 0.997951
v -10.0164 10.6143 -0.750935 0.246543 0.458301 0.352363
vn -0.0455733 0.0359646 0.998313
v -10.0949 12.8501 -0.810029 0.230756 0.444017 0.350108
vn -0.0357667 0.0194781 0.99917
v -10.0897 15.4376 -0.863577 0.216449 0.431073 0.348064
vn -0.0312319 0.0358641 0.998869
v -10.101 17.0707 -0.909291 0.204236 0.420023 0.346319
vn -0.0259166 0.0334902 0.999103
v -10.0345 17.2508 -0.922059 0.200825 0.416937 0.345832
vn -0.0339804 0.0439044 0.998458
v -10.0929 19.3481 -1.00019 0.179952 0.398052 0.34285
vn -0.0506684 0.0311526 0.99823
v -10.111 23.0931 -1.20683 0.16 0.38 0.34
vn -0.0650933 0.091998 0.993629
v -9.86188 -23.5039 0.508612 0.583048 0.762758 0.400435
vn 0.0131698 0.144541 0.989411
v -9.92885 -23.3395 0.506863 0.582581 0.762335 0.400369
vn -0.0739326 -0.0192873 0.997077
v -9.94868 -22.9888 0.512136 0.58399 0.76361 0.40057
vn -0.0743769 -0.0189194 0.997051
v -9.82328 -19.5329 0.336742 0.537131 0.721214 0.393876
vn -0.0849945 -0.0275418 0.996001
v -9.8016 -19.3476 0.343581 0.538958 0.722867 0.394137
vn -0.0841902 -0.0268379 0.996088
v -9.84125 -16.2779 0.20205 0.501146 0.688656 0.388735
vn -0.095977 -0.0324156 0.994856
v -9.94986 -16.1356 0.196096 0.499555 0.687217 0.388508
vn -0.0965702 -0.031938 0.994814
v -9.82704 -12.0911 0.10575 0.475418 0.665378 0.38506
vn -0.0126134 0.051885 0.998573
v -9.92933 -11.9539 0.0981674 0.473393 0.663546 0.38477
vn -0.0175152 0.059168 0.998094
v -9.85355 -9.03541 -0.0699274 0.428484 0.622914 0.378355
vn -0.0173761 0.0585546 0.998133
v -9.9311 -8.93593 -0.0780922 0.426302 0.62094 0.378043
vn -0.0169814 0.0593653 0.998092
v -9.99338 4.99982 -0.587728 0.290146 0.497751 0.358592
vn -0.0337054 0.00428094 0.999423
v -9.88296 5.12325 -0.584173 0.291096 0.498611 0.358728
vn -0.04072 0.0305852 0.998702
v -9.89476 7.69602 -0.618741 0.281861 0.490255 0.357409
vn -0.0137654 0.0137947 0.99981
v -9.90543 10.7307 -0.752348 0.246166 0.45796 0.352309
vn -0.0345667 0.0253702 0.99908
v -9.95099 12.9671 -0.809336 0.230941 0.444184 0.350134
vn -0.0247726 0.0172127 0.999545
v -9.83535 13.0185 -0.804249 0.2323 0.445414 0.350329
vn -0.0375303 0.0183598 0.999127
v -9.89787 15.5545 -0.859949 0.217419 0.43195 0.348203
vn -0.0278808 0.0257074 0.999281
v -9.86487 17.3666 -0.92073 0.20118 0.417258 0.345883
vn -0.0269763 0.0405519 0.998813
v -9.91255 19.4754 -0.999614 0.180105 0.39819 0.342872
vn -0.0698366 0.0953161 0.992994
v -9.94822 23.1779 -1.20404 0.16 0.38 0.34
vn -0.0642845 0.0913735 0.99374
v -9.84193 23.2654 -1.20521 0.16 0.38 0.34
vn -0.0673765 0.0965181 0.993048
v -9.69932 -23.6503 0.517663 0.585466 0.764946 0.400781
vn 0.0863398 0.150911 0.98477
v -9.74566 -23.5452 0.516341 0.585113 0.764626 0.40073
vn -0.0725881 -0.0195179 0.997171
v -9.68827 -22.6538 0.537896 0.590872 0.769837 0.401553
vn -0.0730358 -0.0193099 0.997142
v -9.62154 -19.7016 0.349042 0.540417 0.724187 0.394345
vn -0.0824832 -0.0270032 0.996227
v -9.73032 -19.5972 0.342807 0.538751 0.72268 0.394107
vn -0.0833296 -0.0270232 0.996156
v -9.74845 -19.125 0.354069 0.54176 0.725402 0.394537
vn -0.0815303 -0.0262542 0.996325
v -9.76283 -18.992 0.356408 0.542385 0.725967 0.394626
vn -0.027514 0.0473094 0.998501
v -9.62001 -16.4609 0.217319 0.505225 0.692347 0.389318
vn -0.0955052 -0.0330311 0.994881
v -9.71695 -16.3564 0.211482 0.503666 0.690936 0.389095
vn -0.0952796 -0.0319999 0.994936
v -9.67397 -12.2758 0.117418 0.478535 0.668199 0.385505
vn -0.0129138 0.0526977 0.998527
v -9.64536 -9.32183 -0.0494693 0.433949 0.627859 0.379136
vn -0.0180193 0.0551379 0.998316
v -9.77233 -9.14645 -0.0617693 0.430663 0.624886 0.378666
vn -0.0155132 0.0536256 0.998441
v -9.75826 5.32996 -0.587928 0.290093 0.497703 0.358585
vn -0.0263419 0.026024 0.999314
v -9.64225 5.47297 -0.586374 0.290508 0.498079 0.358644
vn -0.0380504 0.0268322 0.998916
v -9.74762 7.85497 -0.618329 0.281971 0.490354 0.357424
vn -0.0336028 0.0279693 0.999044
v -9.60431 8.01596 -0.61896 0.281802 0.490202 0.3574
vn -0.0319666 0.0287128 0.999076
v -9.69991 10.8889 -0.748792 0.247116 0.458819 0.352445
vn -0.0358099 0.0246295 0.999055
v -9.6659 13.1253 -0.800398 0.233329 0.446345 0.350476
vn -0.0320347 0.0213041 0.99926
v -9.71818 15.655 -0.855787 0.218531 0.432956 0.348362
vn -0.0222783 0.0294762 0.999317
v -9.72927 17.4637 -0.920195 0.201323 0.417388 0.345903
vn -0.0365291 0.0342073 0.998747
v -9.7124 23.3228 -1.20216 0.16 0.38 0.34
vn -0.063693 0.0912643 0.993788
v -9.60534 23.4221 -1.20444 0.16 0.38 0.34
vn -0.0695053 0.101674 0.992387
v -9.47873 -24.4513 0.66579 0.625041 0.800751 0.406434
vn -0.0336016 0.128464 0.991145
v -9.50029 -23.8394 0.528366 0.588326 0.767533 0.401189
vn 0.0151627 0.185863 0.982459
v -9.49849 -19.8648 0.354729 0.541937 0.725562 0.394562
vn -0.0830374 -0.0282704 0.996145
v -9.50517 -16.5415 0.225559 0.507427 0.694339 0.389632
vn -0.0928583 -0.0305569 0.99521
v -9.47209 -12.5001 0.132919 0.482677 0.671946 0.386097
vn -0.0226126 0.0611538 0.997872
v -9.58329 -12.3923 0.123913 0.480271 0.669769 0.385753
vn -0.015893 0.054693 0.998377
v -9.41882 -9.63974 -0.0287673 0.43948 0.632863 0.379926
vn -0.0111193 0.0510606 0.998634
v -9.4912 -9.53565 -0.0351403 0.437778 0.631323 0.379683
vn -0.0202778 0.0603877 0.997969
v -9.41165 -3.25782 -0.233744 0.384718 0.583316 0.372103
vn -0.0291179 0.0437598 0.998618
v -9.44014 -3.10951 -0.241325 0.382693 0.581484 0.371813
vn -0.0301537 0.0439217 0.99858
v -9.4849 -2.93536 -0.252951 0.379587 0.578674 0.37137
vn -0.0320668 0.0468288 0.998388
v -9.51323 -2.6947 -0.263129 0.376867 0.576213 0.370981
vn -0.0321436 0.0338381 0.99891
v -9.52993 -2.48171 -0.271229 0.374703 0.574255 0.370672
vn -0.0322691 0.0356476 0.998843
v -9.5431 -2.26639 -0.279379 0.372526 0.572285 0.370361
vn -0.0321524 0.0333708 0.998926
v -9.54375 -2.10619 -0.284059 0.371276 0.571154 0.370182
vn -0.032255 0.0414868 0.998618
v -9.5634 -1.94601 -0.29295 0.3689 0.569005 0.369843
vn -0.0326037 0.0404868 0.998648
v -9.56189 -1.72103 -0.300266 0.366946 0.567237 0.369564
vn -0.0328927 0.0350582 0.998844
v -9.56444 -1.50964 -0.308651 0.364705 0.56521 0.369244
vn -0.0332 0.0348505 0.998841
v -9.56047 -1.26809 -0.31766 0.362298 0.563032 0.3689
vn -0.0335422 0.0400469 0.998635
v -9.55474 -1.05461 -0.325928 0.36009 0.561033 0.368584
vn -0.0328651 0.049963 0.99821
v -9.5648 -0.894725 -0.335412 0.357556 0.558741 0.368222
vn -0.033005 0.045349 0.998426
v -9.54919 -0.723114 -0.340802 0.356116 0.557438 0.368017
vn -0.0327977 0.040083 0.998658
v -9.54045 -0.533794 -0.34894 0.353942 0.555471 0.367706
vn -0.0324475 0.0459255 0.998418
v -9.52954 -0.3148 -0.358897 0.351282 0.553064 0.367326
vn -0.0331299 0.0394454 0.998672
v -9.48999 -0.0622325 -0.365892 0.349413 0.551374 0.367059
vn -0.0331749 0.0362664 0.998791
v -9.46341 0.139815 -0.373209 0.347458 0.549605 0.36678
vn -0.034414 0.0313703 0.998915
v -9.4255 0.268709 -0.374063 0.34723 0.549398 0.366747
vn -0.0344367 0.0289154 0.998988
v -9.57076 5.56637 -0.586196 0.290556 0.498122 0.358651
vn -0.0343115 0.0325473 0.998881
v -9.48583 5.68812 -0.587442 0.290223 0.497821 0.358603
vn -0.029945 0.0284608 0.999146
v -9.46519 8.14751 -0.617058 0.28231 0.490662 0.357473
vn -0.0451382 0.033059 0.998434
v -9.5275 10.9826 -0.741566 0.249046 0.460566 0.352721
vn -0.045449 0.0510401 0.997662
v -9.48019 11.0557 -0.745114 0.248099 0.459708 0.352586
vn -0.0381501 0.0235921 0.998993
v -9.45635 13.2783 -0.798168 0.233924 0.446884 0.350561
vn -0.0291894 0.0240171 0.999285
v -9.53605 15.8533 -0.861726 0.216944 0.431521 0.348135
vn -0.0338167 0.0305804 0.99896
v -9.54633 17.5486 -0.915013 0.202708 0.41864 0.346101
vn -0.0427178 0.0325398 0.998557
v -9.59216 19.3869 -0.968704 0.188363 0.405662 0.344052
vn -0.041508 0.0324264 0.998612
v -9.53999 19.5443 -0.980168 0.185301 0.402891 0.343614
vn -0.0691424 0.0953652 0.993038
v -9.47932 19.6962 -0.990556 0.182525 0.40038 0.343218
vn -0.0692105 0.0955244 0.993018
v -9.50565 23.4246 -1.1983 0.16 0.38 0.34
vn -0.0631934 0.0913483 0.993812
v -9.26331 -23.8335 0.545586 0.592926 0.771695 0.401847
vn -0.0477216 0.0279977 0.998468
v -9.29465 -20.0286 0.366907 0.54519 0.728505 0.395027
vn -0.0152034 0.0666225 0.997662
v -9.3431 -19.8945 0.366729 0.545143 0.728462 0.39502
vn -0.0806676 -0.0262486 0.996395
v -9.23148 -16.8148 0.241989 0.511817 0.69831 0.39026
vn -0.0199089 0.0555485 0.998257
v -9.32105 -16.7134 0.237105 0.510512 0.697129 0.390073
vn -0.0916756 -0.0330362 0.995241
v -9.30253 -12.6666 0.146264 0.486242 0.675171 0.386606
vn -0.0214174 0.060043 0.997966
v -9.39535 -12.5721 0.139143 0.48434 0.67345 0.386334
vn -0.0197151 0.0586588 0.998083
v -9.24866 -9.87474 -0.0140747 0.443406 0.636415 0.380487
vn -0.0133929 0.0537508 0.998465
v -9.36756 -9.71682 -0.0245 0.44062 0.633895 0.380089
vn -0.0117597 0.0516797 0.998594
v -9.20225 -4.21999 -0.188029 0.396931 0.594366 0.373847
vn -0.0242553 0.0359733 0.999058
v -9.22887 -4.11565 -0.193041 0.395592 0.593155 0.373656
vn -0.0247909 0.0392905 0.99892
v -9.26634 -3.92177 -0.200496 0.3936 0.591353 0.373371
vn -0.024174 0.0390254 0.998946
v -9.32118 -3.68342 -0.21216 0.390484 0.588533 0.372926
vn -0.0254625 0.0364023 0.999013
v -9.37152 -3.46804 -0.223613 0.387425 0.585765 0.372489
vn -0.0285308 0.0422595 0.998699
v -9.38332 0.487238 -0.380522 0.345504 0.547837 0.366501
vn -0.0340601 0.0317073 0.998917
v -9.32668 0.702504 -0.384617 0.34441 0.546847 0.366344
vn -0.0318451 0.037456 0.998791
v -9.2772 0.91707 -0.39084 0.342748 0.545343 0.366107
vn -0.0329251 0.0305185 0.998992
v -9.22286 1.08601 -0.393213 0.342113 0.544769 0.366016
vn -0.0346366 0.0246209 0.999097
v -9.34057 5.89141 -0.589475 0.289679 0.497329 0.358526
vn -0.0272457 0.0250069 0.999316
v -9.24084 6.01206 -0.588988 0.28981 0.497447 0.358544
vn -0.0282552 0.019608 0.999408
v -9.29235 8.30104 -0.613929 0.283146 0.491418 0.357592
vn -0.037317 0.0214017 0.999074
v -9.31517 11.1599 -0.740222 0.249405 0.460891 0.352772
vn -0.0451078 0.0312112 0.998494
v -9.31469 13.3713 -0.795686 0.234587 0.447484 0.350655
vn -0.0299859 0.0247914 0.999243
v -9.39544 15.9509 -0.86068 0.217223 0.431774 0.348175
vn -0.022461 0.028134 0.999352
v -9.2945 16.0512 -0.863166 0.216559 0.431173 0.34808
vn -0.0208811 0.0302225 0.999325
v -9.38548 17.5994 -0.908149 0.204541 0.420299 0.346363
vn -0.0329825 0.0302707 0.998997
v -9.26365 17.6912 -0.908373 0.204482 0.420245 0.346355
vn -0.0321807 0.0358498 0.998839
v -9.31702 19.7324 -0.982828 0.18459 0.402248 0.343513
vn -0.0682567 0.0956875 0.993068
v -9.32183 23.531 -1.19643 0.16 0.38 0.34
vn -0.0637815 0.0933944 0.993584
v -9.0652 -24.8434 0.688242 0.631039 0.806178 0.407291
vn 0.0610478 0.142279 0.987942
v -9.03768 -24.07 0.556873 0.595942 0.774424 0.402277
vn 0.00529834 0.0634749 0.997969
v -9.11078 -20.0338 0.381766 0.54916 0.732097 0.395594
vn -0.0809995 -0.0291518 0.996288
v -9.11316 -16.8836 0.250606 0.514119 0.700393 0.390588
vn -0.094107 -0.0374682 0.994857
v -9.04777 -12.9168 0.165568 0.4914 0.679838 0.387343
vn -0.023634 0.0613422 0.997837
v -9.16707 -12.7925 0.156914 0.489087 0.677746 0.387012
vn -0.0185262 0.0574166 0.998178
v -9.10266 -10.0791 -0.00222183 0.446572 0.63928 0.380939
vn -0.0162899 0.0592148 0.998112
v -9.00583 -5.02871 -0.156973 0.405228 0.601873 0.375033
vn -0.0241908 0.0281584 0.999311
v -9.03263 -4.90335 -0.160452 0.404299 0.601032 0.3749
vn -0.0262598 0.0363235 0.998995
v -9.10473 -4.68742 -0.171891 0.401243 0.598267 0.374463
vn -0.0259566 0.0334335 0.999104
v -9.14272 -4.48417 -0.177661 0.399701 0.596873 0.374243
vn -0.0249815 0.0320174 0.999175
v -9.18121 -4.32688 -0.184278 0.397933 0.595273 0.37399
vn -0.0258714 0.0391544 0.998898
v -9.18733 1.19539 -0.394958 0.341647 0.544348 0.36595
vn -0.0315129 0.0334777 0.998943
v -9.15309 1.29573 -0.396415 0.341258 0.543996 0.365894
vn -0.0301774 0.0353964 0.998918
v -9.10491 1.47429 -0.401939 0.339782 0.54266 0.365683
vn -0.0300427 0.0361322 0.998895
v -9.03544 1.69081 -0.407167 0.338386 0.541396 0.365484
vn -0.0293303 0.0374374 0.998868
v -9.14221 6.12438 -0.587959 0.290085 0.497696 0.358584
vn -0.0408791 0.0274441 0.998787
v -9.03734 6.25841 -0.588842 0.289849 0.497482 0.35855
vn -0.0234576 0.024196 0.999432
v -9.09021 8.47337 -0.609912 0.28422 0.492389 0.357746
vn -0.0482792 0.0296119 0.998395
v -9.10917 11.2708 -0.732158 0.25156 0.46284 0.35308
vn -0.0486019 0.0332443 0.998265
v -9.10615 13.5169 -0.793257 0.235236 0.448071 0.350748
vn -0.0259573 0.0249388 0.999352
v -9.10698 16.1756 -0.861447 0.217018 0.431588 0.348145
vn -0.0272218 0.0334842 0.999068
v -9.14537 17.7867 -0.909297 0.204235 0.420022 0.346319
vn -0.0518106 0.0254827 0.998332
v -9.04853 17.8389 -0.907468 0.204723 0.420464 0.346389
vn -0.0336172 0.0287445 0.999021
v -9.08814 19.7608 -0.969876 0.18805 0.405379 0.344007
vn -0.0322279 0.0379772 0.998759
v -9.16709 23.5921 -1.19228 0.16 0.38 0.34
vn -0.0620098 0.0907568 0.993941
v -9.0503 23.6703 -1.19217 0.16 0.38 0.34
vn -0.0659302 0.0993407 0.992867
v -8.98368 -24.8682 0.693404 0.632418 0.807426 0.407488
vn 0.0709841 0.0964161 0.992807
v -8.95682 -24.1128 0.561725 0.597238 0.775596 0.402463
vn 0.0208392 0.0894666 0.995772
v -8.81782 -23.1353 0.591735 0.605256 0.78285 0.403608
vn -0.0722178 -0.019622 0.997196
v -8.87199 -20.093 0.399386 0.553867 0.736356 0.396267
vn -0.0798538 -0.0267118 0.996449
v -8.86825 -17.1041 0.265329 0.518052 0.703952 0.39115
vn -0.0205691 0.0557474 0.998233
v -8.9613 -16.9922 0.260823 0.516848 0.702863 0.390978
vn -0.0913079 -0.0358279 0.995178
v -8.87306 -13.06 0.179404 0.495096 0.683182 0.387871
vn -0.0215628 0.0596742 0.997985
v -8.81641 -10.425 0.0218316 0.452998 0.645094 0.381857
vn -0.0155244 0.0591542 0.998128
v -8.89383 -10.3178 0.0161133 0.451471 0.643712 0.381639
vn -0.0145785 0.0573437 0.998248
v -8.84257 -5.46952 -0.133931 0.411384 0.607443 0.375912
vn -0.0279689 0.0419672 0.998727
v -8.89589 -5.33446 -0.141249 0.409429 0.605674 0.375633
vn -0.0291539 0.0416379 0.998707
v -8.97426 -5.13294 -0.15257 0.406405 0.602938 0.375201
vn -0.028822 0.0410011 0.998743
v -8.96704 1.91818 -0.414377 0.336459 0.539654 0.365208
vn -0.0313623 0.0326039 0.998976
v -8.88036 2.12106 -0.416668 0.335847 0.5391 0.365121
vn -0.0305892 0.0330657 0.998985
v -8.81182 2.29117 -0.419907 0.334982 0.538317 0.364997
vn -0.0306741 0.0328766 0.998989
v -8.94576 6.3486 -0.586592 0.29045 0.498026 0.358636
vn -0.0504455 0.0393745 0.99795
v -8.87327 6.454 -0.589127 0.289773 0.497413 0.358539
vn -0.0131202 0.0133522 0.999825
v -8.94018 8.57278 -0.603842 0.285841 0.493856 0.357977
vn -0.0498377 0.0259165 0.998421
v -8.82088 8.63692 -0.597395 0.287564 0.495415 0.358223
vn -0.027335 -0.00591281 0.999609
v -8.97242 11.3471 -0.72728 0.252863 0.464019 0.353266
vn -0.0456836 0.0470045 0.997849
v -8.86442 11.4668 -0.730582 0.251981 0.463221 0.35314
vn -0.0377321 0.025929 0.998951
v -8.87456 13.678 -0.790827 0.235886 0.448658 0.350841
vn -0.0273647 0.0251471 0.999309
v -8.91238 16.2565 -0.854802 0.218794 0.433195 0.348399
vn -0.0329328 0.0236305 0.999178
v -8.91473 17.9021 -0.904127 0.205616 0.421272 0.346517
vn -0.0365737 0.0271008 0.998963
v -8.87671 19.8757 -0.96658 0.188931 0.406175 0.344133
vn -0.042492 0.0348007 0.998491
v -8.87881 23.7239 -1.18638 0.16 0.38 0.34
vn -0.0618996 0.0912898 0.993899
v -8.64016 -24.3551 0.578922 0.601833 0.779753 0.403119
vn -0.0112123 0.04758 0.998804
v -8.60236 -23.4868 0.599793 0.607409 0.784798 0.403916
vn -0.0706411 -0.020431 0.997293
v -8.77169 -23.2291 0.593109 0.605623 0.783183 0.40366
vn -0.0704896 -0.0203447 0.997305
v -8.69148 -20.4408 0.403591 0.554991 0.737372 0.396427
vn -0.0190894 0.0723785 0.997195
v -8.74407 -20.3341 0.402567 0.554717 0.737125 0.396388
vn -0.079915 -0.0294826 0.996366
v -8.67105 -17.2515 0.277924 0.521417 0.706996 0.391631
vn -0.0171167 0.0528588 0.998455
v -8.69001 -13.2333 0.1926 0.498622 0.686372 0.388375
vn -0.0219102 0.0597021 0.997976
v -8.70375 -10.5306 0.0321403 0.455752 0.647586 0.38225
vn -0.02068 0.0640239 0.997734
v -8.65419 -5.88784 -0.108962 0.418055 0.613478 0.376865
vn -0.029276 0.0458112 0.998521
v -8.7561 -5.66223 -0.122094 0.414547 0.610304 0.376364
vn -0.0290821 0.0465009 0.998495
v -8.7898 2.37708 -0.424137 0.333852 0.537295 0.364836
vn -0.191165 0.097083 0.976745
v -8.75147 2.46614 -0.425741 0.333423 0.536907 0.364775
vn -0.0273237 0.0418068 0.998752
v -8.6669 2.66878 -0.430393 0.33218 0.535782 0.364597
vn -0.0279661 0.039507 0.998828
v -8.61648 2.83997 -0.438802 0.329934 0.53375 0.364276
vn -0.0263931 0.0482628 0.998486
v -8.76268 6.56797 -0.587464 0.290217 0.497815 0.358602
vn -0.0317914 0.0283331 0.999093
v -8.65732 6.68831 -0.587615 0.290177 0.497779 0.358597
vn -0.0361357 0.0261084 0.999006
v -8.7232 8.74006 -0.598383 0.2873 0.495176 0.358186
vn -0.0586535 0.041597 0.997411
v -8.6055 8.80962 -0.593065 0.28872 0.496461 0.358389
vn -0.0353822 0.0106919 0.999317
v -8.69795 11.5561 -0.724604 0.253578 0.464666 0.353368
vn -0.0466499 0.0368269 0.998232
v -8.71131 13.7689 -0.786764 0.236971 0.44964 0.350996
vn -0.0319038 0.0298206 0.999046
v -8.61745 13.8485 -0.787606 0.236746 0.449437 0.350964
vn -0.0253597 0.0263843 0.99933
v -8.74271 16.3408 -0.850578 0.219922 0.434215 0.34856
vn -0.0310314 0.023872 0.999233
v -8.62394 16.4132 -0.84911 0.220314 0.43457 0.348616
vn -0.0269114 0.0271964 0.999268
v -8.77688 17.9709 -0.901104 0.206424 0.422002 0.346632
vn -0.0344511 0.0282174 0.999008
v -8.6677 18.0298 -0.899226 0.206925 0.422456 0.346704
vn -0.0360719 0.0272134 0.998979
v -8.71839 19.9643 -0.964464 0.189496 0.406687 0.344214
vn -0.0410291 0.0369025 0.998476
v -8.61103 20.0161 -0.962264 0.190084 0.407219 0.344298
vn -0.0670607 0.0988894 0.992836
v -8.645 23.7634 -1.17547 0.16 0.38 0.34
vn -0.0612684 0.0916647 0.993903
v -8.75012 23.805 -1.18587 0.16 0.38 0.34
vn -0.0635863 0.096395 0.99331
v -8.42632 -24.6413 0.58768 0.604172 0.78187 0.403453
vn 0.0387531 0.136209 0.989922
v -8.55493 -24.5008 0.581771 0.602594 0.780442 0.403228
vn 0.077627 0.0884 0.993056
v -8.49838 -23.5556 0.605678 0.608981 0.786221 0.40414
vn -0.0696536 -0.0210672 0.997349
v -8.46445 -20.5266 0.418987 0.559104 0.741094 0.397015
vn -0.0436141 0.0629433 0.997064
v -8.49671 -17.4013 0.288076 0.524129 0.70945 0.392018
vn -0.0252629 0.0608419 0.997828
v -8.57517 -17.3452 0.283121 0.522805 0.708252 0.391829
vn -0.0126407 0.0529553 0.998517
v -8.44249 -13.4316 0.211246 0.503603 0.690879 0.389086
vn -0.0144484 0.0542042 0.998425
v -8.56454 -13.3323 0.202205 0.501188 0.688694 0.388741
vn -0.0209857 0.0583357 0.998076
v -8.42799 -10.8133 0.0553069 0.461942 0.653185 0.383135
vn -0.0137593 0.0551707 0.998382
v -8.52954 -10.7087 0.0469619 0.459712 0.651168 0.382816
vn -0.0194034 0.0628439 0.997835
v -8.43241 -6.3253 -0.0817301 0.42533 0.620061 0.377904
vn -0.0280514 0.0452452 0.998582
v -8.54 -6.11953 -0.0946942 0.421867 0.616927 0.37741
vn -0.0289137 0.0464773 0.998501
v -8.5636 2.96008 -0.441743 0.329148 0.533039 0.364164
vn -0.0360998 0.0251399 0.999032
v -8.45766 3.12657 -0.440275 0.32954 0.533394 0.36422
vn -0.0366973 0.0222797 0.999078
v -8.58458 6.76631 -0.587213 0.290284 0.497876 0.358612
vn -0.0330397 0.0234803 0.999178
v -8.45575 6.88938 -0.584912 0.290899 0.498432 0.3587
vn -0.038209 0.0294172 0.998837
v -8.47299 8.90863 -0.589814 0.289589 0.497247 0.358513
vn -0.0314026 -0.00649435 0.999486
v -8.52133 11.6629 -0.719938 0.254825 0.465794 0.353546
vn -0.0441945 0.0366184 0.998352
v -8.51175 13.9389 -0.788729 0.236446 0.449166 0.350921
vn -0.0243861 0.0285636 0.999294
v -8.51675 16.5084 -0.851001 0.219809 0.434113 0.348544
vn -0.0276021 0.0331504 0.999069
v -8.48071 18.112 -0.894193 0.20827 0.423673 0.346896
vn -0.0359152 0.0300119 0.998904
v -8.48748 20.0458 -0.956882 0.191522 0.40852 0.344503
vn -0.0461633 0.0346454 0.998333
v -8.49382 23.8958 -1.17842 0.16 0.38 0.34
vn -0.061129 0.0921162 0.99387
v -8.29828 -26.1272 0.718849 0.639216 0.813576 0.408459
vn 0.0363488 0.0562957 0.997752
v -8.26449 -24.477 0.602363 0.608095 0.78542 0.404014
vn -0.0691021 -0.0212595 0.997383
v -8.21751 -20.4242 0.441421 0.565097 0.746517 0.397871
vn -0.0756696 -0.028335 0.99673
v -8.27116 -20.373 0.438784 0.564393 0.745879 0.39777
vn -0.0779048 -0.0286964 0.996548
v -8.33067 -17.5042 0.299005 0.527049 0.712092 0.392436
vn -0.0228081 0.0593359 0.997977
v -8.25526 -13.6484 0.221961 0.506466 0.693469 0.389495
vn -0.109451 -0.045795 0.992937
v -8.32954 -13.5481 0.218393 0.505512 0.692606 0.389359
vn -0.0226627 0.0606018 0.997905
v -8.23934 -11.015 0.0698578 0.465829 0.656703 0.38369
vn -0.0179294 0.0569478 0.998216
v -8.33403 -10.9161 0.0625228 0.46387 0.65493 0.38341
vn -0.0145629 0.0548688 0.998387
v -8.24879 -6.68969 -0.0619934 0.430603 0.624832 0.378658
vn -0.0300471 0.0457063 0.998503
v -8.33559 -6.51403 -0.0708785 0.42823 0.622684 0.378319
vn -0.0257589 0.0411189 0.998822
v -8.3335 3.33681 -0.440983 0.329351 0.533222 0.364193
vn -0.0361248 0.0232014 0.999078
v -8.22502 3.50639 -0.440684 0.329431 0.533295 0.364204
vn -0.0362811 0.023917 0.999055
v -8.29023 7.10874 -0.590383 0.289437 0.49711 0.358491
vn -0.0146927 0.0104525 0.999837
v -8.38273 8.98541 -0.588868 0.289842 0.497476 0.358549
vn -0.0196608 0.00636046 0.999786
v -8.29942 9.06949 -0.589758 0.289604 0.497261 0.358515
vn -0.0289808 0.028874 0.999163
v -8.36573 11.7747 -0.718145 0.255304 0.466227 0.353615
vn -0.0375084 0.0402246 0.998486
v -8.27955 11.8441 -0.718154 0.255301 0.466225 0.353614
vn -0.0377609 0.0366348 0.998615
v -8.31627 14.0663 -0.786484 0.237046 0.449708 0.351007
vn -0.0266094 0.027677 0.999263
v -8.38279 16.552 -0.84547 0.221287 0.43545 0.348755
vn -0.0286354 0.0242658 0.999295
v -8.29966 16.6188 -0.846289 0.221068 0.435252 0.348724
vn -0.0362138 0.0285747 0.998935
v -8.33739 18.1617 -0.889077 0.209637 0.42491 0.347091
vn -0.0449756 0.0313877 0.998495
v -8.31868 20.1027 -0.95117 0.193048 0.4099 0.344721
vn -0.0471848 0.0349936 0.998273
v -8.28128 23.9959 -1.17465 0.16 0.38 0.34
vn -0.0612475 0.0946236 0.993627
v -8.0716 -26.1589 0.733095 0.643022 0.81702 0.409003
vn 0.00407152 0.0772768 0.997001
v -8.09444 -24.5756 0.61188 0.610638 0.78772 0.404377
vn -0.0681899 -0.0217022 0.997436
v -8.08183 -23.5335 0.635211 0.616871 0.793359 0.405267
vn -0.0683557 -0.0212036 0.997436
v -8.12549 -20.767 0.43809 0.564208 0.745712 0.397744
vn -0.0768164 -0.0312021 0.996557
v -8.18842 -20.5473 0.439942 0.564702 0.746159 0.397815
vn -0.0773398 -0.0304525 0.99654
v -8.11738 -17.6574 0.311968 0.530512 0.715225 0.39293
vn -0.0203266 0.0582957 0.998092
v -8.13624 -13.7295 0.231001 0.508881 0.695654 0.38984
vn -0.104083 -0.0429624 0.99364
v -8.0393 -11.2086 0.0855604 0.470024 0.660498 0.384289
vn -0.0201909 0.0590627 0.99805
v -8.13747 -11.1108 0.0780803 0.468026 0.65869 0.384004
vn -0.0213836 0.060098 0.997963
v -8.03176 -7.08763 -0.0403616 0.436383 0.63006 0.379483
vn -0.0282066 0.0393056 0.998829
v -8.12985 -6.90915 -0.0498207 0.433855 0.627774 0.379122
vn -0.0285039 0.0405313 0.998772
v -8.12689 3.67087 -0.442305 0.328998 0.532903 0.364143
vn -0.0421083 0.0331108 0.998564
v -8.03981 3.82321 -0.444955 0.32829 0.532262 0.364041
vn -0.042577 0.0324697 0.998565
v -8.10632 7.2762 -0.58725 0.290274 0.497867 0.358611
vn -0.0230908 -0.000453404 0.999733
v -8.19155 9.16046 -0.588805 0.289859 0.497491 0.358551
vn -0.0319188 0.0290084 0.999069
v -8.08561 9.25624 -0.58886 0.289844 0.497478 0.358549
vn -0.0271897 0.0318542 0.999123
v -8.15241 11.9269 -0.715938 0.255893 0.466761 0.353699
vn -0.0444832 0.0411194 0.998164
v -8.05523 12.005 -0.716127 0.255843 0.466715 0.353692
vn -0.0359691 0.0356856 0.998716
v -8.16328 14.166 -0.784884 0.237473 0.450095 0.351068
vn -0.0290686 0.0236066 0.999299
v -8.04376 14.209 -0.779747 0.238846 0.451337 0.351264
vn -0.0356869 0.029646 0.998923
v -8.09801 16.7227 -0.842244 0.222149 0.43623 0.348878
vn -0.0313621 0.0256159 0.99918
v -8.18137 18.1744 -0.879353 0.212235 0.42726 0.347462
vn -0.046689 0.0223553 0.998659
v -8.07989 18.2206 -0.876933 0.212881 0.427845 0.347554
vn -0.0449476 0.0310611 0.998506
v -8.10217 20.2123 -0.947541 0.194017 0.410778 0.34486
vn -0.0660672 0.0976209 0.993028
v -7.91582 -26.7168 0.733743 0.643195 0.817176 0.409028
vn -0.0646239 -0.0171 0.997763
v -7.96759 -26.577 0.732784 0.642939 0.816945 0.408991
vn -0.0644761 -0.0168461 0.997777
v -7.81345 -25.0013 0.621591 0.613232 0.790067 0.404747
vn 0.0504724 0.0909201 0.994578
v -7.90536 -24.8729 0.618229 0.612334 0.789255 0.404619
vn -0.0675615 -0.022058 0.997471
v -7.95207 -24.6116 0.620799 0.613021 0.789876 0.404717
vn -0.0674621 -0.0215365 0.997489
v -7.88657 -20.6827 0.459067 0.569812 0.750782 0.398545
vn -0.0763779 -0.0306948 0.996606
v -7.84818 -17.8432 0.328153 0.534836 0.719138 0.393548
vn -0.0183039 0.055059 0.998315
v -7.95651 -17.7648 0.321847 0.533152 0.717613 0.393307
vn -0.0201454 0.0577643 0.998127
v -7.88107 -13.9017 0.24998 0.513951 0.700242 0.390564
vn -0.0117258 0.0532343 0.998513
v -7.99741 -13.7907 0.242889 0.512057 0.698528 0.390294
vn -0.0202336 0.0605507 0.99796
v -7.80636 -11.4271 0.103288 0.47476 0.664783 0.384966
vn -0.020292 0.0587464 0.998067
v -7.91985 -11.3163 0.0949907 0.472544 0.662778 0.384649
vn -0.0210492 0.0597067 0.997994
v -7.88826 -7.31839 -0.0262187 0.440161 0.633479 0.380023
vn -0.0313476 0.0445798 0.998514
v -7.97991 -7.17317 -0.0351967 0.437762 0.631309 0.37968
vn -0.0286561 0.0405619 0.998766
v -7.96899 3.91463 -0.443498 0.328679 0.532614 0.364097
vn -0.0446678 0.0255754 0.998674
v -7.87954 4.05211 -0.444678 0.328364 0.532329 0.364052
vn -0.0467623 0.0360693 0.998255
v -7.97858 7.38836 -0.584885 0.290906 0.498439 0.358701
vn -0.0266487 -0.00655008 0.999623
v -7.89882 7.45686 -0.583382 0.291307 0.498802 0.358758
vn -0.0250195 -0.00767891 0.999657
v -7.98813 9.36236 -0.591309 0.28919 0.496886 0.358456
vn -0.0497674 0.0463533 0.997685
v -7.89073 9.4313 -0.589206 0.289751 0.497394 0.358536
vn -0.0386563 0.0266046 0.998898
v -7.87653 12.1159 -0.712725 0.256752 0.467537 0.353822
vn -0.0445394 0.0384796 0.998266
v -7.87324 14.324 -0.778729 0.239118 0.451583 0.351303
vn -0.0322287 0.0271906 0.999111
v -7.88499 16.8263 -0.837505 0.223415 0.437375 0.349059
vn -0.0424792 0.0214639 0.998867
v -7.90254 18.2766 -0.870282 0.214658 0.429453 0.347808
vn -0.0473058 0.0281332 0.998484
v -7.88011 20.2549 -0.937131 0.196799 0.413294 0.345257
vn -0.049674 0.0354534 0.998136
v -7.93415 23.8402 -1.13894 0.16 0.38 0.34
vn -0.0600365 0.0920371 0.993944
v -7.85682 24.0439 -1.15326 0.16 0.38 0.34
vn -0.0604702 0.0930996 0.993819
v -7.64883 -26.5069 0.754405 0.648715 0.822171 0.409816
vn -0.0222962 0.0826798 0.996327
v -7.73291 -25.0384 0.626175 0.614457 0.791175 0.404922
vn -0.0662562 -0.0223382 0.997553
v -7.61529 -21.085 0.467052 0.571945 0.752712 0.398849
vn -0.0748516 -0.03197 0.996682
v -7.66567 -20.9189 0.468488 0.572329 0.753059 0.398904
vn -0.0758641 -0.0315024 0.99662
v -7.72471 -20.6922 0.47112 0.573032 0.753696 0.399005
vn -0.0752426 -0.0290898 0.996741
v -7.61358 -18.0322 0.340738 0.538198 0.72218 0.394028
vn -0.0828164 -0.0373794 0.995864
v -7.70483 -17.9491 0.336269 0.537005 0.721099 0.393858
vn -0.0828164 -0.0373794 0.995864
v -7.70125 -14.0652 0.260999 0.516895 0.702905 0.390985
vn -0.0183243 0.0582616 0.998133
v -7.67785 -11.5303 0.113594 0.477514 0.667274 0.385359
vn -0.0248543 0.062414 0.997741
v -7.65941 -7.68903 -0.00598977 0.445566 0.638369 0.380795
vn -0.0249845 0.0338553 0.999114
v -7.74006 -7.54381 -0.0120786 0.443939 0.636897 0.380563
vn -0.0270893 0.0374479 0.998931
v -7.78044 4.16658 -0.44166 0.32917 0.533059 0.364167
vn -0.0401187 0.0257433 0.998863
v -7.70643 4.30605 -0.446599 0.327851 0.531865 0.363979
vn -0.0413378 0.0429434 0.998222
v -7.64833 4.40076 -0.44879 0.327266 0.531335 0.363895
vn -0.0417125 0.0360313 0.99848
v -7.75602 7.55775 -0.578013 0.292742 0.5001 0.358963
vn -0.027061 -0.0064193 0.999613
v -7.60992 7.64573 -0.570757 0.29468 0.501854 0.35924
vn -0.042313 -0.0138418 0.999009
v -7.75887 9.53133 -0.587386 0.290238 0.497834 0.358605
vn -0.0345856 0.0269343 0.999039
v -7.62554 9.66844 -0.590407 0.28943 0.497104 0.35849
vn -0.0430291 0.0476731 0.997936
v -7.68271 12.2371 -0.709425 0.257633 0.468335 0.353948
vn -0.0427085 0.0399128 0.99829
v -7.68164 14.4436 -0.77669 0.239663 0.452076 0.35138
vn -0.030913 0.0280153 0.999129
v -7.68207 16.8851 -0.828899 0.225714 0.439456 0.349388
vn -0.0428204 0.0188131 0.998906
v -7.66414 18.3301 -0.859253 0.217605 0.432119 0.348229
vn -0.049123 0.0292835 0.998363
v -7.71643 20.2788 -0.928806 0.199023 0.415306 0.345575
vn -0.0548901 0.0362174 0.997835
v -7.6976 24.1546 -1.154 0.16 0.38 0.34
vn -0.0606377 0.0955543 0.993576
v -7.53379 -25.289 0.63385 0.616507 0.793031 0.405215
vn 0.00221132 0.0880491 0.996114
v -7.43933 -20.8558 0.487507 0.57741 0.757656 0.39963
vn -0.0747557 -0.0314741 0.996705
v -7.47114 -18.1047 0.349861 0.540636 0.724385 0.394377
vn -0.0828164 -0.0373794 0.995864
v -7.45138 -14.2677 0.276824 0.521123 0.70673 0.391589
vn -0.0206551 0.0580249 0.998101
v -7.58302 -14.1792 0.267731 0.518694 0.704532 0.391242
vn -0.0965019 -0.0413662 0.994473
v -7.54044 -11.6541 0.123588 0.480184 0.66969 0.385741
vn -0.0201613 0.0584092 0.998089
v -7.43622 -8.02984 0.0122253 0.450432 0.642772 0.38149
vn -0.15294 -0.0497878 0.98698
v -7.51978 -7.89473 0.00609276 0.448794 0.641289 0.381256
vn -0.0295643 0.0407969 0.99873
v -7.58803 -7.79541 0.0002487 0.447232 0.639877 0.381033
vn -0.0283976 0.039394 0.99882
v -7.40485 -1.55801 -0.236024 0.384109 0.582765 0.372016
vn -0.0334706 0.0374606 0.998737
v -7.40439 -0.946908 -0.261625 0.377269 0.576577 0.371038
vn -0.036237 0.0467997 0.998247
v -7.55339 4.5374 -0.450435 0.326826 0.530938 0.363832
vn -0.0503405 0.0374569 0.998029
v -7.4453 4.64265 -0.44598 0.328016 0.532015 0.364002
vn -0.0402333 0.0284282 0.998786
v -7.49784 7.71013 -0.564967 0.296227 0.503253 0.359461
vn -0.0284709 -0.000825874 0.999594
v -7.50589 9.74736 -0.587626 0.290174 0.497776 0.358596
vn -0.0428024 0.0314001 0.99859
v -7.51061 12.3258 -0.704413 0.258972 0.469546 0.354139
vn -0.0488943 0.0493094 0.997586
v -7.40803 12.423 -0.707028 0.258274 0.468914 0.354039
vn -0.0298684 0.0326476 0.999021
v -7.4709 14.568 -0.773888 0.240411 0.452753 0.351487
vn -0.0306314 0.026717 0.999174
v -7.53707 16.9461 -0.824874 0.22679 0.440429 0.349541
vn -0.0344043 0.0229846 0.999144
v -7.41273 17.0041 -0.822112 0.227527 0.441096 0.349647
vn -0.0390584 0.020611 0.999024
v -7.49312 18.3581 -0.850373 0.219977 0.434265 0.348568
vn -0.0524103 0.0272417 0.998254
v -7.49658 20.2985 -0.916527 0.202303 0.418274 0.346043
vn -0.0475914 0.0368182 0.998188
v -7.51064 24.1667 -1.14391 0.16 0.38 0.34
vn -0.0593951 0.0922492 0.993963
v -7.4201 24.2042 -1.14201 0.16 0.38 0.34
vn -0.0595052 0.0939809 0.993794
v -7.29105 -25.2484 0.650785 0.621032 0.797124 0.405862
vn -0.0595021 0.0673247 0.995955
v -7.34643 -24.328 0.667814 0.625581 0.80124 0.406512
vn -0.0671455 -0.0217304 0.997507
v -7.27487 -21.0346 0.494058 0.57916 0.75924 0.39988
vn -0.0742279 -0.0321099 0.996724
v -7.2864 -20.8838 0.498025 0.58022 0.760199 0.400031
vn -0.0739512 -0.0318465 0.996753
v -7.30729 -20.729 0.501405 0.581123 0.761016 0.40016
vn -0.0746286 -0.0307558 0.996737
v -7.30805 -18.2143 0.359094 0.543103 0.726617 0.394729
vn 0 0 0
v -7.22697 -14.4636 0.28975 0.524577 0.709855 0.392082
vn -0.00521463 0.0389325 0.999228
v -7.30916 -14.369 0.286192 0.523626 0.708995 0.391947
vn -0.0226524 0.057442 0.998092
v -7.28371 -11.8869 0.141297 0.484915 0.673971 0.386416
vn -0.015979 0.05665 0.998266
v -7.39757 -11.7739 0.134152 0.483006 0.672244 0.386144
vn -0.020387 0.0586856 0.998068
v -7.2377 -8.24753 0.0315598 0.455597 0.647445 0.382228
vn -0.0319161 0.047717 0.998351
v -7.33198 -8.13443 0.023103 0.453338 0.645401 0.381905
vn -0.0299775 0.0428789 0.99863
v -7.21068 -3.47153 -0.168339 0.402192 0.599126 0.374599
vn -0.0244235 0.0368249 0.999023
v -7.23973 -3.28791 -0.173393 0.400841 0.597904 0.374406
vn -0.0235666 0.026067 0.999382
v -7.26881 -3.10483 -0.179275 0.39927 0.596482 0.374181
vn -0.027007 0.0378837 0.998917
v -7.30417 -2.90888 -0.187585 0.39705 0.594474 0.373864
vn -0.028399 0.0385034 0.998855
v -7.32858 -2.71151 -0.194192 0.395285 0.592877 0.373612
vn -0.0309357 0.0351062 0.998905
v -7.33954 -2.47415 -0.198975 0.394007 0.591721 0.37343
vn -0.0351964 0.034722 0.998777
v -7.36936 -2.26146 -0.209289 0.391251 0.589227 0.373036
vn -0.0345662 0.0377155 0.998691
v -7.38357 -2.05639 -0.216757 0.389256 0.587422 0.372751
vn -0.0356697 0.0347937 0.998758
v -7.39879 -1.89617 -0.224301 0.387241 0.585599 0.372463
vn -0.0346949 0.0352439 0.998776
v -7.39312 -1.72629 -0.227758 0.386317 0.584763 0.372331
vn -0.0369412 0.0313018 0.998827
v -7.39653 -1.44541 -0.238037 0.383571 0.582279 0.371939
vn -0.0368248 0.034448 0.998728
v -7.39417 -1.27686 -0.24413 0.381943 0.580806 0.371706
vn -0.0365086 0.0419503 0.998452
v -7.3975 -1.10921 -0.252197 0.379788 0.578856 0.371398
vn -0.0365064 0.0468754 0.998233
v -7.39349 -0.742954 -0.269613 0.375135 0.574646 0.370734
vn -0.0365316 0.0440382 0.998362
v -7.38161 -0.519062 -0.279573 0.372474 0.572238 0.370353
vn -0.0356631 0.0407363 0.998533
v -7.35066 -0.277437 -0.287318 0.370405 0.570366 0.370058
vn -0.0372154 0.0349165 0.998697
v -7.31186 -0.0751991 -0.29182 0.369202 0.569278 0.369886
vn -0.0368082 0.0336746 0.998755
v -7.26638 0.144451 -0.297086 0.367795 0.568005 0.369685
vn -0.0350456 0.0401594 0.998579
v -7.23989 0.336475 -0.305863 0.36545 0.565884 0.36935
vn -0.0333075 0.0409868 0.998604
v -7.21398 0.43372 -0.307676 0.364966 0.565445 0.369281
vn -0.0367859 0.0251913 0.999006
v -7.39142 4.71022 -0.445965 0.32802 0.532018 0.364003
vn -0.0501998 0.0324682 0.998211
v -7.27114 4.84769 -0.444487 0.328415 0.532375 0.364059
vn -0.0482487 0.0293497 0.998404
v -7.38742 7.77658 -0.559845 0.297596 0.504491 0.359657
vn -0.131246 0.142458 0.981061
v -7.27307 7.87805 -0.559282 0.297746 0.504627 0.359678
vn -0.0208309 0.00757934 0.999754
v -7.39649 9.79968 -0.58263 0.291508 0.498984 0.358787
vn -0.0468544 0.0273044 0.998528
v -7.27228 9.87019 -0.578567 0.292594 0.499966 0.358942
vn -0.0300982 0.0171002 0.999401
v -7.31121 12.4709 -0.704143 0.259044 0.469612 0.354149
vn -0.0391638 0.0284701 0.998827
v -7.30311 14.6459 -0.769389 0.241613 0.45384 0.351659
vn -0.031724 0.0262899 0.999151
v -7.28315 17.0546 -0.818236 0.228563 0.442033 0.349795
vn -0.0404723 0.018765 0.999004
v -7.38649 18.3807 -0.845419 0.221301 0.435462 0.348757
vn -0.0474114 0.0225971 0.99862
v -7.27752 18.4167 -0.841714 0.22229 0.436358 0.348899
vn -0.0572255 0.0337107 0.997792
v -7.29517 20.392 -0.912774 0.203306 0.419181 0.346187
vn -0.0442564 0.0398479 0.998225
v -7.2724 24.1838 -1.13131 0.16 0.38 0.34
vn -0.0589821 0.0919858 0.994012
v -7.05235 -25.0788 0.670271 0.626238 0.801834 0.406605
vn -0.0657412 -0.0225312 0.997582
v -7.17454 -24.5006 0.675351 0.627595 0.803062 0.406799
vn -0.0650096 -0.0222866 0.997636
v -7.18926 -21.4326 0.487552 0.577422 0.757667 0.399632
vn -0.0729627 -0.0328998 0.996792
v -7.19125 -21.0464 0.499862 0.580711 0.760643 0.400102
vn -0.0733465 -0.0321306 0.996789
v -7.00371 -18.4105 0.376154 0.54766 0.73074 0.39538
vn -0.026616 0.0717488 0.997068
v -7.1367 -18.3176 0.369061 0.545765 0.729026 0.395109
vn -0.0789137 -0.0369084 0.996198
v -7.04889 -14.6437 0.29835 0.526874 0.711934 0.392411
vn -0.0925123 -0.0446066 0.994712
v -7.13735 -14.5522 0.294226 0.525772 0.710937 0.392253
vn -0.011903 0.0454697 0.998895
v -7.06292 -12.0988 0.154922 0.488555 0.677264 0.386936
vn -0.0122009 0.0537693 0.998479
v -7.16283 -11.9979 0.149168 0.487018 0.675873 0.386717
vn -0.011166 0.0525628 0.998555
v -7.05445 -8.44371 0.0485674 0.460141 0.651556 0.382877
vn -0.0249147 0.042501 0.998786
v -7.15038 -8.34328 0.0396703 0.457764 0.649406 0.382538
vn -0.0358947 0.0529881 0.99795
v -7.03116 -4.07214 -0.13794 0.410313 0.606474 0.375759
vn -0.0249382 0.0305463 0.999222
v -7.08091 -3.90863 -0.145504 0.408292 0.604646 0.37547
vn -0.0265875 0.0405991 0.998822
v -7.14267 -3.71887 -0.15607 0.40547 0.602091 0.375067
vn -0.0258623 0.0415999 0.9988
v -7.18449 0.527334 -0.308586 0.364723 0.565226 0.369246
vn -0.0359421 0.0329795 0.99881
v -7.14116 0.718816 -0.315262 0.362939 0.563612 0.368991
vn -0.0342507 0.0391756 0.998645
v -7.09832 0.880173 -0.320098 0.361647 0.562443 0.368807
vn -0.0324641 0.0381557 0.998744
v -7.0284 1.12185 -0.327254 0.359735 0.560713 0.368534
vn -0.0349304 0.0358529 0.998746
v -7.18104 4.94305 -0.442642 0.328908 0.532821 0.36413
vn -0.0424474 0.030959 0.998619
v -7.08656 5.06641 -0.444315 0.328461 0.532417 0.364066
vn -0.0493877 0.0411392 0.997932
v -7.14658 7.97725 -0.557077 0.298335 0.50516 0.359762
vn -0.0210349 0.0106244 0.999722
v -7.06049 8.04142 -0.555277 0.298816 0.505596 0.359831
vn -0.0261576 0.0101774 0.999606
v -7.16189 9.95617 -0.578142 0.292707 0.500068 0.358958
vn -0.0485884 0.0454306 0.997785
v -7.04176 10.0144 -0.573184 0.294032 0.501267 0.359147
vn -0.042962 0.0267284 0.998719
v -7.18037 12.522 -0.698676 0.260505 0.470933 0.354358
vn -0.0453436 0.050596 0.997689
v -7.06852 12.6054 -0.69904 0.260408 0.470845 0.354344
vn -0.0363473 0.0298226 0.998894
v -7.12619 14.7538 -0.767832 0.242029 0.454217 0.351718
vn -0.035623 0.0234223 0.999091
v -7.13968 17.11 -0.813965 0.229704 0.443066 0.349958
vn -0.035876 0.0193214 0.999169
v -7.12458 18.425 -0.832233 0.224824 0.43865 0.349261
vn -0.0518845 0.022841 0.998392
v -7.1363 20.4871 -0.912019 0.203508 0.419364 0.346215
vn -0.0633909 0.0995487 0.993011
v -7.03214 24.1911 -1.11777 0.16 0.38 0.34
vn -0.0582063 0.0918991 0.994066
v -7.16437 24.322 -1.13786 0.16 0.38 0.34
vn -0.0603914 0.100243 0.993129
v -6.81282 -25.3347 0.679945 0.628822 0.804173 0.406975
vn -0.0264921 0.0671661 0.99739
v -6.89137 -25.1512 0.679085 0.628593 0.803965 0.406942
vn -0.0644183 -0.0225747 0.997668
v -6.87917 -21.2652 0.5156 0.584915 0.764447 0.400702
vn -0.0720769 -0.0332243 0.996846
v -6.94503 -21.123 0.515446 0.584874 0.76441 0.400696
vn -0.0726119 -0.032358 0.996835
v -6.91812 -20.5542 0.53584 0.590323 0.76934 0.401475
vn -0.0199395 0.0469075 0.9987
v -6.89613 -18.4623 0.382756 0.549424 0.732336 0.395632
vn -0.0240639 0.0678687 0.997404
v -6.92619 -14.7347 0.305677 0.528832 0.713705 0.39269
vn -0.0262179 0.054939 0.998145
v -6.86921 -12.2527 0.168107 0.492078 0.680451 0.38744
vn -0.0197251 0.062987 0.997819
v -6.99001 -12.1534 0.160165 0.489956 0.678532 0.387137
vn -0.0230564 0.0642472 0.997668
v -6.8692 -8.66142 0.0634274 0.464111 0.655148 0.383444
vn -0.0321257 0.0502485 0.99822
v -6.96644 -8.54872 0.0556784 0.462041 0.653275 0.383149
vn -0.0263799 0.0457143 0.998606
v -6.81578 -4.68083 -0.109344 0.417953 0.613386 0.37685
vn -0.0262434 0.0336409 0.999089
v -6.88126 -4.48956 -0.116751 0.415974 0.611596 0.376568
vn -0.0287284 0.0395414 0.998805
v -6.94531 -4.3455 -0.126345 0.413411 0.609277 0.376202
vn -0.0282495 0.0393534 0.998826
v -6.99547 -4.19625 -0.133185 0.411584 0.607623 0.375941
vn -0.0270241 0.0383021 0.998901
v -6.97908 1.26003 -0.329886 0.359032 0.560077 0.368433
vn -0.0339173 0.0378705 0.998707
v -6.91091 1.47443 -0.336958 0.357143 0.558367 0.368163
vn -0.0340492 0.0347631 0.998815
v -6.82239 1.67692 -0.339229 0.356536 0.557819 0.368077
vn -0.0367505 0.0314468 0.99883
v -6.97148 5.17189 -0.440411 0.329504 0.533361 0.364215
vn -0.0487413 0.0299 0.998364
v -6.83316 5.29466 -0.435657 0.330774 0.53451 0.364396
vn -0.0439652 0.0297108 0.998591
v -6.9058 8.13094 -0.54868 0.300578 0.50719 0.360083
vn -0.0414457 0.00292825 0.999136
v -6.89944 10.0994 -0.569644 0.294978 0.502123 0.359283
vn -0.0393616 0.0334153 0.998666
v -6.89481 12.6855 -0.693645 0.261849 0.472149 0.35455
vn -0.0446856 0.0414937 0.998139
v -6.9124 14.8291 -0.759741 0.244191 0.456172 0.352027
vn -0.0412054 0.0227787 0.998891
v -6.96305 17.1802 -0.80903 0.231022 0.444258 0.350146
vn -0.0419276 0.0159058 0.998994
v -6.827 17.219 -0.803659 0.232457 0.445557 0.350351
vn -0.0492087 0.0129738 0.998704
v -6.89291 18.4785 -0.822223 0.227498 0.441069 0.349643
vn -0.0470491 0.0238751 0.998607
v -6.8858 20.5007 -0.89753 0.207379 0.422866 0.346768
vn -0.0495991 0.0390432 0.998006
v -6.91563 24.295 -1.12067 0.16 0.38 0.34
vn -0.058247 0.0933295 0.99393
v -6.66847 -25.3227 0.6895 0.631375 0.806482 0.407339
vn -0.0631717 -0.0220097 0.99776
v -6.64467 -21.2671 0.532447 0.589416 0.76852 0.401345
vn -0.0718475 -0.0329077 0.996873
v -6.62374 -20.9945 0.54292 0.592214 0.771051 0.401745
vn -0.0146888 0.0223676 0.999642
v -6.62014 -18.6066 0.398911 0.55374 0.736241 0.396249
vn -0.0217352 0.0651123 0.997641
v -6.73846 -18.5479 0.391912 0.55187 0.734549 0.395981
vn -0.0239085 0.0659462 0.997537
v -6.67796 -14.8588 0.32313 0.533494 0.717923 0.393356
vn -0.0351525 0.0616669 0.997478
v -6.6239 -12.4445 0.1842 0.496377 0.684341 0.388054
vn -0.0156488 0.0572656 0.998236
v -6.73118 -12.352 0.177817 0.494672 0.682799 0.38781
vn -0.0183925 0.0601867 0.998018
v -6.6833 -8.8674 0.0779566 0.467993 0.65866 0.383999
vn -0.0240334 0.044593 0.998716
v -6.78777 -8.73728 0.0709226 0.466114 0.65696 0.383731
vn -0.0232389 0.0429802 0.998806
v -6.63337 -5.0875 -0.0873008 0.423842 0.618714 0.377692
vn -0.0270526 0.041593 0.998768
v -6.69775 -4.93187 -0.0939964 0.422053 0.617096 0.377436
vn -0.0304479 0.0450007 0.998523
v -6.7825 -4.7765 -0.10586 0.418884 0.614228 0.376983
vn -0.0301102 0.0463537 0.998471
v -6.7794 1.77283 -0.340445 0.356211 0.557524 0.36803
vn -0.0408335 0.041942 0.998285
v -6.74237 1.90757 -0.348054 0.354179 0.555685 0.36774
vn -0.0292814 0.0382637 0.998839
v -6.6527 2.0967 -0.350966 0.3534 0.554981 0.367629
vn -0.0360521 0.0352937 0.998726
v -6.74515 5.38869 -0.435229 0.330888 0.534613 0.364413
vn -0.042409 0.0291798 0.998674
v -6.64257 5.48076 -0.432463 0.331627 0.535282 0.364518
vn -0.0383888 0.0211315 0.999039
v -6.79154 8.17271 -0.5405 0.302764 0.509167 0.360395
vn -0.119774 0.135576 0.983501
v -6.67664 8.2434 -0.536588 0.303809 0.510113 0.360544
vn -0.043169 0.0250402 0.998754
v -6.74019 10.182 -0.564219 0.296427 0.503434 0.35949
vn -0.038225 0.0269945 0.998904
v -6.64021 10.2411 -0.56193 0.297039 0.503987 0.359577
vn -0.0386863 0.0343092 0.998662
v -6.72216 12.774 -0.689593 0.262932 0.473129 0.354705
vn -0.0414904 0.0450653 0.998122
v -6.63097 12.8377 -0.689691 0.262905 0.473105 0.354701
vn -0.0332567 0.0408849 0.99861
v -6.69922 14.9083 -0.75239 0.246155 0.457949 0.352308
vn -0.036857 0.0232903 0.999049
v -6.66986 17.2414 -0.795116 0.23474 0.447622 0.350677
vn -0.0570492 0.0114521 0.998306
v -6.74195 18.5446 -0.81902 0.228354 0.441844 0.349765
vn -0.0409646 0.0275153 0.998782
v -6.60782 18.6115 -0.817104 0.228865 0.442307 0.349838
vn -0.0446898 0.0374335 0.998299
v -6.68206 20.5307 -0.887717 0.21 0.425238 0.347143
vn -0.0446827 0.0367999 0.998323
v -6.75218 24.3972 -1.12071 0.16 0.38 0.34
vn -0.0584538 0.0942572 0.99383
v -6.62313 24.4447 -1.11767 0.16 0.38 0.34
vn -0.060378 0.104234 0.992718
v -6.55693 -25.5583 0.691153 0.631817 0.806882 0.407402
vn -0.0143581 0.0606163 0.998058
v -6.42657 -21.6514 0.535205 0.590153 0.769186 0.40145
vn -0.0716535 -0.0341596 0.996844
v -6.49804 -21.5356 0.534012 0.589834 0.768898 0.401405
vn -0.0716433 -0.0335722 0.996865
v -6.54225 -21.3189 0.538056 0.590915 0.769875 0.401559
vn -0.069353 -0.0323836 0.997066
v -6.50511 -18.6737 0.405206 0.555422 0.737763 0.396489
vn -0.00911731 0.0641703 0.997897
v -6.50635 -14.9572 0.334227 0.536459 0.720606 0.39378
vn -0.0306131 0.0579944 0.997847
v -6.47974 -12.5358 0.194581 0.499151 0.686851 0.38845
vn -0.0218496 0.0599307 0.997963
v -6.47058 -9.08917 0.0942641 0.47235 0.662602 0.384621
vn -0.0299981 0.0509868 0.998249
v -6.42648 -5.48256 -0.064107 0.430039 0.624321 0.378577
vn -0.0277199 0.044083 0.998643
v -6.5355 -5.27658 -0.0759089 0.426886 0.621468 0.378127
vn -0.0278072 0.0447545 0.998611
v -6.59592 -5.16511 -0.0830523 0.424977 0.619741 0.377854
vn -0.0288608 0.0465759 0.998498
v -6.53435 2.31389 -0.352174 0.353078 0.554689 0.367583
vn -0.0412682 0.0241468 0.998856
v -6.42549 2.48195 -0.350297 0.353579 0.555143 0.367654
vn -0.0445307 0.0237763 0.998725
v -6.58333 5.54246 -0.432263 0.331681 0.53533 0.364526
vn -0.039947 0.0202513 0.998997
v -6.46238 5.64386 -0.428564 0.332669 0.536224 0.364667
vn -0.05187 0.00965632 0.998607
v -6.51067 8.35185 -0.532178 0.304987 0.511179 0.360712
vn -0.0500353 0.0257194 0.998416
v -6.46298 10.3385 -0.557154 0.298314 0.505142 0.359759
vn -0.0396649 0.0303106 0.998753
v -6.5003 12.9095 -0.687486 0.263495 0.473638 0.354785
vn -0.0429232 0.0526545 0.99769
v -6.53132 14.9618 -0.745704 0.247941 0.459566 0.352563
vn -0.0310471 0.0272275 0.999147
v -6.44729 15.0371 -0.748169 0.247282 0.45897 0.352469
vn -0.0333768 0.0221939 0.999196
v -6.45664 17.2662 -0.783037 0.237967 0.450541 0.351138
vn -0.046237 0.0141798 0.99883
v -6.44581 18.5962 -0.804868 0.232134 0.445264 0.350305
vn -0.0437158 0.0201299 0.998841
v -6.47517 20.6543 -0.887099 0.210165 0.425388 0.347166
vn -0.0378363 0.0442642 0.998303
v -6.48947 24.4762 -1.11288 0.16 0.38 0.34
vn -0.0571238 0.0922282 0.994098
v -6.26615 -25.6551 0.707274 0.636124 0.810779 0.408018
vn -0.0303077 0.084271 0.995982
v -6.35142 -25.4709 0.706225 0.635843 0.810525 0.407978
vn -0.0625959 -0.0221124 0.997794
v -6.27775 -21.6835 0.544584 0.592659 0.771453 0.401808
vn -0.0692383 -0.0325173 0.99707
v -6.20079 -18.879 0.420248 0.559441 0.741399 0.397063
vn -0.015813 0.0655807 0.997722
v -6.34115 -18.739 0.415327 0.558126 0.740209 0.396875
vn -0.0782391 -0.0430021 0.996007
v -6.30886 -15.0866 0.345812 0.539554 0.723406 0.394222
vn -0.0236391 0.0524569 0.998343
v -6.27707 -12.6797 0.207721 0.502661 0.690027 0.388952
vn -0.0261857 0.0623123 0.997713
v -6.29318 -9.25987 0.107886 0.475989 0.665895 0.385141
vn -0.0207697 0.0426832 0.998873
v -6.35428 -9.18976 0.104145 0.474989 0.66499 0.384998
vn -0.0240624 0.0460551 0.998649
v -6.27895 -5.70187 -0.0464034 0.434768 0.6286 0.379253
vn -0.0305838 0.0449001 0.998523
v -6.36285 -5.57888 -0.0563257 0.432118 0.626202 0.378874
vn -0.0361244 0.0562412 0.997763
v -6.36488 2.59114 -0.351834 0.353169 0.554772 0.367596
vn -0.0388379 0.0236837 0.998965
v -6.26593 2.70634 -0.346312 0.354644 0.556106 0.367806
vn -0.0431365 0.0257867 0.998736
v -6.26736 5.76325 -0.416518 0.335887 0.539136 0.365127
vn -0.0573166 0.00342764 0.99835
v -6.33292 8.44411 -0.524398 0.307066 0.513059 0.361009
vn -0.0427376 0.0384652 0.998346
v -6.2719 10.4533 -0.553673 0.299245 0.505983 0.359892
vn -0.0348312 0.0362467 0.998736
v -6.39766 12.9881 -0.688664 0.26318 0.473353 0.35474
vn -0.0331264 0.0319727 0.99894
v -6.29749 13.0287 -0.685318 0.264074 0.474162 0.354868
vn -0.0404804 0.0404793 0.99836
v -6.28878 15.0853 -0.741795 0.248985 0.46051 0.352712
vn -0.0263799 0.0288034 0.999237
v -6.25822 17.3194 -0.775216 0.240056 0.452432 0.351437
vn -0.0411345 0.0149689 0.999041
v -6.26191 18.6762 -0.801218 0.233109 0.446147 0.350444
vn -0.0414245 0.0248507 0.998833
v -6.31207 20.7302 -0.884564 0.210843 0.426 0.347263
vn -0.0611387 0.0995138 0.993156
v -6.30974 24.5153 -1.10621 0.16 0.38 0.34
vn -0.0567644 0.09159 0.994178
v -6.09373 -25.6978 0.717053 0.638736 0.813142 0.408391
vn -0.0421976 0.0573336 0.997463
v -6.10571 -21.7648 0.553822 0.595127 0.773686 0.402161
vn -0.0689611 -0.0342046 0.997033
v -6.10377 -18.9036 0.426682 0.56116 0.742954 0.397309
vn -0.0301444 0.071154 0.99701
v -6.1941 -18.6806 0.429337 0.561869 0.743596 0.39741
vn -0.0752876 -0.0400886 0.996356
v -6.07821 -15.2355 0.358991 0.543075 0.726592 0.394725
vn -0.0314985 0.054899 0.997995
v -6.17911 -15.191 0.352201 0.541261 0.72495 0.394466
vn -0.0906687 -0.0538157 0.994426
v -6.12434 -12.7637 0.218837 0.505631 0.692714 0.389376
vn -0.0282049 0.0626777 0.997635
v -6.04507 -9.49859 0.125416 0.480672 0.670132 0.38581
vn -0.0285203 0.0504629 0.998319
v -6.18798 -9.36625 0.115143 0.477928 0.667649 0.385418
vn -0.024834 0.047515 0.998562
v -6.05529 -6.06746 -0.0251076 0.440458 0.633748 0.380065
vn -0.0301949 0.0430458 0.998617
v -6.1497 -5.91187 -0.033481 0.438221 0.631724 0.379746
vn -0.0284272 0.0401122 0.998791
v -6.14329 2.90085 -0.347739 0.354263 0.555761 0.367752
vn -0.0410737 0.0247843 0.998849
v -6.03613 3.03948 -0.345298 0.354915 0.556351 0.367845
vn -0.0443772 0.020981 0.998795
v -6.11197 5.85638 -0.407202 0.338376 0.541388 0.365482
vn -0.0473689 0.00791485 0.998846
v -6.16723 8.56025 -0.521978 0.307712 0.513644 0.361102
vn -0.0427351 0.0514015 0.997763
v -6.09007 8.65585 -0.527162 0.306327 0.512391 0.360904
vn -0.0217226 0.0213587 0.999536
v -6.12831 10.5321 -0.550304 0.300145 0.506798 0.360021
vn -0.0244067 0.000731086 0.999702
v -6.03566 10.6096 -0.551889 0.299721 0.506414 0.35996
vn -0.0472772 0.0496545 0.997647
v -6.13021 13.1264 -0.683697 0.264507 0.474554 0.35493
vn -0.0357505 0.034862 0.998752
v -6.12507 15.178 -0.740482 0.249336 0.460828 0.352762
vn -0.0408221 0.0179035 0.999006
v -6.0726 17.3667 -0.767772 0.242045 0.454231 0.351721
vn -0.0411094 0.0126187 0.999075
v -6.11411 18.7547 -0.79985 0.233475 0.446477 0.350496
vn -0.0472285 0.0358607 0.99824
v -6.18877 20.7461 -0.878587 0.212439 0.427445 0.347491
vn -0.0439244 0.0399636 0.998235
v -6.08222 20.8022 -0.877658 0.212687 0.42767 0.347527
vn -0.0439858 0.0428279 0.998114
v -6.13152 24.5776 -1.10187 0.16 0.38 0.34
vn -0.0588019 0.101088 0.993138
v -5.90722 -25.688 0.728879 0.641896 0.816001 0.408842
vn -0.0616461 -0.022388 0.997847
v -5.89526 -21.7277 0.569595 0.599341 0.777499 0.402763
vn -0.0688424 -0.0324394 0.9971
v -5.91054 -18.9539 0.439288 0.564527 0.746001 0.39779
vn -0.0734876 -0.0402051 0.996485
v -5.90358 -15.3377 0.369172 0.545795 0.729053 0.395114
vn -0.0307104 0.052284 0.99816
v -5.88578 -12.9205 0.233913 0.509659 0.696358 0.389951
vn -0.0170993 0.0504743 0.998579
v -5.86595 -9.65512 0.13828 0.484109 0.673242 0.386301
vn -0.0286931 0.0481807 0.998426
v -5.95203 -9.57623 0.132498 0.482564 0.671844 0.386081
vn -0.0352513 0.0544419 0.997894
v -5.87727 -6.31442 -0.00785479 0.445067 0.637918 0.380724
vn -0.0268487 0.0372496 0.998945
v -5.96904 -6.18419 -0.0162284 0.44283 0.635894 0.380404
vn -0.0315425 0.0445719 0.998508
v -5.96805 3.12761 -0.344213 0.355204 0.556614 0.367886
vn -0.0360437 0.033705 0.998782
v -5.85571 3.28358 -0.344749 0.355061 0.556484 0.367866
vn -0.0404102 0.0282039 0.998785
v -5.97105 5.94777 -0.400253 0.340233 0.543068 0.365748
vn -0.0386622 0.0108637 0.999193
v -5.87219 6.01506 -0.396155 0.341327 0.544058 0.365904
vn -0.046211 0.00260268 0.998928
v -5.96632 8.73337 -0.524466 0.307048 0.513043 0.361007
vn -0.0372374 0.0575753 0.997646
v -5.86206 8.83839 -0.528329 0.306015 0.512109 0.360859
vn -0.0183618 0.0175176 0.999678
v -5.90963 10.6476 -0.544971 0.301569 0.508087 0.360224
vn -0.011895 0.00426968 0.99992
v -5.91343 13.2436 -0.680705 0.265306 0.475277 0.355044
vn -0.0326188 0.0268124 0.999108
v -5.90435 15.2509 -0.732714 0.251411 0.462705 0.353059
vn -0.0415095 0.0160456 0.999009
v -5.97299 17.39 -0.763595 0.243161 0.455241 0.35188
vn -0.0411546 0.0195658 0.998961
v -5.86541 17.4006 -0.757541 0.244778 0.456704 0.352111
vn -0.049562 0.0105917 0.998715
v -5.96656 18.777 -0.792709 0.235383 0.448204 0.350769
vn -0.0436502 0.0277585 0.998661
v -5.85825 18.8001 -0.788216 0.236583 0.44929 0.35094
vn -0.0435357 0.0357304 0.998413
v -5.91834 20.8883 -0.876291 0.213053 0.428 0.347579
vn -0.0603658 0.0991299 0.993242
v -5.92691 24.6173 -1.09398 0.16 0.38 0.34
vn -0.0566543 0.0943112 0.993929
v -5.70964 -25.7206 0.74027 0.644939 0.818754 0.409277
vn -0.0610738 -0.0232839 0.997862
v -5.71003 -21.8298 0.578748 0.601786 0.779711 0.403112
vn -0.0678997 -0.0338047 0.997119
v -5.67971 -19.0874 0.450859 0.567619 0.748798 0.398231
vn -0.0246602 0.0692081 0.997297
v -5.69793 -15.474 0.379952 0.548675 0.731659 0.395525
vn -0.0278036 0.0493015 0.998397
v -5.68037 -13.0516 0.246557 0.513037 0.699414 0.390434
vn -0.0339113 0.0601603 0.997613
v -5.63444 -9.86402 0.153138 0.488079 0.676833 0.386868
vn -0.126083 -0.0719013 0.989411
v -5.74198 -9.75766 0.147163 0.486482 0.675389 0.38664
vn -0.0280997 0.0470682 0.998496
v -5.63596 -6.66961 0.0102741 0.449911 0.6423 0.381416
vn -0.0273523 0.0395639 0.998843
v -5.74922 -6.50907 0.00179437 0.447645 0.64025 0.381092
vn -0.0253094 0.0348264 0.999073
v -5.69005 3.50362 -0.345624 0.354828 0.556273 0.367833
vn -0.038268 0.0305766 0.9988
v -5.68441 6.13327 -0.387476 0.343646 0.546156 0.366235
vn -0.0308021 0.0112422 0.999462
v -5.74078 8.93769 -0.529641 0.305665 0.511792 0.360809
vn -0.00954446 0.0202966 0.999748
v -5.65545 9.01972 -0.532569 0.304883 0.511084 0.360698
vn -0.0167008 0.0110269 0.9998
v -5.70644 10.7671 -0.542131 0.302328 0.508773 0.360333
vn -0.0385676 0.030468 0.998791
v -5.72875 13.3495 -0.67922 0.265703 0.475636 0.3551
vn -0.025432 0.0285448 0.999269
v -5.69249 15.3085 -0.724013 0.253736 0.464809 0.353391
vn -0.035216 0.017817 0.999221
v -5.69596 17.4348 -0.749994 0.246795 0.458528 0.352399
vn -0.0366835 0.0146844 0.999219
v -5.69318 18.8197 -0.779807 0.23883 0.451322 0.351261
vn -0.0529187 0.0301102 0.998145
v -5.70706 20.95 -0.869727 0.214806 0.429587 0.347829
vn -0.043972 0.0438921 0.998068
v -5.68693 24.7075 -1.08894 0.16 0.38 0.34
vn -0.056773 0.0959257 0.993768
v -5.44707 -25.8379 0.75347 0.648465 0.821945 0.409781
vn -0.0606244 -0.0241593 0.997868
v -5.56346 -25.7737 0.747943 0.646989 0.820609 0.40957
vn -0.0602335 -0.0225448 0.99793
v -5.4722 -21.8769 0.593162 0.605637 0.783195 0.403662
vn -0.0666954 -0.0316062 0.997273
v -5.48403 -19.181 0.461283 0.570404 0.751318 0.398629
vn -0.00145472 0.04746 0.998872
v -5.41267 -15.6034 0.397558 0.553379 0.735914 0.396197
vn -0.0293146 0.0497582 0.998331
v -5.514 -15.5624 0.391116 0.551658 0.734357 0.395951
vn -0.0359015 0.0528776 0.997955
v -5.47143 -13.1522 0.26111 0.516925 0.702932 0.390989
vn -0.0340356 0.0599266 0.997622
v -5.4259 -10.0227 0.167818 0.492001 0.680381 0.387429
vn -0.0432456 0.0550084 0.997549
v -5.52806 -9.93961 0.161201 0.490233 0.678782 0.387176
vn -0.0267982 0.0458681 0.998588
v -5.47158 -6.88434 0.0225894 0.453201 0.645277 0.381886
vn -0.0274929 0.0440619 0.99865
v -5.57433 -6.76092 0.0141859 0.450956 0.643246 0.381565
vn -0.0273569 0.0417024 0.998755
v -5.5184 3.71295 -0.345312 0.354911 0.556348 0.367844
vn -0.0369875 0.0310726 0.998833
v -5.4223 3.83408 -0.346616 0.354563 0.556033 0.367795
vn -0.0396042 0.0265963 0.998861
v -5.46929 6.29702 -0.383077 0.344822 0.54722 0.366403
vn -0.033073 0.022269 0.999205
v -5.51485 9.10854 -0.530641 0.305398 0.511551 0.360771
vn -0.0127885 0.0108186 0.99986
v -5.4773 10.8904 -0.537859 0.303469 0.509806 0.360496
vn -0.0328477 0.0327235 0.998925
v -5.49322 13.4765 -0.676665 0.266386 0.476254 0.355198
vn -0.0263006 0.0276949 0.99927
v -5.53592 15.364 -0.719264 0.255005 0.465956 0.353572
vn -0.0279645 0.0217117 0.999373
v -5.42857 15.4251 -0.718871 0.25511 0.466052 0.353587
vn -0.0300124 0.0183435 0.999381
v -5.53579 17.4882 -0.745278 0.248055 0.459669 0.352579
vn -0.0439539 0.0148077 0.998924
v -5.46811 18.8295 -0.766679 0.242337 0.454496 0.351762
vn -0.047347 0.0368317 0.998199
v -5.48616 20.9807 -0.859627 0.217505 0.432028 0.348215
vn -0.0349488 0.0459074 0.998334
v -5.55926 24.7735 -1.08803 0.16 0.38 0.34
vn -0.0605061 0.107446 0.992368
v -5.42372 24.8077 -1.0837 0.16 0.38 0.34
vn -0.0555718 0.0944326 0.993979
v -5.27622 -25.8858 0.762623 0.650911 0.824157 0.41013
vn -0.0598324 -0.0243707 0.997911
v -5.25559 -21.9484 0.605117 0.608831 0.786085 0.404119
vn 0 0 0
v -5.33507 -19.2041 0.471226 0.57306 0.753721 0.399009
vn -0.0550725 0.0733019 0.995788
v -5.22323 -19.1824 0.480371 0.575503 0.755932 0.399358
vn -0.0725804 -0.0397917 0.996568
v -5.26281 -15.7032 0.404731 0.555295 0.737648 0.396471
vn -0.0241219 0.0462835 0.998637
v -5.25752 -13.2726 0.274259 0.520438 0.70611 0.391491
vn -0.0289804 0.0557174 0.998026
v -5.28601 -10.1223 0.177665 0.494631 0.682762 0.387804
vn -0.0363343 0.0494651 0.998115
v -5.307 -7.0997 0.0331823 0.456031 0.647837 0.38229
vn -0.0245933 0.0436691 0.998743
v -5.3405 3.9184 -0.344981 0.355 0.556428 0.367857
vn -0.0358492 0.0322787 0.998836
v -5.24487 4.04463 -0.348378 0.354092 0.555607 0.367727
vn -0.0369294 0.0248122 0.99901
v -5.27013 6.44226 -0.378976 0.345917 0.548211 0.36656
vn -0.0430444 0.0312707 0.998584
v -5.30662 9.27128 -0.533112 0.304738 0.510953 0.360677
vn -0.0102388 0.00782136 0.999917
v -5.31812 10.9634 -0.533408 0.304658 0.510881 0.360665
vn -0.016998 -0.00427616 0.999846
v -5.24401 11.0218 -0.534866 0.304269 0.510529 0.36061
vn -0.0419786 0.0533041 0.997696
v -5.33105 13.5689 -0.675781 0.266622 0.476467 0.355232
vn -0.0301917 0.02502 0.999231
v -5.20426 13.6263 -0.673303 0.267284 0.477066 0.355326
vn -0.0363488 0.0201828 0.999135
v -5.31999 15.4837 -0.718148 0.255303 0.466226 0.353615
vn -0.0403932 0.00998578 0.999134
v -5.34932 17.5198 -0.736551 0.250386 0.461778 0.352912
vn -0.041853 0.0114643 0.999058
v -5.30279 18.8442 -0.757914 0.244679 0.456614 0.352097
vn -0.0338012 0.0204686 0.999219
v -5.29151 21.1002 -0.860057 0.21739 0.431924 0.348199
vn -0.0304291 0.0486453 0.998352
v -5.24786 24.875 -1.08031 0.16 0.38 0.34
vn -0.0569282 0.0993448 0.993423
v -5.08385 -25.8515 0.774978 0.654212 0.827144 0.410602
vn -0.0594952 -0.0244935 0.997928
v -5.11016 -21.9812 0.613561 0.611087 0.788126 0.404441
vn -0.0654183 -0.0375366 0.997152
v -5.10049 -19.2326 0.487008 0.577276 0.757536 0.399611
vn -0.0719363 -0.0441213 0.996433
v -5.05472 -15.8093 0.416223 0.558365 0.740426 0.396909
vn -0.0802334 -0.0507777 0.995482
v -5.10428 -15.7855 0.413442 0.557623 0.739754 0.396803
vn -0.0353014 0.0517501 0.998036
v -5.09348 -13.3398 0.285764 0.523512 0.708891 0.39193
vn -0.0413563 0.060006 0.997341
v -5.0856 -10.2484 0.192524 0.498601 0.686353 0.388372
vn -0.0400951 0.0528264 0.997798
v -5.02297 -7.42456 0.0524303 0.461173 0.65249 0.383025
vn -0.0238159 0.0442342 0.998737
v -5.11708 -7.31182 0.0470426 0.459734 0.651188 0.382819
vn -0.0211665 0.0406649 0.998949
v -5.00007 -2.65167 -0.10643 0.418732 0.61409 0.376962
vn 0 0 0
v -5.03449 -2.49241 -0.113752 0.416775 0.612321 0.376682
vn 0 0 0
v -5.06971 -2.2671 -0.121932 0.41459 0.610343 0.37637
vn -0.0345615 0.0370185 0.998717
v -5.09819 -2.05524 -0.130379 0.412333 0.608302 0.376048
vn -0.035505 0.0365605 0.998701
v -5.11247 -1.88897 -0.135869 0.410867 0.606975 0.375838
vn -0.0342628 0.0304292 0.99895
v -5.12207 -1.72179 -0.141355 0.409401 0.605648 0.375629
vn -0.0347462 0.032022 0.998883
v -5.12641 -1.49944 -0.147911 0.407649 0.604064 0.375378
vn -0.0344859 0.030739 0.998932
v -5.1254 -1.27695 -0.155119 0.405724 0.602321 0.375103
vn -0.0360904 0.037385 0.998649
v -5.12142 -1.06496 -0.16323 0.403557 0.600361 0.374794
vn -0.0355218 0.040423 0.998551
v -5.11678 -0.899218 -0.170511 0.401611 0.598601 0.374516
vn -0.0372355 0.0438419 0.998344
v -5.10669 -0.733182 -0.17753 0.399736 0.596904 0.374248
vn -0.0374206 0.0415545 0.998435
v -5.08298 -0.48413 -0.187699 0.397019 0.594446 0.37386
vn -0.0367705 0.0414516 0.998464
v -5.05865 -0.29747 -0.195154 0.395028 0.592644 0.373575
vn -0.0360211 0.0430604 0.998423
v -5.03007 -0.0903441 -0.204977 0.392403 0.59027 0.3732
vn -0.0371796 0.0400751 0.998505
v -5.13406 4.14606 -0.345065 0.354977 0.556408 0.367854
vn -0.0471494 0.019064 0.998706
v -5.04061 4.22762 -0.341957 0.355807 0.557159 0.367972
vn -0.044997 0.0210399 0.998766
v -5.1002 6.56209 -0.375554 0.346831 0.549038 0.36669
vn -0.0354865 0.0319923 0.998858
v -5.01706 6.61982 -0.373981 0.347252 0.549418 0.36675
vn -0.0157743 0.016599 0.999738
v -5.07731 9.44173 -0.53528 0.304159 0.510429 0.360594
vn -0.0115613 0.0029388 0.999929
v -5.12855 11.0573 -0.529437 0.30572 0.511841 0.360817
vn -0.0129861 -0.00542682 0.999901
v -5.07771 13.6845 -0.671057 0.267884 0.477609 0.355412
vn -0.032932 0.034621 0.998858
v -5.12079 15.5399 -0.710807 0.257264 0.468001 0.353895
vn -0.0330592 0.0163448 0.99932
v -5.14612 17.5621 -0.728049 0.252658 0.463833 0.353237
vn -0.0336648 0.0104308 0.999379
v -5.14366 18.8785 -0.751686 0.246343 0.45812 0.352335
vn -0.0289712 0.0168715 0.999438
v -5.14533 21.1697 -0.858451 0.217819 0.432312 0.34826
vn -0.0368976 0.0445736 0.998324
v -5.07596 24.9401 -1.077 0.16 0.38 0.34
vn -0.0554936 0.0964463 0.99379
v -4.87611 -25.9257 0.785498 0.657022 0.829687 0.411003
vn -0.0592809 -0.0249345 0.99793
v -4.91807 -25.7117 0.78825 0.657757 0.830352 0.411108
vn -0.0588235 -0.0233431 0.997995
v -4.90357 -22.0107 0.626004 0.614411 0.791134 0.404916
vn -0.0641501 -0.0347252 0.997336
v -4.9203 -19.2601 0.498694 0.580399 0.760361 0.400057
vn -0.0710076 -0.0418301 0.996598
v -4.9266 -15.8523 0.424353 0.560537 0.742391 0.39722
vn -0.037744 0.0529744 0.997882
v -4.87912 -13.432 0.300016 0.527319 0.712336 0.392474
vn -0.0403919 0.0579109 0.997504
v -4.98995 -13.3892 0.292369 0.525276 0.710488 0.392182
vn -0.0347448 0.0558957 0.997832
v -4.8131 -10.4079 0.21255 0.503951 0.691194 0.389136
vn -0.122388 -0.0934598 0.988072
v -4.91565 -10.3451 0.205421 0.502047 0.689471 0.388864
vn -0.0474875 0.0573712 0.997223
v -4.90398 -7.53522 0.0618223 0.463682 0.65476 0.383383
vn -0.0273262 0.0487238 0.998438
v -4.82022 -3.28942 -0.0771221 0.426562 0.621175 0.37808
vn 0 0 0
v -4.88508 -3.10167 -0.0873936 0.423817 0.618692 0.377688
vn 0 0 0
v -4.94329 -2.92198 -0.0975309 0.421109 0.616242 0.377301
vn 0 0 0
v -4.97931 -2.76235 -0.103124 0.419615 0.61489 0.377088
vn 0 0 0
v -4.98393 0.0884278 -0.208263 0.391526 0.589475 0.373075
vn -0.0366608 0.0376248 0.998619
v -4.93689 0.276321 -0.214065 0.389975 0.588073 0.372854
vn -0.0380517 0.0357937 0.998635
v -4.8705 0.474288 -0.216855 0.38923 0.587399 0.372747
vn -0.0395598 0.0309322 0.998738
v -4.83376 0.609543 -0.222513 0.387718 0.586031 0.372531
vn -0.0425684 0.0334544 0.998533
v -4.92799 4.33849 -0.341174 0.356016 0.557348 0.368002
vn -0.0374348 0.0222 0.999052
v -4.90593 6.72263 -0.376556 0.346564 0.548796 0.366652
vn -0.0322274 0.0368491 0.998801
v -4.90759 9.52099 -0.530074 0.305549 0.511688 0.360793
vn -0.020782 -0.00137148 0.999783
v -4.91896 11.1534 -0.524365 0.307075 0.513068 0.361011
vn -0.0201983 -0.00973983 0.999749
v -4.92878 13.7529 -0.668557 0.268552 0.478214 0.355507
vn -0.0324091 0.041265 0.998622
v -4.89286 15.6361 -0.706509 0.258412 0.46904 0.354059
vn -0.0310369 0.0157908 0.999393
v -4.93781 17.6432 -0.723669 0.253828 0.464892 0.353404
vn -0.0193299 0.0139734 0.999716
v -4.96106 18.97 -0.750132 0.246758 0.458495 0.352394
vn -0.0398893 0.0370298 0.998518
v -4.86129 19.0204 -0.749381 0.246958 0.458677 0.352423
vn -0.0285206 0.0337632 0.999023
v -4.93291 21.2384 -0.852973 0.219282 0.433636 0.348469
vn -0.0382349 0.0437429 0.998311
v -4.93831 24.9884 -1.07403 0.160224 0.380202 0.340032
vn -0.0543325 0.0944526 0.994046
v -4.85598 25.0508 -1.07546 0.16 0.38 0.34
vn -0.0556233 0.0978128 0.993649
v -4.62504 -26.0216 0.797882 0.660331 0.83268 0.411476
vn -0.05808 -0.0239014 0.998026
v -4.75542 -25.9954 0.790893 0.658464 0.830991 0.411209
vn -0.0588161 -0.0247628 0.997962
v -4.71332 -22.0971 0.635232 0.616877 0.793365 0.405268
vn -0.0641501 -0.0347252 0.997336
v -4.70928 -19.2949 0.512051 0.583967 0.763589 0.400567
vn 0 0 0
v -4.73414 -15.934 0.43537 0.563481 0.745054 0.39764
vn -0.0345674 0.0518769 0.998055
v -4.72379 -13.5026 0.309729 0.529914 0.714684 0.392845
vn -0.0309461 0.0513734 0.9982
v -4.68855 -10.4563 0.223395 0.506849 0.693816 0.38955
vn -0.0415937 0.0544078 0.997652
v -4.72857 -7.714 0.0728183 0.46662 0.657418 0.383803
vn -0.0278503 0.049239 0.998399
v -4.65269 -3.7062 -0.0543778 0.432638 0.626672 0.378948
vn 0 0 0
v -4.74877 -3.48084 -0.0671809 0.429217 0.623578 0.37846
vn 0 0 0
v -4.7788 0.708266 -0.218721 0.388731 0.586948 0.372676
vn -0.0429645 0.0229054 0.998814
v -4.68846 0.913516 -0.219893 0.388418 0.586664 0.372631
vn -0.038398 0.0326374 0.998729
v -4.62191 1.08869 -0.225939 0.386803 0.585203 0.3724
vn -0.0335068 0.0438305 0.998477
v -4.7002 4.54587 -0.338111 0.356835 0.558089 0.368119
vn -0.036201 0.023694 0.999064
v -4.70816 6.86163 -0.374377 0.347146 0.549322 0.366735
vn -0.0316421 0.0327183 0.998964
v -4.79695 9.58364 -0.528605 0.305942 0.512042 0.360849
vn -0.0163014 0.0275164 0.999488
v -4.68431 9.66179 -0.52958 0.305681 0.511807 0.360812
vn -0.0235718 0.0261609 0.99938
v -4.68492 11.256 -0.518532 0.308633 0.514477 0.361233
vn -0.0100353 -0.00591324 0.999932
v -4.69957 13.8556 -0.664665 0.269592 0.479154 0.355656
vn -0.0365084 0.030914 0.998855
v -4.68791 15.7322 -0.704053 0.259069 0.469633 0.354153
vn -0.0335082 0.0128699 0.999356
v -4.72198 17.7582 -0.722744 0.254075 0.465115 0.353439
vn -0.0252949 0.0137402 0.999586
v -4.7134 19.1047 -0.749349 0.246967 0.458685 0.352424
vn -0.0263497 0.0368495 0.998973
v -4.70421 21.3272 -0.848716 0.22042 0.434666 0.348631
vn -0.0566448 0.0990976 0.993464
v -4.7161 25.0677 -1.06945 0.161447 0.381309 0.340207
vn -0.0541584 0.0950987 0.993994
v -4.4953 -26.0509 0.804701 0.662153 0.834329 0.411736
vn -0.0574563 -0.0232331 0.998078
v -4.478 -22.1478 0.648422 0.6204 0.796553 0.405771
vn -0.062697 -0.031505 0.997535
v -4.49995 -19.3456 0.524354 0.587254 0.766563 0.401036
vn -0.0674763 -0.0407012 0.99689
v -4.48838 -16.0306 0.449463 0.567246 0.748461 0.398178
vn -0.0369779 0.0533014 0.997894
v -4.45673 -13.6277 0.325541 0.534138 0.718506 0.393448
vn -0.031622 0.0506925 0.998214
v -4.56343 -13.5804 0.31914 0.532428 0.716959 0.393204
vn -0.0360834 0.0536281 0.997909
v -4.49788 -10.57 0.235893 0.510188 0.696837 0.390027
vn -0.0359549 0.0520369 0.997998
v -4.49656 -7.88748 0.0924827 0.471874 0.662171 0.384553
vn -0.0341406 0.0512388 0.998103
v -4.41249 -4.20603 -0.0282956 0.439606 0.632977 0.379944
vn 0 0 0
v -4.48048 -4.08484 -0.0360766 0.437527 0.631096 0.379647
vn 0 0 0
v -4.5726 -3.89164 -0.0456673 0.434965 0.628778 0.379281
vn 0 0 0
v -4.59823 1.15454 -0.229041 0.385974 0.584453 0.372282
vn -0.0413717 0.0398629 0.998348
v -4.52547 1.29367 -0.229847 0.385759 0.584258 0.372251
vn -0.0386556 0.0336242 0.998687
v -4.43415 1.47 -0.232608 0.385021 0.583591 0.372146
vn -0.0414312 0.0282921 0.998741
v -4.48116 4.74522 -0.337446 0.357013 0.558249 0.368145
vn -0.0278094 0.0250391 0.9993
v -4.52419 6.95311 -0.366539 0.34924 0.551217 0.367034
vn -0.0290453 0.00447031 0.999568
v -4.43396 7.01704 -0.366311 0.349301 0.551272 0.367043
vn -0.0267162 0.00807223 0.99961
v -4.4817 9.77498 -0.527436 0.306254 0.512325 0.360893
vn -0.0229381 0.0252364 0.999418
v -4.53991 11.3562 -0.520405 0.308132 0.514025 0.361162
vn -0.00312592 0.00170599 0.999994
v -4.43053 11.404 -0.517996 0.308776 0.514607 0.361254
vn -0.0118561 -0.00615691 0.999911
v -4.5209 13.9035 -0.657643 0.271468 0.480852 0.355924
vn -0.0443105 0.0294086 0.998585
v -4.49027 15.777 -0.696065 0.261202 0.471564 0.354457
vn -0.0297968 0.0211275 0.999333
v -4.49104 17.8193 -0.715107 0.256115 0.466961 0.353731
vn -0.0332091 0.00917235 0.999406
v -4.59314 19.1663 -0.748636 0.247158 0.458857 0.352451
vn -0.0299684 0.0378655 0.998833
v -4.47878 19.2078 -0.746218 0.247804 0.459441 0.352543
vn -0.0339805 0.0397249 0.998633
v -4.52388 21.345 -0.840211 0.222692 0.436721 0.348956
vn -0.0361067 0.0433252 0.998408
v -4.41769 21.4061 -0.840333 0.222659 0.436692 0.348951
vn -0.0563587 0.10032 0.993358
v -4.47976 25.1629 -1.06574 0.162439 0.382207 0.340348
vn -0.0541018 0.0962279 0.993888
v -4.32633 -26.0875 0.813553 0.664518 0.836468 0.412074
vn -0.057176 -0.0254684 0.998039
v -4.20203 -22.2169 0.663272 0.624368 0.800142 0.406338
vn 0 0 0
v -4.31117 -22.1871 0.657522 0.622832 0.798752 0.406119
vn 0 0 0
v -4.32327 -19.3868 0.534629 0.589999 0.769047 0.401428
vn -0.0674763 -0.0407012 0.99689
v -4.27726 -16.1073 0.461555 0.570476 0.751383 0.398639
vn -0.0414368 0.0543507 0.997662
v -4.28168 -13.7163 0.334969 0.536657 0.720785 0.393808
vn -0.0317945 0.0501145 0.998237
v -4.30423 -10.671 0.249216 0.513747 0.700057 0.390535
vn -0.0362675 0.0535754 0.997905
v -4.2821 -8.06191 0.107189 0.475803 0.665726 0.385115
vn -0.0347792 0.0504972 0.998118
v -4.25013 -4.47408 -0.0111362 0.444191 0.637125 0.380599
vn 0 0 0
v -4.35161 -4.31357 -0.0220064 0.441286 0.634497 0.380184
vn 0 0 0
v -4.37204 1.57773 -0.233346 0.384824 0.583412 0.372118
vn -0.0350982 0.0351319 0.998766
v -4.29251 1.72096 -0.236623 0.383949 0.58262 0.371993
vn -0.0389003 0.0309205 0.998765
v -4.20573 1.85154 -0.236507 0.38398 0.582648 0.371997
vn -0.0364918 0.0312667 0.998845
v -4.29179 4.90971 -0.33712 0.3571 0.558328 0.368157
vn -0.0286522 0.0271104 0.999222
v -4.33702 7.08321 -0.365836 0.349428 0.551387 0.367061
vn -0.12062 0.173378 0.977441
v -4.30255 9.8834 -0.527358 0.306275 0.512344 0.360896
vn -0.0234804 0.0232367 0.999454
v -4.27465 11.4916 -0.517581 0.308887 0.514707 0.36127
vn -0.0046375 -0.000529389 0.999989
v -4.29468 13.9476 -0.646825 0.274358 0.483467 0.356337
vn -0.044973 0.0460765 0.997925
v -4.27809 15.8786 -0.694236 0.261691 0.472006 0.354527
vn -0.0208648 0.0166175 0.999644
v -4.28637 17.8584 -0.70682 0.258329 0.468965 0.354047
vn -0.0335368 0.0103197 0.999384
v -4.28608 19.27 -0.741404 0.24909 0.460605 0.352727
vn -0.0261788 0.0350363 0.999043
v -4.29804 21.4266 -0.835646 0.223912 0.437825 0.34913
vn -0.023523 0.0456249 0.998682
v -4.28217 25.2405 -1.06253 0.163296 0.382982 0.340471
vn -0.0536674 0.096656 0.99387
v -4.14247 -26.0587 0.824801 0.667523 0.839187 0.412503
vn -0.0571802 -0.0234659 0.998088
v -4.09095 -22.2382 0.66939 0.626002 0.801621 0.406572
vn -0.062133 -0.0413691 0.99721
v -4.06177 -19.4155 0.551041 0.594384 0.773014 0.402055
vn 0 0 0
v -4.1899 -19.3982 0.543192 0.592287 0.771117 0.401755
vn -0.0674763 -0.0407012 0.99689
v -4.10178 -16.1635 0.471764 0.573204 0.753851 0.399029
vn -0.0410172 0.0538567 0.997706
v -4.02711 -13.8191 0.350013 0.540677 0.724422 0.394382
vn -0.0373072 0.0524146 0.997928
v -4.11092 -13.7748 0.345924 0.539584 0.723433 0.394226
vn -0.0869481 -0.0690343 0.993818
v -4.10228 -10.7787 0.262174 0.517209 0.703189 0.39103
vn -0.0365108 0.054121 0.997867
v -4.10936 -8.15238 0.123776 0.480234 0.669736 0.385748
vn -0.0432269 0.0523698 0.997692
v -4.0775 -4.71125 0.0080698 0.449322 0.641767 0.381332
vn 0 0 0
v -4.14426 1.94893 -0.238181 0.383532 0.582244 0.371933
vn -0.0407956 0.0255249 0.998841
v -4.04296 2.07313 -0.23496 0.384393 0.583022 0.372056
vn -0.0390019 0.0272568 0.998867
v -4.11784 5.05639 -0.337322 0.357046 0.558279 0.368149
vn -0.0256456 0.02919 0.999245
v -4.19858 7.14311 -0.359378 0.351153 0.552948 0.367308
vn -0.0193105 0.0102857 0.999761
v -4.10395 7.21491 -0.360685 0.350804 0.552632 0.367258
vn -0.0133316 0.017431 0.999759
v -4.13002 9.96555 -0.524093 0.307147 0.513133 0.361021
vn -0.0319097 0.0244173 0.999192
v -4.02315 10.0121 -0.521582 0.307818 0.51374 0.361117
vn -0.0241722 0.0384186 0.998969
v -4.12193 11.5879 -0.518897 0.308535 0.514389 0.361219
vn 0.00171218 0.00541554 0.999984
v -4.03853 11.6338 -0.518754 0.308573 0.514424 0.361225
vn -0.00647564 0.00481989 0.999967
v -4.19051 13.9961 -0.64569 0.274661 0.483741 0.35638
vn -0.0391478 0.0222193 0.998986
v -4.08219 14.0179 -0.640789 0.27597 0.484926 0.356567
vn -0.0432876 0.0386476 0.998315
v -4.10806 15.9499 -0.691709 0.262366 0.472617 0.354624
vn -0.0242696 0.0127982 0.999624
v -4.14066 17.8989 -0.702424 0.259504 0.470027 0.354215
vn -0.0260955 0.0141584 0.999559
v -4.11875 19.3611 -0.741266 0.249126 0.460638 0.352732
vn -0.0350026 0.0384763 0.998646
v -4.14973 21.5159 -0.83632 0.223732 0.437662 0.349105
vn -0.0558387 0.10109 0.993309
v -4.09728 25.2725 -1.05574 0.165111 0.384624 0.34073
vn -0.0530218 0.0955473 0.994012
v -3.85228 -26.2065 0.837543 0.670927 0.842267 0.41299
vn -0.0565683 -0.0264898 0.998047
v -3.93453 -26.163 0.833998 0.66998 0.84141 0.412854
vn -0.0566098 -0.0251112 0.998081
v -3.92162 -22.2574 0.679103 0.628597 0.803969 0.406942
vn -0.0616649 -0.0393331 0.997322
v -3.91802 -19.447 0.559175 0.596557 0.77498 0.402365
vn 0 0 0
v -3.9001 -16.2252 0.483426 0.57632 0.75667 0.399474
vn -0.0456658 0.0547635 0.997455
v -3.91825 -13.859 0.35652 0.542415 0.725994 0.394631
vn -0.0329041 0.050587 0.998177
v -3.93232 -10.8567 0.273684 0.520284 0.705971 0.391469
vn -0.0374393 0.0541991 0.997828
v -3.91055 -8.29526 0.136958 0.483756 0.672922 0.386251
vn -0.0361296 0.0496696 0.998112
v -3.82847 -5.06633 0.0269056 0.454354 0.64632 0.382051
vn -0.219216 -0.115505 0.968815
v -3.93909 -4.91186 0.0192033 0.452296 0.644458 0.381757
vn 0 0 0
v -3.97056 2.17479 -0.236078 0.384094 0.582752 0.372013
vn -0.033351 0.0347476 0.998839
v -3.88487 2.28886 -0.237186 0.383798 0.582484 0.371971
vn -0.0367378 0.0306613 0.998854
v -3.99394 5.15021 -0.336058 0.357383 0.558585 0.368198
vn -0.0296879 0.02121 0.999334
v -3.88754 5.2246 -0.334213 0.357876 0.559031 0.368268
vn -0.0241948 0.0282856 0.999307
v -3.94532 7.31026 -0.358916 0.351277 0.55306 0.367325
vn -0.0122648 0.0157095 0.999801
v -3.82731 7.41116 -0.363318 0.350101 0.551996 0.367157
vn 0.000285181 0.0275436 0.999621
v -3.91178 10.0739 -0.521262 0.307904 0.513818 0.361129
vn -0.0201308 0.0191308 0.999614
v -3.92989 11.7112 -0.521243 0.307909 0.513822 0.36113
vn -0.0200865 0.0390282 0.999036
v -3.91994 14.0551 -0.634207 0.277729 0.486517 0.356818
vn -0.0363621 0.0376263 0.99863
v -3.98881 15.9786 -0.687424 0.263511 0.473653 0.354787
vn -0.0252409 0.0252657 0.999362
v -3.87451 16.0382 -0.687307 0.263542 0.473681 0.354792
vn -0.0303596 0.00559783 0.999523
v -3.94719 17.9682 -0.698459 0.260563 0.470985 0.354366
vn -0.0272677 0.013358 0.999539
v -3.92331 19.4149 -0.735648 0.250627 0.461996 0.352947
vn -0.0297861 0.0336322 0.99899
v -3.99674 21.5662 -0.832876 0.224652 0.438494 0.349236
vn -0.0283341 0.0410421 0.998756
v -3.87908 21.6186 -0.831649 0.224979 0.438791 0.349283
vn -0.0235757 0.0420441 0.998838
v -3.91653 25.3288 -1.05155 0.166229 0.385636 0.34089
vn -0.0519216 0.0940051 0.994217
v -3.7191 -26.218 0.84471 0.672842 0.844 0.413263
vn -0.0556778 -0.024316 0.998153
v -3.70827 -22.3273 0.689539 0.631385 0.806492 0.407341
vn -0.0620236 -0.0411598 0.997226
v -3.72431 -19.4885 0.570022 0.599455 0.777602 0.402779
vn 0 0 0
v -3.70211 -16.2697 0.495498 0.579545 0.759588 0.399935
vn -0.0459569 0.0554723 0.997402
v -3.72666 -13.9464 0.366366 0.545046 0.728375 0.395007
vn -0.0373441 0.052976 0.997897
v -3.65366 -11.0056 0.289418 0.524488 0.709775 0.39207
vn -0.0420132 0.0551767 0.997592
v -3.75405 -10.9564 0.283486 0.522903 0.708341 0.391843
vn -0.0298856 0.0495402 0.998325
v -3.67219 -8.44222 0.154075 0.488329 0.67706 0.386904
vn -0.0390085 0.0540267 0.997777
v -3.76772 -8.38994 0.146628 0.48634 0.67526 0.38662
vn -0.0441914 0.0557557 0.997466
v -3.65428 -5.2505 0.0443613 0.459017 0.65054 0.382717
vn -0.239989 -0.140538 0.960549
v -3.7448 -5.17173 0.0332719 0.456055 0.647859 0.382294
vn -0.239989 -0.140538 0.960549
v -3.70945 2.5012 -0.237614 0.383684 0.582381 0.371955
vn -0.0388725 0.029319 0.998814
v -3.7336 5.33485 -0.33289 0.35823 0.559351 0.368319
vn -0.0265811 0.0267327 0.999289
v -3.62344 5.42906 -0.335658 0.35749 0.558682 0.368213
vn -0.0251654 0.00888596 0.999644
v -3.70496 7.50596 -0.36657 0.349232 0.55121 0.367033
vn 0.00247775 0.0310873 0.999514
v -3.71695 10.1583 -0.517275 0.308969 0.514781 0.361281
vn -0.026657 0.0276187 0.999263
v -3.78933 11.7922 -0.52185 0.307746 0.513675 0.361107
vn -0.0144159 0.0322189 0.999377
v -3.69878 11.8555 -0.523978 0.307178 0.513161 0.361025
vn -0.0353843 0.041559 0.998509
v -3.71284 14.1368 -0.630578 0.278698 0.487394 0.356957
vn -0.0304764 0.0384579 0.998795
v -3.69605 16.0904 -0.682273 0.264887 0.474898 0.354984
vn -0.0259644 0.0137201 0.999569
v -3.70546 18.0607 -0.694373 0.261655 0.471973 0.354522
vn -0.0195721 0.0156396 0.999686
v -3.71615 19.504 -0.733231 0.251273 0.46258 0.353039
vn -0.0209678 0.035512 0.999149
v -3.71597 21.7166 -0.832579 0.224731 0.438566 0.349247
vn -0.0265261 0.0422664 0.998754
v -3.7856 25.3998 -1.05144 0.166259 0.385663 0.340894
vn -0.0529631 0.0966841 0.993905
v -3.69279 25.4152 -1.04806 0.167163 0.386481 0.341023
vn -0.0518022 0.094903 0.994138
v -3.48559 -26.3013 0.85557 0.675743 0.846624 0.413678
vn -0.0552567 -0.0250099 0.998159
v -3.44606 -22.445 0.700951 0.634434 0.80925 0.407776
vn -0.0609258 -0.0398344 0.997347
v -3.54809 -22.3864 0.697016 0.633383 0.808299 0.407626
vn -0.0595062 -0.0365996 0.997557
v -3.50789 -19.5497 0.581205 0.602443 0.780305 0.403206
vn 0 0 0
v -3.47206 -16.3086 0.509973 0.583412 0.763087 0.400487
vn -0.0485044 0.056859 0.997203
v -3.48988 -14.0155 0.380969 0.548947 0.731904 0.395564
vn -0.0439172 0.0546291 0.99754
v -3.49549 -11.0637 0.300311 0.527398 0.712408 0.392485
vn -0.0474494 0.0570609 0.997243
v -3.48817 -8.55257 0.166364 0.491612 0.68003 0.387373
vn -0.0341828 0.0515384 0.998086
v -3.46043 -5.48056 0.0562554 0.462195 0.653415 0.383171
vn -0.199079 -0.121298 0.972448
v -3.56158 -5.36152 0.0503977 0.46063 0.651999 0.382947
vn -0.232534 -0.145605 0.961627
v -3.51516 2.6925 -0.232023 0.385178 0.583732 0.372168
vn -0.0430932 0.0218586 0.998832
v -3.40048 2.81179 -0.231889 0.385214 0.583765 0.372173
vn -0.0394606 0.0292388 0.998793
v -3.49877 5.49201 -0.330212 0.358945 0.559998 0.368421
vn -0.0334705 0.0370564 0.998752
v -3.5019 7.68751 -0.377184 0.346396 0.548644 0.366628
vn 0.00539932 0.0376902 0.999275
v -3.48553 10.2622 -0.513715 0.30992 0.515642 0.361417
vn -0.0256276 0.020737 0.999456
v -3.51269 11.939 -0.521811 0.307757 0.513685 0.361108
vn -0.0303792 0.0333967 0.99898
v -3.5554 14.1936 -0.627289 0.279577 0.488189 0.357082
vn -0.0339666 0.0481235 0.998264
v -3.44956 14.2748 -0.630953 0.278598 0.487303 0.356943
vn -0.0235892 0.0284135 0.999318
v -3.50649 16.163 -0.67919 0.265711 0.475643 0.355102
vn -0.0271553 0.0111215 0.999569
v -3.51033 18.1359 -0.691288 0.262479 0.472719 0.35464
vn -0.00870568 0.013951 0.999865
v -3.42234 18.22 -0.695584 0.261331 0.471681 0.354476
vn -0.0196806 0.0289799 0.999386
v -3.53216 19.5993 -0.732933 0.251353 0.462653 0.35305
vn -0.0214649 0.038454 0.99903
v -3.43181 19.6641 -0.734195 0.251016 0.462348 0.353002
vn -0.0155973 0.0438884 0.998915
v -3.58466 21.7892 -0.832744 0.224687 0.438526 0.349241
vn -0.0217713 0.0447012 0.998763
v -3.47137 21.8505 -0.832794 0.224674 0.438514 0.349239
vn -0.0214384 0.0440593 0.998799
v -3.48503 25.4494 -1.04052 0.169177 0.388303 0.341311
vn -0.0515818 0.0941435 0.994221
v -3.29556 -26.3513 0.864745 0.678194 0.848842 0.414028
vn -0.0551415 -0.0299286 0.99803
v -3.29566 -22.4736 0.708782 0.636527 0.811143 0.408075
vn -0.0579316 -0.0354532 0.997691
v -3.28119 -19.6159 0.592561 0.605477 0.78305 0.40364
vn 0 0 0
v -3.25591 -16.3477 0.523069 0.586911 0.766253 0.400987
vn -0.0356525 0.0548417 0.997858
v -3.26299 -14.0746 0.394992 0.552693 0.735294 0.396099
vn -0.0439691 0.0544324 0.997549
v -3.28841 -11.1465 0.313299 0.530868 0.715547 0.392981
vn -0.04563 0.0554599 0.997418
v -3.29333 -8.66685 0.178557 0.49487 0.682977 0.387839
vn -0.0352562 0.0526425 0.997991
v -3.26356 -5.6705 0.0712892 0.466212 0.657049 0.383745
vn 0 0 0
v -3.37187 -5.56038 0.0644296 0.464379 0.655391 0.383483
vn -0.199079 -0.121298 0.972448
v -3.28736 2.91339 -0.229336 0.385896 0.584382 0.372271
vn -0.0372113 0.0278833 0.998918
v -3.39762 5.56368 -0.330491 0.358871 0.559931 0.36841
vn -0.0256242 0.0219093 0.999432
v -3.27078 5.6452 -0.329686 0.359086 0.560125 0.368441
vn -0.0241659 0.024906 0.999398
v -3.2842 7.86238 -0.386046 0.344028 0.546502 0.36629
vn -0.0202725 0.0481231 0.998636
v -3.27515 10.3345 -0.507423 0.311601 0.517163 0.361657
vn -0.0300372 0.0349056 0.998939
v -3.28916 12.0304 -0.518317 0.30869 0.514529 0.361241
vn -0.0276716 0.0263868 0.999269
v -3.25367 14.3545 -0.628472 0.279261 0.487903 0.357037
vn -0.0282599 0.0449659 0.998589
v -3.36946 16.1925 -0.674242 0.267033 0.476839 0.35529
vn -0.0298679 0.0154371 0.999435
v -3.26369 16.2187 -0.670926 0.267919 0.477641 0.355417
vn -0.0262818 0.0101034 0.999604
v -3.26376 18.3006 -0.695448 0.261367 0.471713 0.354481
vn -0.0150413 0.0179417 0.999726
v -3.27192 19.7274 -0.732016 0.251598 0.462874 0.353085
vn -0.0134951 0.0281636 0.999512
v -3.32099 21.9399 -0.833731 0.224423 0.438288 0.349203
vn -0.0249052 0.0432616 0.998753
v -3.21758 22.0163 -0.835921 0.223838 0.437758 0.34912
vn -0.0533193 0.100663 0.993491
v -3.32979 25.5006 -1.03738 0.170016 0.389062 0.341431
vn -0.0523351 0.0982077 0.993789
v -3.11883 -26.3725 0.873822 0.680619 0.851036 0.414374
vn -0.0542673 -0.0249915 0.998214
v -3.01123 -22.6036 0.720565 0.639675 0.813991 0.408525
vn -0.0569987 -0.0342738 0.997786
v -3.15785 -22.5617 0.713617 0.637818 0.812312 0.40826
vn -0.0583118 -0.0364908 0.997631
v -3.11192 -19.6586 0.601183 0.60778 0.785134 0.403969
vn 0 0 0
v -3.10318 -16.402 0.530517 0.588901 0.768053 0.401272
vn -0.0375751 0.0559021 0.997729
v -3.06262 -14.1417 0.405767 0.555572 0.737898 0.39651
vn -0.0436257 0.0555629 0.997502
v -3.10945 -11.2015 0.325637 0.534164 0.718529 0.393452
vn -0.0445399 0.0553543 0.997473
v -3.00043 -8.82641 0.196345 0.499622 0.687277 0.388517
vn -0.0414017 0.0562467 0.997558
v -3.12397 -8.76021 0.189025 0.497666 0.685508 0.388238
vn -0.0338518 0.0521227 0.998067
v -3.05632 -5.85078 0.0868663 0.470373 0.660814 0.384339
vn 0 0 0
v -3.14417 -5.77055 0.0814274 0.46892 0.659499 0.384131
vn 0 0 0
v -3.08897 3.09555 -0.228512 0.386116 0.584581 0.372302
vn -0.0344414 0.0328824 0.998866
v -3.08833 5.75489 -0.327778 0.359596 0.560586 0.368514
vn -0.0232903 0.0237338 0.999447
v -3.00064 5.80792 -0.32734 0.359712 0.560692 0.36853
vn -0.0301522 0.0222729 0.999297
v -3.11961 7.96607 -0.388148 0.343467 0.545994 0.36621
vn -0.025482 0.0465291 0.998592
v -3.00389 8.02491 -0.387351 0.34368 0.546186 0.36624
vn -0.0172402 0.0281235 0.999456
v -3.11588 10.4263 -0.509102 0.311152 0.516757 0.361593
vn -0.0135483 0.0275802 0.999528
v -3.1131 12.1138 -0.517547 0.308896 0.514716 0.361271
vn -0.0295821 0.0332663 0.999009
v -3.07221 14.442 -0.628235 0.279324 0.48796 0.357046
vn -0.0246793 0.0245107 0.999395
v -3.0978 16.2473 -0.664271 0.269697 0.47925 0.355671
vn -0.0260254 0.0211752 0.999437
v -3.1039 18.3781 -0.694985 0.261491 0.471825 0.354499
vn -0.00994582 0.0209526 0.999731
v -3.01133 18.4505 -0.697872 0.26072 0.471127 0.354389
vn -0.00770852 0.0305059 0.999505
v -3.09799 19.9109 -0.741986 0.248934 0.460464 0.352705
vn -0.0236297 0.0447805 0.998717
v -3.09367 22.0731 -0.83508 0.224063 0.437962 0.349152
vn -0.0524695 0.100349 0.993568
v -2.94935 -26.4277 0.881557 0.682686 0.852906 0.414669
vn -0.0551972 -0.0308062 0.998
v -2.89902 -22.6227 0.726307 0.641208 0.815379 0.408744
vn -0.056809 -0.0338564 0.997811
v -2.93665 -19.7058 0.6098 0.610082 0.787217 0.404297
vn 0 0 0
v -2.94132 -16.434 0.539749 0.591367 0.770284 0.401624
vn -0.0450187 0.0587954 0.997254
v -2.89307 -14.1892 0.415305 0.55812 0.740204 0.396874
vn -0.0441001 0.0569147 0.997405
v -2.92557 -11.2727 0.336263 0.537003 0.721098 0.393858
vn -0.0429905 0.0542517 0.997601
v -2.89065 -8.86855 0.204755 0.501869 0.68931 0.388838
vn -0.0419025 0.0558806 0.997558
v -2.84767 -6.01166 0.102788 0.474627 0.664663 0.384947
vn 0 0 0
v -2.92802 -5.9477 0.097374 0.473181 0.663354 0.38474
vn 0 0 0
v -2.8124 -1.88082 -0.0623267 0.430514 0.624751 0.378645
vn -0.0364339 0.0411422 0.998489
v -2.84329 -1.70573 -0.0717119 0.428007 0.622482 0.378287
vn -0.0325466 0.0376327 0.998761
v -2.86603 -1.49847 -0.0808451 0.425567 0.620275 0.377938
vn -0.0305368 0.031059 0.999051
v -2.86926 -1.28604 -0.0860428 0.424178 0.619018 0.37774
vn -0.0344421 0.0299308 0.998958
v -2.86009 -1.06447 -0.0912959 0.422775 0.617749 0.377539
vn -0.0352275 0.0346847 0.998777
v -2.84214 -0.862201 -0.0967292 0.421323 0.616435 0.377332
vn -0.0356467 0.0380576 0.99864
v -2.826 -0.72521 -0.10164 0.420011 0.615248 0.377144
vn -0.0343776 0.0391209 0.998643
v -2.87549 3.27024 -0.225846 0.386828 0.585225 0.372404
vn -0.0340278 0.0329678 0.998877
v -2.88386 5.86442 -0.324049 0.360592 0.561488 0.368656
vn -0.0246336 0.0271576 0.999328
v -2.88742 8.10662 -0.391057 0.34269 0.545291 0.366099
vn -0.0316443 0.0505392 0.998221
v -2.93779 10.4973 -0.506187 0.311931 0.517461 0.361704
vn -0.0263397 0.0247339 0.999347
v -2.9521 12.161 -0.512819 0.310159 0.515858 0.361451
vn -0.0313763 0.0241467 0.999216
v -2.88385 14.4845 -0.621733 0.281061 0.489532 0.357294
vn -0.0333534 0.0505817 0.998163
v -2.92495 16.3418 -0.665479 0.269374 0.478958 0.355625
vn -0.0171125 0.014514 0.999748
v -2.88413 18.5308 -0.699724 0.260225 0.47068 0.354318
vn -0.0151747 0.024692 0.99958
v -2.91847 19.9632 -0.737743 0.250068 0.46149 0.352867
vn -0.0203615 0.0353511 0.999168
v -2.93368 22.1147 -0.830828 0.225199 0.438989 0.349314
vn -0.0283463 0.0424655 0.998696
v -2.71085 -26.5081 0.892227 0.685536 0.855485 0.415077
vn -0.054671 -0.0297781 0.99806
v -2.73644 -22.6632 0.734053 0.643278 0.817252 0.40904
vn 0 0 0
v -2.70616 -19.7513 0.621686 0.613257 0.79009 0.404751
vn -0.0574857 -0.0411754 0.997497
v -2.73216 -16.4984 0.550003 0.594106 0.772763 0.402015
vn -0.0661502 -0.0616217 0.995905
v -2.70403 -14.2386 0.425848 0.560937 0.742752 0.397277
vn -0.0302511 0.0539238 0.998087
v -2.72439 -11.3376 0.348586 0.540295 0.724077 0.394328
vn -0.0389059 0.0526632 0.997854
v -2.73094 -8.94475 0.21429 0.504416 0.691615 0.389202
vn -0.0403003 0.0543619 0.997708
v -2.7109 -6.10754 0.113094 0.47738 0.667154 0.38534
vn 0 0 0
v -2.62912 -2.50135 -0.0277096 0.439763 0.633119 0.379966
vn -0.154956 0.000426493 0.987921
v -2.70824 -2.27854 -0.0402974 0.4364 0.630076 0.379486
vn -0.166784 -0.00352355 0.985987
v -2.74352 -2.14993 -0.0458042 0.434929 0.628745 0.379276
vn -0.103262 0.0263954 0.994304
v -2.78793 -1.99563 -0.0564599 0.432082 0.626169 0.378869
vn -0.034871 0.0435926 0.998441
v -2.78791 -0.513937 -0.107525 0.418439 0.613826 0.37692
vn -0.0365368 0.0401705 0.998525
v -2.73392 -0.273632 -0.116151 0.416134 0.611741 0.376591
vn -0.0366616 0.0322816 0.998806
v -2.66728 -0.0711096 -0.119459 0.415251 0.610941 0.376464
vn -0.0382187 0.0279838 0.998877
v -2.6249 0.0468007 -0.122106 0.414543 0.610301 0.376363
vn -0.0383791 0.0231168 0.998996
v -2.7626 3.36169 -0.225614 0.38689 0.585281 0.372413
vn -0.0219411 0.0409903 0.998919
v -2.67459 3.44288 -0.228955 0.385997 0.584474 0.372285
vn -0.0237639 0.041646 0.99885
v -2.74679 5.94484 -0.323892 0.360634 0.561526 0.368662
vn -0.0169313 0.034764 0.999252
v -2.65425 6.00688 -0.325859 0.360108 0.56105 0.368587
vn -0.0133121 0.0322702 0.999391
v -2.77555 8.15232 -0.388675 0.343326 0.545866 0.366189
vn -0.0215299 0.0359117 0.999123
v -2.66676 8.21033 -0.389169 0.343194 0.545747 0.366171
vn -0.0340885 0.0409017 0.998582
v -2.73445 10.5636 -0.500823 0.313364 0.518758 0.361909
vn -0.029379 0.0339998 0.99899
v -2.63531 10.6013 -0.499272 0.313778 0.519133 0.361968
vn -0.0272213 0.0195557 0.999438
v -2.73426 12.2299 -0.507518 0.311576 0.51714 0.361654
vn -0.0317157 0.0226582 0.99924
v -2.71849 14.579 -0.623899 0.280483 0.489008 0.357212
vn -0.031279 0.0204638 0.999301
v -2.73642 16.4151 -0.663286 0.26996 0.479488 0.355709
vn -0.0198706 0.0150806 0.999689
v -2.77984 18.5433 -0.695291 0.261409 0.471751 0.354487
vn -0.00786007 0.0214252 0.99974
v -2.68383 18.6044 -0.696832 0.260998 0.471379 0.354428
vn -0.0103843 0.0225026 0.999693
v -2.72174 20.0371 -0.734992 0.250803 0.462155 0.352972
vn -0.0196379 0.0337382 0.999238
v -2.72999 22.2441 -0.833279 0.224544 0.438397 0.349221
vn -0.0518168 0.100337 0.993603
v -2.47783 -26.6217 0.9016 0.688041 0.857751 0.415434
vn -0.0548424 -0.0318197 0.997988
v -2.56206 -26.5749 0.89838 0.68718 0.856973 0.415311
vn -0.0522734 -0.0253931 0.99831
v -2.51946 -22.7268 0.743885 0.645905 0.819628 0.409415
vn -0.053885 -0.0323067 0.998024
v -2.49148 -19.8235 0.631076 0.615766 0.79236 0.405109
vn -0.0574857 -0.0411754 0.997497
v -2.50938 -16.4996 0.564727 0.59804 0.776322 0.402577
vn -0.0383138 0.0588449 0.997532
v -2.50403 -14.321 0.434214 0.563172 0.744775 0.397596
vn -0.0327357 0.0555775 0.997918
v -2.49376 -11.43 0.360053 0.543359 0.726848 0.394766
vn -0.0445559 0.0533099 0.997583
v -2.58412 -11.3899 0.356088 0.5423 0.72589 0.394614
vn -0.0297414 0.0496495 0.998324
v -2.50784 -9.02041 0.230792 0.508825 0.695603 0.389832
vn -0.0476362 0.0567143 0.997253
v -2.45667 -6.26722 0.132689 0.482615 0.67189 0.386088
vn 0 0 0
v -2.55948 -6.19781 0.126234 0.480891 0.67033 0.385842
vn 0 0 0
v -2.56784 -2.64321 -0.0181178 0.442325 0.635437 0.380332
vn -0.0974803 0.0203827 0.995029
v -2.59794 0.101788 -0.120796 0.414893 0.610618 0.376413
vn -0.0376872 0.0391699 0.998522
v -2.52371 0.278221 -0.125774 0.413563 0.609415 0.376223
vn -0.0339811 0.0410998 0.998577
v -2.43404 0.467215 -0.131472 0.412041 0.608037 0.376006
vn -0.03327 0.0355335 0.998815
v -2.5377 3.5509 -0.230433 0.385603 0.584117 0.372229
vn -0.0306066 0.0353495 0.998906
v -2.44897 3.60619 -0.228071 0.386233 0.584687 0.372319
vn -0.035507 0.0312237 0.998882
v -2.50069 6.0847 -0.324187 0.360555 0.561454 0.368651
vn -0.0165675 0.0356931 0.999225
v -2.50453 8.27024 -0.385257 0.344239 0.546693 0.36632
vn -0.0338942 0.0326451 0.998892
v -2.50342 10.6395 -0.495425 0.314806 0.520063 0.362115
vn -0.0289595 0.0335377 0.999018
v -2.50315 12.2934 -0.500898 0.313344 0.51874 0.361906
vn -0.0271365 0.0313143 0.999141
v -2.51221 14.624 -0.61703 0.282318 0.490669 0.357474
vn -0.0317551 0.0422727 0.998601
v -2.52662 16.4524 -0.655578 0.272019 0.481351 0.356003
vn -0.0231865 0.0182401 0.999565
v -2.50332 18.6957 -0.697188 0.260902 0.471293 0.354415
vn -0.00887253 0.024333 0.999665
v -2.56689 20.1291 -0.736524 0.250393 0.461784 0.352913
vn -0.0151064 0.0358094 0.999244
v -2.46557 20.2028 -0.739027 0.249725 0.46118 0.352818
vn -0.0244764 0.0432203 0.998766
v -2.48993 22.303 -0.826805 0.226274 0.439962 0.349468
vn -0.030064 0.0416659 0.998679
v -2.30307 -26.6681 0.909508 0.690153 0.859662 0.415736
vn -0.052554 -0.0278156 0.998231
v -2.29777 -22.7887 0.75385 0.648567 0.822037 0.409795
vn -0.0542317 -0.0359613 0.997881
v -2.29742 -19.8585 0.640816 0.618369 0.794714 0.405481
vn -0.0574857 -0.0411754 0.997497
v -2.28164 -16.553 0.576204 0.601106 0.779096 0.403015
vn -0.0317833 0.0592511 0.997737
v -2.28623 -14.3759 0.44564 0.566224 0.747536 0.398032
vn -0.0412454 0.0596792 0.997365
v -2.29705 -11.4961 0.370449 0.546136 0.729361 0.395162
vn 0 0 0
v -2.27935 -9.10199 0.245761 0.512824 0.699222 0.390403
vn -0.043659 0.0548763 0.997538
v -2.22652 -6.40797 0.147476 0.486566 0.675464 0.386652
vn 0 0 0
v -2.34507 -6.32959 0.141437 0.484953 0.674005 0.386422
vn 0 0 0
v -2.23825 -3.20737 0.0251723 0.453891 0.645901 0.381984
vn -0.0615055 0.0242739 0.997812
v -2.29473 -3.12982 0.017772 0.451914 0.644112 0.381702
vn -0.128581 0.00097716 0.991699
v -2.38139 0.560665 -0.13258 0.411745 0.607769 0.375964
vn -0.0351788 0.0351799 0.998762
v -2.29238 0.708843 -0.135587 0.410942 0.607043 0.375849
vn -0.0357651 0.0300112 0.99891
v -2.30675 3.69763 -0.22633 0.386699 0.585108 0.372386
vn -0.0284721 0.0363651 0.998933
v -2.34924 6.16768 -0.324584 0.360449 0.561358 0.368636
vn -0.0192452 0.0410506 0.998972
v -2.25997 6.22433 -0.326982 0.359808 0.560779 0.368544
vn -0.00644464 0.0329832 0.999435
v -2.28523 8.35323 -0.381087 0.345353 0.5477 0.366479
vn -0.0328322 0.0412158 0.998611
v -2.29272 10.7214 -0.493158 0.315412 0.520611 0.362202
vn -0.0268071 0.0292141 0.999214
v -2.28482 12.3678 -0.497211 0.314329 0.519631 0.362047
vn -0.0291926 0.032015 0.999061
v -2.29908 14.705 -0.614876 0.282893 0.491189 0.357556
vn -0.0263726 0.032256 0.999132
v -2.28823 16.5439 -0.653166 0.272664 0.481934 0.356095
vn -0.0140091 0.0185343 0.99973
v -2.35857 18.7719 -0.697885 0.260716 0.471124 0.354388
vn -0.0149172 0.0216319 0.999655
v -2.22431 18.8281 -0.696983 0.260957 0.471342 0.354422
vn -0.0148485 0.0214441 0.99966
v -2.30053 20.2484 -0.735212 0.250744 0.462102 0.352963
vn -0.0279675 0.035042 0.998994
v -2.29047 22.3743 -0.823816 0.227072 0.440684 0.349582
vn -0.0505129 0.101052 0.993598
v -2.06841 -26.7483 0.919538 0.692833 0.862087 0.416119
vn -0.0542926 -0.0344871 0.997929
v -2.07133 -22.8106 0.765366 0.651644 0.82482 0.410235
vn -0.0542317 -0.0359613 0.997881
v -2.10925 -19.8871 0.65033 0.62091 0.797014 0.405844
vn 0 0 0
v -2.00831 -16.6341 0.588424 0.604371 0.78205 0.403482
vn -0.0616007 -0.0627793 0.996125
v -2.1396 -16.5912 0.582875 0.602889 0.780709 0.40327
vn -0.0332877 0.0608045 0.997594
v -2.0716 -14.4371 0.455854 0.568953 0.750006 0.398422
vn -0.0284575 0.0587144 0.997869
v -2.10383 -11.5573 0.380425 0.548802 0.731773 0.395543
vn 0 0 0
v -2.06322 -9.17067 0.259854 0.516589 0.702628 0.390941
vn -0.043135 0.054156 0.9976
v -2.08486 -6.48709 0.156355 0.488938 0.677611 0.386991
vn 0 0 0
v -2.05428 -3.47634 0.0368067 0.456999 0.648714 0.382428
vn -0.276856 -0.154904 0.948343
v -2.16274 -3.32619 0.0296676 0.455092 0.646988 0.382156
vn -0.232815 -0.117483 0.965399
v -2.1556 0.904591 -0.137195 0.410512 0.606654 0.375787
vn -0.0345176 0.029447 0.99897
v -2.02996 1.05583 -0.135418 0.410987 0.607084 0.375855
vn -0.0364626 0.0368531 0.998655
v -2.07619 3.84443 -0.225851 0.386827 0.585224 0.372404
vn -0.03037 0.0353712 0.998913
v -2.09746 6.29714 -0.325008 0.360335 0.561256 0.368619
vn -0.0249191 0.0352934 0.999066
v -2.16007 8.38906 -0.376821 0.346493 0.548732 0.366642
vn -0.0281505 0.0249502 0.999292
v -2.09608 8.41873 -0.37696 0.346456 0.548698 0.366637
vn -0.0296081 0.0395405 0.998779
v -2.10988 10.784 -0.490172 0.31621 0.521333 0.362316
vn -0.0250693 0.0260373 0.999347
v -2.00954 10.8266 -0.490088 0.316232 0.521353 0.362319
vn -0.0117715 0.00403894 0.999923
v -2.07824 12.4394 -0.49427 0.315115 0.520342 0.362159
vn -0.0290194 0.0377335 0.998866
v -2.08239 14.7684 -0.610397 0.28409 0.492272 0.357727
vn -0.0339317 0.0368836 0.998743
v -2.06093 16.641 -0.652352 0.272881 0.482131 0.356126
vn -0.0145435 0.0195949 0.999702
v -2.07121 18.894 -0.696236 0.261157 0.471523 0.354451
vn -0.0159277 0.0217454 0.999637
v -2.1334 20.2811 -0.72997 0.252144 0.463369 0.353163
vn -0.0234594 0.0243244 0.999429
v -2.10444 22.389 -0.815858 0.229198 0.442608 0.349885
vn -0.0332601 0.0394464 0.998668
v -2.0226 22.4026 -0.813103 0.229934 0.443274 0.349991
vn -0.0280062 0.0390244 0.998846
v -1.87694 -26.8174 0.927517 0.694964 0.864015 0.416423
vn -0.04963 -0.0242303 0.998474
v -1.90655 -22.8511 0.772716 0.653607 0.826597 0.410515
vn -0.0548027 -0.0419963 0.997614
v -1.89513 -19.9373 0.660095 0.623519 0.799374 0.406217
vn 0 0 0
v -1.87287 -16.6537 0.595563 0.606279 0.783776 0.403754
vn -0.0328972 0.0598167 0.997667
v -1.87233 -14.4978 0.464618 0.571295 0.752124 0.398756
vn -0.0298459 0.059722 0.997769
v -1.89444 -11.6136 0.391738 0.551824 0.734507 0.395975
vn 0 0 0
v -1.8968 -9.22914 0.269104 0.51906 0.704864 0.391294
vn -0.0398356 0.0524332 0.99783
v -1.93354 -6.5767 0.16354 0.490858 0.679347 0.387265
vn 0 0 0
v -1.88012 -3.67696 0.0507429 0.460722 0.652082 0.38296
vn -0.252215 -0.178924 0.950986
v -1.95003 -3.58553 0.0494049 0.460365 0.651759 0.382909
vn -0.062797 0.0115428 0.99796
v -1.95895 1.15233 -0.14049 0.409632 0.605858 0.375662
vn -0.0375277 0.0249108 0.998985
v -1.8797 1.2284 -0.137139 0.410527 0.606668 0.37579
vn -0.0397924 0.0223348 0.998958
v -1.93481 3.91843 -0.222653 0.387681 0.585997 0.372526
vn -0.0380387 0.0308116 0.998801
v -1.94718 6.35781 -0.322374 0.361039 0.561893 0.36872
vn -0.031991 0.0307453 0.999015
v -1.80255 6.40649 -0.318111 0.362178 0.562923 0.368883
vn -0.0383579 0.0344999 0.998668
v -1.93054 8.4951 -0.377602 0.346284 0.548543 0.366612
vn -0.026542 0.0413686 0.998791
v -1.90781 10.8577 -0.488091 0.316766 0.521836 0.362395
vn -0.0330449 0.0295714 0.999016
v -1.92699 12.4813 -0.490772 0.316049 0.521187 0.362293
vn -0.0312484 0.0240809 0.999222
v -1.86286 14.836 -0.606635 0.285095 0.493181 0.357871
vn -0.0137123 0.0286987 0.999494
v -1.86727 16.7176 -0.651112 0.273212 0.48243 0.356173
vn -0.0149796 0.0226041 0.999632
v -1.88647 18.9688 -0.694913 0.26151 0.471843 0.354501
vn -0.021005 0.0220026 0.999537
v -1.99083 20.3597 -0.731006 0.251868 0.463118 0.353124
vn -0.0248537 0.0400101 0.99889
v -1.88179 20.4051 -0.730269 0.252065 0.463296 0.353152
vn -0.0224181 0.0360787 0.999097
v -1.90155 22.4582 -0.812685 0.230046 0.443375 0.350007
vn -0.0267217 0.0407418 0.998812
v -1.74735 -26.88 0.932438 0.696279 0.865205 0.416611
vn -0.0514765 -0.0284686 0.998268
v -1.73882 -22.8934 0.780034 0.655563 0.828366 0.410795
vn 0 0 0
v -1.7302 -19.9672 0.667873 0.625597 0.801254 0.406514
vn -0.0558721 -0.053004 0.99703
v -1.73596 -16.7058 0.600616 0.607629 0.784997 0.403947
vn -0.0598465 -0.0606925 0.996361
v -1.70781 -14.5454 0.471751 0.573201 0.753848 0.399029
vn -0.0308369 0.0605889 0.997686
v -1.72932 -11.6501 0.400967 0.55429 0.736738 0.396327
vn 0 0 0
v -1.7247 -9.26765 0.281062 0.522255 0.707755 0.391751
vn -0.0566102 0.0565469 0.996794
v -1.72933 -6.66741 0.177249 0.49452 0.682661 0.387789
vn 0 0 0
v -1.68009 -3.87193 0.0661345 0.464834 0.655803 0.383548
vn -0.19582 -0.127769 0.97228
v -1.79395 -3.76972 0.0561449 0.462166 0.653388 0.383167
vn -0.227876 -0.15794 0.960795
v -1.77039 1.33506 -0.135625 0.410932 0.607034 0.375847
vn -0.0376308 0.0250358 0.998978
v -1.67998 1.41724 -0.134348 0.411273 0.607342 0.375896
vn -0.0337385 0.03247 0.998903
v -1.79569 3.98325 -0.218324 0.388837 0.587043 0.372691
vn -0.0333802 0.0329938 0.998898
v -1.71884 4.02027 -0.216852 0.389231 0.587399 0.372747
vn -0.0306208 0.0364675 0.998866
v -1.71786 6.43904 -0.316876 0.362508 0.563221 0.36893
vn -0.0309307 0.0331961 0.99897
v -1.73018 8.56407 -0.37446 0.347124 0.549302 0.366732
vn -0.0301219 0.0400341 0.998744
v -1.60514 8.60128 -0.371668 0.34787 0.549977 0.366839
vn -0.0389011 0.0331727 0.998692
v -1.69295 10.9079 -0.481676 0.31848 0.523386 0.36264
vn -0.0325499 0.0258036 0.999137
v -1.738 12.528 -0.485831 0.317369 0.522382 0.362481
vn -0.0368256 0.0328935 0.99878
v -1.70994 14.9241 -0.609745 0.284264 0.492429 0.357752
vn -0.0163062 0.0233248 0.999595
v -1.7637 16.7754 -0.652606 0.272813 0.482069 0.356116
vn -0.00713756 0.0212038 0.99975
v -1.67142 16.8017 -0.650861 0.273279 0.482491 0.356183
vn -0.0157508 0.0216021 0.999643
v -1.78287 18.9978 -0.692767 0.262084 0.472361 0.354583
vn -0.0252017 0.0182717 0.999515
v -1.67945 19.0302 -0.691055 0.262541 0.472775 0.354649
vn -0.028899 0.0180131 0.99942
v -1.71714 20.47 -0.728851 0.252443 0.463639 0.353206
vn -0.0296852 0.0347757 0.998954
v -1.72585 22.5158 -0.809785 0.230821 0.444076 0.350117
vn -0.0321214 0.038171 0.998755
v -1.50541 -26.9597 0.942461 0.698957 0.867628 0.416994
vn -0.0502172 -0.0309334 0.998259
v -1.51819 -22.9669 0.788833 0.657913 0.830493 0.41113
vn 0 0 0
v -1.44339 -20.0438 0.679869 0.628802 0.804154 0.406972
vn -0.0543192 -0.0487786 0.997331
v -1.56957 -19.9971 0.675281 0.627576 0.803045 0.406797
vn -0.0543192 -0.0487786 0.997331
v -1.50142 -16.7384 0.612517 0.610808 0.787874 0.404401
vn -0.0372759 0.0601322 0.997494
v -1.52283 -14.5837 0.480676 0.575585 0.756005 0.399369
vn -0.0339116 0.0611825 0.99755
v -1.49099 -11.7253 0.411132 0.557005 0.739195 0.396715
vn 0 0 0
v -1.54068 -9.31809 0.291711 0.5251 0.710329 0.392157
vn 0 0 0
v -1.49627 -6.76625 0.191175 0.498241 0.686027 0.38832
vn 0 0 0
v -1.47968 -4.03736 0.0814802 0.468934 0.659512 0.384133
vn -0.168248 -0.144531 0.975091
v -1.56793 -3.96351 0.0761992 0.467523 0.658235 0.383932
vn -0.0687728 -0.000904785 0.997632
v -1.53299 1.54577 -0.134489 0.411235 0.607308 0.375891
vn -0.0315627 0.0289693 0.999082
v -1.44655 1.61381 -0.133661 0.411457 0.607508 0.375922
vn -0.0310029 0.0362277 0.998863
v -1.51975 4.11127 -0.213214 0.390203 0.588279 0.372886
vn -0.0282794 0.035913 0.998955
v -1.48862 6.52004 -0.312876 0.363577 0.564189 0.369082
vn -0.033371 0.0328893 0.998902
v -1.51227 8.62775 -0.369583 0.348427 0.550481 0.366918
vn -0.0374489 0.0409281 0.99846
v -1.50242 10.9547 -0.476746 0.319797 0.524578 0.362828
vn -0.0375073 0.023508 0.99902
v -1.49477 12.5664 -0.47662 0.31983 0.524608 0.362833
vn -0.0377306 0.0176921 0.999131
v -1.51402 14.9632 -0.603938 0.285815 0.493833 0.357974
vn -0.0256415 0.0239134 0.999385
v -1.50273 16.857 -0.648668 0.273865 0.483021 0.356266
vn -0.0227397 0.0212268 0.999516
v -1.52418 19.0807 -0.688776 0.26315 0.473326 0.354736
vn -0.0245518 0.025985 0.999361
v -1.50212 20.5549 -0.727124 0.252905 0.464057 0.353272
vn -0.0284319 0.0342684 0.999008
v -1.50185 22.5766 -0.804914 0.232122 0.445253 0.350303
vn -0.0336939 0.0383901 0.998695
v -1.25972 -27.0034 0.953447 0.701892 0.870283 0.417413
vn -0.0501614 -0.0310086 0.99826
v -1.3531 -26.9802 0.949465 0.700828 0.869321 0.417261
vn -0.0490386 -0.0234828 0.998521
v -1.29505 -23.0233 0.798212 0.660419 0.83276 0.411488
vn 0 0 0
v -1.27873 -20.0782 0.687029 0.630715 0.805885 0.407245
vn -0.0525908 -0.0440782 0.997643
v -1.26664 -16.7815 0.623389 0.613712 0.790502 0.404816
vn -0.0454181 0.0589577 0.997227
v -1.29425 -14.631 0.491268 0.578415 0.758566 0.399774
vn -0.0368375 0.0605585 0.997485
v -1.29684 -11.771 0.420461 0.559498 0.74145 0.397071
vn 0 0 0
v -1.30072 -9.3832 0.304369 0.528482 0.713389 0.39264
vn 0 0 0
v -1.29837 -6.83472 0.204032 0.501676 0.689135 0.388811
vn 0 0 0
v -1.23995 -4.2088 0.0974348 0.473197 0.663369 0.384742
vn -0.0883629 -0.0354091 0.995459
v -1.3596 -4.13586 0.0865997 0.470302 0.660749 0.384329
vn -0.218099 -0.216426 0.951626
v -1.3147 1.71297 -0.133996 0.411367 0.607427 0.37591
vn -0.0262799 0.0349173 0.999045
v -1.34258 4.19166 -0.211574 0.390641 0.588675 0.372949
vn -0.0292667 0.0385105 0.99883
v -1.24552 4.22498 -0.208202 0.391542 0.58949 0.373077
vn -0.0420184 0.0348257 0.99851
v -1.28663 6.57335 -0.306241 0.365349 0.565792 0.369336
vn -0.0373015 0.0326716 0.99877
v -1.28909 8.66908 -0.360757 0.350785 0.552615 0.367255
vn -0.0425943 0.0363159 0.998432
v -1.28906 10.9837 -0.467756 0.322198 0.526751 0.363171
vn -0.0411418 0.0260217 0.998814
v -1.2859 12.6144 -0.471369 0.321233 0.525878 0.363033
vn -0.0287691 0.00213578 0.999584
v -1.3731 14.9784 -0.598132 0.287367 0.495237 0.358195
vn -0.0546313 0.13188 0.989759
v -1.26451 15.0279 -0.598893 0.287163 0.495053 0.358166
vn -0.0246067 0.0244237 0.999399
v -1.30238 16.9142 -0.645168 0.2748 0.483867 0.3564
vn -0.023742 0.0202875 0.999512
v -1.27981 19.1038 -0.678955 0.265774 0.4757 0.355111
vn -0.0331341 0.0192179 0.999266
v -1.37043 20.5999 -0.725377 0.253372 0.464479 0.353339
vn -0.0287083 0.0368812 0.998907
v -1.25721 20.6202 -0.721953 0.254286 0.465307 0.353469
vn -0.0353889 0.0344274 0.99878
v -1.27684 22.6352 -0.7999 0.233462 0.446465 0.350495
vn -0.035875 0.0381802 0.998627
v -1.13078 -27.0387 0.958819 0.703327 0.871582 0.417618
vn -0.0502426 -0.0320927 0.998221
v -1.06658 -23.0837 0.807513 0.662904 0.835008 0.411843
vn -0.0505847 -0.0425034 0.997815
v -1.0719 -20.1458 0.694634 0.632747 0.807723 0.407535
vn -0.0505929 -0.0451739 0.997697
v -1.07766 -16.7789 0.63422 0.616606 0.79312 0.405229
vn -0.055975 0.0585076 0.996716
v -1.07017 -14.6506 0.503362 0.581646 0.761489 0.400235
vn -0.0520251 0.0605125 0.996811
v -1.07691 -11.821 0.430527 0.562187 0.743883 0.397455
vn 0 0 0
v -1.10245 -9.4188 0.316528 0.531731 0.716328 0.393104
vn 0 0 0
v -1.08904 -6.90229 0.216522 0.505013 0.692154 0.389288
vn 0 0 0
v -1.07891 -4.3089 0.107077 0.475773 0.665699 0.38511
vn -0.143108 -0.150133 0.978254
v -1.07996 1.86216 -0.130542 0.41229 0.608262 0.376041
vn -0.0310378 0.0352372 0.998897
v -1.07729 4.2793 -0.202635 0.393029 0.590836 0.37329
vn -0.0403748 0.0328568 0.998644
v -1.06741 6.61352 -0.296055 0.368071 0.568254 0.369724
vn -0.048419 0.0298901 0.99838
v -1.0834 8.7107 -0.35399 0.352592 0.55425 0.367513
vn -0.0394629 0.040939 0.998382
v -1.07865 11.0165 -0.460071 0.324251 0.528608 0.363464
vn -0.0349393 0.0308719 0.998912
v -1.07983 12.6329 -0.462162 0.323693 0.528103 0.363385
vn -0.0337043 0.000430547 0.999432
v -1.09481 15.0493 -0.592589 0.288848 0.496576 0.358407
vn -0.033187 0.0254542 0.999125
v -1.07065 16.9691 -0.639957 0.276193 0.485127 0.356599
vn -0.0304594 0.0200466 0.999335
v -1.06717 19.1222 -0.670388 0.268063 0.477771 0.355438
vn -0.0364841 0.0214556 0.999104
v -1.08893 20.6484 -0.716722 0.255684 0.466571 0.353669
vn -0.0351091 0.0340409 0.998804
v -1.06973 22.6623 -0.792665 0.235394 0.448214 0.350771
vn -0.0395557 0.0378387 0.998501
v -0.908252 -27.1046 0.967852 0.705741 0.873765 0.417963
vn -0.0461959 -0.0224212 0.998681
v -0.894542 -23.1098 0.815123 0.664937 0.836848 0.412134
vn -0.0495452 -0.0390137 0.99801
v -0.896582 -20.2032 0.70091 0.634423 0.80924 0.407775
vn -0.0507761 -0.0467616 0.997615
v -0.955305 -20.1863 0.698715 0.633837 0.80871 0.407691
vn -0.0506429 -0.0456073 0.997675
v -0.900099 -16.8294 0.640803 0.618365 0.794711 0.405481
vn -0.0304875 0.0525829 0.998151
v -0.902885 -14.6334 0.514723 0.584681 0.764235 0.400669
vn -0.0738734 0.0601368 0.995453
v -0.910843 -11.8439 0.439305 0.564532 0.746005 0.39779
vn 0 0 0
v -0.947771 -9.44828 0.325042 0.534005 0.718386 0.393429
vn 0 0 0
v -0.857165 -6.97376 0.228443 0.508198 0.695036 0.389743
vn 0 0 0
v -0.85785 -4.42333 0.121696 0.479679 0.669233 0.385668
vn -0.179541 -0.224481 0.957796
v -0.980587 -4.38271 0.106399 0.475592 0.665535 0.385085
vn -0.212877 -0.292128 0.932387
v -0.945146 1.94016 -0.129675 0.412521 0.608472 0.376074
vn -0.0315177 0.0346039 0.998904
v -0.826164 2.0029 -0.128652 0.412795 0.608719 0.376114
vn -0.0301049 0.0335444 0.998984
v -0.884738 4.3447 -0.199032 0.393992 0.591707 0.373427
vn -0.0375417 0.0369893 0.99861
v -0.90323 6.64065 -0.288491 0.370091 0.570083 0.370013
vn -0.0427857 0.0345309 0.998487
v -0.903827 8.75064 -0.349402 0.353818 0.555359 0.367688
vn -0.0386437 0.0377824 0.998539
v -0.900777 11.0666 -0.457721 0.324879 0.529177 0.363554
vn -0.0364596 0.00126623 0.999334
v -0.86547 12.6791 -0.457021 0.325066 0.529346 0.363581
vn -0.0268242 0.00166509 0.999639
v -0.887588 15.0976 -0.588148 0.290034 0.49765 0.358576
vn -0.0291562 0.0256792 0.999245
v -0.881266 17.0234 -0.637056 0.276968 0.485828 0.35671
vn -0.036391 0.0144444 0.999233
v -0.855635 19.1552 -0.663697 0.26985 0.479388 0.355693
vn -0.0401 0.0184435 0.999025
v -0.861449 20.6967 -0.710863 0.257249 0.467987 0.353893
vn -0.038012 0.0358582 0.998634
v -0.84307 22.7139 -0.7871 0.236881 0.449559 0.350983
vn -0.0340739 0.0394389 0.998641
v -0.688839 -27.2057 0.975689 0.707834 0.87566 0.418262
vn -0.049396 -0.0304067 0.998316
v -0.731393 -23.1588 0.821309 0.66659 0.838343 0.41237
vn -0.0495452 -0.0390137 0.99801
v -0.743545 -20.2112 0.708325 0.636404 0.811033 0.408058
vn -0.0506429 -0.0456073 0.997675
v -0.691463 -16.8585 0.650204 0.620877 0.796984 0.40584
vn -0.0470974 0.0538612 0.997437
v -0.735118 -14.6141 0.526016 0.587698 0.766965 0.4011
vn -0.0476402 0.0540971 0.997399
v -0.743744 -11.8752 0.446757 0.566523 0.747806 0.398075
vn 0 0 0
v -0.744575 -9.48316 0.335947 0.536918 0.721021 0.393845
vn 0 0 0
v -0.723601 -7.01822 0.233355 0.50951 0.696223 0.38993
vn 0 0 0
v -0.716752 -4.48189 0.13261 0.482594 0.671871 0.386085
vn -0.0552573 0.0137007 0.998378
v -0.730681 2.05196 -0.129241 0.412637 0.608577 0.376091
vn -0.0275148 0.0327756 0.999084
v -0.685941 4.39728 -0.192609 0.395708 0.593259 0.373673
vn -0.0328412 0.0345684 0.998863
v -0.609943 4.42312 -0.192526 0.39573 0.593279 0.373676
vn -0.0464644 0.0381319 0.998192
v -0.741279 6.6774 -0.284191 0.37124 0.571122 0.370177
vn -0.0403059 0.0317025 0.998684
v -0.679545 8.79447 -0.343114 0.355498 0.556879 0.367928
vn -0.0400197 0.0385828 0.998454
v -0.738845 11.0742 -0.449458 0.327087 0.531174 0.36387
vn -0.0405727 0.0341099 0.998594
v -0.734295 12.7005 -0.453003 0.32614 0.530317 0.363734
vn -0.030826 0.00151729 0.999524
v -0.730564 15.1036 -0.580767 0.292006 0.499434 0.358858
vn -0.0516727 0.13507 0.989488
v -0.722815 17.0112 -0.627561 0.279504 0.488123 0.357072
vn -0.0372227 0.0243661 0.99901
v -0.69656 19.1767 -0.658373 0.271272 0.480675 0.355896
vn -0.0377679 0.0306014 0.998818
v -0.691748 20.697 -0.702752 0.259416 0.469948 0.354202
vn -0.0405195 0.0343666 0.998588
v -0.67928 22.7417 -0.782201 0.23819 0.450744 0.35117
vn -0.0368025 0.0383134 0.998588
v -0.510793 -27.2444 0.983078 0.709808 0.877446 0.418544
vn -0.0459746 -0.0225216 0.998689
v -0.480808 -23.2054 0.831706 0.669367 0.840856 0.412767
vn 0 0 0
v -0.595069 -23.1811 0.827112 0.66814 0.839746 0.412591
vn -0.0481113 -0.0342027 0.998256
v -0.52617 -20.2441 0.717599 0.638882 0.813274 0.408412
vn 0 0 0
v -0.52867 -16.8718 0.657906 0.622934 0.798845 0.406133
vn -0.0373133 0.0517815 0.997961
v -0.531753 -14.5747 0.540683 0.591617 0.77051 0.40166
vn -0.054752 -0.087406 0.994667
v -0.51959 -11.8914 0.459011 0.569797 0.750768 0.398542
vn 0 0 0
v -0.513711 -9.52685 0.346486 0.539734 0.723569 0.394248
vn 0 0 0
v -0.506359 -7.05772 0.246869 0.51312 0.69949 0.390446
vn 0 0 0
v -0.518013 -4.56655 0.141579 0.48499 0.674039 0.386427
vn -0.0797643 -0.0819994 0.993435
v -0.538738 2.13401 -0.126724 0.41331 0.609185 0.376187
vn -0.0380515 0.0275175 0.998897
v -0.516662 4.44231 -0.188925 0.396692 0.59415 0.373813
vn -0.0385117 0.0329892 0.998713
v -0.520982 6.70655 -0.274358 0.373867 0.573499 0.370552
vn -0.0397866 0.0335936 0.998643
v -0.52298 8.80708 -0.335689 0.357482 0.558674 0.368212
vn -0.0460835 0.0372783 0.998242
v -0.529311 11.1209 -0.445405 0.32817 0.532153 0.364024
vn -0.0320537 0.0149275 0.999375
v -0.51917 12.7431 -0.447887 0.327507 0.531554 0.36393
vn -0.0300113 0.00274526 0.999546
v -0.534154 15.1566 -0.577964 0.292755 0.500112 0.358965
vn -0.0363039 0.0239194 0.999054
v -0.533316 17.0418 -0.621992 0.280992 0.489469 0.357285
vn -0.0444169 0.0162627 0.998881
v -0.588683 19.1637 -0.651692 0.273057 0.48229 0.356151
vn -0.0378084 0.0158341 0.99916
v -0.484243 19.2079 -0.651706 0.273054 0.482287 0.356151
vn -0.035502 0.0298957 0.998922
v -0.521013 20.711 -0.696148 0.26118 0.471544 0.354454
vn -0.0345571 0.0329261 0.99886
v -0.515101 22.7665 -0.777031 0.239571 0.451993 0.351367
vn -0.0396194 0.0386766 0.998466
v -0.330663 -27.2999 0.990037 0.711668 0.879128 0.41881
vn -0.0460008 -0.0247222 0.998635
v -0.311341 -23.2505 0.838083 0.671071 0.842397 0.41301
vn 0 0 0
v -0.299262 -20.3056 0.725694 0.641045 0.815231 0.408721
vn 0 0 0
v -0.330201 -16.9037 0.666057 0.625112 0.800816 0.406445
vn -0.0339883 0.0506877 0.998136
v -0.298859 -14.619 0.54961 0.594002 0.772668 0.402
vn -0.0465275 0.0509923 0.997615
v -0.379931 -14.5851 0.548114 0.593602 0.772306 0.401943
vn -0.0527602 -0.0821442 0.995223
v -0.296702 -11.9054 0.470704 0.572921 0.753595 0.398989
vn -0.0345065 0.052287 0.998036
v -0.301108 -9.57583 0.353679 0.541656 0.725308 0.394522
vn 0 0 0
v -0.289359 -7.10865 0.255438 0.51541 0.701561 0.390773
vn 0 0 0
v -0.30632 -4.63615 0.152832 0.487997 0.676759 0.386857
vn -0.0664065 -0.0460254 0.996731
v -0.359013 2.18585 -0.117121 0.415875 0.611506 0.376554
vn -0.0452849 0.0295834 0.998536
v -0.252782 2.21503 -0.112999 0.416976 0.612502 0.376711
vn -0.0368607 0.0335598 0.998757
v -0.305801 4.48364 -0.181779 0.398601 0.595877 0.374086
vn -0.040362 0.0337975 0.998613
v -0.292387 6.74371 -0.267128 0.375799 0.575247 0.370828
vn -0.0435471 0.0322277 0.998531
v -0.29731 8.83142 -0.326848 0.359844 0.560811 0.368549
vn -0.041614 0.0333572 0.998577
v -0.297706 11.1454 -0.43685 0.330455 0.534222 0.364351
vn -0.0343349 0.0140555 0.999312
v -0.312927 12.7657 -0.440531 0.329472 0.533332 0.36421
vn -0.0320935 0.00186642 0.999483
v -0.307138 15.1798 -0.569793 0.294938 0.502087 0.359277
vn -0.0403572 0.0226887 0.998928
v -0.295501 17.042 -0.610459 0.284073 0.492257 0.357725
vn -0.0467222 0.0178879 0.998748
v -0.295175 19.2466 -0.647155 0.27427 0.483387 0.356324
vn -0.0345958 0.0210288 0.99918
v -0.293131 20.7772 -0.692594 0.26213 0.472403 0.35459
vn -0.0373481 0.0391812 0.998534
v -0.348063 22.7782 -0.770469 0.241324 0.453579 0.351618
vn -0.0389128 0.0392807 0.99847
v -0.220185 22.8313 -0.76999 0.241453 0.453695 0.351636
vn -0.0458818 0.101483 0.993779
v -0.0774312 -27.3413 1.00062 0.714496 0.881687 0.419214
vn -0.0453392 -0.0274936 0.998593
v -0.0817845 -23.3055 0.846786 0.673396 0.844501 0.413342
vn 0 0 0
v -0.0863958 -20.3625 0.733093 0.643022 0.81702 0.409003
vn 0 0 0
v -0.0951439 -16.9329 0.675904 0.627743 0.803196 0.40682
vn -0.0265588 0.0511522 0.998338
v -0.0888154 -14.6249 0.560023 0.596784 0.775185 0.402398
vn -0.0340371 0.0486517 0.998236
v -0.0739184 -11.9285 0.480644 0.575576 0.755998 0.399368
vn -0.0462482 0.0535219 0.997495
v -0.0691222 -9.62879 0.360326 0.543432 0.726914 0.394776
vn -0.0280115 0.0512021 0.998295
v -0.0876392 -7.13622 0.26596 0.51822 0.704104 0.391174
vn 0 0 0
v -0.087204 -4.69227 0.164476 0.491108 0.679574 0.387301
vn -0.047345 0.00961647 0.998832
v -0.119397 2.25399 -0.111561 0.417361 0.61285 0.376766
vn -0.0372175 0.0296194 0.998868
v -0.0842648 4.52515 -0.175971 0.400153 0.597281 0.374308
vn -0.0337223 0.0345939 0.998832
v -0.10135 6.75255 -0.25674 0.378574 0.577758 0.371225
vn -0.045278 0.0325716 0.998443
v -0.0803828 8.86862 -0.321864 0.361175 0.562016 0.368739
vn -0.0352104 0.0357103 0.998742
v -0.0787352 11.1763 -0.430603 0.332124 0.535732 0.364589
vn -0.0321746 0.00164674 0.999481
v -0.16731 12.7843 -0.435939 0.330699 0.534442 0.364386
vn -0.0298892 0.00231225 0.999551
v -0.0610447 12.8092 -0.434415 0.331106 0.53481 0.364444
vn -0.032602 0.00314684 0.999463
v -0.080981 15.1969 -0.561109 0.297258 0.504186 0.359608
vn -0.040335 0.0214964 0.998955
v -0.0898355 17.0409 -0.600519 0.286729 0.49466 0.358104
vn -0.0362376 0.0187841 0.999167
v -0.0818273 19.2717 -0.640033 0.276172 0.485108 0.356596
vn -0.0421347 0.0287859 0.998697
v -0.101278 20.7768 -0.683674 0.264513 0.474559 0.35493
vn -0.0402297 0.0345229 0.998594
v -0.0971657 22.8555 -0.766831 0.242296 0.454459 0.351757
vn -0.0450856 0.100347 0.99393
v 0.126171 -27.2696 1.01177 0.717473 0.88438 0.419639
vn -0.0457628 -0.0232829 0.998681
v 0.127654 -23.3506 0.854749 0.675524 0.846426 0.413646
vn -0.0448493 -0.0357094 0.998355
v 0.193465 -20.4254 0.743069 0.645687 0.819431 0.409384
vn -0.0456451 -0.0498526 0.997713
v 0.0601183 -20.3917 0.73855 0.644479 0.818339 0.409211
vn -0.04575 -0.0472183 0.997836
v 0.124286 -16.9581 0.684889 0.630143 0.805368 0.407163
vn -0.033938 0.0541666 0.997955
v 0.0859412 -14.6362 0.567866 0.598879 0.777081 0.402697
vn -0.0505825 -0.0925004 0.994427
v 0.0947378 -11.926 0.489958 0.578065 0.758249 0.399724
vn -0.0388506 0.0546041 0.997752
v 0.0838587 -9.65224 0.365821 0.5449 0.728243 0.394986
vn -0.0372314 0.0532232 0.997888
v 0.13316 -7.17185 0.274014 0.520372 0.706051 0.391482
vn 0 0 0
v 0.14076 -4.73719 0.174996 0.493918 0.682117 0.387703
vn -0.039677 0.0325397 0.998683
v 0.135975 2.29895 -0.100228 0.420388 0.61559 0.377198
vn -0.040371 0.0342482 0.998598
v 0.105659 4.55456 -0.170986 0.401485 0.598486 0.374498
vn -0.0377454 0.0332218 0.998735
v 0.141596 6.77606 -0.247827 0.380955 0.579912 0.371565
vn -0.0332358 0.0336963 0.998879
v 0.137801 8.87962 -0.312315 0.363727 0.564324 0.369104
vn -0.044245 0.0286698 0.998609
v 0.134588 11.1945 -0.422949 0.334169 0.537582 0.364881
vn -0.0304791 0.00300826 0.999531
v 0.13424 12.8177 -0.426208 0.333299 0.536794 0.364757
vn -0.0282654 0.0019055 0.999599
v 0.0928841 15.221 -0.55614 0.298585 0.505387 0.359798
vn -0.0278059 0.0215785 0.99938
v 0.0844782 17.0684 -0.595805 0.287988 0.495799 0.358284
vn -0.0324855 0.0178674 0.999312
v 0.117084 19.2511 -0.62855 0.27924 0.487884 0.357034
vn -0.0479508 0.0189155 0.998671
v 0.0680907 20.7593 -0.674028 0.26709 0.476891 0.355299
vn -0.0465304 0.0314292 0.998422
v 0.183752 20.8141 -0.674691 0.266913 0.476731 0.355273
vn -0.0364319 0.0394736 0.998556
v 0.131784 22.8498 -0.755866 0.245226 0.457109 0.352175
vn -0.0368153 0.0398019 0.998529
v 0.305717 -27.3007 1.01903 0.719413 0.886135 0.419916
vn -0.0445519 -0.0261961 0.998664
v 0.285656 -23.3918 0.860372 0.677026 0.847785 0.413861
vn -0.0449046 -0.0375086 0.998287
v 0.32797 -20.4204 0.749476 0.647398 0.820979 0.409628
vn -0.0456451 -0.0498526 0.997713
v 0.344157 -16.9832 0.693569 0.632462 0.807466 0.407495
vn -0.0403975 0.0526021 0.997798
v 0.287323 -14.6904 0.573069 0.600269 0.778338 0.402896
vn -0.0244403 0.0483307 0.998532
v 0.287385 -11.9424 0.497876 0.58018 0.760163 0.400026
vn -0.031366 0.0543761 0.998028
v 0.252187 -9.67694 0.371323 0.54637 0.729573 0.395196
vn -0.0342075 0.0549205 0.997905
v 0.299395 -7.18791 0.281126 0.522272 0.70777 0.391753
vn 0 0 0
v 0.300882 -4.7614 0.181557 0.495671 0.683702 0.387953
vn 0 0 0
v 0.299727 2.32295 -0.0950536 0.421771 0.61684 0.377396
vn -0.0334508 0.0346654 0.998839
v 0.298841 4.57372 -0.164176 0.403304 0.600132 0.374758
vn -0.0405226 0.0330944 0.99863
v 0.306148 6.8028 -0.245231 0.381649 0.58054 0.371664
vn -0.0348013 0.0323147 0.998872
v 0.295021 8.88695 -0.305758 0.365478 0.565909 0.369354
vn -0.0366345 0.0290243 0.998907
v 0.295954 11.2228 -0.419948 0.334971 0.538307 0.364996
vn -0.0290527 0.00280574 0.999574
v 0.317091 12.849 -0.422289 0.334346 0.537741 0.364907
vn -0.0337187 0.00219715 0.999429
v 0.261125 15.2539 -0.552823 0.299472 0.506189 0.359925
vn -0.0313046 0.0210221 0.999289
v 0.259243 17.0951 -0.591119 0.28924 0.496932 0.358463
vn -0.0370631 0.0170707 0.999167
v 0.346792 19.2222 -0.614865 0.282896 0.491192 0.357557
vn -0.0457791 0.0218026 0.998714
v 0.300646 20.8284 -0.670971 0.267907 0.47763 0.355415
vn -0.0409888 0.0395441 0.998377
v 0.278414 22.8647 -0.750804 0.246578 0.458333 0.352368
vn -0.0437927 0.0400521 0.998237
v 0.535247 -27.4148 1.02624 0.721341 0.88788 0.420192
vn -0.0446141 -0.0278764 0.998615
v 0.44404 -27.3742 1.02327 0.720546 0.887161 0.420078
vn -0.0444029 -0.0261867 0.99867
v 0.514054 -23.4405 0.868751 0.679264 0.849811 0.414181
vn -0.0442944 -0.037431 0.998317
v 0.40191 -23.3956 0.86546 0.678385 0.849015 0.414055
vn -0.0438631 -0.0353328 0.998413
v 0.478192 -20.4294 0.755793 0.649086 0.822506 0.409869
vn -0.0453676 -0.05678 0.997355
v 0.507655 -16.9769 0.701412 0.634557 0.809361 0.407794
vn -0.0406428 0.0530677 0.997763
v 0.500381 -14.7511 0.577892 0.601557 0.779504 0.40308
vn -0.0317742 0.0524988 0.998115
v 0.459029 -11.9717 0.502874 0.581515 0.761371 0.400216
vn -0.0338763 0.0541725 0.997957
v 0.467086 -9.68834 0.380536 0.548831 0.7318 0.395547
vn -0.0337519 0.0546399 0.997936
v 0.518963 -7.20082 0.290433 0.524759 0.71002 0.392108
vn 0 0 0
v 0.413621 -7.19559 0.286027 0.523582 0.708955 0.39194
vn 0 0 0
v 0.462858 -4.77931 0.187078 0.497146 0.685037 0.388164
vn -0.0649533 -0.474614 0.877794
v 0.508973 2.34363 -0.0891104 0.423359 0.618277 0.377623
vn -0.0367802 0.0305779 0.998855
v 0.463456 4.58176 -0.157291 0.405143 0.601796 0.37502
vn -0.0384805 0.0333499 0.998703
v 0.473383 6.81304 -0.239245 0.383248 0.581986 0.371893
vn -0.0404919 0.0332717 0.998626
v 0.47018 8.90554 -0.301027 0.366742 0.567053 0.369535
vn -0.0380733 0.0297565 0.998832
v 0.483742 11.225 -0.411579 0.337207 0.54033 0.365315
vn -0.0339317 0.00358077 0.999418
v 0.462121 12.8598 -0.417276 0.335685 0.538953 0.365098
vn -0.0274918 0.00304257 0.999617
v 0.476194 15.266 -0.544686 0.301646 0.508155 0.360235
vn -0.0356986 0.0213525 0.999134
v 0.466361 17.1235 -0.585336 0.290785 0.49833 0.358684
vn -0.037572 0.0162615 0.999162
v 0.508122 19.2063 -0.605855 0.285303 0.49337 0.3579
vn -0.0440257 0.0179255 0.99887
v 0.471765 20.8136 -0.661752 0.27037 0.479858 0.355767
vn -0.0380882 0.0345919 0.998675
v 0.467403 22.8541 -0.741313 0.249114 0.460627 0.352731
vn -0.0395177 0.038848 0.998463
v 0.672595 -27.457 1.03117 0.722657 0.88907 0.42038
vn -0.0445395 -0.0307338 0.998535
v 0.686937 -23.456 0.87577 0.68114 0.851507 0.414449
vn -0.0433336 -0.0367754 0.998384
v 0.677184 -20.4394 0.764098 0.651305 0.824514 0.410186
vn 0 0 0
v 0.67445 -16.9906 0.707917 0.636295 0.810934 0.408042
vn -0.0289888 0.0529033 0.998179
v 0.683677 -14.7598 0.585322 0.603542 0.7813 0.403363
vn -0.0404172 0.0541367 0.997715
v 0.674683 -11.9719 0.512623 0.58412 0.763727 0.400589
vn -0.0370171 0.0545773 0.997823
v 0.681028 -9.70718 0.387483 0.550687 0.733479 0.395812
vn -0.0347439 0.0544641 0.997911
v 0.680949 -7.21095 0.295626 0.526146 0.711275 0.392307
vn 0 0 0
v 0.67592 -4.80657 0.188105 0.497421 0.685285 0.388203
vn -0.0649533 -0.474614 0.877794
v 0.628775 -4.79617 0.190237 0.49799 0.685801 0.388284
vn -0.0649533 -0.474614 0.877794
v 0.7176 2.351 -0.0818702 0.425293 0.620027 0.377899
vn -0.0419528 0.029067 0.998697
v 0.684335 4.58642 -0.14803 0.407617 0.604035 0.375374
vn -0.0452513 0.0335611 0.998412
v 0.695143 6.81366 -0.229179 0.385937 0.58442 0.372277
vn -0.0424561 0.0328987 0.998557
v 0.697753 8.91644 -0.292915 0.36891 0.569013 0.369844
vn -0.0451292 0.0303213 0.998521
v 0.713144 11.2523 -0.40602 0.338692 0.541674 0.365527
vn -0.0309537 0.00302387 0.999516
v 0.714588 12.8912 -0.410817 0.33741 0.540514 0.365344
vn -0.0345898 0.00328413 0.999396
v 0.660635 15.2771 -0.538034 0.303423 0.509763 0.360489
vn -0.0453869 0.0219417 0.998728
v 0.701164 17.1368 -0.576619 0.293114 0.500437 0.359016
vn -0.0443998 0.014093 0.998914
v 0.698535 19.2139 -0.598347 0.287309 0.495184 0.358187
vn -0.0418023 0.0269124 0.998763
v 0.701248 20.8535 -0.655951 0.27192 0.481261 0.355989
vn -0.0383667 0.0373013 0.998567
v 0.673 22.8989 -0.736839 0.250309 0.461708 0.352901
vn -0.0413865 0.0400453 0.99834
v 0.898907 -27.4646 1.0408 0.725229 0.891398 0.420747
vn -0.0430139 -0.0241764 0.998782
v 0.918263 -23.4547 0.885833 0.683828 0.85394 0.414833
vn -0.0429205 -0.0363696 0.998416
v 0.910292 -20.4679 0.772752 0.653617 0.826606 0.410517
vn 0 0 0
v 0.893165 -17.0428 0.713985 0.637917 0.812401 0.408274
vn -0.0240472 0.0503044 0.998444
v 0.904551 -14.7527 0.595345 0.60622 0.783723 0.403746
vn -0.0336925 0.0536643 0.99799
v 0.900565 -11.9972 0.519308 0.585906 0.765344 0.400844
vn -0.0235678 0.0532797 0.998301
v 0.909247 -9.70493 0.397172 0.553276 0.735821 0.396182
vn -0.0332251 0.0542623 0.997974
v 0.906957 -7.21371 0.303656 0.528292 0.713216 0.392613
vn 0 0 0
v 0.885334 2.34605 -0.0748299 0.427174 0.621729 0.378168
vn -0.0361027 0.029783 0.998904
v 0.905004 4.57891 -0.137204 0.41051 0.606652 0.375787
vn -0.0381502 0.0335583 0.998708
v 0.911261 6.82044 -0.222049 0.387842 0.586143 0.372549
vn -0.0396598 0.0322884 0.998691
v 0.909524 8.90127 -0.28104 0.372082 0.571884 0.370297
vn -0.0439181 0.0289656 0.998615
v 0.910847 11.2495 -0.397164 0.341058 0.543814 0.365865
vn -0.0363729 0.00369893 0.999331
v 0.903338 12.9004 -0.404142 0.339194 0.542128 0.365599
vn -0.0398777 0.00297658 0.9992
v 0.908559 15.2509 -0.523751 0.307239 0.513216 0.361034
vn -0.0471817 0.022635 0.99863
v 0.909693 17.1253 -0.566181 0.295903 0.50296 0.359415
vn -0.0464473 0.0167241 0.998781
v 0.862105 19.1942 -0.589004 0.289805 0.497443 0.358544
vn -0.0513473 0.0109384 0.998621
v 0.972649 19.2129 -0.586381 0.290506 0.498077 0.358644
vn -0.0389884 0.035973 0.998592
v 0.892649 20.8614 -0.648501 0.27391 0.483061 0.356273
vn -0.0439113 0.037676 0.998325
v 0.904337 22.9228 -0.729221 0.252345 0.46355 0.353192
vn -0.0427806 0.100689 0.993998
v 1.12731 -27.497 1.04974 0.727619 0.89356 0.421088
vn -0.0426311 -0.0261606 0.998748
v 1.12899 -23.4963 0.893211 0.685799 0.855723 0.415114
vn -0.0426247 -0.0388317 0.998336
v 1.13013 -20.4739 0.781701 0.656008 0.828769 0.410858
vn 0 0 0
v 1.11683 -17.0711 0.721468 0.639916 0.81421 0.408559
vn -0.0261632 0.0525577 0.998275
v 1.13087 -14.7853 0.601791 0.607942 0.785281 0.403992
vn -0.0215188 0.0520919 0.99841
v 1.12746 -12.0086 0.526863 0.587924 0.76717 0.401132
vn 0 0 0
v 1.12294 -9.69584 0.406253 0.555702 0.738016 0.396529
vn 0 0 0
v 1.12079 -7.20819 0.310954 0.530241 0.71498 0.392892
vn 0 0 0
v 1.12699 2.32553 -0.0643318 0.429979 0.624266 0.378568
vn -0.04409 0.0319386 0.998517
v 1.12622 4.57917 -0.13124 0.412103 0.608093 0.376015
vn -0.0333924 0.0323569 0.998918
v 1.11304 6.81258 -0.213009 0.390258 0.588328 0.372894
vn -0.0401671 0.0327851 0.998655
v 1.1198 8.89423 -0.271534 0.374622 0.574182 0.37066
vn -0.0427573 0.0282348 0.998686
v 1.10242 11.2629 -0.391729 0.34251 0.545128 0.366073
vn -0.0407445 0.0018997 0.999168
v 1.136 12.8821 -0.391806 0.342489 0.54511 0.36607
vn -0.0398946 0.00144083 0.999203
v 1.11922 15.2582 -0.515939 0.309326 0.515104 0.361332
vn -0.041597 0.0227319 0.998876
v 1.11751 17.1275 -0.557676 0.298175 0.505016 0.359739
vn -0.038354 0.0154318 0.999145
v 1.07523 19.1792 -0.578186 0.292695 0.500058 0.358956
vn -0.035524 0.0110158 0.999308
v 1.1794 19.2208 -0.57852 0.292606 0.499977 0.358944
vn -0.0141505 0.0188569 0.999722
v 1.10171 20.8275 -0.635889 0.277279 0.48611 0.356754
vn -0.0369617 0.0334653 0.998756
v 1.13495 22.8756 -0.714506 0.256276 0.467107 0.353754
vn -0.046253 0.0392605 0.998158
v 1.27016 -27.5162 1.0553 0.729102 0.894902 0.4213
vn -0.0414768 -0.0336395 0.998573
v 1.2849 -23.4986 0.899643 0.687518 0.857278 0.41536
vn -0.0416918 -0.034072 0.998549
v 1.34808 -20.4915 0.789775 0.658165 0.830721 0.411166
vn 0 0 0
v 1.33806 -17.0833 0.72954 0.642072 0.816161 0.408867
vn -0.0380184 0.0531342 0.997863
v 1.28333 -14.7938 0.607019 0.609339 0.786545 0.404191
vn -0.0247241 0.0514386 0.99837
v 1.29706 -12.0215 0.531566 0.589181 0.768306 0.401312
vn 0 0 0
v 1.34573 -9.6919 0.413702 0.557692 0.739816 0.396813
vn 0 0 0
v 1.34488 -7.18684 0.32002 0.532663 0.717172 0.393238
vn 0 0 0
v 1.29133 2.3024 -0.0567881 0.431994 0.62609 0.378856
vn -0.040141 0.0288222 0.998778
v 1.29205 4.5721 -0.125906 0.413528 0.609383 0.376218
vn -0.0419353 0.0337028 0.998552
v 1.3916 6.7942 -0.200313 0.393649 0.591397 0.373378
vn -0.0410164 0.0318734 0.99865
v 1.27966 6.80146 -0.205136 0.392361 0.590231 0.373194
vn -0.0413364 0.0321849 0.998627
v 1.33858 8.88729 -0.262454 0.377048 0.576376 0.371007
vn -0.0434533 0.0285245 0.998648
v 1.34357 11.2619 -0.382358 0.345014 0.547393 0.366431
vn -0.0361858 0.0026867 0.999341
v 1.33209 12.9 -0.38676 0.343838 0.546329 0.366263
vn -0.022809 0.00252664 0.999737
v 1.29087 15.2399 -0.506419 0.311869 0.517405 0.361696
vn -0.0464077 0.0238582 0.998638
v 1.29292 17.1375 -0.551658 0.299783 0.50647 0.359969
vn -0.0392621 0.0184454 0.999059
v 1.32758 19.2844 -0.579564 0.292327 0.499725 0.358904
vn -0.0303361 0.0334212 0.998981
v 1.25571 20.836 -0.630291 0.278775 0.487463 0.356968
vn -0.0425624 0.0360383 0.998444
v 1.28229 22.8884 -0.709552 0.257599 0.468304 0.353943
vn -0.0419877 0.102102 0.993887
v 1.4736 -27.4738 1.06492 0.731674 0.897229 0.421668
vn -0.0418291 -0.0242472 0.998831
v 1.47983 -23.4984 0.907671 0.689662 0.859218 0.415666
vn -0.0403599 -0.0440178 0.998215
v 1.53408 -20.5001 0.796802 0.660042 0.832419 0.411435
vn 0 0 0
v 1.5045 -17.0756 0.736484 0.643927 0.817839 0.409132
vn -0.0362893 0.0531377 0.997928
v 1.45037 -14.8203 0.611026 0.61041 0.787514 0.404344
vn -0.0335235 0.0528416 0.99804
v 1.54326 -14.7976 0.616285 0.611815 0.788785 0.404545
vn -0.0357387 -0.0837158 0.995849
v 1.46617 -12.0308 0.536194 0.590417 0.769425 0.401488
vn 0 0 0
v 1.50048 -9.67929 0.419756 0.559309 0.74128 0.397044
vn 0 0 0
v 1.51177 -7.1682 0.32593 0.534242 0.7186 0.393463
vn 0 0 0
v 1.49284 2.26358 -0.0478406 0.434385 0.628253 0.379198
vn -0.0395598 0.02936 0.998786
v 1.45622 4.54675 -0.116177 0.416127 0.611734 0.37659
vn -0.0458489 0.0356348 0.998313
v 1.50241 6.78547 -0.195476 0.394942 0.592566 0.373563
vn -0.0348608 0.0319959 0.99888
v 1.52223 8.87325 -0.25373 0.379378 0.578485 0.37134
vn -0.0412606 0.0283956 0.998745
v 1.50737 11.2393 -0.37256 0.347631 0.549762 0.366804
vn -0.0423058 0.00570421 0.999088
v 1.46805 12.9182 -0.384322 0.344489 0.546919 0.366356
vn -0.0397685 0.00503728 0.999196
v 1.45956 15.2396 -0.499677 0.31367 0.519035 0.361953
vn -0.0325465 0.0240274 0.999181
v 1.46694 17.1437 -0.545377 0.301461 0.507988 0.360209
vn -0.0320442 0.018018 0.999324
v 1.50541 19.304 -0.574455 0.293692 0.50096 0.359099
vn -0.0249062 0.0211754 0.999465
v 1.51093 20.8377 -0.61984 0.281567 0.489989 0.357367
vn -0.0394759 0.034361 0.99863
v 1.47055 22.8599 -0.698731 0.26049 0.47092 0.354356
vn -0.0424911 0.0388405 0.998342
v 1.68075 -27.4858 1.07318 0.73388 0.899225 0.421983
vn -0.0407533 -0.0315084 0.998672
v 1.67091 -23.4967 0.91547 0.691746 0.861103 0.415964
vn -0.0396077 -0.0374766 0.998512
v 1.68266 -20.4979 0.80274 0.661629 0.833854 0.411661
vn 0 0 0
v 1.66958 -17.1119 0.740366 0.644964 0.818777 0.409281
vn -0.0373425 -0.0632044 0.997302
v 1.70102 -14.8142 0.620379 0.612908 0.789774 0.404701
vn -0.0334135 0.0527144 0.99805
v 1.71059 -14.7998 0.621935 0.613324 0.79015 0.404761
vn -0.0339727 -0.0849443 0.995806
v 1.68326 -12.0212 0.543987 0.592499 0.771309 0.401786
vn 0 0 0
v 1.67864 -9.66832 0.425403 0.560818 0.742645 0.39726
vn 0 0 0
v 1.67907 -7.15035 0.330239 0.535393 0.719642 0.393628
vn 0 0 0
v 1.67581 2.21685 -0.0384744 0.436887 0.630517 0.379555
vn -0.0407311 0.0294342 0.998737
v 1.67302 4.50668 -0.10318 0.4196 0.614876 0.377086
vn -0.0391788 0.0321675 0.998714
v 1.69231 6.78409 -0.191228 0.396077 0.593593 0.373725
vn -0.0363347 0.0303014 0.99888
v 1.68088 8.86646 -0.247723 0.380983 0.579937 0.371569
vn -0.0339737 0.0272792 0.99905
v 1.66982 11.2428 -0.367587 0.34896 0.550964 0.366994
vn -0.0359867 0.00681762 0.999329
v 1.68904 12.9157 -0.375794 0.346767 0.54898 0.366681
vn -0.0301745 0.0055373 0.999529
v 1.69142 15.2698 -0.494853 0.314959 0.520201 0.362137
vn -0.0274024 0.0242825 0.99933
v 1.67533 17.1574 -0.538814 0.303214 0.509575 0.360459
vn -0.0249042 0.0174995 0.999537
v 1.66869 19.3456 -0.572552 0.294201 0.50142 0.359172
vn -0.0228378 0.0221391 0.999494
v 1.71909 20.8289 -0.610351 0.284102 0.492283 0.357729
vn -0.0390185 0.0331114 0.99869
v 1.67879 22.8651 -0.690606 0.262661 0.472884 0.354666
vn -0.0427982 0.0388682 0.998327
v 1.90547 -27.4568 1.08309 0.736529 0.901622 0.422361
vn -0.0403399 -0.0250026 0.998873
v 1.887 -23.5219 0.923096 0.693783 0.862947 0.416255
vn -0.0387949 -0.0391004 0.998482
v 1.905 -20.5186 0.810244 0.663633 0.835668 0.411948
vn 0 0 0
v 1.87376 -17.1218 0.74716 0.64678 0.82042 0.40954
vn -0.0359563 -0.0568507 0.997735
v 1.90415 -14.8235 0.626387 0.614513 0.791226 0.40493
vn -0.0271201 0.052702 0.998242
v 1.88255 -12.0203 0.549644 0.594011 0.772676 0.402002
vn 0 0 0
v 1.92067 -9.6458 0.43312 0.56288 0.74451 0.397554
vn 0 0 0
v 1.90861 -7.11419 0.336793 0.537145 0.721226 0.393878
vn 0 0 0
v 1.90799 2.1409 -0.025466 0.440362 0.633661 0.380052
vn -0.0437539 0.0331944 0.998491
v 1.89367 4.48037 -0.0969591 0.421262 0.61638 0.377323
vn -0.0350829 0.0355609 0.998752
v 1.91407 6.7582 -0.181484 0.39868 0.595948 0.374097
vn -0.0343302 0.0341769 0.998826
v 1.913 8.84565 -0.237444 0.383729 0.582422 0.371961
vn -0.0452853 0.0272344 0.998603
v 1.90616 11.2137 -0.354965 0.352332 0.554015 0.367476
vn -0.0487883 0.00897239 0.998769
v 1.88823 12.9359 -0.371821 0.347829 0.54994 0.366833
vn -0.0422373 0.00804684 0.999075
v 1.88039 15.29 -0.49054 0.316111 0.521244 0.362302
vn -0.039233 0.0234099 0.998956
v 1.88848 17.1746 -0.532683 0.304852 0.511057 0.360693
vn -0.0325739 0.0180545 0.999306
v 1.88534 19.3949 -0.569489 0.295019 0.50216 0.359288
vn -0.0279002 0.020505 0.9994
v 1.90808 20.8331 -0.603162 0.286023 0.494021 0.358003
vn -0.0392342 0.0321004 0.998714
v 1.90529 22.8526 -0.680037 0.265485 0.475438 0.355069
vn -0.0414722 0.0382854 0.998406
v 2.13819 -27.4803 1.09184 0.738864 0.903734 0.422695
vn -0.0382704 -0.0423691 0.998369
v 2.11486 -23.4465 0.934808 0.696912 0.865778 0.416702
vn -0.03803 -0.0362459 0.998619
v 2.10912 -20.5432 0.816653 0.665346 0.837218 0.412192
vn 0 0 0
v 2.13346 -17.1234 0.756095 0.649167 0.822579 0.409881
vn -0.0233529 0.0545764 0.998236
v 2.1077 -14.8349 0.631831 0.615968 0.792542 0.405138
vn -0.0117857 0.0525909 0.998547
v 2.10931 -12.0027 0.557254 0.596044 0.774516 0.402292
vn 0 0 0
v 2.11055 -9.63878 0.436587 0.563806 0.745348 0.397687
vn 0 0 0
v 2.11534 -7.07316 0.342496 0.538668 0.722605 0.394095
vn 0 0 0
v 2.11353 2.0631 -0.0155189 0.44302 0.636065 0.380431
vn -0.0378462 0.0280156 0.998891
v 2.09586 4.43682 -0.0871622 0.423879 0.618748 0.377697
vn -0.0437047 0.0364662 0.998379
v 2.10769 6.74647 -0.176598 0.399985 0.597129 0.374284
vn -0.0360516 0.029296 0.99892
v 2.10795 8.81553 -0.226967 0.386529 0.584954 0.372361
vn -0.0399277 0.025529 0.998876
v 2.17665 11.1897 -0.342798 0.355583 0.556956 0.36794
vn -0.045755 0.00808251 0.99892
v 2.06788 11.2024 -0.34811 0.354163 0.555672 0.367738
vn -0.0458575 0.00830762 0.998913
v 2.12181 12.9085 -0.359834 0.351031 0.552838 0.36729
vn -0.0471836 0.0086684 0.998849
v 2.09424 15.262 -0.478935 0.319212 0.524049 0.362745
vn -0.0421021 0.0241249 0.998822
v 2.12581 17.1523 -0.52092 0.307995 0.5139 0.361142
vn -0.0407781 0.0209995 0.998948
v 2.10085 19.4082 -0.562522 0.29688 0.503844 0.359554
vn -0.0349682 0.0194829 0.999198
v 2.11615 20.8295 -0.594477 0.288343 0.49612 0.358335
vn -0.0393844 0.0313267 0.998733
v 2.13671 22.8516 -0.670569 0.268014 0.477727 0.355431
vn -0.0412021 0.0382522 0.998418
v 2.26514 -27.447 1.09775 0.740443 0.905163 0.42292
vn -0.038157 -0.0309411 0.998793
v 2.31375 -23.4937 0.940612 0.698463 0.867181 0.416923
vn -0.0375931 -0.0368291 0.998614
v 2.33152 -20.5601 0.823899 0.667282 0.838969 0.412469
vn 0 0 0
v 2.33717 -17.1172 0.763268 0.651083 0.824313 0.410155
vn -0.0331574 0.055468 0.99791
v 2.34018 -14.8652 0.636172 0.617128 0.793592 0.405304
vn -0.0263737 0.054831 0.998147
v 2.3372 -11.9894 0.563669 0.597758 0.776066 0.402537
vn 0 0 0
v 2.27315 -9.61148 0.442156 0.565294 0.746694 0.397899
vn 0 0 0
v 2.3909 -9.59333 0.445533 0.566196 0.747511 0.398028
vn 0 0 0
v 2.3312 -7.02533 0.347393 0.539976 0.723788 0.394282
vn 0 0 0
v 2.33331 1.95781 -0.00174053 0.446701 0.639396 0.380957
vn -0.0413913 0.0317386 0.998639
v 2.22399 2.01512 -0.0096211 0.444595 0.637491 0.380656
vn -0.0415385 0.0299261 0.998689
v 2.32793 4.37703 -0.0755182 0.42699 0.621562 0.378141
vn -0.0365137 0.0337235 0.998764
v 2.20748 4.40297 -0.0795408 0.425915 0.62059 0.377988
vn -0.0419233 0.0329336 0.998578
v 2.33743 6.70708 -0.165914 0.402839 0.599712 0.374691
vn -0.0444536 0.0307617 0.998538
v 2.34067 8.78253 -0.215803 0.389511 0.587653 0.372787
vn -0.0431653 0.0241714 0.998776
v 2.33722 11.1734 -0.335607 0.357504 0.558694 0.368215
vn -0.046689 0.00856086 0.998873
v 2.32799 12.8852 -0.349725 0.353732 0.555281 0.367676
vn -0.0473101 0.00830975 0.998846
v 2.32331 15.2646 -0.471262 0.321262 0.525904 0.363037
vn -0.0341582 0.0231041 0.999149
v 2.33628 17.1626 -0.51444 0.309726 0.515467 0.361389
vn -0.0331296 0.0199601 0.999252
v 2.31884 19.434 -0.557044 0.298344 0.505168 0.359763
vn -0.0324337 0.0200327 0.999273
v 2.2933 20.8243 -0.586949 0.290354 0.49794 0.358622
vn -0.0336776 0.0286835 0.999021
v 2.32793 22.8453 -0.662276 0.27023 0.479732 0.355747
vn -0.0383873 0.037904 0.998544
v 2.40038 -27.4044 1.10417 0.74216 0.906716 0.423166
vn -0.0396508 -0.0244006 0.998916
v 2.53697 -27.3851 1.11 0.743717 0.908125 0.423388
vn -0.0377507 -0.0301034 0.998834
v 2.49127 -23.5351 0.945711 0.699825 0.868413 0.417118
vn -0.0371646 -0.0373304 0.998612
v 2.53314 -20.5558 0.831231 0.66924 0.840741 0.412749
vn -0.0338783 -0.0546109 0.997933
v 2.5072 -17.1337 0.767678 0.652261 0.825379 0.410323
vn -0.0313137 -0.0664982 0.997295
v 2.48466 -14.8569 0.640869 0.618383 0.794727 0.405483
vn -0.0298843 0.0556374 0.998004
v 2.50645 -11.9642 0.569663 0.599359 0.777515 0.402766
vn 0 0 0
v 2.50897 -9.57744 0.448238 0.566918 0.748164 0.398131
vn 0 0 0
v 2.4689 -6.98825 0.350851 0.5409 0.724624 0.394414
vn 0 0 0
v 2.50658 1.86653 0.00715716 0.449078 0.641547 0.381297
vn -0.0346952 0.0275195 0.999019
v 2.50246 4.32777 -0.0671212 0.429233 0.623592 0.378462
vn -0.0420318 0.0342916 0.998528
v 2.54781 6.65238 -0.152848 0.40633 0.60287 0.37519
vn -0.0450275 0.0327501 0.998449
v 2.49801 8.76048 -0.208776 0.391388 0.589351 0.373055
vn -0.0386737 0.0238415 0.998967
v 2.50923 11.1418 -0.325775 0.36013 0.56107 0.36859
vn -0.0504321 0.0100656 0.998677
v 2.50023 12.8663 -0.341615 0.355899 0.557242 0.367986
vn -0.0435609 0.00781172 0.99902
v 2.49903 15.2662 -0.465504 0.3228 0.527295 0.363257
vn -0.0414056 0.0231379 0.998874
v 2.51111 17.158 -0.507567 0.311562 0.517128 0.361652
vn -0.0368006 0.0203012 0.999116
v 2.53973 19.4723 -0.553034 0.299415 0.506138 0.359916
vn -0.0363552 0.0208012 0.999122
v 2.46655 20.8398 -0.581904 0.291702 0.499159 0.358815
vn -0.0388329 0.032724 0.99871
v 2.49489 22.8513 -0.65628 0.271832 0.481181 0.355976
vn -0.0403023 0.0378927 0.998469
v 2.67063 -27.3292 1.11661 0.745484 0.909723 0.423641
vn -0.0381878 -0.0239648 0.998983
v 2.66707 -23.523 0.95263 0.701674 0.870086 0.417382
vn -0.0364507 -0.0372455 0.998641
v 2.68782 -20.5404 0.837325 0.670868 0.842214 0.412981
vn -0.0333063 -0.0447202 0.998444
v 2.67446 -17.1215 0.773607 0.653845 0.826812 0.410549
vn -0.0297919 0.0553939 0.99802
v 2.66682 -14.8579 0.645553 0.619634 0.795859 0.405662
vn -0.0297107 0.0563549 0.997969
v 2.6762 -11.9392 0.575177 0.600832 0.778848 0.402976
vn 0 0 0
v 2.66607 -9.56027 0.450698 0.567576 0.748759 0.398225
vn 0 0 0
v 2.67215 -6.93013 0.354881 0.541977 0.725598 0.394568
vn 0 0 0
v 2.71317 1.73805 0.0198125 0.452459 0.644606 0.38178
vn -0.0315608 0.0263001 0.999156
v 2.70874 4.25505 -0.0550247 0.432465 0.626516 0.378924
vn -0.0410172 0.034849 0.998551
v 2.66853 6.63431 -0.149065 0.407341 0.603785 0.375334
vn -0.0382728 0.0298691 0.998821
v 2.6569 8.74538 -0.203523 0.392792 0.590621 0.373256
vn -0.0390029 0.0245441 0.998938
v 2.65729 11.1171 -0.318008 0.362206 0.562948 0.368887
vn -0.0462655 0.0089395 0.998889
v 2.67289 12.8525 -0.334492 0.357802 0.558963 0.368257
vn -0.0473375 0.00914747 0.998837
v 2.67001 15.2423 -0.456605 0.325177 0.529446 0.363597
vn -0.0410885 0.0234371 0.998881
v 2.6555 17.1469 -0.501093 0.313292 0.518693 0.361899
vn -0.042628 0.0228714 0.998829
v 2.738 19.4455 -0.54263 0.302195 0.508652 0.360314
vn -0.0384635 0.0198287 0.999063
v 2.65888 20.8263 -0.573094 0.294056 0.501289 0.359151
vn -0.0421228 0.0302905 0.998653
v 2.6628 22.84 -0.648558 0.273895 0.483048 0.356271
vn -0.0420892 0.0376067 0.998406
v 2.89902 -27.3154 1.12567 0.747904 0.911914 0.423986
vn -0.0375206 -0.0278309 0.998908
v 2.84286 -23.5318 0.958668 0.703287 0.871545 0.417612
vn -0.0356715 -0.0376012 0.998656
v 2.92431 -23.1912 0.974344 0.707475 0.875334 0.418211
vn -0.0360802 -0.0365595 0.99868
v 2.89113 -20.5542 0.843474 0.672511 0.843701 0.413216
vn -0.0334467 -0.0480748 0.998284
v 2.9031 -17.1424 0.779059 0.655302 0.82813 0.410757
vn -0.0302158 -0.0705008 0.997054
v 2.8824 -14.8439 0.651972 0.621349 0.797411 0.405907
vn -0.033371 0.056336 0.997854
v 2.89886 -11.8894 0.583659 0.603098 0.780898 0.4033
vn 0 0 0
v 2.89158 -9.5048 0.457875 0.569493 0.750494 0.398499
vn 0 0 0
v 2.86915 -6.85782 0.36039 0.543449 0.72693 0.394778
vn 0 0 0
v 2.95679 -4.02806 0.243457 0.512209 0.698665 0.390316
vn 0.06543 -0.0604664 0.996023
v 2.93765 1.57854 0.0330602 0.455998 0.647808 0.382285
vn 0.0569389 0.161952 0.985155
v 2.84017 1.66006 0.0235672 0.453462 0.645513 0.381923
vn -0.0328341 0.0246851 0.999156
v 2.89056 4.18399 -0.0439896 0.435413 0.629184 0.379345
vn -0.0405866 0.0286281 0.998766
v 2.88294 6.57636 -0.137118 0.410533 0.606673 0.37579
vn -0.0441402 0.0330879 0.998477
v 2.88993 8.70021 -0.191993 0.395872 0.593408 0.373696
vn -0.0509837 0.027207 0.998329
v 2.89723 11.0979 -0.309408 0.364503 0.565027 0.369215
vn -0.0365327 0.00635716 0.999312
v 2.87919 12.8253 -0.324668 0.360426 0.561338 0.368632
vn -0.0511185 0.0114035 0.998627
v 2.88222 15.2299 -0.448143 0.327438 0.531492 0.36392
vn -0.039585 0.0231078 0.998949
v 2.89596 17.1384 -0.491747 0.315789 0.520952 0.362256
vn -0.0350425 0.0236263 0.999107
v 2.89866 19.4418 -0.536347 0.303873 0.510171 0.360553
vn -0.0358702 0.019101 0.999174
v 2.8891 20.8214 -0.563896 0.296513 0.503512 0.359502
vn -0.0374788 0.0286819 0.998886
v 2.89143 22.834 -0.639107 0.27642 0.485332 0.356631
vn -0.0419821 0.0377677 0.998404
v 3.11771 -27.2432 1.13575 0.750598 0.91435 0.424371
vn -0.0377106 -0.0243225 0.998993
v 3.15273 -23.4815 0.971489 0.706712 0.874644 0.418102
vn -0.0334127 -0.0387244 0.998691
v 3.01996 -23.3616 0.971338 0.706672 0.874608 0.418096
vn -0.035049 -0.0373938 0.998686
v 3.11165 -20.5288 0.851916 0.674767 0.845741 0.413538
vn -0.0325338 -0.0452825 0.998444
v 3.12896 -17.1495 0.784966 0.65688 0.829558 0.410983
vn -0.0268777 -0.0546194 0.998145
v 3.11437 -14.8344 0.657957 0.622948 0.798858 0.406135
vn 0 0 0
v 3.1347 -11.8369 0.591815 0.605277 0.78287 0.403611
vn 0 0 0
v 3.10275 -9.45327 0.46342 0.570975 0.751834 0.398711
vn 0 0 0
v 3.09823 -6.77457 0.364019 0.544418 0.727807 0.394917
vn 0 0 0
v 3.10574 -3.9146 0.240234 0.511347 0.697886 0.390192
vn 0.0834589 -0.0813358 0.993186
v 3.15416 1.39767 0.046583 0.459611 0.651077 0.382802
vn -0.0108204 0.0508822 0.998646
v 3.0656 1.475 0.0409607 0.458109 0.649718 0.382587
vn -0.0392751 0.027682 0.998845
v 3.10158 4.10321 -0.0340734 0.438063 0.63158 0.379723
vn -0.0371764 0.0272178 0.998938
v 3.09619 6.51425 -0.125399 0.413664 0.609505 0.376238
vn -0.0418841 0.0312093 0.998635
v 3.10271 8.64123 -0.178747 0.399411 0.59661 0.374202
vn -0.0408773 0.0243423 0.998868
v 3.11307 11.0741 -0.301072 0.36673 0.567042 0.369533
vn -0.0406113 0.0088891 0.999135
v 3.03541 12.7892 -0.315116 0.362978 0.563647 0.368997
vn -0.0374846 0.00859717 0.99926
v 3.12612 12.8089 -0.315756 0.362807 0.563492 0.368972
vn -0.0250829 0.147971 0.988674
v 3.13053 15.208 -0.437564 0.330265 0.534049 0.364324
vn -0.0338236 0.0246844 0.999123
v 3.10959 17.1626 -0.48761 0.316894 0.521952 0.362413
vn -0.0340069 0.02054 0.999211
v 3.11764 19.4592 -0.53046 0.305446 0.511594 0.360778
vn -0.035535 0.0203435 0.999161
v 3.09782 20.8307 -0.557151 0.298315 0.505142 0.359759
vn -0.0357094 0.0306779 0.998891
v 3.07587 22.8063 -0.629246 0.279054 0.487716 0.357008
vn -0.0406078 0.0368668 0.998495
v 3.26014 -27.2917 1.13978 0.751673 0.915323 0.424525
vn -0.0361352 -0.0255382 0.999021
v 3.24748 -23.2963 0.981687 0.709437 0.877109 0.418491
vn -0.0337277 -0.0375942 0.998724
v 3.34486 -23.1321 0.991133 0.71196 0.879393 0.418851
vn -0.0335753 -0.0372736 0.998741
v 3.31061 -20.4766 0.860752 0.677127 0.847877 0.413875
vn -0.0320303 -0.0454552 0.998453
v 3.3157 -17.147 0.790133 0.658261 0.830807 0.41118
vn -0.0268777 -0.0546194 0.998145
v 3.29679 -14.8218 0.662735 0.624224 0.800013 0.406318
vn -0.042371 0.0561265 0.997524
v 3.33356 -11.7821 0.599162 0.60724 0.784646 0.403891
vn 0 0 0
v 3.26866 -9.4098 0.467468 0.572056 0.752813 0.398865
vn 0 0 0
v 3.3565 -9.38786 0.469174 0.572512 0.753225 0.39893
vn 0 0 0
v 3.32658 -6.6645 0.370595 0.546175 0.729397 0.395168
vn 0 0 0
v 3.32953 -3.7054 0.23856 0.5109 0.697481 0.390129
vn 0.06543 -0.0604664 0.996023
v 3.37646 1.18777 0.0582357 0.462724 0.653893 0.383246
vn 0.107036 0.159644 0.981355
v 3.26077 1.29893 0.052769 0.461264 0.652572 0.383038
vn 0.00377599 0.0640516 0.997939
v 3.39575 3.97524 -0.0197766 0.441882 0.635036 0.380269
vn -0.0389659 0.0332886 0.998686
v 3.30831 4.01611 -0.0243473 0.440661 0.633931 0.380094
vn -0.0412925 0.033505 0.998585
v 3.32445 6.45036 -0.114809 0.416493 0.612065 0.376642
vn -0.0345958 0.0323456 0.998878
v 3.38335 8.58488 -0.166568 0.402665 0.599554 0.374666
vn -0.041667 0.0250264 0.998818
v 3.25973 8.61729 -0.17324 0.400882 0.597941 0.374412
vn -0.0429006 0.0250084 0.998766
v 3.30507 11.0297 -0.29014 0.369651 0.569684 0.36995
vn -0.0454505 0.0101414 0.998915
v 3.32313 12.7833 -0.307125 0.365113 0.565578 0.369302
vn -0.0303581 0.00833125 0.999504
v 3.31832 15.196 -0.430404 0.332177 0.53578 0.364597
vn -0.0386907 0.0250556 0.998937
v 3.33872 17.1559 -0.47933 0.319106 0.523953 0.362729
vn -0.0392954 0.021266 0.999001
v 3.33366 19.4325 -0.519843 0.308283 0.51416 0.361183
vn -0.0394538 0.019071 0.999039
v 3.31462 20.8368 -0.54992 0.300247 0.50689 0.360035
vn -0.039892 0.0284158 0.9988
v 3.33268 22.7933 -0.618256 0.28199 0.490372 0.357427
vn -0.0414391 0.0364714 0.998475
v 3.21213 22.8144 -0.624919 0.28021 0.488762 0.357173
vn -0.0371356 0.103337 0.993953
v 3.5267 -27.4344 1.14582 0.753288 0.916785 0.424755
vn -0.0368888 -0.0302957 0.99886
v 3.51591 -22.9511 1.00361 0.715293 0.882408 0.419328
vn -0.0342558 -0.0364639 0.998748
v 3.49875 -20.4772 0.8665 0.678663 0.849266 0.414095
vn -0.0306556 -0.048964 0.99833
v 3.50407 -17.1126 0.797085 0.660118 0.832488 0.411445
vn -0.0268777 -0.0546194 0.998145
v 3.50307 -14.811 0.667498 0.625497 0.801164 0.4065
vn -0.0405423 0.0586714 0.997454
v 3.49969 -14.7941 0.668759 0.625834 0.801469 0.406548
vn -0.0178295 -0.0740451 0.997095
v 3.52099 -11.7522 0.603231 0.608327 0.785629 0.404047
vn 0 0 0
v 3.49479 -9.35678 0.470901 0.572973 0.753643 0.398996
vn 0 0 0
v 3.53594 -6.55414 0.375962 0.547609 0.730694 0.395373
vn 0 0 0
v 3.5011 -3.5051 0.239122 0.51105 0.697617 0.39015
vn -0.0140476 0.0261214 0.99956
v 3.57015 0.95958 0.0732756 0.466742 0.657529 0.38382
vn 0.0143806 0.0711928 0.997359
v 3.47708 1.07377 0.0658054 0.464747 0.655723 0.383535
vn 0.0709077 0.125412 0.989568
v 3.51882 3.91545 -0.0135025 0.443558 0.636553 0.380508
vn -0.0346696 0.0311402 0.998914
v 3.59736 6.3758 -0.104349 0.419288 0.614593 0.377041
vn -0.0347052 0.0287324 0.998984
v 3.47903 6.41767 -0.110834 0.417555 0.613026 0.376794
vn -0.0352901 0.0225873 0.999122
v 3.47663 8.5668 -0.162927 0.403638 0.600434 0.374805
vn -0.0426732 0.025913 0.998753
v 3.59204 10.9815 -0.277584 0.373005 0.572719 0.370429
vn -0.0486724 0.0102871 0.998762
v 3.48628 11.007 -0.28341 0.371449 0.571311 0.370207
vn -0.0472969 0.0100984 0.99883
v 3.50802 12.7681 -0.300587 0.36686 0.567159 0.369551
vn -0.045435 0.0103068 0.998914
v 3.53462 15.1809 -0.42223 0.334361 0.537755 0.364909
vn -0.0335968 0.0242137 0.999142
v 3.48309 17.1536 -0.474459 0.320408 0.525131 0.362915
vn -0.0486822 0.0172408 0.998666
v 3.53356 19.4149 -0.510956 0.310657 0.516309 0.361522
vn -0.0448303 0.0197866 0.998799
v 3.48794 20.8345 -0.543454 0.301975 0.508453 0.360282
vn -0.0382705 0.0287759 0.998853
v 3.49792 22.7563 -0.608365 0.284633 0.492763 0.357805
vn -0.0404411 0.0349291 0.998571
v 3.73805 -27.4368 1.15336 0.755302 0.918607 0.425043
vn -0.035717 -0.0253632 0.99904
v 3.67037 -22.9493 1.00877 0.716671 0.883655 0.419524
vn -0.0307897 -0.0348908 0.998917
v 3.66399 -20.4401 0.873224 0.680459 0.850892 0.414351
vn -0.0298564 -0.0441881 0.998577
v 3.7426 -17.0644 0.805838 0.662456 0.834603 0.411779
vn -0.0646643 0.0502728 0.99664
v 3.69576 -14.7879 0.672644 0.626872 0.802408 0.406696
vn -0.0478089 0.0591481 0.997104
v 3.65829 -11.7136 0.607654 0.609509 0.786698 0.404216
vn 0.00454595 -0.120061 0.992756
v 3.66676 -9.29449 0.475916 0.574313 0.754855 0.399188
vn 0 0 0
v 3.73044 -6.46203 0.376601 0.54778 0.730848 0.395397
vn 0.0827381 -0.165283 0.982769
v 3.67656 -3.2811 0.235111 0.509979 0.696648 0.389997
vn 0.00868731 0.0153893 0.999844
v 3.75471 0.701261 0.088573 0.470829 0.661226 0.384404
vn -0.000724052 0.0583705 0.998295
v 3.64961 0.858629 0.0783124 0.468088 0.658746 0.384013
vn 0.125982 0.148097 0.980916
v 3.77808 3.78313 -0.0013339 0.446809 0.639494 0.380973
vn -0.0421936 0.0360499 0.998459
v 3.66553 3.84393 -0.00715546 0.445254 0.638087 0.380751
vn -0.0341293 0.0307136 0.998945
v 3.73475 6.32177 -0.0960734 0.421498 0.616594 0.377357
vn -0.0441284 0.0272548 0.998654
v 3.67414 8.51637 -0.153362 0.406193 0.602746 0.37517
vn -0.0451006 0.0269663 0.998618
v 3.69885 10.9602 -0.272567 0.374346 0.573932 0.370621
vn -0.0515353 0.0111259 0.998609
v 3.65262 12.7288 -0.291576 0.369267 0.569337 0.369895
vn -0.0470024 0.0103659 0.998841
v 3.71059 15.1756 -0.416718 0.335834 0.539088 0.365119
vn -0.0375011 0.0237852 0.999013
v 3.65596 17.1223 -0.465199 0.322882 0.527369 0.363269
vn -0.0408622 0.0208957 0.998946
v 3.67492 19.3908 -0.503437 0.312666 0.518126 0.361809
vn -0.0477008 0.020073 0.99866
v 3.6634 20.8235 -0.536061 0.30395 0.51024 0.360564
vn -0.0421952 0.0300245 0.998658
v 3.70936 22.7633 -0.601319 0.286515 0.494466 0.358074
vn -0.0393161 0.0351507 0.998608
v 3.8756 -27.4405 1.15814 0.75658 0.919763 0.425226
vn -0.0340607 -0.0291823 0.998994
v 3.98107 -27.1902 1.16827 0.759285 0.92221 0.425612
vn -0.0351927 -0.0256154 0.999052
v 3.94886 -26.2368 1.19156 0.765508 0.927841 0.426501
vn -0.0361311 -0.0251493 0.999031
v 3.88916 -23.2736 1.0038 0.715345 0.882455 0.419335
vn -0.0327241 -0.0381153 0.998737
v 3.88141 -20.4132 0.880813 0.682487 0.852726 0.414641
vn -0.0292462 -0.0453425 0.998543
v 3.99473 -20.3698 0.886103 0.6839 0.854005 0.414843
vn -0.0285382 -0.0460155 0.998533
v 3.88051 -17.0129 0.812189 0.664153 0.836139 0.412022
vn -0.0442749 0.0565269 0.997419
v 3.95699 -16.9932 0.815099 0.664931 0.836842 0.412133
vn -0.0575071 0.0551715 0.996819
v 3.87272 -14.7479 0.678553 0.628451 0.803836 0.406922
vn -0.0365819 0.0626456 0.997365
v 3.86061 -11.6555 0.613757 0.611139 0.788174 0.404448
vn 0.003183 -0.109421 0.99399
v 3.85758 -9.22575 0.480472 0.57553 0.755956 0.399361
vn 0 0 0
v 3.95772 -9.19194 0.482197 0.575991 0.756373 0.399427
vn 0 0 0
v 3.82681 -6.41471 0.376447 0.547739 0.730811 0.395391
vn 0.0827381 -0.165283 0.982769
v 3.93059 -6.34019 0.380243 0.548753 0.731729 0.395536
vn 0.0827381 -0.165283 0.982769
v 3.8299 -3.05405 0.229323 0.508432 0.695248 0.389776
vn 0.0632672 -0.0165285 0.99786
v 3.90877 -2.91573 0.226441 0.507662 0.694552 0.389666
vn 0.0902811 -0.0307414 0.995442
v 3.98512 -2.75818 0.224382 0.507112 0.694054 0.389587
vn -0.0052534 0.0239073 0.9997
v 3.89787 3.70746 0.00683919 0.448993 0.64147 0.381285
vn -0.043074 0.034803 0.998466
v 3.88522 6.25905 -0.0868459 0.423964 0.618824 0.377709
vn -0.0426785 0.0275392 0.998709
v 3.87723 8.45174 -0.141727 0.409301 0.605558 0.375614
vn -0.0390256 0.0241531 0.998946
v 3.87443 10.8986 -0.260173 0.377657 0.576928 0.371094
vn -0.0533645 0.0133226 0.998486
v 3.88575 12.6924 -0.281431 0.371978 0.571789 0.370283
vn -0.0506091 0.0108224 0.99866
v 3.88497 15.1594 -0.409963 0.337639 0.540721 0.365377
vn -0.0398484 0.0233672 0.998932
v 3.86668 17.1059 -0.45681 0.325123 0.529397 0.363589
vn -0.04044 0.0183348 0.999014
v 3.88407 19.3369 -0.490396 0.31615 0.521278 0.362307
vn -0.0496691 0.0205618 0.998554
v 3.91517 20.8154 -0.526443 0.306519 0.512565 0.360931
vn -0.0397123 0.0280282 0.998818
v 3.92011 22.7391 -0.591234 0.28921 0.496904 0.358459
vn -0.047316 0.0357866 0.998239
v 4.08481 -26.2549 1.19579 0.766637 0.928862 0.426662
vn -0.0337964 -0.0253855 0.999106
v 4.11216 -23.3035 1.00974 0.716932 0.883891 0.419562
vn -0.0314947 -0.037904 0.998785
v 4.12118 -20.3111 0.892409 0.685585 0.855529 0.415084
vn -0.0274549 -0.046752 0.998529
v 4.11834 -16.9394 0.82184 0.666731 0.838471 0.41239
vn -0.0517713 0.0582694 0.996958
v 4.09333 -14.7258 0.68332 0.629724 0.804988 0.407103
vn -0.0390265 0.0653621 0.997098
v 4.03246 -11.6337 0.615606 0.611633 0.788621 0.404519
vn 0.003183 -0.109421 0.99399
v 4.14093 -11.5996 0.618656 0.612448 0.789358 0.404635
vn 0.000996603 -0.0923336 0.995728
v 4.12178 -9.11983 0.486699 0.577194 0.757461 0.399599
vn 0 0 0
v 4.03937 -6.27455 0.381052 0.548969 0.731924 0.395567
vn 0 0 0
v 4.15203 -6.19427 0.383392 0.549594 0.73249 0.395656
vn 0 0 0
v 4.03163 -2.65675 0.221923 0.506455 0.69346 0.389494
vn 0.00303348 0.0228441 0.999734
v 4.09842 -2.49103 0.217934 0.50539 0.692495 0.389341
vn -0.0191265 0.0326435 0.999284
v 4.17365 -2.27476 0.21167 0.503716 0.690981 0.389102
vn 0.0581078 0.0118433 0.99824
v 4.14252 3.54309 0.0234915 0.453442 0.645495 0.38192
vn -0.0388784 0.0314438 0.998749
v 4.04324 3.61362 0.0161982 0.451493 0.643732 0.381642
vn -0.0392816 0.0316489 0.998727
v 4.11468 6.16797 -0.0749811 0.427134 0.621692 0.378162
vn -0.0458293 0.0324348 0.998423
v 4.0256 6.2112 -0.0811613 0.425482 0.620198 0.377926
vn -0.042076 0.0270544 0.998748
v 4.12426 8.38434 -0.130612 0.412271 0.608245 0.376039
vn -0.0334755 0.0216414 0.999205
v 4.03931 8.40413 -0.133656 0.411458 0.607509 0.375923
vn -0.0388308 0.0224296 0.998994
v 4.09798 10.8495 -0.249762 0.380438 0.579444 0.371491
vn -0.0400078 0.00998744 0.999149
v 4.08745 12.6307 -0.268477 0.375438 0.57492 0.370777
vn -0.0507098 0.00993257 0.998664
v 4.11227 15.1244 -0.399509 0.340432 0.543248 0.365776
vn -0.0418885 0.0233549 0.998849
v 4.09284 17.0742 -0.446263 0.327941 0.531946 0.363992
vn -0.0412911 0.0198666 0.99895
v 4.09794 19.3024 -0.479534 0.319052 0.523904 0.362722
vn -0.0421482 0.0196866 0.998917
v 4.11372 20.8123 -0.519326 0.308421 0.514286 0.361203
vn -0.0379222 0.028997 0.99886
v 4.08239 22.6983 -0.581308 0.291861 0.499303 0.358837
vn -0.038073 0.0329451 0.998732
v 4.31372 -26.9281 1.18643 0.764136 0.926599 0.426305
vn -0.0340409 -0.0255145 0.999095
v 4.31053 -23.3224 1.01517 0.718383 0.885204 0.419769
vn -0.0305565 -0.0352704 0.998911
v 4.30599 -20.288 0.898462 0.687202 0.856992 0.415315
vn -0.0260834 -0.0483253 0.998491
v 4.33371 -16.8653 0.830697 0.669098 0.840612 0.412728
vn -0.0475743 0.0615367 0.99697
v 4.32209 -14.6942 0.688493 0.631106 0.806239 0.407301
vn -0.04237 0.0665201 0.996885
v 4.30697 -11.5512 0.622569 0.613494 0.790304 0.404785
vn 0 0 0
v 4.3198 -9.04494 0.489547 0.577955 0.75815 0.399708
vn 0 0 0
v 4.30303 -6.09576 0.383446 0.549609 0.732503 0.395658
vn 0 0 0
v 4.22224 -2.10979 0.206203 0.502256 0.68966 0.388894
vn 0.142594 -0.0091985 0.989739
v 4.25586 -1.94116 0.202927 0.50138 0.688868 0.388769
vn -0.016698 0.0321235 0.999344
v 4.2945 -1.71873 0.195533 0.499405 0.687081 0.388486
vn 0 0 0
v 4.31571 -1.5608 0.189113 0.49769 0.685529 0.388241
vn 0 0 0
v 4.37391 3.39162 0.0343086 0.456332 0.64811 0.382333
vn -0.0352528 0.0313646 0.998886
v 4.27389 3.45745 0.029989 0.455178 0.647066 0.382168
vn -0.0306407 0.0267015 0.999174
v 4.30356 6.07767 -0.0629867 0.430338 0.624592 0.37862
vn -0.0449223 0.034279 0.998402
v 4.31793 8.34187 -0.124586 0.413881 0.609702 0.376269
vn -0.0367118 0.0240962 0.999035
v 4.37802 10.797 -0.238918 0.383335 0.582065 0.371905
vn -0.0439865 0.0112352 0.998969
v 4.26902 10.8156 -0.242735 0.382316 0.581143 0.371759
vn -0.0356392 0.00968009 0.999318
v 4.30746 12.5892 -0.258575 0.378084 0.577314 0.371155
vn -0.0468009 0.0106293 0.998848
v 4.31514 15.1034 -0.391825 0.342484 0.545105 0.366069
vn -0.0388925 0.0225978 0.998988
v 4.31686 17.0481 -0.436704 0.330494 0.534257 0.364356
vn -0.042003 0.0192547 0.998932
v 4.27908 19.2929 -0.472681 0.320882 0.52556 0.362983
vn -0.037608 0.0181396 0.999128
v 4.33877 20.78 -0.508324 0.31136 0.516945 0.361623
vn -0.0406013 0.0273391 0.998801
v 4.23457 20.8295 -0.517094 0.309017 0.514825 0.361288
vn -0.0427717 0.032138 0.998568
v 4.31257 22.6855 -0.5719 0.294375 0.501577 0.359196
vn -0.0440948 0.0346909 0.998425
v 4.50642 -27.0212 1.19056 0.765239 0.927597 0.426463
vn -0.0330231 -0.0255154 0.999129
v 4.407 -26.939 1.18931 0.764905 0.927295 0.426415
vn -0.0336332 -0.0253052 0.999114
v 4.59851 -26.4261 1.20873 0.770095 0.93199 0.427156
vn -0.0323727 -0.0244124 0.999178
v 4.50389 -23.2836 1.02243 0.720321 0.886957 0.420046
vn -0.0301403 -0.0347562 0.998941
v 4.55416 -20.222 0.90801 0.689753 0.8593 0.415679
vn -0.025322 -0.0483871 0.998508
v 4.43056 -20.1392 0.908833 0.689973 0.859499 0.41571
vn -0.0252617 -0.0458684 0.998628
v 4.49405 -16.8169 0.836665 0.670692 0.842055 0.412956
vn -0.0511491 0.0632869 0.996684
v 4.52242 -14.6412 0.694603 0.632738 0.807716 0.407534
vn -0.0437697 0.0653395 0.996903
v 4.50041 -11.4887 0.627238 0.614741 0.791432 0.404963
vn 0.00952007 -0.0930111 0.99562
v 4.53265 -8.93292 0.495722 0.579605 0.759642 0.399944
vn 0 0 0
v 4.50904 -5.9471 0.383768 0.549695 0.732581 0.395671
vn 0 0 0
v 4.50166 3.29543 0.0418887 0.458357 0.649942 0.382622
vn -0.0358977 0.031035 0.998873
v 4.5204 5.96446 -0.0484007 0.434235 0.628117 0.379176
vn -0.0433646 0.0339632 0.998482
v 4.53024 8.27587 -0.115 0.416442 0.612019 0.376635
vn -0.043343 0.0274115 0.998684
v 4.53803 10.7541 -0.230989 0.385454 0.583982 0.372208
vn -0.0445471 0.0109826 0.998947
v 4.49038 12.5626 -0.251792 0.379896 0.578954 0.371414
vn -0.0360951 0.00964337 0.999302
v 4.52844 15.0486 -0.379569 0.345759 0.548068 0.366537
vn -0.0216478 0.13216 0.990992
v 4.59856 16.9846 -0.421198 0.334637 0.538005 0.364948
vn -0.040901 0.0223526 0.998913
v 4.5026 17.0091 -0.426792 0.333142 0.536653 0.364735
vn -0.0424279 0.0195911 0.998907
v 4.46334 19.2949 -0.467125 0.322367 0.526903 0.363195
vn -0.0382508 0.019917 0.99907
v 4.49629 20.7673 -0.501775 0.31311 0.518528 0.361873
vn -0.0436836 0.029623 0.998606
v 4.51836 22.6381 -0.559952 0.297567 0.504465 0.359652
vn -0.0455005 0.0313947 0.998471
v 4.61216 -27.1103 1.19182 0.765578 0.927903 0.426511
vn -0.0333672 -0.025906 0.999107
v 4.69503 -23.2477 1.02938 0.722178 0.888638 0.420311
vn -0.0296504 -0.0336438 0.998994
v 4.6558 -20.2112 0.911055 0.690566 0.860036 0.415795
vn -0.0247183 -0.0480021 0.998541
v 4.71887 -20.1979 0.913232 0.691148 0.860563 0.415878
vn -0.0245491 -0.0457166 0.998653
v 4.65756 -16.779 0.841841 0.672075 0.843306 0.413154
vn -0.0416809 0.0661729 0.996937
v 4.67533 -14.6033 0.698834 0.633869 0.808738 0.407696
vn -0.0518566 0.0636293 0.996625
v 4.72101 -14.5855 0.700557 0.634329 0.809155 0.407761
vn -0.0698234 0.0548385 0.996051
v 4.69514 -11.4411 0.629817 0.61543 0.792056 0.405061
vn 0.0121398 -0.0975981 0.995152
v 4.79584 -11.3841 0.634185 0.616597 0.793112 0.405228
vn 0.0121398 -0.0975981 0.995152
v 4.68078 -8.85823 0.498837 0.580437 0.760395 0.400062
vn 0 0 0
v 4.63897 -5.84524 0.383783 0.549699 0.732584 0.395671
vn 0 0 0
v 4.76467 -5.73822 0.384034 0.549766 0.732645 0.395681
vn 0 0 0
v 4.74428 3.10061 0.0561117 0.462157 0.65338 0.383165
vn 0 0 0
v 4.61966 3.2077 0.0477133 0.459913 0.65135 0.382845
vn 0 0 0
v 4.69993 5.87158 -0.037591 0.437123 0.63073 0.379589
vn -0.0409675 0.0326619 0.998626
v 4.77237 8.1859 -0.102188 0.419865 0.615116 0.377124
vn -0.0435223 0.0270932 0.998685
v 4.70316 8.20863 -0.105186 0.419064 0.614391 0.377009
vn -0.0390274 0.0257307 0.998907
v 4.72477 10.7211 -0.224863 0.387091 0.585463 0.372442
vn -0.0430471 0.00914156 0.999031
v 4.6984 12.5328 -0.244431 0.381863 0.580733 0.371695
vn -0.0392676 0.010437 0.999174
v 4.69032 15.0453 -0.375595 0.34682 0.549028 0.366689
vn -0.0417028 0.0235984 0.998851
v 4.6975 16.9813 -0.41819 0.335441 0.538732 0.365063
vn -0.0375554 0.02005 0.999093
v 4.66364 19.2679 -0.457953 0.324817 0.529121 0.363545
vn -0.0400868 0.0196423 0.999003
v 4.64983 20.7421 -0.494082 0.315165 0.520387 0.362166
vn -0.0398108 0.0273928 0.998832
v 4.74951 22.616 -0.549801 0.300279 0.506919 0.36004
vn -0.0454721 0.0340125 0.998386
v 4.91384 -27.2458 1.1983 0.767308 0.929469 0.426758
vn -0.0325582 -0.0265411 0.999117
v 4.89963 -23.2696 1.03446 0.723536 0.889866 0.420505
vn -0.0267892 -0.0385476 0.998898
v 4.87821 -20.1407 0.919747 0.692889 0.862137 0.416127
vn -0.0245044 -0.0437657 0.998741
v 4.87345 -16.7244 0.848681 0.673902 0.844959 0.413415
vn -0.0454203 0.0660562 0.996782
v 4.88177 -14.5043 0.707856 0.636279 0.810919 0.40804
vn -0.0601912 0.0573158 0.99654
v 4.91918 -11.3341 0.637291 0.617427 0.793862 0.405347
vn 0.0203883 -0.112027 0.993496
v 4.8048 -8.80117 0.500197 0.5808 0.760724 0.400114
vn 0 0 0
v 4.903 -8.74484 0.502421 0.581394 0.761262 0.400199
vn 0.0440754 -0.108771 0.993089
v 4.88318 -5.63994 0.382709 0.549412 0.732325 0.39563
vn 0 0 0
v 4.96634 -5.56314 0.382394 0.549327 0.732249 0.395618
vn 0 0 0
v 4.91415 2.94156 0.0687626 0.465537 0.656438 0.383648
vn 0 0 0
v 4.91061 5.75639 -0.0249048 0.440512 0.633797 0.380073
vn -0.0452542 0.0341354 0.998392
v 4.81051 5.80869 -0.030238 0.439087 0.632508 0.37987
vn -0.0407589 0.0321597 0.998651
v 4.88648 8.13644 -0.0952381 0.421722 0.616796 0.377389
vn -0.0460313 0.028237 0.998541
v 4.88286 10.6671 -0.215697 0.389539 0.587678 0.372791
vn -0.0546683 0.0128811 0.998421
v 4.89981 12.4803 -0.234182 0.384601 0.58321 0.372086
vn -0.0501676 0.0124104 0.998664
v 4.93959 14.9837 -0.362182 0.350404 0.55227 0.367201
vn -0.0204077 0.129109 0.99142
v 4.84599 15.0121 -0.367892 0.348878 0.55089 0.366983
vn -0.040929 0.0238334 0.998878
v 4.87629 16.9653 -0.411622 0.337195 0.54032 0.365314
vn -0.0382859 0.018291 0.999099
v 4.88241 19.2577 -0.450236 0.326879 0.530986 0.36384
vn -0.0371146 0.0191895 0.999127
v 4.86418 20.7346 -0.486426 0.317211 0.522238 0.362459
vn -0.0365061 0.0277156 0.998949
v 4.91177 22.5896 -0.541668 0.302452 0.508885 0.36035
vn -0.0393946 0.0314975 0.998727
v 5.07273 -27.0888 1.2074 0.76974 0.931669 0.427106
vn -0.0314994 -0.0257897 0.999171
v 5.12362 -26.8452 1.21516 0.771812 0.933544 0.427402
vn -0.0323148 -0.0251922 0.99916
v 5.0995 -23.076 1.0471 0.726912 0.892921 0.420987
vn -0.028781 -0.0339157 0.99901
v 5.09092 -20.0791 0.927565 0.694977 0.864027 0.416425
vn -0.0349824 0.0540481 0.997925
v 5.09301 -16.68 0.854629 0.675491 0.846397 0.413642
vn -0.0440282 0.0660273 0.996846
v 5.02496 -14.4175 0.715262 0.638258 0.812709 0.408323
vn -0.000692816 -0.0838905 0.996475
v 5.13897 -14.3726 0.719125 0.63929 0.813643 0.40847
vn -0.0648228 0.0529371 0.996492
v 5.09086 -11.249 0.642718 0.618877 0.795174 0.405554
vn 0 0 0
v 5.05444 -8.66203 0.50477 0.582022 0.761829 0.400289
vn 0.0574497 -0.126586 0.990291
v 5.13978 -8.59846 0.507945 0.58287 0.762597 0.40041
vn 0.0574497 -0.126586 0.990291
v 5.04212 -5.48192 0.383234 0.549552 0.732452 0.39565
vn 0 0 0
v 5.15574 -5.36904 0.382188 0.549272 0.732199 0.39561
vn 0 0 0
v 5.1207 2.71714 0.0878066 0.470624 0.661041 0.384375
vn 0 0 0
v 5.01542 2.83406 0.0781353 0.468041 0.658703 0.384006
vn 0 0 0
v 5.08899 5.64163 -0.0116896 0.444043 0.636991 0.380578
vn -0.0426855 0.0340317 0.998509
v 5.09688 8.05235 -0.0843031 0.424643 0.619439 0.377806
vn -0.0430229 0.0277619 0.998688
v 5.10192 10.575 -0.200657 0.393558 0.591314 0.373365
vn 0.00398571 0.168035 0.985773
v 5.0054 10.6187 -0.207716 0.391672 0.589608 0.373096
vn -0.0491369 0.0111401 0.99873
v 5.07685 12.4202 -0.22338 0.387487 0.585821 0.372498
vn -0.0443177 0.00918615 0.998975
v 5.08938 14.9701 -0.357455 0.351667 0.553413 0.367381
vn -0.0408833 0.0231374 0.998896
v 5.08729 16.9387 -0.4031 0.339472 0.542379 0.365639
vn -0.042731 0.0212056 0.998862
v 5.10649 19.2685 -0.444883 0.328309 0.53228 0.364044
vn -0.0345891 0.0241551 0.99911
v 5.07995 20.7113 -0.47716 0.319686 0.524478 0.362812
vn -0.0395507 0.0282127 0.998819
v 5.08442 22.5846 -0.535408 0.304124 0.510398 0.360589
vn -0.0368448 0.0315401 0.998823
v 5.23959 -26.7194 1.22198 0.773636 0.935194 0.427662
vn -0.0309456 -0.0232349 0.999251
v 5.29164 -23.0614 1.05286 0.728452 0.894314 0.421207
vn -0.026867 -0.0353118 0.999015
v 5.29295 -20.0533 0.93323 0.696491 0.865396 0.416642
vn -0.0344385 0.0598018 0.997616
v 5.31077 -16.6204 0.861121 0.677226 0.847966 0.413889
vn -0.053724 0.0632526 0.99655
v 5.3205 -14.2844 0.726238 0.64119 0.815362 0.408741
vn -0.063325 0.0531123 0.996579
v 5.29036 -11.163 0.647139 0.620058 0.796243 0.405723
vn 0 0 0
v 5.28413 -8.52604 0.50828 0.58296 0.762678 0.400423
vn 0.0687946 -0.141678 0.987519
v 5.26302 -5.25794 0.380763 0.548892 0.731854 0.395556
vn 0 0 0
v 5.36618 -5.13603 0.380446 0.548807 0.731778 0.395544
vn 0 0 0
v 5.33407 2.48535 0.102835 0.47464 0.664674 0.384949
vn 0 0 0
v 5.2196 2.60476 0.0965582 0.472963 0.663157 0.384709
vn 0 0 0
v 5.29193 5.52018 0.000212867 0.447223 0.639868 0.381032
vn -0.0393436 0.0320878 0.99871
v 5.31533 7.96237 -0.0732709 0.42759 0.622106 0.378227
vn -0.0433781 0.0291907 0.998632
v 5.31773 10.5235 -0.192752 0.39567 0.593225 0.373667
vn -0.0476358 0.00997133 0.998815
v 5.30684 12.3615 -0.21257 0.390375 0.588434 0.372911
vn -0.0501579 0.0103482 0.998688
v 5.31508 14.9089 -0.345087 0.354971 0.556402 0.367853
vn -0.043988 0.0247345 0.998726
v 5.30448 16.8739 -0.389924 0.342992 0.545564 0.366142
vn -0.0421568 0.0232465 0.998841
v 5.37089 19.1962 -0.429248 0.332486 0.536059 0.364641
vn -0.0402173 0.0183206 0.999023
v 5.27112 19.2516 -0.438269 0.330076 0.533879 0.364297
vn -0.0386881 0.0213327 0.999024
v 5.2898 20.6816 -0.467536 0.322257 0.526804 0.36318
vn -0.0392788 0.0257943 0.998895
v 5.32016 22.5753 -0.52672 0.306445 0.512498 0.360921
vn -0.0416581 0.040396 0.998315
v 5.45215 -26.8713 1.22481 0.774391 0.935878 0.42777
vn -0.0307954 -0.0246244 0.999222
v 5.50993 -23.055 1.05888 0.730059 0.895767 0.421437
vn -0.026129 -0.0360198 0.999009
v 5.48164 -20.0319 0.938224 0.697825 0.866603 0.416832
vn -0.0406814 0.0583262 0.997468
v 5.53963 -19.8772 0.946632 0.700071 0.868636 0.417153
vn -0.0210524 -0.0460002 0.99872
v 5.50246 -16.5432 0.86802 0.679069 0.849634 0.414153
vn -0.059871 0.0605083 0.996371
v 5.46397 -14.2074 0.732176 0.642777 0.816798 0.408968
vn -0.0656472 0.0514404 0.996516
v 5.57213 -14.1544 0.736106 0.643827 0.817748 0.409118
vn -0.0537712 0.0546713 0.997056
v 5.46757 -11.0662 0.652484 0.621486 0.797535 0.405927
vn 0 0 0
v 5.5843 -10.9996 0.655958 0.622414 0.798374 0.406059
vn 0 0 0
v 5.44877 -8.42519 0.510253 0.583487 0.763155 0.400498
vn 0 0 0
v 5.57015 -8.34799 0.511499 0.58382 0.763456 0.400546
vn 0 0 0
v 5.44068 -5.04646 0.379733 0.548617 0.731605 0.395517
vn 0 0 0
v 5.53843 -4.9243 0.378306 0.548235 0.731261 0.395462
vn 0.134238 -0.0861892 0.987194
v 5.58292 2.19436 0.118774 0.478898 0.668527 0.385557
vn 0 0 0
v 5.48752 2.3208 0.110366 0.476651 0.666494 0.385236
vn 0 0 0
v 5.5734 5.34627 0.0155572 0.451322 0.643577 0.381617
vn -0.0340864 0.0277415 0.999034
v 5.44516 5.42291 0.00943846 0.449687 0.642098 0.381384
vn -0.0376051 0.0308972 0.998815
v 5.52002 7.87139 -0.0624896 0.430471 0.624712 0.378639
vn -0.0410947 0.0290773 0.998732
v 5.53544 10.4488 -0.181601 0.398649 0.59592 0.374093
vn -0.0417819 0.00852267 0.99909
v 5.51941 12.2901 -0.200471 0.393607 0.591359 0.373372
vn -0.0531285 0.0117965 0.998518
v 5.52558 14.8654 -0.335652 0.357492 0.558683 0.368213
vn -0.0399707 0.0236947 0.99892
v 5.5169 16.8536 -0.382536 0.344966 0.54735 0.366424
vn -0.0383154 0.0236068 0.998987
v 5.47939 19.1791 -0.424311 0.333805 0.537253 0.364829
vn -0.0405459 0.0306792 0.998707
v 5.54828 20.6923 -0.460876 0.324037 0.528414 0.363434
vn -0.0320039 0.0315014 0.998991
v 5.52091 22.5188 -0.51454 0.309699 0.515442 0.361386
vn -0.0376729 0.0308249 0.998815
v 5.64191 -26.9044 1.22982 0.775728 0.937088 0.427961
vn -0.0304419 -0.025107 0.999221
v 5.71085 -23.0598 1.06389 0.731397 0.896978 0.421628
vn -0.025546 -0.0365791 0.999004
v 5.73488 -19.8851 0.950127 0.701005 0.869481 0.417286
vn -0.0192882 -0.0468104 0.998718
v 5.73166 -16.471 0.874711 0.680857 0.851251 0.414408
vn -0.0480465 0.0638056 0.996805
v 5.72129 -14.0687 0.742246 0.645467 0.819232 0.409352
vn -0.0562027 0.0512103 0.997105
v 5.71618 -10.9349 0.658553 0.623107 0.799002 0.406158
vn 0 0 0
v 5.65471 -8.28552 0.513093 0.584245 0.763841 0.400606
vn 0 0 0
v 5.63752 -4.8083 0.37496 0.547341 0.730452 0.395334
vn 0.134238 -0.0861892 0.987194
v 5.72275 -4.67222 0.375252 0.547419 0.730522 0.395346
vn 0.134238 -0.0861892 0.987194
v 5.7367 1.96695 0.134319 0.483051 0.672284 0.38615
vn 0 0 0
v 5.64744 2.10022 0.125483 0.48069 0.670148 0.385813
vn 0 0 0
v 5.79355 5.19167 0.0294006 0.455021 0.646923 0.382146
vn -0.0396846 0.0364389 0.998548
v 5.6973 5.2678 0.0217944 0.452988 0.645085 0.381855
vn -0.0402667 0.029941 0.99874
v 5.72907 7.77082 -0.0508924 0.433569 0.627515 0.379081
vn -0.0441506 0.0311052 0.998541
v 5.60898 7.8324 -0.0581216 0.431638 0.625768 0.378805
vn -0.0411861 0.0295513 0.998714
v 5.72653 10.3633 -0.16904 0.402004 0.598956 0.374572
vn 0.00728577 0.158998 0.987252
v 5.67385 10.4078 -0.175816 0.400194 0.597318 0.374313
vn -0.0475325 0.0110756 0.998808
v 5.73027 12.2224 -0.189287 0.396595 0.594062 0.373799
vn -0.0482483 0.00995243 0.998786
v 5.71295 14.8077 -0.324931 0.360356 0.561275 0.368622
vn -0.0423699 0.0252987 0.998782
v 5.78855 16.7962 -0.369524 0.348442 0.550496 0.36692
vn -0.0416437 0.02391 0.998846
v 5.66556 16.841 -0.37768 0.346263 0.548524 0.366609
vn -0.0216181 0.121167 0.992397
v 5.69277 19.2364 -0.424876 0.333654 0.537116 0.364808
vn -0.0282596 0.0194919 0.999411
v 5.76838 20.5917 -0.443689 0.328628 0.532568 0.36409
vn -0.0313397 0.0201517 0.999306
v 5.70091 20.6756 -0.454575 0.32572 0.529937 0.363674
vn -0.0371815 0.030604 0.99884
v 5.75272 22.5122 -0.506494 0.311849 0.517387 0.361693
vn -0.0357074 0.0303344 0.998902
v 5.89595 -27.0189 1.23464 0.777015 0.938252 0.428145
vn -0.0294476 -0.0272257 0.999195
v 5.89639 -23.0912 1.06743 0.732345 0.897836 0.421764
vn -0.0250895 -0.0363887 0.999023
v 5.91912 -22.2075 1.09942 0.740891 0.905568 0.422984
vn -0.0327799 0.0175836 0.999308
v 5.94177 -19.9252 0.952195 0.701557 0.869981 0.417365
vn -0.0429784 0.0550913 0.997556
v 5.89311 -16.4221 0.879096 0.682028 0.852311 0.414575
vn -0.0520746 0.0615395 0.996745
v 5.99609 -16.3759 0.882652 0.682978 0.853171 0.414711
vn -0.0640401 0.0542931 0.996469
v 5.82866 -14.0141 0.745987 0.646466 0.820136 0.409495
vn -0.0592404 0.0482073 0.997079
v 5.90982 -13.9576 0.749846 0.647497 0.821069 0.409642
vn -0.000472146 -0.0674886 0.99772
v 5.88963 -10.8409 0.662372 0.624127 0.799925 0.406304
vn 0 0 0
v 5.87084 -8.11475 0.517343 0.585381 0.764869 0.400769
vn 0.063051 -0.0944085 0.993535
v 5.82483 -4.484 0.376965 0.547877 0.730936 0.395411
vn 0 0 0
v 5.90722 -4.34761 0.375187 0.547402 0.730507 0.395343
vn 0 0 0
v 5.99654 -4.18991 0.372959 0.546807 0.729968 0.395258
vn 0 0 0
v 5.93734 1.6683 0.149571 0.487126 0.675971 0.386732
vn 0 0 0
v 5.83183 1.83615 0.140338 0.484659 0.673739 0.38638
vn 0 0 0
v 5.86313 5.16502 0.0289686 0.454905 0.646819 0.382129
vn -0.0336225 0.0220018 0.999192
v 5.90724 7.67954 -0.0406766 0.436298 0.629984 0.379471
vn -0.0414905 0.0297899 0.998695
v 5.90535 10.3169 -0.163086 0.403595 0.600396 0.374799
vn -0.0492413 0.0110046 0.998726
v 5.90961 12.1592 -0.179247 0.399278 0.596489 0.374183
vn -0.0458103 0.0088351 0.998911
v 5.91076 14.7628 -0.315985 0.362746 0.563437 0.368964
vn -0.0360555 0.0240882 0.999059
v 5.92063 16.783 -0.365123 0.349618 0.551559 0.367088
vn -0.0334424 0.0230662 0.999174
v 5.91097 19.2455 -0.420057 0.334942 0.538281 0.364992
vn -0.0219329 0.0173808 0.999608
v 5.85197 20.6396 -0.446352 0.327917 0.531925 0.363988
vn -0.0286436 0.105916 0.993962
v 5.88057 22.5029 -0.50154 0.313172 0.518585 0.361882
vn -0.0375721 0.0397263 0.998504
v 6.04148 -26.816 1.24399 0.779513 0.940512 0.428502
vn -0.0296499 -0.0246781 0.999256
v 6.08272 -26.5707 1.25124 0.781453 0.942267 0.428779
vn -0.0296187 -0.0235051 0.999285
v 6.0172 -23.0723 1.07108 0.733319 0.898717 0.421903
vn -0.0240281 -0.035433 0.999083
v 6.0783 -19.8499 0.958129 0.703143 0.871415 0.417592
vn -0.0180945 -0.0459644 0.998779
v 6.11356 -16.3289 0.886271 0.683945 0.854046 0.414849
vn -0.0592812 0.0544198 0.996757
v 6.08629 -13.8471 0.757021 0.649414 0.822803 0.409916
vn 0 0 0
v 6.05966 -10.7421 0.666169 0.625142 0.800843 0.406449
vn 0 0 0
v 6.00359 -8.02362 0.517578 0.585444 0.764925 0.400778
vn 0.063051 -0.0944085 0.993535
v 6.09182 -7.94086 0.519843 0.586049 0.765473 0.400864
vn 0.063051 -0.0944085 0.993535
v 6.06273 -4.05714 0.3717 0.546471 0.729664 0.39521
vn 0 0 0
v 6.13186 -3.91981 0.36913 0.545784 0.729043 0.395112
vn 0 0 0
v 6.18737 -3.76936 0.36947 0.545875 0.729125 0.395125
vn 0 0 0
v 6.13681 1.30241 0.169929 0.492565 0.680892 0.387509
vn 0 0 0
v 6.04171 1.48272 0.160307 0.489994 0.678566 0.387142
vn 0 0 0
v 6.12095 4.97205 0.0447004 0.459108 0.650622 0.38273
vn -0.0356897 0.0191474 0.999179
v 6.01626 5.05792 0.0371488 0.457091 0.648796 0.382442
vn -0.0449787 0.0280907 0.998593
v 6.16125 7.53547 -0.0246637 0.440577 0.633855 0.380082
vn -0.0443209 0.0317715 0.998512
v 6.03916 7.60804 -0.032769 0.438411 0.631896 0.379773
vn -0.0449885 0.0316604 0.998486
v 6.08359 10.2476 -0.153788 0.406079 0.602643 0.375154
vn -0.0416976 0.00803371 0.999098
v 6.08246 12.1183 -0.172718 0.401022 0.598067 0.374432
vn -0.0406401 0.007806 0.999143
v 6.11548 14.728 -0.308481 0.364751 0.565251 0.36925
vn -0.0377957 0.0244756 0.998986
v 6.06576 16.7608 -0.35943 0.351139 0.552936 0.367306
vn -0.0417089 0.0248354 0.998821
v 6.07641 19.2302 -0.414033 0.336551 0.539737 0.365222
vn -0.0296589 0.0193768 0.999372
v 6.07413 20.6412 -0.440156 0.329572 0.533422 0.364225
vn -0.0302617 0.0249925 0.99923
v 6.07145 22.4785 -0.493169 0.315409 0.520608 0.362201
vn -0.0359293 0.029201 0.998928
v 6.25567 -26.7252 1.25246 0.781776 0.942559 0.428825
vn -0.02869 -0.0250788 0.999274
v 6.20949 -23.0307 1.07718 0.73495 0.900192 0.422136
vn -0.0229934 -0.0357043 0.999098
v 6.29323 -22.8837 1.08434 0.736862 0.901923 0.422409
vn -0.0234901 -0.0352788 0.999101
v 6.28538 -19.8345 0.962425 0.704291 0.872453 0.417756
vn -0.016504 -0.0467726 0.998769
v 6.30245 -16.2428 0.892478 0.685603 0.855546 0.415086
vn -0.0545436 0.0551855 0.996985
v 6.32956 -13.7447 0.762681 0.650926 0.824172 0.410132
vn 0.0127168 -0.0791034 0.996785
v 6.26218 -10.6464 0.668009 0.625633 0.801287 0.406519
vn 0 0 0
v 6.36092 -10.5867 0.66982 0.626117 0.801725 0.406588
vn 0 0 0
v 6.22814 -7.82353 0.521577 0.586512 0.765892 0.40093
vn 0 0 0
v 6.34167 -7.72384 0.522653 0.5868 0.766152 0.400971
vn 0.0752681 -0.088922 0.993191
v 6.23634 -3.64727 0.367979 0.545476 0.728764 0.395068
vn 0 0 0
v 6.29866 -3.47883 0.365709 0.54487 0.728216 0.394981
vn 0 0 0
v 6.35779 -3.25837 0.365445 0.544799 0.728152 0.394971
vn 0 0 0
v 6.38626 0.749959 0.1971 0.499824 0.687459 0.388546
vn 0 0 0
v 6.33013 0.918938 0.186174 0.496905 0.684819 0.388129
vn 0 0 0
v 6.25202 1.08672 0.178713 0.494911 0.683015 0.387844
vn 0 0 0
v 6.28082 4.86771 0.0502437 0.460589 0.651962 0.382941
vn -0.0446654 0.0220588 0.998758
v 6.29183 7.47245 -0.0188847 0.44212 0.635252 0.380303
vn -0.036677 0.0282853 0.998927
v 6.34312 10.1512 -0.141628 0.409328 0.605582 0.375618
vn -0.0627426 0.0146708 0.997922
v 6.23189 10.204 -0.148548 0.407479 0.60391 0.375354
vn -0.0517258 0.00961779 0.998615
v 6.3122 12.046 -0.161823 0.403932 0.600701 0.374847
vn -0.0490137 0.0105686 0.998742
v 6.30351 14.6743 -0.298962 0.367294 0.567552 0.369613
vn -0.03491 0.0265859 0.999037
v 6.30735 16.7114 -0.348657 0.354017 0.55554 0.367717
vn -0.0374096 0.0246278 0.998996
v 6.34695 19.1785 -0.401404 0.339925 0.542789 0.365704
vn -0.0249133 0.11049 0.993565
v 6.28319 19.234 -0.409178 0.337848 0.54091 0.365407
vn -0.027269 0.0207993 0.999412
v 6.27461 20.6329 -0.433645 0.331312 0.534996 0.364473
vn -0.0253801 0.0222139 0.999431
v 6.31106 22.4712 -0.485119 0.31756 0.522554 0.362509
vn -0.0276695 0.0289337 0.999198
v 6.52143 -26.7567 1.25925 0.783592 0.944202 0.429085
vn -0.028256 -0.0243253 0.999305
v 6.48194 -22.847 1.08996 0.738364 0.903281 0.422623
vn -0.0224801 -0.03478 0.999142
v 6.5341 -19.8383 0.966313 0.705329 0.873393 0.417904
vn -0.016158 -0.0461026 0.998806
v 6.52111 -16.1817 0.897122 0.686844 0.856668 0.415263
vn -0.0486967 0.0549162 0.997303
v 6.51089 -13.6595 0.767135 0.652116 0.825248 0.410302
vn 0.0089145 -0.0661767 0.997768
v 6.50097 -10.5096 0.671375 0.626533 0.802101 0.406648
vn 0.0353123 -0.0785138 0.996287
v 6.44535 -7.64704 0.521671 0.586537 0.765915 0.400934
vn 0.0752681 -0.088922 0.993191
v 6.55057 -7.5409 0.5232 0.586946 0.766284 0.400992
vn 0.07926 -0.0884602 0.992921
v 6.42035 -3.06772 0.36083 0.543566 0.727036 0.394795
vn 0 0 0
v 6.46354 -2.9195 0.357099 0.542569 0.726134 0.394653
vn 0 0 0
v 6.52135 -2.71491 0.35057 0.540825 0.724556 0.394404
vn 0 0 0
v 6.58062 -2.49131 0.341961 0.538525 0.722475 0.394075
vn 0 0 0
v 6.59108 -0.0184749 0.239674 0.511198 0.69775 0.390171
vn 0.185169 0.0867041 0.978874
v 6.55946 0.09204 0.235865 0.51018 0.69683 0.390026
vn 0.185169 0.0867041 0.978874
v 6.52034 0.276807 0.224921 0.507256 0.694184 0.389608
vn 0 0 0
v 6.46192 0.483225 0.214108 0.504368 0.691571 0.389195
vn 0 0 0
v 6.42065 0.639856 0.203888 0.501637 0.6891 0.388805
vn 0 0 0
v 6.5016 4.69908 0.0610517 0.463477 0.654574 0.383354
vn -0.0467077 0.0192935 0.998722
v 6.51325 7.35288 -0.00758127 0.44514 0.637984 0.380734
vn -0.0388647 0.0300963 0.998791
v 6.52218 10.0433 -0.127224 0.413176 0.609064 0.376168
vn -0.0635456 0.0154984 0.997859
v 6.50691 11.9661 -0.150277 0.407017 0.603492 0.375288
vn -0.0513049 0.0111389 0.998621
v 6.55415 14.5648 -0.281598 0.371933 0.571749 0.370276
vn -0.00980531 0.133795 0.990961
v 6.44544 14.6092 -0.288667 0.370045 0.57004 0.370006
vn -0.0431766 0.03216 0.99855
v 6.51509 16.6707 -0.339794 0.356385 0.557682 0.368055
vn -0.0340246 0.024437 0.999122
v 6.45553 19.1625 -0.396928 0.341121 0.543871 0.365874
vn -0.0241072 0.109451 0.9937
v 6.52378 19.2197 -0.401608 0.339871 0.54274 0.365696
vn -0.0308384 0.0213097 0.999297
v 6.51853 20.6587 -0.429669 0.332374 0.535957 0.364625
vn -0.0248206 0.024806 0.999384
v 6.52809 22.4768 -0.479164 0.31915 0.523993 0.362736
vn -0.0278422 0.0289623 0.999193
v 6.69534 -26.8015 1.26303 0.784601 0.945115 0.429229
vn -0.0263138 -0.0330378 0.999108
v 6.78641 -26.7677 1.26637 0.785493 0.945922 0.429356
vn -0.0276607 -0.0241431 0.999326
v 6.69302 -22.89 1.09316 0.739218 0.904054 0.422745
vn -0.02221 -0.0354691 0.999124
v 6.79077 -22.7882 1.09884 0.740735 0.905427 0.422962
vn -0.021829 -0.0338966 0.999187
v 6.68979 -19.8264 0.969258 0.706116 0.874105 0.418017
vn -0.0149872 -0.0448691 0.99888
v 6.76894 -19.7442 0.974141 0.707421 0.875285 0.418203
vn -0.0152696 -0.0436923 0.998928
v 6.71486 -16.1119 0.901831 0.688102 0.857807 0.415443
vn -0.049894 0.0530793 0.997343
v 6.65218 -13.6233 0.7682 0.652401 0.825506 0.410343
vn 0.0111834 -0.0731209 0.99726
v 6.75499 -13.5623 0.771289 0.653226 0.826252 0.410461
vn 0.00764293 -0.0618522 0.998056
v 6.65188 -10.4399 0.671514 0.62657 0.802135 0.406653
vn 0.0421306 -0.0870549 0.995312
v 6.75008 -10.3618 0.674187 0.627284 0.802781 0.406755
vn 0.0421306 -0.0870549 0.995312
v 6.68252 -7.43819 0.521341 0.586449 0.765835 0.400921
vn 0.0923067 -0.0966727 0.991027
v 6.75846 -7.35214 0.522664 0.586802 0.766155 0.400972
vn 0.0923067 -0.0966727 0.991027
v 6.63087 -2.29226 0.332817 0.536082 0.720265 0.393726
vn 0 0 0
v 6.66858 -2.10678 0.324711 0.533917 0.718306 0.393417
vn 0 0 0
v 6.69476 -1.93949 0.317712 0.532047 0.716614 0.39315
vn 0 0 0
v 6.71313 -1.72447 0.310421 0.530099 0.714851 0.392871
vn 0 0 0
v 6.73123 -1.47124 0.299938 0.527298 0.712317 0.392471
vn 0 0 0
v 6.73337 -1.29821 0.293493 0.525576 0.71076 0.392225
vn 0 0 0
v 6.71807 -1.05752 0.286512 0.523711 0.709072 0.391959
vn 0 0 0
v 6.71182 -0.900281 0.279684 0.521887 0.707422 0.391698
vn 0 0 0
v 6.69394 -0.727688 0.273311 0.520184 0.705881 0.391455
vn 0 0 0
v 6.66873 -0.51474 0.264384 0.517799 0.703723 0.391114
vn 0 0 0
v 6.63012 -0.270208 0.253712 0.514948 0.701144 0.390707
vn 0 0 0
v 6.60921 -0.13274 0.246364 0.512985 0.699368 0.390426
vn 0.185169 0.0867041 0.978874
v 6.71048 4.51903 0.0733961 0.466775 0.657558 0.383825
vn -0.0493219 0.0188047 0.998606
v 6.75199 7.19343 0.0087614 0.449506 0.641934 0.381358
vn -0.0422657 0.0311138 0.998622
v 6.64332 7.2716 0.000511125 0.447302 0.63994 0.381043
vn -0.0454489 0.0342771 0.998378
v 6.72694 9.93668 -0.113853 0.416748 0.612296 0.376678
vn -0.0581497 0.012325 0.998232
v 6.70099 11.8925 -0.139958 0.409774 0.605986 0.375682
vn -0.0479134 0.00906611 0.99881
v 6.74326 14.5327 -0.27539 0.373592 0.573249 0.370513
vn -0.0358334 0.0287959 0.998943
v 6.68439 16.6695 -0.336595 0.35724 0.558455 0.368177
vn -0.0213266 0.0238221 0.999489
v 6.72733 19.1895 -0.393335 0.342081 0.54474 0.366012
vn -0.0434513 0.0243945 0.998758
v 6.74272 20.6514 -0.42287 0.33419 0.537601 0.364884
vn -0.0337207 0.0260101 0.999093
v 6.72728 22.4873 -0.474344 0.320438 0.525158 0.36292
vn -0.030344 0.0350205 0.998926
v 6.91672 -26.7403 1.27059 0.786621 0.946943 0.429517
vn -0.0269939 -0.0242407 0.999342
v 6.83494 -25.844 1.29003 0.79 0.95 0.43
vn -0.0271389 -0.0239784 0.999344
v 6.97118 -25.6612 1.29804 0.79 0.95 0.43
vn -0.0250322 -0.0232287 0.999417
v 6.92347 -22.8311 1.10017 0.741092 0.90575 0.423013
vn -0.0203053 -0.0355208 0.999163
v 6.89137 -19.777 0.974427 0.707497 0.875355 0.418214
vn -0.0137047 -0.0454653 0.998872
v 6.89077 -16.0518 0.905685 0.689132 0.858738 0.41559
vn -0.00268005 -0.0538929 0.998543
v 6.98924 -15.9995 0.908774 0.689957 0.859485 0.415708
vn -0.00268005 -0.0538929 0.998543
v 6.94788 -13.4381 0.777412 0.654862 0.827732 0.410695
vn 0.00774597 -0.0592346 0.998214
v 6.93061 -10.2514 0.675768 0.627706 0.803163 0.406815
vn 0.0524585 -0.0999844 0.993605
v 6.84714 -7.27254 0.521754 0.586559 0.765935 0.400937
vn 0.113989 -0.115738 0.986717
v 6.96451 -7.16464 0.520338 0.586181 0.765592 0.400883
vn 0 0 0
v 6.9271 4.30637 0.0887758 0.470883 0.661275 0.384412
vn -0.0572619 0.026063 0.998019
v 6.81864 4.42277 0.0796367 0.468442 0.659066 0.384063
vn -0.0515782 0.0196478 0.998476
v 6.90425 7.08891 0.0189432 0.452227 0.644396 0.381747
vn -0.0453417 0.0319262 0.998461
v 6.8955 9.85556 -0.104278 0.419306 0.614611 0.377044
vn -0.0497951 0.00640033 0.998739
v 6.92216 11.7929 -0.126356 0.413408 0.609274 0.376201
vn -0.0556292 0.0102227 0.998399
v 6.85243 11.8219 -0.130244 0.412369 0.608334 0.376053
vn -0.0566941 0.0104509 0.998337
v 6.94124 14.5017 -0.269432 0.375183 0.57469 0.37074
vn -0.038451 0.0272211 0.99889
v 6.89195 16.6563 -0.331411 0.358625 0.559708 0.368375
vn -0.0291671 0.0250194 0.999261
v 6.86939 19.1468 -0.385251 0.344241 0.546694 0.36632
vn -0.0434357 0.0223478 0.998806
v 6.89774 20.6182 -0.415273 0.33622 0.539437 0.365174
vn -0.0397121 0.0255249 0.998885
v 6.91365 22.471 -0.46728 0.322325 0.526866 0.363189
vn -0.0352091 0.0281869 0.998982
v 7.13957 -26.6849 1.27792 0.788578 0.948714 0.429797
vn -0.0260196 -0.0256543 0.999332
v 7.0088 -22.6962 1.10663 0.742817 0.907311 0.42326
vn -0.0206761 -0.0345524 0.999189
v 7.09182 -22.5779 1.11241 0.744361 0.908708 0.42348
vn -0.0214479 -0.0336181 0.999205
v 7.06496 -19.7086 0.979863 0.708949 0.876668 0.418421
vn -0.01338 -0.041516 0.999048
v 7.10203 -15.977 0.910152 0.690325 0.859818 0.415761
vn -0.000674639 -0.0576538 0.998336
v 7.12135 -13.3543 0.780617 0.655718 0.828507 0.410817
vn 0.00952207 -0.0578683 0.998279
v 7.10674 -10.1313 0.677707 0.628224 0.803632 0.406889
vn 0 0 0
v 7.06538 -7.05438 0.520254 0.586159 0.765572 0.40088
vn 0 0 0
v 7.1666 -6.93299 0.520613 0.586255 0.765659 0.400894
vn 0 0 0
v 7.19005 3.99923 0.112842 0.477313 0.667093 0.38533
vn -0.0572542 0.0293241 0.997929
v 7.08433 4.12406 0.103385 0.474786 0.664807 0.384969
vn -0.0542499 0.0250742 0.998213
v 7.11268 6.92471 0.0356279 0.456684 0.648429 0.382383
vn -0.0415635 0.026587 0.998782
v 7.1044 9.76139 -0.0939105 0.422076 0.617117 0.377439
vn -0.0606054 0.00974579 0.998114
v 7.09551 11.7116 -0.115571 0.416289 0.611881 0.376613
vn -0.0587605 0.0123835 0.998195
v 7.10413 14.4562 -0.262082 0.377147 0.576466 0.371021
vn -0.0370234 0.0256868 0.998984
v 7.08267 16.6184 -0.32369 0.360688 0.561575 0.36867
vn -0.0415433 0.0299651 0.998687
v 7.10782 19.0927 -0.373806 0.347298 0.54946 0.366757
vn -0.0428997 0.0213023 0.998852
v 7.00668 20.5889 -0.409355 0.337801 0.540868 0.3654
vn -0.044627 0.0223405 0.998754
v 7.09771 20.6038 -0.408585 0.338007 0.541054 0.36543
vn -0.0381368 0.0292579 0.998844
v 7.06918 22.4573 -0.461446 0.323884 0.528276 0.363412
vn -0.0392613 0.0305757 0.998761
v 7.33712 -26.5515 1.2863 0.79 0.95 0.43
vn -0.0259112 -0.0241233 0.999373
v 7.25005 -22.6821 1.11201 0.744254 0.908611 0.423465
vn -0.0198338 -0.0351138 0.999186
v 7.33627 -22.5762 1.11733 0.745676 0.909898 0.423668
vn -0.0190484 -0.0332593 0.999265
v 7.29377 -19.6904 0.983594 0.709946 0.87757 0.418564
vn -0.0128068 -0.0438898 0.998954
v 7.28241 -15.9183 0.913405 0.691194 0.860604 0.415885
vn 0 0 0
v 7.28056 -13.2444 0.785469 0.657014 0.82968 0.411002
vn 0.00952207 -0.0578683 0.998279
v 7.23796 -10.0399 0.678936 0.628553 0.803929 0.406936
vn 0 0 0
v 7.34061 -9.96831 0.679628 0.628738 0.804096 0.406963
vn 0 0 0
v 7.24193 -6.83897 0.520816 0.586309 0.765708 0.400901
vn 0 0 0
v 7.33884 -6.72327 0.520151 0.586131 0.765547 0.400876
vn 0.0895787 -0.0657607 0.993806
v 7.37901 3.76234 0.130294 0.481976 0.671311 0.385997
vn -0.0550553 0.0273032 0.99811
v 7.27922 3.88529 0.121662 0.479669 0.669225 0.385667
vn -0.0555184 0.0274922 0.998079
v 7.35164 6.7613 0.0494374 0.460374 0.651767 0.382911
vn 0.0473613 0.150351 0.987498
v 7.24755 6.83274 0.0435525 0.458801 0.650344 0.382686
vn -0.0472929 0.029821 0.998436
v 7.30066 9.64341 -0.0801156 0.425762 0.620451 0.377966
vn -0.0610444 0.00911263 0.998093
v 7.36899 11.5682 -0.0969815 0.421256 0.616374 0.377322
vn -0.0608385 0.0144958 0.998042
v 7.27633 11.6354 -0.105793 0.418902 0.614244 0.376986
vn 0.00565226 0.137741 0.990452
v 7.27742 14.4151 -0.255399 0.378932 0.578082 0.371276
vn -0.0285892 0.0244508 0.999292
v 7.30109 16.5521 -0.312293 0.363732 0.564329 0.369105
vn -0.0400679 0.0291967 0.99877
v 7.29729 19.0472 -0.364548 0.349772 0.551698 0.36711
vn -0.0434438 0.021718 0.99882
v 7.30811 20.5329 -0.39581 0.34142 0.544142 0.365917
vn -0.0416756 0.026257 0.998786
v 7.29995 22.4176 -0.450952 0.326688 0.530813 0.363813
vn -0.0348752 0.0279548 0.999001
v 7.44922 -26.4392 1.29187 0.79 0.95 0.43
vn -0.0256587 -0.0237383 0.999389
v 7.56131 -26.3302 1.29731 0.79 0.95 0.43
vn -0.0252054 -0.0232687 0.999411
v 7.53979 -22.7127 1.11659 0.745477 0.909717 0.42364
vn -0.0191865 -0.0349872 0.999204
v 7.50719 -19.6372 0.988465 0.711247 0.878748 0.41875
vn -0.0134365 -0.0371785 0.999218
v 7.51731 -15.834 0.91771 0.692345 0.861645 0.416049
vn 0.00539345 -0.0601359 0.998176
v 7.49321 -13.1434 0.788374 0.657791 0.830382 0.411113
vn 0 0 0
v 7.48926 -9.85537 0.680934 0.629087 0.804412 0.407012
vn 0 0 0
v 7.42315 -6.61879 0.519464 0.585948 0.765381 0.40085
vn 0.0895787 -0.0657607 0.993806
v 7.51394 -6.46573 0.521408 0.586467 0.765851 0.400924
vn 0.0895787 -0.0657607 0.993806
v 7.54119 3.54048 0.146407 0.48628 0.675206 0.386611
vn -0.0573376 0.0295026 0.997919
v 7.45253 3.66094 0.137946 0.48402 0.673161 0.386289
vn -0.0587104 0.0319489 0.997764
v 7.56293 6.56698 0.0685644 0.465484 0.65639 0.383641
vn -0.0566823 0.0326753 0.997857
v 7.46841 6.65081 0.06066 0.463372 0.654479 0.383339
vn -0.0448864 0.0263899 0.998643
v 7.52343 9.51605 -0.066111 0.429503 0.623836 0.3785
vn -0.0633463 0.0104541 0.997937
v 7.52631 11.4911 -0.0873667 0.423825 0.618698 0.377689
vn -0.0599709 0.0146204 0.998093
v 7.5139 14.3727 -0.248313 0.380826 0.579795 0.371547
vn -0.0362264 0.0247826 0.999036
v 7.49812 16.473 -0.299885 0.367047 0.567329 0.369578
vn -0.0421379 0.0283565 0.998709
v 7.55713 18.9919 -0.352858 0.352895 0.554524 0.367556
vn -0.0302168 0.0196671 0.99935
v 7.44266 19.0074 -0.357009 0.351786 0.553521 0.367398
vn -0.0403831 0.0214457 0.998954
v 7.5228 20.4887 -0.385846 0.344082 0.54655 0.366297
vn -0.0389087 0.02638 0.998894
v 7.49837 22.4067 -0.444353 0.328451 0.532408 0.364064
vn -0.0388337 0.0310896 0.998762
v 7.71011 -26.3554 1.30046 0.79 0.95 0.43
vn -0.0248465 -0.0231937 0.999422
v 7.70602 -22.6401 1.12214 0.746962 0.911061 0.423852
vn -0.0184737 -0.032942 0.999287
v 7.68437 -19.5718 0.99326 0.712529 0.879907 0.418933
vn -0.0117958 -0.040064 0.999127
v 7.73332 -15.7405 0.922177 0.693538 0.862725 0.41622
vn 0.00401749 -0.0543038 0.998516
v 7.71815 -13.0462 0.79026 0.658294 0.830838 0.411185
vn 0 0 0
v 7.71414 -9.70144 0.680758 0.629039 0.804369 0.407006
vn 0 0 0
v 7.67551 -6.24321 0.519527 0.585964 0.765396 0.400852
vn 0 0 0
v 7.77211 -6.11847 0.516962 0.585279 0.764776 0.400754
vn 0.0972747 -0.0516141 0.993918
v 7.79515 3.17016 0.171461 0.492974 0.681262 0.387568
vn -0.0532019 0.0213408 0.998356
v 7.69752 3.31903 0.161375 0.490279 0.678824 0.387183
vn -0.0581369 0.0274681 0.997931
v 7.60823 3.44623 0.152972 0.488034 0.676793 0.386862
vn -0.0604136 0.0331225 0.997624
v 7.7726 6.36873 0.0871773 0.470456 0.660889 0.384351
vn -0.0483252 0.023328 0.998559
v 7.67382 6.4764 0.0763015 0.467551 0.65826 0.383936
vn 0.0502286 0.145882 0.988026
v 7.72933 9.35909 -0.0478531 0.434381 0.62825 0.379197
vn -0.0597944 0.0100718 0.99816
v 7.64051 9.42756 -0.0557435 0.432273 0.626342 0.378896
vn -0.0687264 0.0151314 0.997521
v 7.73104 11.3699 -0.0723245 0.427843 0.622334 0.378263
vn -0.0587702 0.0108879 0.998212
v 7.73317 14.2855 -0.235833 0.38416 0.582811 0.372023
vn -0.0417217 0.0273459 0.998755
v 7.78619 16.3946 -0.28654 0.370613 0.570554 0.370088
vn -0.0330508 0.0248138 0.999146
v 7.69701 16.439 -0.293034 0.368878 0.568985 0.36984
vn -0.0134627 0.120269 0.99265
v 7.72692 18.9786 -0.347846 0.354234 0.555735 0.367748
vn -0.0313473 0.0204242 0.9993
v 7.73261 20.4443 -0.376135 0.346676 0.548898 0.366668
vn -0.0351818 0.0210341 0.99916
v 7.73754 22.3801 -0.435167 0.330905 0.534628 0.364415
vn -0.0350778 0.0307233 0.998912
v 7.83055 -26.4458 1.30131 0.79 0.95 0.43
vn -0.0243347 -0.0247983 0.999396
v 7.93729 -26.3364 1.3065 0.79 0.95 0.43
vn -0.023892 -0.0238642 0.99943
v 7.89489 -22.6426 1.12547 0.747851 0.911865 0.423979
vn -0.0168696 -0.0355782 0.999225
v 7.95434 -22.572 1.12889 0.748764 0.912691 0.424109
vn -0.0181595 -0.0323173 0.999313
v 7.85585 -19.4915 0.99846 0.713918 0.881164 0.419131
vn -0.00805883 -0.0475209 0.998838
v 7.90265 -15.7007 0.923664 0.693935 0.863084 0.416276
vn 0.00401749 -0.0543038 0.998516
v 7.92137 -12.9248 0.793668 0.659205 0.831662 0.411315
vn 0 0 0
v 7.81162 -9.6227 0.68127 0.629176 0.804493 0.407025
vn 0 0 0
v 7.91878 -9.54218 0.681103 0.629132 0.804452 0.407019
vn 0 0 0
v 7.84898 -6.017 0.514709 0.584677 0.764232 0.400668
vn 0.0972747 -0.0516141 0.993918
v 7.92596 -5.88049 0.514262 0.584558 0.764124 0.400651
vn 0.0972747 -0.0516141 0.993918
v 7.94289 2.96977 0.181655 0.495697 0.683726 0.387957
vn -0.0501633 0.0174054 0.998589
v 7.87678 3.06582 0.17634 0.494277 0.682442 0.387754
vn -0.0478261 0.0142788 0.998754
v 7.89751 6.26348 0.0956568 0.472722 0.662939 0.384675
vn -0.0534162 0.0255816 0.998245
v 7.91619 9.25433 -0.0374812 0.437152 0.630757 0.379593
vn -0.0576445 0.00760912 0.998308
v 7.91937 11.2477 -0.0573862 0.431834 0.625945 0.378833
vn -0.0664749 0.0119314 0.997717
v 7.90498 14.2324 -0.228229 0.386191 0.584649 0.372313
vn -0.0322985 0.0238392 0.999194
v 7.88495 16.3737 -0.282771 0.37162 0.571465 0.370231
vn -0.0394628 0.0248969 0.998911
v 7.94205 18.9296 -0.338109 0.356835 0.558089 0.368119
vn -0.031767 0.0224753 0.999243
v 7.87939 20.4422 -0.372438 0.347664 0.549791 0.366809
vn -0.0318596 0.0278991 0.999103
v 7.9653 22.3901 -0.430061 0.332269 0.535863 0.36461
vn -0.0264782 0.097367 0.994896
v 7.87006 22.4026 -0.433845 0.331258 0.534948 0.364465
vn -0.0266472 0.107507 0.993847
v 8.09841 -26.2207 1.31309 0.79 0.95 0.43
vn -0.023323 -0.0236954 0.999447
v 8.11257 -25.8104 1.32296 0.79 0.95 0.43
vn -0.0240565 -0.0229918 0.999446
v 8.09962 -25.295 1.33459 0.79 0.95 0.43
vn -0.023017 -0.0226695 0.999478
v 8.11271 -22.5511 1.1323 0.749675 0.913515 0.424239
vn -0.0164498 -0.0354173 0.999237
v 8.05761 -19.4412 1.00248 0.714992 0.882136 0.419285
vn -0.00805883 -0.0475209 0.998838
v 8.06106 -15.6374 0.926218 0.694617 0.863701 0.416374
vn 0.00175742 -0.0447216 0.998998
v 8.11646 -12.8235 0.795499 0.659694 0.832104 0.411385
vn 0 0 0
v 8.00425 -9.46302 0.681891 0.629342 0.804643 0.407049
vn 0.0515724 -0.0605146 0.996834
v 8.14865 -9.35113 0.681213 0.629161 0.804479 0.407023
vn 0.0515724 -0.0605146 0.996834
v 8.02023 -5.6882 0.51455 0.584635 0.764193 0.400662
vn 0 0 0
v 8.12175 -5.51433 0.511765 0.583891 0.76352 0.400556
vn 0.109895 -0.0437063 0.992982
v 8.19966 -5.38679 0.508757 0.583087 0.762793 0.400441
vn 0.109895 -0.0437063 0.992982
v 8.17548 2.5979 0.202344 0.501225 0.688727 0.388746
vn -0.0542857 0.0242997 0.99823
v 8.11864 2.69223 0.197203 0.499851 0.687484 0.38855
vn -0.0546096 0.0236996 0.998226
v 8.03823 2.83181 0.188658 0.497568 0.685419 0.388224
vn -0.0543186 0.0230576 0.998257
v 8.17935 5.98353 0.119822 0.479178 0.66878 0.385597
vn -0.0520896 0.0207339 0.998427
v 8.06515 6.10073 0.1097 0.476474 0.666333 0.385211
vn -0.0526005 0.0231297 0.998348
v 8.14568 9.10759 -0.0226785 0.441107 0.634335 0.380158
vn -0.0673393 0.0124997 0.997652
v 8.07643 11.1572 -0.0467683 0.434671 0.628512 0.379239
vn -0.0623345 0.00987041 0.998007
v 8.13174 14.1484 -0.216679 0.389277 0.587441 0.372754
vn -0.0513968 0.0311104 0.998194
v 8.02172 14.2081 -0.224658 0.387145 0.585513 0.372449
vn -0.0407866 0.0264305 0.998818
v 8.10664 16.3025 -0.271587 0.374608 0.574169 0.370658
vn -0.0376619 0.0236165 0.999011
v 8.12727 18.9246 -0.333902 0.357959 0.559106 0.36828
vn -0.0316702 0.021165 0.999274
v 8.06229 20.4299 -0.366906 0.349142 0.551128 0.36702
vn -0.0318562 0.0249573 0.999181
v 8.09942 22.3858 -0.426101 0.333327 0.53682 0.364761
vn -0.0237881 0.108087 0.993857
v 8.30446 -22.5089 1.13689 0.750901 0.914625 0.424414
vn -0.0157105 -0.0358223 0.999235
v 8.26921 -19.3704 1.00725 0.716265 0.883287 0.419466
vn 0 0 0
v 8.26071 -15.5707 0.928503 0.695228 0.864254 0.416461
vn 0 0 0
v 8.29309 -12.7347 0.796564 0.659979 0.832362 0.411426
vn 0 0 0
v 8.26018 -9.23103 0.682734 0.629567 0.804847 0.407081
vn 0.0515724 -0.0605146 0.996834
v 8.34406 -9.15306 0.682788 0.629582 0.80486 0.407083
vn 0 0 0
v 8.2544 -5.24465 0.508954 0.58314 0.762841 0.400449
vn 0.109895 -0.0437063 0.992982
v 8.31896 -5.11114 0.506918 0.582596 0.762349 0.400371
vn 0 0 0
v 8.38578 -4.94324 0.505602 0.582244 0.76203 0.400321
vn 0 0 0
v 8.39301 2.18405 0.22578 0.507486 0.694392 0.389641
vn -0.0526431 0.0252976 0.998293
v 8.32813 2.30402 0.21972 0.505867 0.692927 0.38941
vn -0.0516994 0.0221385 0.998417
v 8.23855 2.47371 0.210183 0.503319 0.690622 0.389046
vn -0.056183 0.028766 0.998006
v 8.38876 5.7872 0.134496 0.483098 0.672327 0.386157
vn -0.0534053 0.0220277 0.99833
v 8.30013 5.884 0.12635 0.480922 0.670358 0.385846
vn 0.0615549 0.139527 0.988303
v 8.32495 8.96023 -0.00687525 0.445329 0.638155 0.380761
vn -0.067649 0.0110021 0.997649
v 8.23287 9.03892 -0.0153558 0.443063 0.636105 0.380438
vn -0.0740546 0.0164251 0.997119
v 8.2781 11.0393 -0.0332885 0.438272 0.63177 0.379753
vn -0.0603933 0.00859346 0.998138
v 8.28942 14.0729 -0.206661 0.391953 0.589863 0.373136
vn -0.0419381 0.0279511 0.998729
v 8.33744 16.2507 -0.262806 0.376954 0.576291 0.370993
vn -0.040301 0.0255025 0.998862
v 8.30915 18.8904 -0.326681 0.359889 0.560852 0.368556
vn -0.0358143 0.0219104 0.999118
v 8.36555 20.3844 -0.355294 0.352244 0.553935 0.367463
vn -0.0326523 0.0208798 0.999249
v 8.2428 20.4087 -0.360575 0.350833 0.552659 0.367262
vn -0.032156 0.0257514 0.999151
v 8.25334 22.3221 -0.415767 0.336088 0.539318 0.365155
vn -0.0333646 0.0308518 0.998967
v 8.47702 -26.0573 1.32571 0.79 0.95 0.43
vn -0.0227467 -0.0227044 0.999483
v 8.48912 -22.4928 1.14036 0.751828 0.915463 0.424547
vn -0.0156995 -0.0354121 0.999249
v 8.48334 -19.3088 1.01141 0.717378 0.884294 0.419625
vn -0.0546471 0.121053 0.991141
v 8.48672 -15.4462 0.933227 0.69649 0.865396 0.416641
vn 0 0 0
v 8.53056 -12.6255 0.796842 0.660053 0.832429 0.411436
vn 0 0 0
v 8.42915 -9.07303 0.682701 0.629559 0.804839 0.40708
vn 0 0 0
v 8.54325 -8.97051 0.681978 0.629366 0.804664 0.407052
vn 0 0 0
v 8.42898 -4.84954 0.50372 0.581741 0.761575 0.400249
vn 0 0 0
v 8.50313 -4.69692 0.499568 0.580632 0.760572 0.40009
vn 0 0 0
v 8.56962 -4.48793 0.49778 0.580154 0.76014 0.400022
vn 0 0 0
v 8.58817 1.77146 0.247135 0.513191 0.699554 0.390456
vn -0.0519382 0.0247681 0.998343
v 8.51478 1.91183 0.24138 0.511654 0.698163 0.390236
vn -0.0520656 0.0275084 0.998265
v 8.43963 2.07565 0.232509 0.509284 0.696019 0.389898
vn -0.0515804 0.0262569 0.998324
v 8.48787 5.68651 0.142109 0.485132 0.674167 0.386447
vn -0.0526147 0.0222376 0.998367
v 8.57308 8.79446 0.00862087 0.449469 0.6419 0.381353
vn -0.0722126 0.0119089 0.997318
v 8.4652 8.87213 0.00117747 0.44748 0.640101 0.381069
vn -0.0615408 0.00492747 0.998092
v 8.48488 10.9149 -0.0193984 0.441983 0.635128 0.380283
vn -0.0653255 0.0121308 0.99779
v 8.51356 13.959 -0.191877 0.395903 0.593436 0.3737
vn -0.0610856 0.0402589 0.99732
v 8.43116 14.0283 -0.200742 0.393535 0.591293 0.373362
vn -0.0469244 0.0300915 0.998445
v 8.50829 16.191 -0.25394 0.379322 0.578434 0.371332
vn -0.0348143 0.0238793 0.999108
v 8.5089 18.8369 -0.317137 0.362438 0.563159 0.36892
vn -0.0365485 0.0234959 0.999056
v 8.48888 20.3846 -0.352594 0.352966 0.554588 0.367567
vn -0.0354136 0.0266565 0.999017
v 8.49362 22.2864 -0.406077 0.338677 0.54166 0.365525
vn -0.035105 0.0298983 0.998936
v 8.69252 -26.1479 1.3285 0.79 0.95 0.43
vn -0.0225277 -0.0238576 0.999462
v 8.69619 -22.4329 1.14549 0.753199 0.916704 0.424743
vn -0.0162079 -0.0296035 0.99943
v 8.71634 -19.2394 1.01578 0.718545 0.88535 0.419792
vn -0.0512379 0.125997 0.990707
v 8.71109 -15.2967 0.938788 0.697976 0.86674 0.416854
vn 0 0 0
v 8.71609 -12.509 0.798502 0.660496 0.83283 0.411499
vn 0 0 0
v 8.64813 -8.85742 0.682234 0.629434 0.804726 0.407062
vn 0 0 0
v 8.75321 -8.74676 0.68199 0.629369 0.804667 0.407053
vn 0 0 0
v 8.62732 -4.3333 0.49452 0.579284 0.759352 0.399898
vn 0 0 0
v 8.6967 -4.11635 0.490527 0.578217 0.758387 0.399745
vn 0 0 0
v 8.75769 -3.92264 0.486083 0.57703 0.757312 0.399576
vn 0 0 0
v 8.78306 1.1883 0.280975 0.522232 0.707734 0.391747
vn -0.0546684 0.0384181 0.997765
v 8.74041 1.33592 0.27226 0.519904 0.705627 0.391415
vn -0.0549533 0.0374483 0.997786
v 8.69228 1.47446 0.264747 0.517897 0.703811 0.391128
vn -0.0552662 0.0364758 0.997805
v 8.62744 1.67674 0.252114 0.514522 0.700758 0.390646
vn -0.0554028 0.0334838 0.997902
v 8.78078 5.3854 0.163533 0.490856 0.679346 0.387265
vn -0.0572447 0.0293425 0.997929
v 8.6808 5.50652 0.153878 0.488276 0.677012 0.386897
vn -0.0505331 0.0218863 0.998483
v 8.71644 8.6744 0.0206072 0.452671 0.644798 0.38181
vn -0.0713651 0.0108935 0.997391
v 8.71252 10.767 -0.00316173 0.446321 0.639052 0.380903
vn -0.0611212 0.0102809 0.998077
v 8.7017 13.8375 -0.176474 0.400018 0.59716 0.374288
vn -0.0493188 0.0333976 0.998225
v 8.72448 16.1413 -0.245971 0.381451 0.580361 0.371636
vn -0.040662 0.0263209 0.998826
v 8.78429 18.7722 -0.305192 0.36563 0.566046 0.369376
vn -0.0524957 0.0301092 0.998167
v 8.68171 18.8093 -0.311023 0.364072 0.564636 0.369153
vn -0.040124 0.0227757 0.998935
v 8.70422 20.3405 -0.343354 0.355434 0.556821 0.367919
vn -0.0376697 0.0246446 0.998986
v 8.69674 22.2801 -0.400346 0.340208 0.543045 0.365744
vn -0.0236889 0.106932 0.993984
v 8.90129 -26.0653 1.33499 0.79 0.95 0.43
vn -0.0213893 -0.023141 0.999503
v 8.96392 -25.8068 1.34219 0.79 0.95 0.43
vn -0.0220114 -0.0223482 0.999508
v 8.89298 -22.3539 1.15092 0.754648 0.918015 0.42495
vn -0.0155979 -0.028633 0.999468
v 8.8707 -19.2039 1.01809 0.719163 0.88591 0.41988
vn -0.0522913 0.125686 0.990691
v 8.88846 -15.2089 0.94135 0.69866 0.867359 0.416951
vn 0.00640538 -0.0404346 0.999162
v 8.98976 -15.1554 0.942868 0.699066 0.867726 0.417009
vn 0.00640538 -0.0404346 0.999162
v 8.87432 -12.4201 0.798968 0.660621 0.832943 0.411517
vn 0.0297143 -0.0549898 0.998045
v 8.9636 -12.3776 0.798655 0.660537 0.832867 0.411505
vn 0.0297143 -0.0549898 0.998045
v 8.86034 -8.63367 0.681422 0.629217 0.804529 0.407031
vn 0 0 0
v 8.93755 -8.5481 0.681056 0.629119 0.804441 0.407017
vn 0 0 0
v 8.81965 -3.6946 0.481073 0.575691 0.756101 0.399384
vn 0 0 0
v 8.87814 -3.48703 0.475075 0.574089 0.754652 0.399156
vn 0 0 0
v 8.93001 -3.28428 0.468933 0.572447 0.753167 0.398921
vn 0 0 0
v 8.97581 -3.09183 0.462714 0.570786 0.751664 0.398684
vn 0.136414 0.00325952 0.990647
v 8.99958 -2.9917 0.459112 0.569824 0.750793 0.398546
vn 0.155922 0.00216927 0.987767
v 8.98413 0.480633 0.315432 0.531438 0.716063 0.393063
vn -0.0500216 0.026949 0.998384
v 8.92088 0.687694 0.307333 0.529274 0.714105 0.392753
vn -0.0507265 0.0321371 0.998195
v 8.86421 0.913515 0.295401 0.526086 0.711221 0.392298
vn -0.0513478 0.0326762 0.998146
v 8.81444 1.07465 0.287515 0.523979 0.709315 0.391997
vn -0.0535912 0.0365624 0.997893
v 8.97868 5.14926 0.181035 0.495532 0.683576 0.387933
vn -0.053368 0.024981 0.998262
v 8.90218 5.23825 0.174743 0.493851 0.682056 0.387693
vn -0.0566038 0.0286161 0.997987
v 8.92958 8.49797 0.0375221 0.45719 0.648886 0.382456
vn -0.0663601 0.0085884 0.997759
v 8.93455 10.6277 0.0115027 0.450239 0.642597 0.381463
vn -0.0642448 0.0117456 0.997865
v 8.9006 13.7516 -0.165809 0.402868 0.599737 0.374695
vn -0.0494201 0.0324101 0.998252
v 8.95082 16.0389 -0.231914 0.385207 0.583759 0.372172
vn -0.0452745 0.0282709 0.998574
v 8.93712 18.6943 -0.29412 0.368588 0.568722 0.369798
vn -0.0468355 0.0277681 0.998517
v 8.88761 20.3065 -0.335957 0.35741 0.558609 0.368201
vn -0.0342267 0.0259284 0.999078
v 8.9848 22.186 -0.38398 0.34458 0.547001 0.366369
vn -0.0360574 0.028973 0.99893
v 8.86881 22.2544 -0.393556 0.342022 0.544686 0.366003
vn -0.0236792 0.101807 0.994522
v 9.07168 -25.8419 1.3437 0.79 0.95 0.43
vn -0.02115 -0.0226129 0.999521
v 9.12901 -22.2344 1.15802 0.756547 0.919733 0.425221
vn -0.0513041 0.0864301 0.994936
v 9.0911 -19.1327 1.02202 0.720212 0.886859 0.42003
vn -0.0603064 0.116532 0.991354
v 9.11482 -15.0699 0.945526 0.699776 0.868369 0.417111
vn 0.00640538 -0.0404346 0.999162
v 9.06144 -12.2852 0.80083 0.661118 0.833393 0.411588
vn 0.0297143 -0.0549898 0.998045
v 9.00187 -8.47669 0.680592 0.628995 0.804329 0.406999
vn 0 0 0
v 9.13683 -8.31391 0.679939 0.628821 0.804171 0.406974
vn 0 0 0
v 9.00526 -2.88702 0.457985 0.569523 0.75052 0.398503
vn 0.155922 0.00216927 0.987767
v 9.04643 -2.72346 0.450757 0.567592 0.748773 0.398227
vn 0.166916 0.00155297 0.98597
v 9.08211 -2.48735 0.44285 0.565479 0.746862 0.397926
vn 0 0 0
v 9.12566 -2.27722 0.43285 0.562807 0.744445 0.397544
vn 0 0 0
v 9.1477 -2.10191 0.425949 0.560964 0.742777 0.397281
vn 0 0 0
v 9.1562 -1.96357 0.421315 0.559726 0.741657 0.397104
vn 0 0 0
v 9.17396 -1.71836 0.411594 0.557129 0.739307 0.396733
vn 0 0 0
v 9.17258 -1.50314 0.404571 0.555252 0.737609 0.396465
vn 0 0 0
v 9.17364 -1.27424 0.395487 0.552825 0.735413 0.396118
vn 0 0 0
v 9.16593 -1.05955 0.387229 0.550619 0.733417 0.395803
vn 0 0 0
v 9.17662 -0.889734 0.377326 0.547974 0.731024 0.395425
vn 0 0 0
v 9.16826 -0.735127 0.370491 0.546148 0.729372 0.395164
vn 0 0 0
v 9.16791 -0.516185 0.358099 0.542837 0.726376 0.394691
vn 0 0 0
v 9.14564 -0.29268 0.347696 0.540057 0.723861 0.394294
vn 0 0 0
v 9.10644 -0.0671314 0.338566 0.537618 0.721655 0.393945
vn -0.0507802 0.0321901 0.998191
v 9.06522 0.143248 0.329685 0.535245 0.719508 0.393606
vn -0.0507995 0.0290918 0.998285
v 9.03723 0.295391 0.322328 0.53328 0.717729 0.393326
vn -0.0517859 0.031552 0.99816
v 9.16715 4.93547 0.19489 0.499233 0.686925 0.388462
vn 0.0829682 0.132691 0.987679
v 9.06706 5.04537 0.188164 0.497436 0.6853 0.388205
vn -0.0571561 0.0313168 0.997874
v 9.08211 8.37042 0.0493532 0.460351 0.651746 0.382907
vn -0.0626034 0.00670049 0.998016
v 9.06441 10.5522 0.0190608 0.452258 0.644424 0.381751
vn 0.0156986 0.126194 0.991881
v 9.07761 13.6284 -0.150693 0.406906 0.603391 0.375272
vn -0.0557386 0.0379424 0.997724
v 9.12246 15.9799 -0.223616 0.387424 0.585764 0.372489
vn -0.0411291 0.0264689 0.998803
v 9.0625 16.0093 -0.227523 0.38638 0.58482 0.37234
vn -0.00744478 0.119139 0.99285
v 9.19538 18.5959 -0.279217 0.372569 0.572324 0.370367
vn -0.0387543 0.0259945 0.998911
v 9.09363 18.6351 -0.285104 0.370996 0.570902 0.370142
vn -0.0471721 0.0274303 0.99851
v 9.04468 20.2673 -0.328648 0.359363 0.560376 0.36848
vn -0.0382822 0.0258631 0.998932
v 9.07849 22.1907 -0.382179 0.345061 0.547437 0.366437
vn -0.0302881 0.0301361 0.999087
v 9.30023 -25.9593 1.34585 0.79 0.95 0.43
vn -0.0196981 -0.0235135 0.999529
v 9.24494 -25.7865 1.34857 0.79 0.95 0.43
vn -0.0207342 -0.0222247 0.999538
v 9.21018 -25.1599 1.36178 0.79 0.95 0.43
vn -0.0200911 -0.0215058 0.999567
v 9.28971 -22.103 1.16429 0.758223 0.921249 0.42546
vn -0.0128277 -0.0315466 0.99942
v 9.27955 -19.0576 1.02577 0.721214 0.887765 0.420173
vn -0.0619522 0.108789 0.992133
v 9.29616 -14.9497 0.948986 0.7007 0.869205 0.417243
vn 0 0 0
v 9.25967 -12.1466 0.802048 0.661444 0.833687 0.411635
vn -0.0436705 0.0581945 0.99735
v 9.32347 -8.09594 0.67762 0.628201 0.803611 0.406886
vn 0 0 0
v 9.39653 4.57709 0.222907 0.506718 0.693698 0.389531
vn -0.0610988 0.0413743 0.997274
v 9.32999 4.6752 0.215807 0.504822 0.691982 0.38926
vn -0.0576496 0.0309955 0.997856
v 9.23061 4.81544 0.205684 0.502117 0.689534 0.388874
vn -0.0576335 0.0321315 0.997821
v 9.27134 8.23184 0.0607469 0.463395 0.6545 0.383342
vn -0.0594256 0.00410798 0.998224
v 9.325 10.3151 0.0448267 0.459142 0.650652 0.382735
vn -0.0745635 0.0168776 0.997073
v 9.20884 10.4115 0.0346748 0.45643 0.648198 0.382347
vn -0.0720123 0.0161113 0.997274
v 9.26328 13.5087 -0.136317 0.410747 0.606866 0.375821
vn -0.0475211 0.0329072 0.998328
v 9.30221 15.9087 -0.213996 0.389994 0.58809 0.372856
vn -0.0449705 0.0278692 0.998599
v 9.30868 18.5642 -0.273989 0.373966 0.573588 0.370567
vn -0.0330419 0.0262326 0.99911
v 9.3181 20.1931 -0.315489 0.362879 0.563557 0.368983
vn -0.0451045 0.025396 0.998659
v 9.20453 20.2451 -0.323114 0.360842 0.561714 0.368692
vn -0.0333557 0.0298862 0.998997
v 9.3479 22.1816 -0.374878 0.347012 0.549201 0.366716
vn -0.0233284 0.0979588 0.994917
v 9.21996 22.2053 -0.380231 0.345582 0.547907 0.366512
vn -0.0235031 0.100491 0.99466
v 9.49535 -25.6766 1.35611 0.79 0.95 0.43
vn -0.0201247 -0.0221832 0.999551
v 9.53859 -22.1 1.16745 0.759067 0.922013 0.425581
vn -0.0491473 0.0800788 0.995576
v 9.48812 -21.9805 1.1706 0.759907 0.922773 0.425701
vn -0.0112795 -0.0296007 0.999498
v 9.42539 -19.0012 1.02847 0.721936 0.888418 0.420277
vn -0.130437 0.0727105 0.988787
v 9.51233 -18.9426 1.03102 0.722616 0.889033 0.420374
vn -0.0897552 0.113508 0.989475
v 9.40931 -14.8671 0.951325 0.701325 0.86977 0.417332
vn 0 0 0
v 9.55137 -14.7754 0.953528 0.701914 0.870303 0.417416
vn 0 0 0
v 9.43089 -12.0279 0.802622 0.661597 0.833826 0.411657
vn -0.0432034 0.0592217 0.99731
v 9.52888 -11.9412 0.80379 0.661909 0.834108 0.411701
vn 0.0355245 -0.0522316 0.998003
v 9.49378 -7.87505 0.675638 0.627672 0.803132 0.40681
vn 0.0637867 -0.0366292 0.997291
v 9.5926 -7.74661 0.674035 0.627243 0.802744 0.406749
vn 0.0637867 -0.0366292 0.997291
v 9.53894 4.36657 0.237423 0.510597 0.697206 0.390085
vn -0.0477694 0.0179992 0.998696
v 9.45639 4.46344 0.232342 0.509239 0.695978 0.389891
vn -0.0552587 0.0255584 0.998145
v 9.59564 7.94952 0.0850945 0.4699 0.660386 0.384271
vn -0.0719535 0.016599 0.99727
v 9.47749 8.06711 0.0744032 0.467044 0.657801 0.383863
vn -0.0662996 0.0102815 0.997747
v 9.51188 10.1676 0.05985 0.463156 0.654284 0.383308
vn -0.0701819 0.0108317 0.997475
v 9.42168 10.2335 0.053342 0.461417 0.65271 0.38306
vn -0.0646044 0.00803295 0.997879
v 9.52455 13.3682 -0.119947 0.41512 0.610823 0.376446
vn -0.0481849 0.0334386 0.998279
v 9.42583 13.4347 -0.127733 0.41304 0.608941 0.376149
vn -0.0461074 0.0320277 0.998423
v 9.47692 15.8277 -0.203406 0.392823 0.590649 0.37326
vn -0.0506182 0.0308951 0.99824
v 9.48105 18.5348 -0.268164 0.375522 0.574996 0.370789
vn -0.0395403 0.0265169 0.998866
v 9.49304 20.1528 -0.307927 0.364899 0.565385 0.369271
vn -0.0383517 0.0290419 0.998842
v 9.47357 22.1388 -0.367742 0.348919 0.550926 0.366988
vn -0.0310667 0.0300284 0.999066
v 9.67483 -25.6515 1.36022 0.79 0.95 0.43
vn -0.0186754 -0.0235389 0.999548
v 9.65072 -25.5989 1.3609 0.79 0.95 0.43
vn -0.0194346 -0.0214938 0.99958
v 9.70018 -21.9743 1.17325 0.760617 0.923415 0.425802
vn -0.0112602 -0.0310446 0.999455
v 9.64945 -18.8726 1.03404 0.723424 0.889765 0.420489
vn -0.0796816 0.128259 0.988535
v 9.76611 -18.7626 1.03852 0.72462 0.890846 0.42066
vn -0.00162734 -0.0375577 0.999293
v 9.7086 -14.6539 0.956658 0.70275 0.871059 0.417536
vn 0 0 0
v 9.68495 -11.8641 0.802068 0.661449 0.833692 0.411636
vn -0.0482275 0.0570744 0.997204
v 9.7706 -11.7927 0.802562 0.661581 0.833811 0.411654
vn -0.055112 0.0544344 0.996995
v 9.64786 -7.65545 0.673848 0.627194 0.802699 0.406742
vn 0.0637867 -0.0366292 0.997291
v 9.74284 -7.52124 0.672183 0.626749 0.802296 0.406678
vn 0 0 0
v 9.72191 4.12898 0.250628 0.514125 0.700398 0.390589
vn -0.0514002 0.0198964 0.99848
v 9.63118 4.27374 0.240908 0.511527 0.698049 0.390218
vn 0.0898581 0.12636 0.987906
v 9.74642 7.78844 0.0997468 0.473814 0.663927 0.384831
vn -0.0659651 0.013195 0.997735
v 9.65078 7.87853 0.0921271 0.471779 0.662086 0.38454
vn 0.0427085 0.131291 0.990423
v 9.76901 9.9486 0.0818546 0.469034 0.659602 0.384148
vn -0.0661893 0.00897636 0.997767
v 9.65185 10.0432 0.072593 0.46656 0.657364 0.383794
vn -0.0733776 0.0132969 0.997216
v 9.70516 13.2692 -0.108709 0.418123 0.61354 0.376875
vn -0.0430237 0.0303125 0.998614
v 9.71362 15.6933 -0.186467 0.397349 0.594744 0.373907
vn -0.0531732 0.0337811 0.998014
v 9.69277 18.4587 -0.256827 0.378551 0.577737 0.371222
vn -0.0472245 0.028196 0.998486
v 9.69392 20.1131 -0.300026 0.36701 0.567295 0.369573
vn -0.0327042 0.0283819 0.999062
v 9.72901 22.1336 -0.361381 0.350618 0.552464 0.367231
vn -0.0331381 0.0318647 0.998943
v 9.68479 22.2336 -0.372183 0.347732 0.549853 0.366819
vn -0.0226869 0.103633 0.994357
v 9.92842 -25.496 1.36848 0.79 0.95 0.43
vn -0.018886 -0.0218308 0.999583
v 9.88934 -21.9129 1.17722 0.761675 0.924373 0.425954
vn -0.0111204 -0.0295001 0.999503
v 9.93273 -18.7451 1.03928 0.724823 0.891031 0.420689
vn -0.0708091 0.112182 0.991162
v 9.92058 -14.5125 0.95946 0.703499 0.871737 0.417643
vn 0 0 0
v 9.89244 -11.6991 0.80262 0.661597 0.833826 0.411657
vn -0.0442866 0.0651263 0.996894
v 9.80208 -7.42414 0.671552 0.62658 0.802144 0.406654
vn 0 0 0
v 9.88538 -7.30131 0.669721 0.626091 0.801701 0.406584
vn 0 0 0
v 9.97717 -7.16975 0.667264 0.625434 0.801107 0.406491
vn 0 0 0
v 9.98123 3.73574 0.273759 0.520304 0.70599 0.391472
vn -0.0522405 0.0201869 0.99843
v 9.87222 3.90006 0.264518 0.517835 0.703756 0.391119
vn -0.055144 0.0241788 0.998186
v 9.9625 7.56076 0.119496 0.479091 0.668701 0.385584
vn -0.0679556 0.0186498 0.997514
v 9.86181 7.68165 0.108455 0.476141 0.666032 0.385163
vn -0.0664254 0.0152859 0.997674
v 9.99217 9.79034 0.096255 0.472882 0.663083 0.384697
vn -0.06234 0.00702857 0.99803
v 9.88188 9.88818 0.0867216 0.470335 0.660779 0.384334
vn 0.0247643 0.12615 0.991702
v 9.93238 13.1287 -0.0929334 0.422337 0.617353 0.377477
vn -0.0534432 0.0356786 0.997933
v 9.81509 13.2159 -0.102805 0.4197 0.614967 0.3771
vn -0.0503569 0.0336018 0.998166
v 9.95852 15.5608 -0.170011 0.401745 0.598722 0.374535
vn -0.0479834 0.0311655 0.998362
v 9.86733 15.6064 -0.175671 0.400233 0.597353 0.374319
vn -0.0499745 0.0316041 0.99825
v 9.93759 18.3632 -0.243128 0.382211 0.581048 0.371744
vn -0.0409841 0.0248823 0.99885
v 9.81722 18.4177 -0.250637 0.380205 0.579233 0.371458
vn -0.0505746 0.0276465 0.998338
v 9.93259 20.0573 -0.289893 0.369717 0.569744 0.36996
vn -0.0377889 0.0313714 0.998793
v 9.89163 22.1135 -0.355751 0.352122 0.553825 0.367446
vn -0.0290502 0.0328771 0.999037
v 10.022 -25.2881 1.37471 0.79 0.95 0.43
vn -0.0190219 -0.0209975 0.999599
v 10.1782 -24.2459 1.39957 0.79 0.95 0.43
vn -0.0368072 0.0381867 0.998593
v 10.1413 -21.8451 1.18186 0.762915 0.925495 0.426131
vn -0.0101379 -0.0297941 0.999505
v 10.0722 -18.6755 1.04196 0.72554 0.891679 0.420791
vn -0.088328 0.107879 0.990232
v 10.1006 -18.4382 1.05104 0.727966 0.893874 0.421138
vn 0.000543813 -0.034599 0.999401
v 10.0882 -14.4111 0.960931 0.703891 0.872092 0.417699
vn 0 0 0
v 10.0252 -11.6091 0.80188 0.661399 0.833647 0.411628
vn -0.0548628 0.0576794 0.996827
v 10.1305 -11.5045 0.802755 0.661633 0.833858 0.411662
vn -0.0597422 0.0534757 0.99678
v 10.041 -7.07305 0.665518 0.624968 0.800685 0.406424
vn 0 0 0
v 10.143 -6.87315 0.664001 0.624563 0.800319 0.406366
vn 0 0 0
v 10.132 3.4953 0.28703 0.52385 0.709197 0.391979
vn -0.0526108 0.0232498 0.998344
v 10.0629 3.61507 0.279997 0.521971 0.707497 0.39171
vn -0.0547325 0.0256855 0.998171
v 10.199 7.3582 0.133986 0.482962 0.672204 0.386137
vn -0.0652832 0.0178619 0.997707
v 10.0618 7.47355 0.12597 0.48082 0.670266 0.385831
vn -0.0516103 0.00631547 0.998647
v 10.1159 9.69197 0.105326 0.475305 0.665276 0.385044
vn -0.0629332 0.00676088 0.997995
v 10.1842 12.97 -0.0755344 0.426986 0.621559 0.378141
vn -0.0468705 0.0316936 0.998398
v 10.0807 13.0294 -0.0819139 0.425281 0.620016 0.377897
vn -0.048614 0.0323161 0.998295
v 10.0672 15.5206 -0.164962 0.403094 0.599942 0.374728
vn -0.00417599 0.113444 0.993536
v 10.137 18.2575 -0.229151 0.385945 0.584426 0.372278
vn -0.012771 0.106118 0.994272
v 10.1773 19.9655 -0.276132 0.373393 0.57307 0.370485
vn -0.0474668 0.0290545 0.99845
v 10.1104 20.0041 -0.281263 0.372022 0.57183 0.370289
vn -0.042085 0.0347725 0.998509
v 10.1056 22.1061 -0.350293 0.35358 0.555144 0.367654
vn -0.0319695 0.0341962 0.998904
v 10.2036 -25.5042 1.37342 0.79 0.95 0.43
vn -0.017847 -0.0225756 0.999586
v 10.2659 -25.2973 1.37895 0.79 0.95 0.43
vn -0.0178925 -0.0212238 0.999615
v 10.274 -24.9481 1.38649 0.79 0.95 0.43
vn -0.0178938 -0.0208795 0.999622
v 10.3272 -24.4002 1.39889 0.79 0.95 0.43
vn -0.0169381 -0.0209428 0.999637
v 10.3185 -21.7094 1.18763 0.764459 0.926891 0.426351
vn -0.00933113 -0.0298708 0.99951
v 10.3154 -20.9005 1.21178 0.770909 0.932727 0.427273
vn -0.00925322 -0.0294262 0.999524
v 10.2656 -20.289 1.22939 0.775614 0.936984 0.427945
vn -0.0591251 0.0531283 0.996836
v 10.3468 -18.4921 1.04865 0.727326 0.893295 0.421047
vn -0.0732342 0.119488 0.990131
v 10.262 -14.2888 0.962897 0.704417 0.872568 0.417774
vn 0 0 0
v 10.2651 -11.3624 0.804025 0.661972 0.834165 0.41171
vn -0.0570828 0.0553089 0.996836
v 10.2405 -6.66277 0.662549 0.624175 0.799968 0.406311
vn 0.0999826 -0.0356346 0.994351
v 10.3196 -6.46846 0.661558 0.62391 0.799728 0.406273
vn 0.0953159 -0.0323749 0.99492
v 10.38 -6.38145 0.658601 0.62312 0.799013 0.40616
vn 0.0977848 -0.0324913 0.994677
v 10.3436 3.15626 0.30384 0.528341 0.713261 0.39262
vn -0.0509952 0.0230066 0.998434
v 10.2418 3.3259 0.295299 0.526059 0.711196 0.392294
vn -0.0498871 0.0197066 0.99856
v 10.2834 7.25504 0.142865 0.485334 0.67435 0.386476
vn -0.0658526 0.0185306 0.997657
v 10.3141 9.54975 0.117577 0.478578 0.668237 0.385511
vn -0.058172 0.00297832 0.998302
v 10.231 9.60789 0.112686 0.477271 0.667055 0.385324
vn -0.0591368 0.00356492 0.998244
v 10.2965 12.9023 -0.0683105 0.428916 0.623305 0.378417
vn -0.0451525 0.0304537 0.998516
v 10.3402 15.3596 -0.145656 0.408252 0.604609 0.375465
vn -0.0425231 0.0294967 0.99866
v 10.2204 15.4198 -0.152873 0.406324 0.602864 0.375189
vn -0.0497452 0.0332068 0.99821
v 10.3549 18.2359 -0.224043 0.38731 0.585661 0.372473
vn -0.0421718 0.0254208 0.998787
v 10.333 19.9167 -0.268468 0.375441 0.574923 0.370777
vn -0.0461499 0.0369616 0.99825
v 10.2969 22.1097 -0.346498 0.354594 0.556061 0.367799
vn -0.0212586 0.098952 0.994865
v 10.4789 -25.2137 1.38447 0.79 0.95 0.43
vn -0.0170538 -0.0211479 0.999631
v 10.4116 -24.3519 1.40131 0.79 0.95 0.43
vn -0.0158781 -0.0196192 0.999681
v 10.4639 -21.5595 1.1934 0.766 0.928285 0.426571
vn -0.00831019 -0.0297444 0.999523
v 10.425 -20.0289 1.238 0.777915 0.939066 0.428274
vn -0.00647875 -0.0289646 0.999559
v 10.4413 -19.9081 1.24157 0.778868 0.939928 0.42841
vn -0.0745939 0.0865307 0.993453
v 10.4401 -18.4111 1.05151 0.728091 0.893987 0.421156
vn 0.00168742 -0.0366758 0.999326
v 10.5322 -18.3701 1.05281 0.728439 0.894302 0.421206
vn -0.0619764 0.0705351 0.995582
v 10.4682 -14.1388 0.96507 0.704997 0.873093 0.417857
vn 0 0 0
v 10.4087 -11.2336 0.803913 0.661942 0.834138 0.411706
vn -0.0555399 0.0559524 0.996887
v 10.5363 -11.0832 0.805189 0.662283 0.834446 0.411755
vn -0.0585836 0.0512491 0.996966
v 10.4083 -6.28996 0.658603 0.62312 0.799014 0.40616
vn 0.09579 -0.0296398 0.99496
v 10.4834 -6.12791 0.655928 0.622406 0.798367 0.406058
vn 0.106309 -0.0328919 0.993789
v 10.5767 -5.88905 0.652873 0.62159 0.797629 0.405941
vn 0 0 0
v 10.5655 2.73056 0.326123 0.534294 0.718647 0.393471
vn -0.0526762 0.0277757 0.998225
v 10.4868 2.9107 0.315553 0.53147 0.716092 0.393067
vn -0.0527192 0.0295787 0.998171
v 10.4043 3.0631 0.307805 0.5294 0.714219 0.392771
vn -0.0481086 0.0195703 0.99865
v 10.4699 7.06298 0.157351 0.489204 0.677851 0.387029
vn -0.0558355 0.0107968 0.998382
v 10.5542 9.36551 0.133286 0.482775 0.672034 0.386111
vn -0.0668422 0.0101857 0.997712
v 10.4348 9.46169 0.124997 0.48056 0.670031 0.385794
vn -0.0612487 0.00565902 0.998106
v 10.4847 12.7561 -0.0524707 0.433148 0.627133 0.379021
vn 0.00938765 0.11792 0.992979
v 10.4144 12.8321 -0.060915 0.430891 0.625092 0.378699
vn -0.0482802 0.0324831 0.998306
v 10.4784 15.2978 -0.138285 0.410221 0.60639 0.375746
vn -0.0472116 0.0323278 0.998362
v 10.5007 18.1424 -0.212324 0.390441 0.588494 0.37292
vn -0.0500737 0.0310939 0.998261
v 10.5348 19.7748 -0.250618 0.38021 0.579237 0.371459
vn -0.0415212 0.024038 0.998848
v 10.4683 19.8235 -0.256682 0.37859 0.577772 0.371227
vn -0.0507275 0.0310841 0.998229
v 10.5255 22.0857 -0.339286 0.356521 0.557805 0.368074
vn -0.0204473 0.0995637 0.994821
v 10.6838 -21.3858 1.2003 0.767843 0.929954 0.426835
vn -0.00724894 -0.0295318 0.999538
v 10.6997 -18.2798 1.05563 0.729192 0.894984 0.421313
vn -0.0749558 0.103577 0.991793
v 10.6993 -13.9343 0.968484 0.705909 0.873918 0.417987
vn 0 0 0
v 10.6948 -10.9152 0.805427 0.662347 0.834504 0.411764
vn -0.050005 0.0596181 0.996968
v 10.6691 -5.66809 0.648615 0.620452 0.796599 0.405779
vn 0 0 0
v 10.7392 -5.46578 0.64543 0.619601 0.79583 0.405657
vn 0.112067 -0.0210219 0.993478
v 10.7941 -5.31598 0.642406 0.618793 0.795099 0.405542
vn 0.100712 -0.0149913 0.994803
v 10.7552 2.29442 0.349332 0.540494 0.724257 0.394356
vn -0.054918 0.0337435 0.997921
v 10.6688 2.49302 0.33919 0.537785 0.721805 0.393969
vn -0.0539854 0.0285364 0.998134
v 10.6097 2.62818 0.331918 0.535842 0.720048 0.393692
vn -0.0548515 0.0306619 0.998024
v 10.7613 6.75438 0.179654 0.495163 0.683243 0.38788
vn -0.0474628 0.0114649 0.998807
v 10.654 6.8694 0.171485 0.49298 0.681268 0.387569
vn -0.0544594 0.0126826 0.998435
v 10.7783 9.16421 0.150894 0.487479 0.676291 0.386783
vn -0.0667238 0.0123486 0.997695
v 10.6716 9.25706 0.14295 0.485357 0.674371 0.38648
vn -0.0700788 0.0133112 0.997453
v 10.7972 12.5533 -0.0316038 0.438722 0.632177 0.379817
vn -0.0519612 0.0358285 0.998006
v 10.6792 12.6454 -0.0412588 0.436143 0.629844 0.379449
vn -0.0489928 0.0334111 0.99824
v 10.6885 15.165 -0.12288 0.414337 0.610114 0.376334
vn -0.0479741 0.0324903 0.99832
v 10.6967 18.0313 -0.198264 0.394197 0.591892 0.373457
vn -0.0489908 0.0300921 0.998346
v 10.6991 19.7467 -0.245102 0.381683 0.580571 0.371669
vn -0.0431143 0.0330028 0.998525
v 10.7482 21.9509 -0.321557 0.361257 0.56209 0.368751
vn -0.0418065 0.0363277 0.998465
v 10.6241 22.0024 -0.32912 0.359237 0.560262 0.368462
vn -0.0361739 0.0351396 0.998728
v 10.8612 -25.2103 1.391 0.79 0.95 0.43
vn -0.0633334 0.0766079 0.995048
v 10.9398 -25.1508 1.39351 0.79 0.95 0.43
vn -0.0166112 -0.0201251 0.999659
v 10.8298 -21.1519 1.20818 0.769947 0.931857 0.427135
vn -0.00671938 -0.029244 0.99955
v 10.8303 -20.9816 1.21311 0.771266 0.93305 0.427324
vn -0.00652121 -0.0286842 0.999567
v 10.8737 -20.5637 1.22537 0.774541 0.936013 0.427792
vn -0.00511981 -0.0279264 0.999597
v 10.804 -18.2183 1.05751 0.729693 0.895436 0.421385
vn -0.117854 0.0878919 0.989134
v 10.895 -18.0684 1.06255 0.731041 0.896656 0.421577
vn 0.00343951 -0.0354573 0.999365
v 10.9575 -17.9395 1.0669 0.732202 0.897706 0.421743
vn 0.00118888 -0.0331575 0.999449
v 10.8122 -13.8293 0.97015 0.706354 0.874321 0.418051
vn -0.0473312 0.0564527 0.997283
v 10.9367 -13.7283 0.97118 0.70663 0.87457 0.41809
vn -0.0485501 0.0567125 0.997209
v 10.9077 -10.7327 0.803156 0.66174 0.833955 0.411677
vn -0.0486819 0.0621489 0.996879
v 10.8218 -5.26338 0.640395 0.618256 0.794612 0.405465
vn 0.100712 -0.0149913 0.994803
v 10.8613 -5.11606 0.638342 0.617707 0.794116 0.405387
vn 0.0935427 -0.0111872 0.995552
v 10.9276 -4.91121 0.633818 0.616499 0.793023 0.405214
vn 0.0895902 -0.00335584 0.995973
v 10.9935 -4.73738 0.628479 0.615073 0.791732 0.40501
vn 0.101143 -0.00589961 0.994854
v 10.961 1.7307 0.378759 0.548356 0.73137 0.395479
vn -0.0510823 0.0309027 0.998216
v 10.9037 1.89494 0.370433 0.546132 0.729357 0.395162
vn -0.0540478 0.0365045 0.997871
v 10.8296 2.11098 0.358734 0.543006 0.72653 0.394715
vn -0.0538362 0.0334004 0.997991
v 10.939 6.55807 0.193362 0.498825 0.686556 0.388404
vn -0.0466174 0.0139908 0.998815
v 10.8504 6.63993 0.188558 0.497542 0.685395 0.38822
vn 0.0623571 0.125578 0.990122
v 10.9098 9.06446 0.158687 0.489561 0.678174 0.38708
vn -0.0605127 0.00924263 0.998125
v 10.9208 12.4699 -0.0232021 0.440967 0.634208 0.380138
vn -0.0428249 0.0276692 0.998699
v 10.9967 14.9654 -0.100178 0.420402 0.615602 0.3772
vn -0.0541396 0.0374733 0.99783
v 10.9054 15.0386 -0.10843 0.418197 0.613607 0.376885
vn -0.0510928 0.0346162 0.998094
v 10.9053 17.9403 -0.18634 0.397382 0.594775 0.373912
vn -0.0456193 0.0281088 0.998563
v 10.9041 19.6625 -0.233327 0.384829 0.583417 0.372118
vn -0.0433348 0.0317051 0.998557
v 10.9289 21.9239 -0.315261 0.36294 0.563612 0.368991
vn -0.0159208 0.105598 0.994281
v 11.1094 -25.0904 1.39745 0.79 0.95 0.43
vn -0.0963069 0.0564435 0.99375
v 11.1268 -24.9041 1.4015 0.79 0.95 0.43
vn -0.0161734 -0.0203882 0.999661
v 11.0904 -17.8931 1.06783 0.732452 0.897932 0.421779
vn -0.102656 0.0793833 0.991544
v 11.1461 -17.6668 1.07549 0.734496 0.899782 0.422071
vn 0.00265302 -0.0324728 0.999469
v 11.0633 -13.6446 0.97134 0.706672 0.874608 0.418096
vn 0.0256889 -0.0388631 0.998914
v 11.1308 -13.549 0.973323 0.707202 0.875088 0.418172
vn -0.0571328 0.0509159 0.997067
v 11.1244 -10.5378 0.80049 0.661027 0.833311 0.411575
vn -0.0551628 0.0578078 0.996803
v 11.0135 -4.6457 0.626985 0.614673 0.791371 0.404953
vn 0.101143 -0.00589961 0.994854
v 11.0584 -4.50757 0.622909 0.613584 0.790386 0.404798
vn 0.122847 -0.0106847 0.992368
v 11.1262 -4.31306 0.616289 0.611816 0.788786 0.404545
vn 0 0 0
v 11.1728 -4.13935 0.611291 0.61048 0.787577 0.404354
vn 0.111573 0.0018802 0.993754
v 11.1927 -3.96941 0.608727 0.609795 0.786958 0.404256
vn 0.105953 0.0047362 0.99436
v 11.1991 0.983645 0.413449 0.557624 0.739755 0.396803
vn -0.0502234 0.026275 0.998392
v 11.155 1.13616 0.406589 0.555792 0.738097 0.396542
vn -0.0514215 0.031481 0.998181
v 11.1168 1.27116 0.400141 0.554069 0.736538 0.396296
vn -0.0513247 0.0333799 0.998124
v 11.0488 1.51044 0.387997 0.550824 0.733603 0.395832
vn -0.0499528 0.0295222 0.998315
v 11.0077 1.64678 0.380987 0.548952 0.731909 0.395565
vn 0.10608 0.085283 0.990694
v 11.1559 6.33638 0.20702 0.502474 0.689857 0.388925
vn -0.0466642 0.0158603 0.998785
v 11.0382 6.46319 0.198947 0.500317 0.687906 0.388617
vn -0.0503735 0.018011 0.998568
v 11.1103 8.8902 0.172832 0.49334 0.681594 0.38762
vn -0.0600738 0.0112207 0.998131
v 11.1281 12.3509 -0.0118068 0.444011 0.636963 0.380573
vn -0.0423585 0.0276897 0.998719
v 11.0811 14.9111 -0.0941118 0.422023 0.617068 0.377432
vn -0.0479462 0.0323968 0.998324
v 11.1286 17.8435 -0.173829 0.400725 0.597799 0.374389
vn -0.0476705 0.0288402 0.998447
v 11.1353 19.5833 -0.221792 0.387911 0.586205 0.372559
vn -0.0422599 0.0289433 0.998687
v 11.1903 21.7688 -0.295066 0.368335 0.568493 0.369762
vn -0.0456111 0.0362597 0.998301
v 11.0793 21.8281 -0.302978 0.366221 0.566581 0.36946
vn -0.0441789 0.0365667 0.998354
v 11.2715 -24.7787 1.40625 0.79 0.95 0.43
vn -0.0804306 0.0543304 0.995278
v 11.3056 -24.5268 1.41179 0.79 0.95 0.43
vn -0.0155197 -0.0196808 0.999686
v 11.2179 -21.0492 1.2135 0.771368 0.933143 0.427338
vn -0.00570503 -0.029066 0.999561
v 11.2364 -20.9174 1.21733 0.772391 0.934068 0.427484
vn -0.0052585 -0.0281048 0.999591
v 11.3112 -17.741 1.07182 0.733518 0.898897 0.421931
vn -0.0661296 0.0824638 0.994398
v 11.3294 -17.5798 1.07728 0.734976 0.900217 0.422139
vn 0.00687097 -0.0330984 0.999428
v 11.2612 -13.4427 0.973949 0.70737 0.875239 0.418196
vn 0.025646 -0.0373455 0.998973
v 11.3732 -13.3134 0.975764 0.707854 0.875678 0.418265
vn -0.0534197 0.0570539 0.996941
v 11.2349 -10.4062 0.800158 0.660939 0.83323 0.411563
vn -0.0580053 0.0563115 0.996727
v 11.3304 -10.2975 0.799414 0.66074 0.833051 0.411534
vn -0.0565606 0.0575782 0.996738
v 11.2407 -3.87384 0.60316 0.608308 0.785612 0.404044
vn 0.105953 0.0047362 0.99436
v 11.2734 -3.69617 0.598458 0.607052 0.784476 0.403865
vn 0.099441 0.00804282 0.995011
v 11.3158 -3.473 0.591779 0.605268 0.782861 0.40361
vn 0 0 0
v 11.3492 -3.306 0.586139 0.603761 0.781498 0.403394
vn 0 0 0
v 11.3745 -3.11137 0.580476 0.602248 0.780129 0.403178
vn 0 0 0
v 11.3999 -2.96985 0.575292 0.600863 0.778876 0.40298
vn 0 0 0
v 11.3802 0.274639 0.443163 0.565563 0.746938 0.397938
vn 0 0 0
v 11.3332 0.495291 0.433707 0.563037 0.744652 0.397577
vn -0.0498065 0.0258481 0.998424
v 11.2655 0.711126 0.426121 0.56101 0.742818 0.397287
vn -0.0516838 0.0307463 0.99819
v 11.2314 0.875986 0.417933 0.558822 0.740839 0.396975
vn -0.0523914 0.0336513 0.998059
v 11.2746 6.16388 0.22007 0.50596 0.693012 0.389423
vn 0.0648761 0.119609 0.990699
v 11.2981 8.75446 0.182417 0.495901 0.68391 0.387986
vn -0.0580874 0.0119584 0.99824
v 11.2792 12.2317 0.0001115 0.447196 0.639844 0.381028
vn -0.0424528 0.029081 0.998675
v 11.3481 14.7689 -0.0784888 0.426196 0.620844 0.378028
vn -0.0475677 0.0328154 0.998329
v 11.2503 14.835 -0.085741 0.424259 0.619091 0.377751
vn 0.00185897 0.113414 0.993546
v 11.2923 17.7443 -0.161817 0.403934 0.600702 0.374848
vn -0.0479047 0.0299351 0.998403
v 11.3113 19.5263 -0.213458 0.390138 0.58822 0.372877
vn -0.0429568 0.0313282 0.998586
v 11.3281 21.736 -0.28923 0.369894 0.569904 0.369985
vn -0.0179581 0.0991818 0.994907
v 11.417 -24.4583 1.41478 0.79 0.95 0.43
vn -0.0147871 -0.0192187 0.999706
v 11.5306 -24.379 1.41796 0.79 0.95 0.43
vn -0.0149341 -0.0180533 0.999725
v 11.5095 -20.8462 1.22063 0.773273 0.934866 0.42761
vn -0.00405464 -0.0285729 0.999583
v 11.5462 -20.6709 1.22563 0.77461 0.936075 0.427801
vn -0.00453633 -0.0270932 0.999623
v 11.4209 -19.5395 1.25593 0.782704 0.943399 0.428958
vn -0.0507422 0.0552032 0.997185
v 11.5225 -17.6247 1.07431 0.734183 0.899499 0.422026
vn -0.0679618 0.0874266 0.99385
v 11.4337 -13.2518 0.97636 0.708014 0.875822 0.418288
vn -0.0616169 0.0530294 0.99669
v 11.5226 -13.1639 0.977044 0.708196 0.875987 0.418314
vn -0.0590186 0.055192 0.99673
v 11.507 -10.0955 0.797588 0.660252 0.832609 0.411465
vn -0.0594007 0.0550298 0.996716
v 11.4118 -2.87571 0.572209 0.600039 0.778131 0.402863
vn 0 0 0
v 11.4394 -2.72703 0.56609 0.598404 0.776652 0.402629
vn 0 0 0
v 11.4676 -2.52637 0.558341 0.596334 0.774779 0.402333
vn 0 0 0
v 11.4859 -2.27539 0.549703 0.594026 0.77269 0.402004
vn 0 0 0
v 11.4979 -2.10578 0.543422 0.592348 0.771172 0.401764
vn 0 0 0
v 11.5081 -1.93803 0.536941 0.590617 0.769606 0.401517
vn 0 0 0
v 11.511 -1.71146 0.528794 0.58844 0.767636 0.401206
vn 0 0 0
v 11.5249 -1.48587 0.518715 0.585747 0.7652 0.400821
vn 0 0 0
v 11.5158 -1.28804 0.511662 0.583863 0.763495 0.400552
vn 0 0 0
v 11.5094 -1.07134 0.502877 0.581516 0.761372 0.400217
vn 0 0 0
v 11.5124 -0.900733 0.494622 0.579311 0.759376 0.399902
vn 0 0 0
v 11.5 -0.732461 0.487742 0.577473 0.757713 0.399639
vn 0 0 0
v 11.4868 -0.506262 0.477478 0.574731 0.755232 0.399247
vn 0 0 0
v 11.4721 -0.280752 0.46671 0.571854 0.75263 0.398836
vn 0 0 0
v 11.4375 -0.0579478 0.457553 0.569407 0.750416 0.398487
vn 0 0 0
v 11.4136 0.108438 0.45005 0.567403 0.748603 0.3982
vn 0 0 0
v 11.5636 5.90951 0.231379 0.508982 0.695746 0.389855
vn -0.0457758 0.0141686 0.998851
v 11.4428 6.03459 0.224665 0.507188 0.694123 0.389598
vn -0.0438335 0.0133732 0.998949
v 11.5008 8.53113 0.201198 0.500918 0.68845 0.388703
vn -0.0616903 0.0164245 0.99796
v 11.4019 8.67869 0.187629 0.497293 0.68517 0.388185
vn 0.0361539 0.11552 0.992647
v 11.4974 12.112 0.0108472 0.450064 0.642439 0.381438
vn -0.0372942 0.0259917 0.998966
v 11.4789 14.6636 -0.0670193 0.429261 0.623617 0.378466
vn -0.049226 0.0324626 0.99826
v 11.4758 17.6494 -0.150194 0.407039 0.603512 0.375291
vn -0.0494929 0.0310142 0.998293
v 11.4745 19.4461 -0.203062 0.392915 0.590733 0.373274
vn -0.0449208 0.0322392 0.99847
v 11.4801 21.6603 -0.279035 0.372618 0.572368 0.370374
vn -0.0433025 0.0363304 0.998401
v 11.7497 -24.5229 1.41821 0.79 0.95 0.43
vn -0.0536113 0.069525 0.996139
v 11.7215 -20.7439 1.22429 0.774251 0.935751 0.42775
vn -0.0030765 -0.0277137 0.999611
v 11.7661 -20.4363 1.2328 0.776524 0.937808 0.428075
vn -0.00377189 -0.027073 0.999626
v 11.6615 -17.5234 1.07664 0.734804 0.900061 0.422115
vn -0.0503514 0.046798 0.997635
v 11.6908 -17.3225 1.08313 0.73654 0.901631 0.422363
vn 0.0092299 -0.0335531 0.999394
v 11.7151 -17.1777 1.08772 0.737765 0.90274 0.422538
vn 0.00678731 -0.0320272 0.999464
v 11.646 -13.0523 0.977456 0.708306 0.876087 0.418329
vn -0.0580583 0.0547106 0.996813
v 11.7483 -12.9748 0.977146 0.708223 0.876012 0.418318
vn -0.0571403 0.0539634 0.996907
v 11.6886 -9.86654 0.795809 0.659777 0.832179 0.411397
vn -0.0609134 0.0541958 0.996671
v 11.7933 -9.73142 0.794563 0.659444 0.831878 0.411349
vn -0.0596827 0.0562618 0.996631
v 11.7452 5.66543 0.247137 0.513192 0.699554 0.390456
vn -0.0494057 0.0193323 0.998592
v 11.6467 5.81597 0.236666 0.510394 0.697024 0.390056
vn -0.0519802 0.0212579 0.998422
v 11.7505 8.34358 0.213468 0.504197 0.691416 0.389171
vn -0.0526541 0.010196 0.998561
v 11.6499 8.4261 0.207816 0.502687 0.69005 0.388955
vn -0.0448637 0.00566221 0.998977
v 11.6869 11.9772 0.0235015 0.453444 0.645497 0.381921
vn -0.0389364 0.0275679 0.998861
v 11.6845 14.532 -0.052976 0.433013 0.627011 0.379002
vn -0.0481749 0.0321522 0.998321
v 11.6741 17.54 -0.137083 0.410542 0.606681 0.375792
vn -0.0468499 0.0290923 0.998478
v 11.6956 19.3402 -0.189401 0.396565 0.594035 0.373795
vn -0.0443209 0.0329522 0.998474
v 11.7424 21.5744 -0.265895 0.376128 0.575545 0.370875
vn -0.018047 0.0958243 0.995235
v 11.6169 21.6395 -0.274467 0.373838 0.573473 0.370548
vn -0.0133591 0.109149 0.993936
v 11.8826 -24.508 1.4203 0.79 0.95 0.43
vn -0.0390545 0.0914466 0.995044
v 11.8386 -24.1082 1.4274 0.79 0.95 0.43
vn -0.0135023 -0.017411 0.999757
v 11.8592 -20.4422 1.2329 0.776553 0.937833 0.428079
vn -0.00270153 -0.0267971 0.999637
v 11.8756 -17.0932 1.08894 0.738091 0.903034 0.422584
vn 0.0083124 -0.0278703 0.999577
v 11.8496 -12.8582 0.978082 0.708474 0.876238 0.418353
vn -0.0535178 0.0582007 0.996869
v 11.9482 -12.7755 0.977817 0.708403 0.876174 0.418343
vn -0.0545803 0.0586116 0.996788
v 11.8597 -9.6459 0.793601 0.659187 0.831645 0.411312
vn -0.058026 0.0579099 0.996634
v 11.9554 -9.51794 0.792186 0.658809 0.831303 0.411258
vn -0.0615967 0.0526207 0.996713
v 11.8994 5.49953 0.255291 0.51537 0.701526 0.390767
vn -0.0513215 0.017841 0.998523
v 11.8943 8.23568 0.220197 0.505994 0.693042 0.389428
vn -0.0427097 0.00466479 0.999077
v 11.8728 11.8827 0.0312728 0.455521 0.647376 0.382217
vn -0.0368264 0.0255647 0.998995
v 11.9298 14.3788 -0.0369562 0.437292 0.630884 0.379613
vn -0.0466222 0.0324605 0.998385
v 11.8597 14.4538 -0.0449254 0.435163 0.628957 0.379309
vn 0.00379134 0.109237 0.994009
v 11.9634 17.394 -0.119646 0.415201 0.610896 0.376457
vn -0.0526059 0.0314851 0.998119
v 11.8304 17.4672 -0.128249 0.412902 0.608816 0.376129
vn -0.0457142 0.0282632 0.998555
v 11.9176 19.2377 -0.176225 0.400085 0.59722 0.374298
vn -0.0447522 0.0318942 0.998489
v 11.8853 21.4798 -0.254229 0.379245 0.578365 0.371321
vn -0.0402201 0.0344936 0.998595
v 12.1915 -24.4194 1.42604 0.79 0.95 0.43
vn -0.0606609 0.110043 0.992074
v 12.0734 -24.3843 1.42519 0.79 0.95 0.43
vn -0.0127869 -0.0188553 0.99974
v 12.1616 -20.6487 1.22815 0.775282 0.936684 0.427897
vn -0.000418609 -0.0274461 0.999623
v 12.1173 -20.42 1.23411 0.776875 0.938125 0.428125
vn -0.00227217 -0.0263571 0.99965
v 12.1737 -20.2864 1.23773 0.777841 0.938999 0.428263
vn -0.00193519 -0.0263304 0.999651
v 12.1127 -17.0361 1.08832 0.737925 0.902885 0.422561
vn 0.0107327 -0.0335664 0.999379
v 12.1829 -16.9557 1.0901 0.738402 0.903316 0.422629
vn 0.00937995 -0.0286642 0.999545
v 12.0419 -12.6906 0.977666 0.708362 0.876137 0.418337
vn -0.0573514 0.0554921 0.996811
v 12.1713 -12.5628 0.977627 0.708352 0.876128 0.418336
vn -0.0542734 0.0578796 0.996847
v 12.1007 -9.30248 0.790226 0.658285 0.830829 0.411184
vn -0.0628208 0.0512276 0.996709
v 12.1987 -9.15217 0.788726 0.657885 0.830467 0.411126
vn -0.0605442 0.0540658 0.9967
v 12.1782 5.15515 0.273585 0.520258 0.705947 0.391465
vn -0.0484439 0.00856022 0.998789
v 12.0506 5.31764 0.264935 0.517947 0.703857 0.391135
vn -0.0544326 0.0172921 0.998368
v 12.0783 8.12458 0.225466 0.507402 0.694316 0.389629
vn -0.0428207 0.00985107 0.999034
v 12.1244 11.7312 0.0441364 0.458957 0.650485 0.382708
vn -0.033045 0.021949 0.999213
v 12.1922 14.1757 -0.0159405 0.442907 0.635964 0.380415
vn -0.0432614 0.029171 0.998638
v 12.081 14.2732 -0.0260494 0.440206 0.63352 0.380029
vn -0.0519724 0.0367034 0.997974
v 12.1261 17.2965 -0.108402 0.418205 0.613614 0.376886
vn -0.0536979 0.0323127 0.998034
v 12.1391 19.1417 -0.163876 0.403384 0.600205 0.374769
vn -0.0439031 0.0320059 0.998523
v 12.1821 21.3867 -0.240081 0.383025 0.581784 0.371861
vn -0.0396363 0.0340729 0.998633
v 12.0767 21.4625 -0.249168 0.380597 0.579588 0.371514
vn -0.0131118 0.106116 0.994267
v 12.3085 -24.3499 1.42881 0.79 0.95 0.43
vn -0.0857332 0.0910891 0.992145
v 12.38 -24.1909 1.43265 0.79 0.95 0.43
vn -0.0124726 -0.0184132 0.999753
v 12.3346 -20.1394 1.24176 0.778917 0.939973 0.428417
vn -0.000730422 -0.0260614 0.99966
v 12.3059 -16.8965 1.09054 0.738519 0.903422 0.422646
vn 0.0130405 -0.0315468 0.999417
v 12.2977 -12.4508 0.976974 0.708178 0.87597 0.418311
vn -0.0518068 0.0605171 0.996822
v 12.2636 -9.06623 0.787176 0.65747 0.830092 0.411067
vn -0.0608892 0.0542146 0.996671
v 12.3471 -8.94401 0.785351 0.656983 0.829651 0.410998
vn -0.062466 0.0519748 0.996693
v 12.3553 4.90294 0.287651 0.524016 0.709347 0.392002
vn -0.0645633 0.0248625 0.997604
v 12.2737 5.05043 0.27805 0.521451 0.707027 0.391636
vn -0.0629037 0.0235679 0.997741
v 12.3346 7.91795 0.238039 0.510761 0.697355 0.390109
vn -0.0434579 0.0125915 0.998976
v 12.2269 8.03027 0.230024 0.50862 0.695418 0.389803
vn 0.0370791 0.106443 0.993627
v 12.2918 11.65 0.0502444 0.460589 0.651962 0.382941
vn -0.0267736 0.0191925 0.999457
v 12.3245 14.1282 -0.0114964 0.444094 0.637038 0.380585
vn 0.00640796 0.10916 0.994004
v 12.2987 17.1506 -0.0922401 0.422523 0.61752 0.377503
vn -0.0557908 0.0356893 0.997804
v 12.3163 19.0823 -0.155828 0.405534 0.60215 0.375076
vn -0.0407077 0.0352109 0.99855
v 12.3322 21.3376 -0.232819 0.384965 0.58354 0.372138
vn -0.0397156 0.0349418 0.9986
v 12.5861 -25.4067 1.56995 0.79 0.95 0.43
vn -0.0813727 0.0975784 0.991896
v 12.5076 -24.1435 1.43505 0.79 0.95 0.43
vn -0.0121105 -0.0168404 0.999785
v 12.4737 -20.0321 1.24461 0.77968 0.940663 0.428526
vn -0.00088132 -0.0251494 0.999683
v 12.554 -19.9415 1.24693 0.780299 0.941223 0.428614
vn -0.000130659 -0.0231791 0.999731
v 12.492 -16.6538 1.09572 0.739903 0.904674 0.422843
vn 0.00947723 -0.0274559 0.999578
v 12.4632 -12.2774 0.976627 0.708085 0.875886 0.418298
vn -0.0535327 0.0599889 0.996763
v 12.4104 -8.82617 0.784483 0.656751 0.829441 0.410964
vn -0.0664234 0.0436498 0.996836
v 12.4836 -8.68884 0.783279 0.656429 0.82915 0.410918
vn -0.0616365 0.0518195 0.996753
v 12.5754 -8.55176 0.780705 0.655742 0.828528 0.41082
vn -0.0594859 0.0556709 0.996676
v 12.5736 4.51915 0.311002 0.530254 0.714992 0.392893
vn -0.063275 0.0213493 0.997768
v 12.4771 4.68115 0.301671 0.527761 0.712736 0.392537
vn -0.0664688 0.0270194 0.997423
v 12.5353 7.70067 0.253361 0.514855 0.701059 0.390694
vn -0.0467691 0.0149731 0.998794
v 12.4356 7.8182 0.244788 0.512564 0.698987 0.390366
vn -0.0524347 0.0219576 0.998383
v 12.4906 11.5524 0.0573813 0.462496 0.653687 0.383214
vn -0.0360821 0.0246085 0.999046
v 12.4777 14.0243 -0.00114437 0.44686 0.63954 0.38098
vn -0.0383989 0.0267019 0.998906
v 12.5449 16.9733 -0.072597 0.42777 0.622269 0.378253
vn -0.00578525 0.101677 0.994801
v 12.4594 17.0503 -0.0809598 0.425536 0.620247 0.377934
vn -0.0444953 0.0310603 0.998527
v 12.5096 18.9283 -0.138333 0.410208 0.606379 0.375744
vn -0.0475161 0.0312588 0.998381
v 12.4252 19.0263 -0.148995 0.40736 0.603802 0.375337
vn -0.0498118 0.0395969 0.997973
v 12.524 21.2769 -0.223806 0.387373 0.585718 0.372482
vn -0.0416368 0.0387115 0.998383
v 12.6824 -24.0886 1.43806 0.79 0.95 0.43
vn -0.0827617 0.0989131 0.991648
v 12.6784 -19.9995 1.24546 0.779908 0.940869 0.428558
vn 0.000211732 -0.0255578 0.999673
v 12.7161 -16.5423 1.09609 0.740001 0.904763 0.422857
vn 0.0135031 -0.0299007 0.999462
v 12.7869 -16.191 1.10538 0.742484 0.907009 0.423212
vn 0.0138789 -0.0289429 0.999485
v 12.6631 -12.0774 0.975445 0.707769 0.875601 0.418253
vn -0.0592544 0.0558136 0.996681
v 12.7528 -11.9498 0.975822 0.70787 0.875692 0.418267
vn -0.0614986 0.0519888 0.996752
v 12.6341 -8.46169 0.778955 0.655274 0.828105 0.410753
vn -0.0594487 0.0565218 0.99663
v 12.7262 -8.31964 0.776013 0.654488 0.827394 0.410641
vn -0.0618622 0.0530169 0.996676
v 12.7381 4.15517 0.334498 0.536532 0.720671 0.39379
vn 0.0723622 0.0940378 0.992935
v 12.6654 4.32401 0.32351 0.533596 0.718015 0.393371
vn -0.059705 0.0215597 0.997983
v 12.7376 7.54227 0.261715 0.517087 0.703078 0.391012
vn -0.045844 0.0155503 0.998828
v 12.6456 7.62133 0.257229 0.515888 0.701994 0.390841
vn -0.0351852 0.00777511 0.999351
v 12.7253 11.3629 0.0737689 0.466874 0.657648 0.383839
vn -0.0369951 0.0238033 0.999032
v 12.6303 11.437 0.0674874 0.465196 0.65613 0.383599
vn -0.0443538 0.0314213 0.998522
v 12.6822 13.9334 0.0073063 0.449118 0.641583 0.381303
vn -0.0387261 0.0280859 0.998855
v 12.6838 16.9088 -0.0652789 0.429726 0.624037 0.378532
vn -0.0486831 0.0335822 0.99825
v 12.6731 18.8486 -0.128652 0.412795 0.608719 0.376114
vn -0.0501516 0.0366922 0.998067
v 12.7528 21.1502 -0.208025 0.391589 0.589533 0.373084
vn -0.0405102 0.0353252 0.998554
v 12.6491 21.2195 -0.216287 0.389382 0.587536 0.372769
vn -0.0157723 0.0955018 0.995304
v 12.8856 -23.9423 1.44293 0.79 0.95 0.43
vn -0.012121 -0.0159532 0.999799
v 12.8275 -20.0151 1.24502 0.77979 0.940763 0.428541
vn 0.00085303 -0.0273223 0.999626
v 12.9565 -19.9265 1.24711 0.780349 0.941268 0.428621
vn 0.000580858 -0.0223501 0.99975
v 12.8435 -16.4264 1.09771 0.740433 0.905154 0.422919
vn 0.0149553 -0.0292311 0.999461
v 12.8014 -16.1127 1.10742 0.743029 0.907502 0.42329
vn 0.0105494 -0.0266838 0.999588
v 12.8395 -11.8577 0.975157 0.707692 0.875531 0.418242
vn -0.0586062 0.0565939 0.996676
v 12.9532 -11.7329 0.974241 0.707448 0.87531 0.418207
vn -0.0569262 0.0575796 0.996717
v 12.8404 -8.10508 0.772761 0.653619 0.826608 0.410517
vn -0.062709 0.0495053 0.996803
v 12.9418 -7.88192 0.769999 0.652882 0.82594 0.410412
vn -0.06565 0.041994 0.996959
v 12.9679 3.72857 0.357319 0.542628 0.726187 0.394661
vn -0.0547856 0.0180184 0.998336
v 12.8855 3.87965 0.349548 0.540552 0.724309 0.394365
vn -0.0587706 0.0274972 0.997893
v 12.8074 4.05933 0.338524 0.537607 0.721644 0.393944
vn -0.0578463 0.023654 0.998045
v 12.9534 7.3165 0.276106 0.520931 0.706557 0.391562
vn -0.0469553 0.0156767 0.998774
v 12.856 7.43667 0.267764 0.518702 0.70454 0.391243
vn 0.0389951 0.10065 0.994157
v 12.886 11.2666 0.0810164 0.46881 0.6594 0.384116
vn -0.031497 0.0214181 0.999274
v 12.9421 13.775 0.0223501 0.453137 0.645219 0.381877
vn -0.0350585 0.0255605 0.999058
v 12.8598 13.8369 0.0163658 0.451538 0.643773 0.381648
vn 0.00759258 0.106154 0.994321
v 12.9743 16.736 -0.046363 0.434779 0.62861 0.379254
vn -0.0414187 0.0294594 0.998707
v 12.8411 16.8099 -0.0544445 0.43262 0.626656 0.378946
vn -0.0461622 0.0316984 0.998431
v 12.9053 18.6855 -0.110146 0.417739 0.613192 0.37682
vn -0.050071 0.0348569 0.998137
v 12.9032 21.1433 -0.204983 0.392402 0.590268 0.3732
vn -0.0154476 0.0951124 0.995347
v 13.0773 -23.8795 1.44605 0.79 0.95 0.43
vn -0.0694937 0.094655 0.993082
v 13.1409 -23.7148 1.44958 0.79 0.95 0.43
vn -0.0116254 -0.0158519 0.999807
v 13.1477 -19.9316 1.24675 0.780253 0.941181 0.428608
vn 0.00196543 -0.0281251 0.999602
v 13.0649 -16.2161 1.10042 0.741159 0.905811 0.423023
vn 0.0155566 -0.0282816 0.999479
v 13.1523 -16.1643 1.1005 0.741179 0.905828 0.423026
vn 0.0160576 -0.0282366 0.999472
v 13.1924 -15.899 1.10719 0.742966 0.907445 0.423281
vn 0.0159929 -0.0275007 0.999494
v 13.0184 -11.6567 0.973758 0.707318 0.875193 0.418188
vn -0.0576674 0.0568275 0.996717
v 13.1232 -11.5295 0.972926 0.707096 0.874992 0.418157
vn -0.0609282 0.0532019 0.996723
v 13.0401 -7.65879 0.766899 0.652053 0.825191 0.410293
vn -0.0643131 0.044633 0.996931
v 13.1144 -7.49566 0.764147 0.651318 0.824526 0.410188
vn -0.0633106 0.0468758 0.996892
v 13.1697 -7.38542 0.761743 0.650676 0.823945 0.410097
vn -0.0645219 0.0450096 0.996901
v 13.1235 3.45374 0.370255 0.546084 0.729314 0.395155
vn -0.0557143 0.0184353 0.998277
v 13.0402 3.60627 0.362968 0.544138 0.727553 0.394877
vn -0.0542463 0.0166946 0.998388
v 13.1448 7.11592 0.288325 0.524196 0.70951 0.392028
vn -0.050811 0.018874 0.99853
v 13.0343 7.23045 0.281479 0.522367 0.707856 0.391767
vn -0.0475493 0.0150684 0.998755
v 13.1148 11.1291 0.0910608 0.471494 0.661828 0.384499
vn -0.0412079 0.0261603 0.998808
v 13.0983 13.6999 0.0290482 0.454926 0.646838 0.382132
vn -0.038478 0.0308524 0.998783
v 13.1261 16.6552 -0.0375843 0.437125 0.630732 0.379589
vn -0.0388258 0.0294555 0.998812
v 13.1185 18.5656 -0.0962776 0.421444 0.616544 0.377349
vn -0.0448785 0.0324922 0.998464
v 13.1779 20.993 -0.186505 0.397338 0.594735 0.373905
vn -0.0412076 0.0368455 0.998471
v 13.0771 21.0906 -0.197276 0.394461 0.592131 0.373494
vn -0.00524307 0.113214 0.993557
v 13.2938 -23.7118 1.45112 0.79 0.95 0.43
vn -0.00953473 -0.017 0.99981
v 13.248 -19.8694 1.24809 0.78061 0.941505 0.428659
vn 0.00152058 -0.0235119 0.999722
v 13.3278 -19.7769 1.25014 0.781157 0.941999 0.428737
vn 0.00124567 -0.0225849 0.999744
v 13.2294 -16.0947 1.10119 0.741364 0.905996 0.423052
vn 0.0179298 -0.0281436 0.999443
v 13.3329 -15.902 1.10473 0.742309 0.906851 0.423187
vn 0.0182634 -0.0278694 0.999445
v 13.3576 -15.7806 1.10756 0.743066 0.907536 0.423295
vn 0.0172137 -0.0258058 0.999519
v 13.3149 -11.2746 0.971494 0.706714 0.874646 0.418102
vn -0.0614374 0.0531128 0.996697
v 13.2178 -7.27399 0.759732 0.650138 0.823459 0.41002
vn -0.065701 0.0434518 0.996893
v 13.2818 -7.10439 0.757048 0.649422 0.82281 0.409917
vn -0.0655267 0.0428417 0.996931
v 13.3575 -6.89889 0.753557 0.648489 0.821966 0.409784
vn -0.0674905 0.0371784 0.997027
v 13.3963 2.94865 0.392665 0.552071 0.734731 0.39601
vn -0.059452 0.0159876 0.998103
v 13.3114 3.09893 0.386588 0.550448 0.733263 0.395778
vn -0.0591372 0.0192737 0.998064
v 13.2271 3.2696 0.378467 0.548278 0.731299 0.395468
vn -0.0582608 0.0206235 0.998088
v 13.3162 6.90512 0.301974 0.527842 0.71281 0.392549
vn -0.0518911 0.020301 0.998446
v 13.3263 10.9373 0.10706 0.475768 0.665695 0.38511
vn -0.0427382 0.0278311 0.998699
v 13.298 13.552 0.0429513 0.458641 0.650199 0.382663
vn -0.032322 0.0237072 0.999196
v 13.3118 16.5266 -0.0239718 0.440761 0.634022 0.380109
vn -0.00279706 0.100189 0.994964
v 13.2958 18.5063 -0.0888057 0.42344 0.618351 0.377634
vn -0.0405587 0.0324071 0.998651
v 13.3097 20.9549 -0.180935 0.398826 0.596081 0.374118
vn -0.00527871 0.10886 0.994043
v 13.4764 -23.6683 1.45357 0.79 0.95 0.43
vn -0.0675301 0.0923763 0.993432
v 13.5721 -23.563 1.45622 0.79 0.95 0.43
vn -0.00849896 -0.0170725 0.999818
v 13.4742 -19.7128 1.2513 0.781467 0.942279 0.428781
vn 0.00397092 -0.023647 0.999712
v 13.5357 -19.4633 1.25691 0.782965 0.943635 0.428995
vn 0.00107267 -0.0220276 0.999757
v 13.4947 -15.7321 1.10642 0.742761 0.90726 0.423252
vn 0.017724 -0.0257425 0.999511
v 13.4569 -11.0777 0.970183 0.706363 0.874329 0.418052
vn -0.0596945 0.0559601 0.996647
v 13.4228 -6.68882 0.750425 0.647652 0.821209 0.409665
vn -0.0656213 0.0417669 0.99697
v 13.4782 -6.54326 0.747239 0.646801 0.820439 0.409543
vn -0.0660506 0.0392487 0.997044
v 13.5378 -6.33142 0.743776 0.645876 0.819602 0.409411
vn -0.0665288 0.0390828 0.997019
v 13.5915 -6.17161 0.74023 0.644928 0.818745 0.409275
vn -0.0671075 0.0387824 0.996992
v 13.5406 2.66944 0.404233 0.555162 0.737528 0.396452
vn -0.0612484 0.0165068 0.997986
v 13.455 2.84562 0.396626 0.55313 0.735689 0.396161
vn -0.0586704 0.0110317 0.998216
v 13.5532 6.57185 0.324205 0.533782 0.718183 0.393397
vn -0.0549758 0.0205852 0.998275
v 13.4807 6.69657 0.315257 0.531391 0.71602 0.393056
vn -0.0570599 0.0259981 0.998032
v 13.5741 10.7512 0.121117 0.479524 0.669093 0.385646
vn -0.0364022 0.0236913 0.999056
v 13.4778 10.8311 0.114895 0.477861 0.667589 0.385409
vn -0.0384425 0.0233719 0.998987
v 13.551 13.5017 0.0458052 0.459403 0.650889 0.382772
vn 0.00985084 0.105955 0.994322
v 13.5185 16.4589 -0.0165752 0.442737 0.63581 0.380391
vn -0.0430305 0.0311209 0.998589
v 13.5523 18.3801 -0.0742395 0.427332 0.621872 0.37819
vn -0.0455823 0.0398342 0.998166
v 13.4547 18.4512 -0.0819996 0.425258 0.619996 0.377894
vn -0.040695 0.0347392 0.998568
v 13.561 20.768 -0.159671 0.404507 0.601221 0.37493
vn -0.04816 0.041512 0.997977
v 13.443 20.8391 -0.168059 0.402267 0.599194 0.37461
vn -0.0467229 0.0377776 0.998193
v 13.6081 -23.4454 1.45851 0.79 0.95 0.43
vn -0.00945299 -0.0164422 0.99982
v 13.7155 -23.3664 1.46073 0.79 0.95 0.43
vn -0.00813445 -0.0156905 0.999844
v 13.7269 -19.3039 1.25985 0.783751 0.944346 0.429107
vn 0.00444089 -0.0234466 0.999715
v 13.6197 -15.6638 1.10592 0.742628 0.90714 0.423233
vn 0.019766 -0.0273307 0.999431
v 13.7017 -15.4581 1.10962 0.743616 0.908034 0.423374
vn 0.0172895 -0.0229241 0.999588
v 13.6015 -10.9035 0.967895 0.705752 0.873776 0.417965
vn -0.0582268 0.0574338 0.99665
v 13.7466 -10.7107 0.965592 0.705137 0.873219 0.417877
vn -0.0616459 0.0523262 0.996726
v 13.6176 -6.07556 0.738432 0.644448 0.81831 0.409207
vn -0.0683457 0.0352224 0.99704
v 13.6655 -5.8829 0.734876 0.643498 0.817451 0.409071
vn -0.0646653 0.049517 0.996678
v 13.7615 -5.66181 0.727218 0.641452 0.815599 0.408779
vn -0.0673767 0.0473085 0.996605
v 13.799 -5.52793 0.72393 0.640573 0.814805 0.408653
vn -0.0654969 0.0543901 0.996369
v 13.7541 2.1768 0.425752 0.560911 0.742729 0.397273
vn -0.0576564 0.0105048 0.998281
v 13.6865 2.32942 0.419485 0.559237 0.741214 0.397034
vn -0.064635 0.0194159 0.99772
v 13.6246 2.48133 0.412572 0.55739 0.739543 0.39677
vn -0.0640904 0.0208949 0.997725
v 13.7299 6.31034 0.341235 0.538331 0.7223 0.394047
vn -0.0581167 0.0194162 0.998121
v 13.6323 6.46625 0.330787 0.53554 0.719774 0.393649
vn -0.0591102 0.0250384 0.997937
v 13.6932 10.6729 0.126495 0.480961 0.670393 0.385852
vn -0.0446221 0.0278399 0.998616
v 13.7054 13.3676 0.0582626 0.462731 0.6539 0.383247
vn -0.0312857 0.0221752 0.999264
v 13.6343 13.4416 0.0512662 0.460862 0.652209 0.38298
vn 0.00980172 0.103535 0.994578
v 13.6816 16.3613 -0.0064264 0.445449 0.638263 0.380778
vn -0.0367731 0.0268108 0.998964
v 13.6538 18.2781 -0.063485 0.430205 0.624471 0.378601
vn -0.0452918 0.0326786 0.998439
v 13.6669 20.6939 -0.151218 0.406766 0.603264 0.375252
vn -0.0494532 0.0395787 0.997992
v 13.9282 -23.3679 1.46243 0.79 0.95 0.43
vn -0.00771975 -0.017083 0.999824
v 13.9352 -19.2252 1.26072 0.783983 0.944556 0.42914
vn 0.00474112 -0.0232657 0.999718
v 13.8181 -19.1973 1.26186 0.784288 0.944832 0.429184
vn 0.00378437 -0.0205155 0.999782
v 13.8922 -15.2669 1.11061 0.743882 0.908274 0.423412
vn 0.0204221 -0.0248155 0.999483
v 13.9689 -15.0558 1.11412 0.744818 0.909121 0.423545
vn 0.0180005 -0.022505 0.999585
v 13.8918 -13.7453 1.14488 0.753036 0.916556 0.424719
vn -0.025712 0.027363 0.999295
v 13.882 -10.4947 0.963781 0.704653 0.872781 0.417808
vn -0.0622536 0.0516333 0.996724
v 13.9715 -10.3749 0.961952 0.704164 0.872339 0.417738
vn -0.0605258 0.0534564 0.996734
v 13.8318 -5.4168 0.720923 0.63977 0.814078 0.408539
vn 0.0751956 0.00631335 0.997149
v 13.8866 -5.3076 0.716101 0.638482 0.812912 0.408355
vn -0.0666344 0.0533638 0.996349
v 13.9255 -5.13081 0.711879 0.637354 0.811892 0.408193
vn -0.0685659 0.0454649 0.99661
v 13.9567 -4.97599 0.708197 0.63637 0.811002 0.408053
vn 0.0781481 0.00950569 0.996896
v 13.9871 1.28968 0.470162 0.572776 0.753464 0.398968
vn -0.0654802 0.038562 0.997108
v 13.9645 1.47972 0.459095 0.569819 0.750789 0.398546
vn -0.0664253 0.0330578 0.997244
v 13.8941 1.71147 0.448586 0.567012 0.748249 0.398145
vn -0.0659211 0.0331499 0.997274
v 13.8613 1.90187 0.437543 0.564061 0.745579 0.397723
vn -0.0674393 0.0321005 0.997207
v 13.8084 2.07253 0.429238 0.561842 0.743572 0.397406
vn -0.0627215 0.0142584 0.997929
v 13.9506 5.922 0.367377 0.545316 0.728619 0.395045
vn -0.0650545 0.0254838 0.997556
v 13.8712 6.0683 0.357504 0.542678 0.726232 0.394668
vn -0.0668284 0.0291551 0.997338
v 13.807 6.20304 0.347803 0.540086 0.723887 0.394298
vn 0.0442773 0.0927122 0.994708
v 13.8752 10.4873 0.141494 0.484968 0.674018 0.386424
vn -0.0450194 0.0301579 0.998531
v 13.903 13.2467 0.0686674 0.465511 0.656415 0.383644
vn -0.0433027 0.0301869 0.998606
v 13.8864 16.284 0.0016584 0.447609 0.640218 0.381087
vn -0.0367075 0.0243217 0.99903
v 13.8797 18.1727 -0.051484 0.433411 0.627372 0.379059
vn -0.0404045 0.0328789 0.998642
v 13.9363 20.5387 -0.132994 0.411635 0.607669 0.375948
vn -0.0433731 0.0370063 0.998373
v 13.8378 20.6335 -0.14319 0.408911 0.605205 0.375559
vn -0.00772514 0.103265 0.994624
v 14.0916 -23.246 1.46564 0.79 0.95 0.43
vn -0.0078074 -0.0155309 0.999849
v 14.0543 -19.091 1.26306 0.78461 0.945123 0.42923
vn 0.00627393 -0.0223903 0.99973
v 14.1663 -18.948 1.26553 0.785271 0.945721 0.429324
vn 0.00646962 -0.0219065 0.999739
v 14.0836 -14.918 1.11491 0.745028 0.909311 0.423575
vn 0.0209405 -0.0222254 0.999534
v 14.0351 -10.268 0.960915 0.703887 0.872088 0.417698
vn -0.062292 0.051884 0.996708
v 14.1352 -10.101 0.959058 0.703391 0.87164 0.417627
vn -0.0621587 0.053246 0.996645
v 14.0109 -4.87847 0.703019 0.634987 0.80975 0.407855
vn -0.0704108 0.0449927 0.996503
v 14.0464 -4.69053 0.698203 0.6337 0.808586 0.407671
vn -0.0691025 0.0533718 0.996181
v 14.128 -4.46254 0.688852 0.631202 0.806325 0.407315
vn -0.0742756 0.0478118 0.996091
v 14.1655 -4.28483 0.683307 0.62972 0.804985 0.407103
vn -0.0764251 0.0461702 0.996006
v 14.1827 -4.19089 0.680455 0.628959 0.804296 0.406994
vn -0.0750522 0.0503874 0.995906
v 14.184 0.532703 0.502001 0.581282 0.76116 0.400183
vn -0.0665328 0.0263664 0.997436
v 14.1469 0.69604 0.495166 0.579456 0.759508 0.399922
vn -0.0660397 0.026445 0.997466
v 14.096 0.886919 0.487454 0.577396 0.757644 0.399628
vn -0.0652537 0.0249561 0.997557
v 14.032 1.13117 0.476998 0.574602 0.755116 0.399229
vn -0.0656113 0.0280129 0.997452
v 14.1692 5.53631 0.391954 0.551882 0.734559 0.395983
vn -0.062994 0.0219938 0.997772
v 14.0968 5.69287 0.381297 0.549034 0.731984 0.395576
vn -0.0651803 0.0268577 0.997512
v 14.0315 5.81905 0.372918 0.546796 0.729958 0.395257
vn 0.0515167 0.0939684 0.994241
v 14.1515 10.1974 0.164462 0.491104 0.67957 0.387301
vn 0.0252935 0.101029 0.994562
v 14.0742 10.3126 0.154558 0.488458 0.677176 0.386923
vn -0.0343577 0.0219873 0.999168
v 14.0693 13.0971 0.0822199 0.469132 0.659691 0.384162
vn -0.0396408 0.0257976 0.998881
v 14.1517 16.1599 0.0142994 0.450986 0.643273 0.381569
vn -0.037313 0.0232893 0.999032
v 14.0501 16.2132 0.0089152 0.449548 0.641972 0.381364
vn -0.037878 0.0237163 0.999001
v 14.1084 18.0719 -0.0400755 0.436459 0.63013 0.379494
vn -0.0369904 0.0326294 0.998783
v 14.0976 20.4675 -0.124215 0.41398 0.609792 0.376283
vn -0.037433 0.0340481 0.998719
v 14.307 -23.1231 1.46912 0.79 0.95 0.43
vn -0.00603201 -0.0162215 0.99985
v 14.2522 -22.6984 1.47536 0.79 0.95 0.43
vn -0.00674207 -0.0145395 0.999872
v 14.2252 -18.8329 1.26763 0.78583 0.946227 0.429404
vn 0.00493147 -0.0204371 0.999779
v 14.2964 -18.6736 1.2705 0.786598 0.946922 0.429514
vn 0.00596656 -0.0199363 0.999783
v 14.2805 -14.7107 1.11526 0.745122 0.909396 0.423589
vn 0.0220371 -0.0217957 0.99952
v 14.2663 -9.8973 0.956028 0.702582 0.870907 0.417512
vn -0.0634568 0.0498065 0.996741
v 14.363 -9.74171 0.953629 0.701941 0.870327 0.41742
vn -0.0601372 0.0542209 0.996716
v 14.2031 -4.09771 0.677272 0.628108 0.803526 0.406873
vn -0.070535 0.0608122 0.995654
v 14.2591 -3.92548 0.669665 0.626076 0.801688 0.406582
vn -0.0742385 0.0528247 0.99584
v 14.2923 -3.70908 0.662743 0.624227 0.800014 0.406318
vn -0.0738552 0.0486462 0.996082
v 14.3282 -3.46765 0.654597 0.62205 0.798045 0.406007
vn -0.0747584 0.0398328 0.996406
v 14.3284 -3.31362 0.650981 0.621084 0.797171 0.405869
vn -0.0741906 0.0267882 0.996884
v 14.3249 -3.14262 0.647008 0.620023 0.796211 0.405718
vn -0.0734633 0.0292931 0.996868
v 14.3232 -2.92609 0.641376 0.618518 0.79485 0.405503
vn -0.0716496 0.0315555 0.996931
v 14.3195 -2.69495 0.63506 0.616831 0.793323 0.405262
vn -0.0697661 0.0355299 0.99693
v 14.3302 -2.48403 0.62769 0.614862 0.791541 0.40498
vn -0.0685304 0.0435073 0.9967
v 14.3495 -2.27041 0.619107 0.612569 0.789467 0.404653
vn -0.0680428 0.0480076 0.996527
v 14.3683 -2.09257 0.611432 0.610518 0.787612 0.40436
vn -0.0675955 0.0479386 0.99656
v 14.3676 -1.93818 0.60591 0.609043 0.786277 0.404149
vn -0.06711 0.0432651 0.996807
v 14.3852 -1.7116 0.595886 0.606365 0.783854 0.403766
vn -0.0669481 0.0477449 0.996613
v 14.3895 -1.50814 0.587426 0.604105 0.781809 0.403444
vn -0.0659265 0.0464482 0.996743
v 14.3962 -1.27 0.576921 0.601298 0.77927 0.403043
vn -0.0654012 0.0253852 0.997536
v 14.3784 -1.11544 0.571656 0.599891 0.777997 0.402842
vn -0.067105 0.0383605 0.997008
v 14.3835 -0.948736 0.563701 0.597766 0.776074 0.402538
vn -0.0692246 0.0457014 0.996554
v 14.3786 -0.721499 0.553423 0.59502 0.77359 0.402146
vn -0.0699261 0.0387905 0.996798
v 14.3754 -0.50867 0.543258 0.592304 0.771133 0.401758
vn -0.0714423 0.0349335 0.996833
v 14.3519 -0.282758 0.533693 0.589749 0.768821 0.401393
vn -0.0720077 0.032105 0.996887
v 14.3135 -0.0721425 0.525703 0.587614 0.766889 0.401088
vn -0.0705669 0.0277822 0.99712
v 14.2832 0.0921679 0.519214 0.585881 0.765321 0.40084
vn -0.069958 0.0295952 0.997111
v 14.2417 0.310713 0.510249 0.583486 0.763154 0.400498
vn -0.0692276 0.0284047 0.997196
v 14.2099 0.442464 0.505228 0.582144 0.76194 0.400306
vn -0.0679371 0.0276501 0.997306
v 14.3426 5.31238 0.403087 0.554856 0.737251 0.396408
vn -0.0554123 0.0136489 0.99837
v 14.253 5.42939 0.397299 0.55331 0.735852 0.396187
vn -0.0594782 0.0186805 0.998055
v 14.38 9.99059 0.179417 0.4951 0.683185 0.387871
vn 0.0243681 0.098869 0.994802
v 14.2794 10.1055 0.170421 0.492696 0.681011 0.387528
vn 0.0276835 0.103049 0.994291
v 14.3079 12.9491 0.0944673 0.472404 0.662651 0.384629
vn -0.0402303 0.0245038 0.99889
v 14.3113 16.0867 0.021621 0.452942 0.645043 0.381849
vn -0.0382636 0.0235056 0.998991
v 14.3283 17.9268 -0.0246429 0.440582 0.63386 0.380083
vn -0.0433232 0.0366479 0.998389
v 14.32 20.3623 -0.111569 0.417358 0.612848 0.376765
vn -0.037343 0.0393844 0.998526
v 14.5209 -22.88 1.47427 0.79 0.95 0.43
vn -0.00584835 -0.0156976 0.99986
v 14.4771 -18.657 1.26965 0.786371 0.946716 0.429482
vn 0.00691312 -0.0204436 0.999767
v 14.5467 -18.2436 1.2774 0.788439 0.948588 0.429777
vn 0.00761426 -0.019639 0.999778
v 14.4921 -18.0618 1.28137 0.789502 0.949549 0.429929
vn 0.00751442 -0.017566 0.999817
v 14.4345 -14.4883 1.11654 0.745464 0.909706 0.423638
vn 0.0233965 -0.0211988 0.999501
v 14.5985 -14.279 1.11698 0.745581 0.909811 0.423654
vn 0.0242389 -0.0204211 0.999498
v 14.4258 -9.63482 0.952024 0.701512 0.869939 0.417359
vn -0.0608139 0.0539416 0.996691
v 14.4981 -9.51397 0.950005 0.700972 0.869451 0.417282
vn -0.0604658 0.0552385 0.996641
v 14.5853 -9.36588 0.947447 0.700289 0.868833 0.417184
vn -0.0620744 0.0530104 0.996663
v 14.4014 -1.35327 0.580035 0.60213 0.780022 0.403161
vn -0.0670937 0.0410016 0.996904
v 14.5627 4.99034 0.419772 0.559314 0.741284 0.397045
vn -0.0540287 0.0147327 0.998431
v 14.4809 5.10168 0.414427 0.557886 0.739992 0.396841
vn -0.0573633 0.0185139 0.998182
v 14.5723 9.7473 0.198658 0.50024 0.687836 0.388606
vn 0 0 0
v 14.4807 9.85476 0.190413 0.498037 0.685843 0.388291
vn 0.0236197 0.0980491 0.994901
v 14.5066 12.7772 0.109375 0.476387 0.666255 0.385198
vn -0.0416468 0.0263677 0.998784
v 14.4309 12.8518 0.102799 0.47463 0.664665 0.384947
vn -0.0479582 0.0311459 0.998364
v 14.5333 15.9644 0.0336857 0.456165 0.647959 0.382309
vn -8.5581e-05 0.0961665 0.995365
v 14.4659 16.0033 0.0298698 0.455146 0.647037 0.382164
vn -0.0398725 0.023647 0.998925
v 14.5789 17.7834 -0.00936535 0.444664 0.637553 0.380666
vn -0.0351183 0.0326016 0.998851
v 14.4677 17.8398 -0.0154176 0.443047 0.63609 0.380435
vn -0.0391931 0.0321326 0.998715
v 14.5443 20.2603 -0.0993333 0.420628 0.615806 0.377233
vn -0.0404886 0.0369947 0.998495
v 14.6866 -22.7638 1.47699 0.79 0.95 0.43
vn -0.00573475 -0.0133259 0.999895
v 14.6097 -18.6331 1.2692 0.78625 0.946607 0.429464
vn 0.00794943 -0.0225116 0.999715
v 14.6724 -18.5215 1.27096 0.786721 0.947034 0.429532
vn 0.00915626 -0.0200764 0.999757
v 14.6975 -18.0421 1.28006 0.789151 0.949232 0.429879
vn 0.00815878 -0.016654 0.999828
v 14.7507 -14.146 1.11586 0.745284 0.909543 0.423612
vn 0.0248623 -0.0195967 0.999499
v 14.6459 -9.25779 0.945587 0.699792 0.868383 0.417113
vn -0.0614668 0.0533101 0.996684
v 14.7597 -9.07789 0.941624 0.698733 0.867425 0.416962
vn -0.0603208 0.0540042 0.996717
v 14.7417 4.66793 0.437707 0.564105 0.745619 0.397729
vn -0.0559012 0.0203672 0.998229
v 14.6399 4.86378 0.42654 0.561122 0.74292 0.397303
vn -0.0594682 0.0271019 0.997862
v 14.7439 9.5716 0.211246 0.503603 0.690879 0.389086
vn 0.0306867 0.0996523 0.994549
v 14.6568 9.65855 0.20512 0.501966 0.689398 0.388852
vn 0.0246469 0.0947846 0.995193
v 14.6655 12.7029 0.114695 0.477808 0.667541 0.385401
vn 0.0128896 0.0988301 0.995021
v 14.6847 15.9063 0.039316 0.45767 0.64932 0.382524
vn -0.0422483 0.0249709 0.998795
v 14.6852 17.72 -0.0027106 0.446442 0.639161 0.38092
vn -0.0386007 0.0255185 0.998929
v 14.6981 20.1697 -0.0891075 0.423359 0.618278 0.377623
vn -0.0399243 0.035726 0.998564
v 14.9062 -22.7298 1.47869 0.79 0.95 0.43
vn -0.00512455 -0.0150925 0.999873
v 14.934 -18.0598 1.27767 0.788513 0.948655 0.429788
vn 0.00912155 -0.0194428 0.999769
v 14.8473 -14.0094 1.11607 0.745338 0.909592 0.42362
vn 0.0251799 -0.0179794 0.999521
v 14.9402 -13.9627 1.11456 0.744935 0.909227 0.423562
vn 0.0252183 -0.0177973 0.999524
v 14.8551 -8.89082 0.938363 0.697862 0.866637 0.416837
vn -0.0647843 0.0441169 0.996924
v 14.9277 -8.71367 0.935896 0.697203 0.866041 0.416743
vn -0.0650082 0.0432688 0.996946
v 14.9385 4.31765 0.455998 0.568992 0.75004 0.398427
vn -0.0582847 0.0220001 0.998058
v 14.84 4.50636 0.44586 0.566283 0.74759 0.39804
vn -0.0560003 0.0195866 0.998239
v 14.9548 9.34705 0.227137 0.507848 0.69472 0.389693
vn 0.0309505 0.098899 0.994616
v 14.8503 9.44086 0.221062 0.506226 0.693252 0.389461
vn 0.0295424 0.0979803 0.99475
v 14.9086 12.5055 0.131031 0.482173 0.671489 0.386025
vn -0.0385743 0.0242686 0.998961
v 14.8114 12.6002 0.122966 0.480018 0.66954 0.385717
vn 0.0115898 0.0966738 0.995249
v 14.8843 15.7542 0.0539802 0.461587 0.652865 0.383084
vn -0.0393261 0.0249098 0.998916
v 14.9501 17.5935 0.0106998 0.450024 0.642403 0.381432
vn -0.0380062 0.0245518 0.998976
v 14.8175 17.691 0.0007589 0.447369 0.64 0.381053
vn -0.030908 0.0358905 0.998878
v 14.8856 20.1294 -0.083212 0.424935 0.619703 0.377848
vn -0.0260622 0.0322458 0.99914
v 15.0962 -22.6896 1.48022 0.79 0.95 0.43
vn -0.00432921 -0.0156101 0.999869
v 15.1294 -17.8909 1.27894 0.788852 0.948961 0.429836
vn 0.00946548 -0.0177171 0.999798
v 15.0485 -13.88 1.11326 0.744588 0.908913 0.423513
vn 0.0264292 -0.0178163 0.999492
v 15.1217 -13.7663 1.11335 0.744612 0.908934 0.423516
vn 0.025357 -0.0163836 0.999544
v 15.0215 -8.50463 0.932283 0.696238 0.865168 0.416605
vn -0.0638819 0.045381 0.996925
v 15.1027 -8.31189 0.928902 0.695334 0.86435 0.416476
vn -0.0635726 0.0467921 0.99688
v 15.1849 -8.11549 0.925193 0.694344 0.863454 0.416335
vn -0.065519 0.0416279 0.996983
v 15.1972 3.76266 0.485809 0.576956 0.757246 0.399565
vn 0.0577403 0.0775186 0.995317
v 15.1212 3.90471 0.478983 0.575132 0.755596 0.399305
vn -0.0609439 0.0216992 0.997905
v 15.0325 4.10801 0.467779 0.572139 0.752888 0.398877
vn -0.0613848 0.0251067 0.997798
v 15.1503 9.10421 0.244824 0.512574 0.698995 0.390368
vn 0.0323779 0.0972364 0.994735
v 15.0516 9.22471 0.236163 0.51026 0.696902 0.390037
vn 0.0305366 0.0971956 0.994797
v 15.1013 12.33 0.145598 0.486064 0.67501 0.386581
vn -0.044906 0.0289 0.998573
v 15.017 12.4152 0.138421 0.484147 0.673276 0.386307
vn -0.047522 0.0306508 0.9984
v 15.0987 15.6574 0.0630558 0.464012 0.655058 0.38343
vn -0.0375952 0.0232389 0.999023
v 15.0939 17.5237 0.0179966 0.451974 0.644167 0.381711
vn -0.0407217 0.0267934 0.998811
v 15.1108 20.0684 -0.0750749 0.427108 0.62167 0.378158
vn -0.0265372 0.0493324 0.99843
v 15.2929 -22.537 1.48327 0.79 0.95 0.43
vn -0.00326886 -0.0149338 0.999883
v 15.355 -22.349 1.48613 0.79 0.95 0.43
vn -0.00530575 -0.0128646 0.999903
v 15.2751 -17.8055 1.27903 0.788876 0.948983 0.429839
vn 0.0116711 -0.0203188 0.999725
v 15.3624 -17.6977 1.28 0.789135 0.949218 0.429876
vn 0.0105035 -0.0170977 0.999799
v 15.233 -13.6833 1.1118 0.744197 0.908559 0.423457
vn 0.027603 -0.0172521 0.99947
v 15.3395 -13.5147 1.11168 0.744167 0.908532 0.423452
vn 0.0252684 -0.0143646 0.999577
v 15.2127 -8.01999 0.923943 0.69401 0.863152 0.416287
vn -0.0659767 0.0417964 0.996945
v 15.2627 -7.89101 0.921451 0.693344 0.862549 0.416192
vn -0.0652358 0.0439161 0.996903
v 15.3438 -7.68461 0.917151 0.692195 0.86151 0.416028
vn -0.0659935 0.0407708 0.996987
v 15.3877 -7.52008 0.914656 0.691528 0.860907 0.415933
vn -0.067189 0.0373187 0.997042
v 15.3597 3.39268 0.504816 0.582034 0.76184 0.400291
vn -0.0633645 0.0203912 0.997782
v 15.3217 3.49328 0.499396 0.580586 0.76053 0.400084
vn -0.0608312 0.0185118 0.997976
v 15.2295 3.66004 0.491926 0.57859 0.758725 0.399799
vn -0.0598813 0.016331 0.998072
v 15.3039 8.93717 0.256059 0.515575 0.701711 0.390796
vn 0.0297838 0.0943011 0.995098
v 15.221 9.04219 0.248586 0.513579 0.699905 0.390511
vn 0.0323779 0.0972364 0.994735
v 15.3526 12.1236 0.161954 0.490434 0.678964 0.387205
vn -0.0414807 0.0262749 0.998794
v 15.2746 12.2327 0.152467 0.487899 0.676671 0.386843
vn 0.0164014 0.0986925 0.994983
v 15.2804 15.5469 0.0733758 0.466769 0.657553 0.383824
vn -0.0396587 0.024741 0.998907
v 15.3805 17.3578 0.0348474 0.456476 0.64824 0.382354
vn -0.0398171 0.0242986 0.998911
v 15.2614 17.4669 0.024097 0.453604 0.645641 0.381943
vn -0.00349171 0.0950604 0.995465
v 15.3171 19.9714 -0.0639341 0.430085 0.624363 0.378584
vn -0.0380136 0.0408246 0.998443
v 15.4989 -22.3191 1.48707 0.79 0.95 0.43
vn -0.00354757 -0.0134458 0.999903
v 15.4648 -17.4973 1.28231 0.789751 0.949775 0.429964
vn 0.00928186 -0.0153522 0.999839
v 15.4625 -13.4016 1.11007 0.743737 0.908143 0.423391
vn 0.0288917 -0.0167885 0.999442
v 15.5253 -13.3189 1.10957 0.743603 0.908022 0.423372
vn 0.0250832 -0.0129517 0.999601
v 15.4194 -7.4409 0.912794 0.691031 0.860457 0.415862
vn -0.0626789 0.0477284 0.996892
v 15.4701 -7.31445 0.909697 0.690204 0.859708 0.415743
vn -0.065105 0.0418651 0.997
v 15.5305 -7.09711 0.905616 0.689113 0.858722 0.415588
vn -0.067308 0.0357113 0.997093
v 15.5821 -6.8801 0.9017 0.688067 0.857775 0.415438
vn -0.0673101 0.0367726 0.997054
v 15.5496 2.90962 0.529259 0.588564 0.767749 0.401223
vn -0.0628892 0.0135682 0.997928
v 15.4736 3.10761 0.519343 0.585915 0.765352 0.400845
vn -0.0659235 0.0240232 0.997535
v 15.4042 3.29542 0.509518 0.58329 0.762977 0.40047
vn -0.0656017 0.0246138 0.997542
v 15.5986 8.59227 0.279207 0.52176 0.707306 0.39168
vn 0 0 0
v 15.4945 8.70869 0.271668 0.519746 0.705484 0.391392
vn 0 0 0
v 15.4136 8.80536 0.265137 0.518001 0.703905 0.391143
vn 0 0 0
v 15.4905 12.0568 0.166193 0.491567 0.679989 0.387367
vn -0.0294152 0.0185638 0.999395
v 15.5092 15.391 0.0877865 0.470619 0.661036 0.384374
vn 0.00274656 0.095516 0.995424
v 15.4261 15.4757 0.0798869 0.468509 0.659127 0.384073
vn -0.0379506 0.0245104 0.998979
v 15.53 17.2767 0.0430145 0.458658 0.650214 0.382665
vn -0.042711 0.0264551 0.998737
v 15.4787 19.8929 -0.0550589 0.432456 0.626508 0.378922
vn -0.0374407 0.0395585 0.998516
v 15.6909 -22.2861 1.48817 0.79 0.95 0.43
vn -0.000844839 -0.0157824 0.999875
v 15.777 -22.0967 1.4909 0.79 0.95 0.43
vn -0.00313629 -0.012699 0.999914
v 15.6605 -17.486 1.28028 0.789211 0.949286 0.429887
vn 0.011714 -0.0172832 0.999782
v 15.7227 -17.3798 1.28129 0.789478 0.949528 0.429925
vn 0.0110979 -0.0149994 0.999826
v 15.6308 -13.2363 1.10779 0.743126 0.90759 0.423304
vn 0.0279061 -0.0140418 0.999512
v 15.7458 -13.0922 1.10651 0.742785 0.907282 0.423255
vn 0.0261488 -0.011332 0.999594
v 15.6303 -6.67526 0.897738 0.687009 0.856817 0.415287
vn -0.0680133 0.0364449 0.997019
v 15.6634 -6.5402 0.894883 0.686246 0.856127 0.415178
vn -0.0683961 0.03458 0.997059
v 15.7034 -6.33227 0.89086 0.685171 0.855155 0.415024
vn -0.0673914 0.0415573 0.996861
v 15.7501 -6.0943 0.885849 0.683832 0.853943 0.414833
vn -0.0677559 0.0491166 0.996492
v 15.7687 2.36204 0.554512 0.595311 0.773853 0.402187
vn -0.0683196 0.0347609 0.997058
v 15.7378 2.4527 0.550161 0.594149 0.772801 0.402021
vn -0.0674804 0.0265261 0.997368
v 15.6534 2.70598 0.537567 0.590784 0.769757 0.401541
vn -0.0658163 0.0211505 0.997608
v 15.6883 8.48338 0.286407 0.523683 0.709047 0.391955
vn 0.0301397 0.089095 0.995567
v 15.6898 11.9254 0.175559 0.494069 0.682253 0.387724
vn -0.0334498 0.0204956 0.99923
v 15.6594 15.3051 0.0955322 0.472688 0.662909 0.38467
vn -0.0380862 0.0269415 0.998911
v 15.7265 17.197 0.051136 0.460827 0.652177 0.382975
vn -0.0381124 0.0232771 0.999002
v 15.6561 17.2287 0.0479484 0.459976 0.651407 0.382854
vn -0.0322921 0.0222441 0.999231
v 15.6841 19.7938 -0.0439477 0.435425 0.629194 0.379346
vn -0.0334073 0.035127 0.998824
v 15.6016 19.833 -0.0483451 0.43425 0.628131 0.379179
vn -0.0331974 0.0356175 0.998814
v 15.8874 -21.9424 1.49317 0.79 0.95 0.43
vn -0.0033667 -0.0117254 0.999926
v 15.8526 -17.2964 1.28104 0.789413 0.949469 0.429916
vn 0.0118744 -0.0152846 0.999813
v 15.9738 -17.1455 1.28186 0.789632 0.949667 0.429947
vn 0.0155353 -0.0155388 0.999759
v 15.9504 -16.9605 1.28495 0.79 0.95 0.43
vn 0.0125554 -0.0149264 0.99981
v 15.917 -16.751 1.28848 0.79 0.95 0.43
vn 0.0122057 -0.0143243 0.999823
v 15.8261 -13.0061 1.10533 0.74247 0.906997 0.42321
vn 0.0264292 -0.0107624 0.999593
v 15.8988 -12.9139 1.10438 0.742217 0.906768 0.423174
vn 0.0339579 -0.0148833 0.999312
v 15.9687 -12.7817 1.10398 0.742109 0.90667 0.423158
vn 0.0323937 -0.0138968 0.999379
v 15.8177 -5.90621 0.879793 0.682214 0.85248 0.414602
vn -0.0660231 0.0551357 0.996294
v 15.8826 -5.71419 0.873586 0.680556 0.850979 0.414365
vn -0.0698193 0.0436255 0.996605
v 15.9255 -5.47652 0.867746 0.678996 0.849568 0.414142
vn -0.0703893 0.0459762 0.99646
v 15.964 -5.27645 0.862393 0.677566 0.848274 0.413938
vn -0.0734465 0.0386271 0.996551
v 15.9838 -5.13893 0.858954 0.676647 0.847442 0.413807
vn -0.0727246 0.0465691 0.996264
v 15.9886 1.54142 0.594676 0.606042 0.783561 0.40372
vn -0.0658795 0.0280172 0.997434
v 15.9577 1.688 0.58734 0.604082 0.781788 0.40344
vn -0.0673234 0.0363301 0.99707
v 15.9022 1.92472 0.575521 0.600924 0.778931 0.402989
vn -0.0667703 0.0298076 0.997323
v 15.8362 2.13101 0.565967 0.598372 0.776622 0.402625
vn -0.0658373 0.0269253 0.997467
v 15.8016 2.29048 0.557369 0.596075 0.774544 0.402296
vn 0.0594999 0.0671433 0.995968
v 15.9442 8.1505 0.308447 0.529572 0.714374 0.392796
vn 0.0338762 0.0906964 0.995302
v 15.8572 8.29004 0.298596 0.52694 0.711993 0.39242
vn 0.0337468 0.0913236 0.995249
v 15.9212 11.7431 0.189046 0.497672 0.685513 0.388239
vn 0 0 0
v 15.8077 11.8311 0.182616 0.495954 0.683959 0.387993
vn 0 0 0
v 15.9267 15.076 0.116341 0.478248 0.667939 0.385464
vn 0.00343009 0.0924916 0.995708
v 15.8149 15.2156 0.103527 0.474824 0.664841 0.384975
vn -0.0539523 0.0338499 0.99797
v 15.8765 17.118 0.0589376 0.462912 0.654063 0.383273
vn -0.0391074 0.0236446 0.998955
v 15.8769 19.7162 -0.0350278 0.437808 0.63135 0.379687
vn -0.031162 0.0373744 0.998815
v 16.0772 -21.8966 1.49416 0.79 0.95 0.43
vn -0.00182604 -0.0130934 0.999913
v 16.1279 -16.6986 1.28636 0.79 0.95 0.43
vn 0.0153272 -0.0150689 0.999769
v 16.1638 -16.2065 1.29254 0.79 0.95 0.43
vn 0.0149786 -0.0114418 0.999822
v 16.0212 -12.6954 1.10344 0.741964 0.906538 0.423138
vn 0.0338117 -0.0142188 0.999327
v 16.1044 -12.5904 1.10211 0.741609 0.906218 0.423087
vn 0.030738 -0.010428 0.999473
v 16.0157 -4.93443 0.853438 0.675173 0.846109 0.413596
vn -0.0773213 0.0381761 0.996275
v 16.0454 -4.71429 0.847464 0.673577 0.844665 0.413368
vn -0.0761956 0.0452827 0.996064
v 16.0881 -4.5419 0.841364 0.671948 0.843191 0.413135
vn -0.0733923 0.0578777 0.995622
v 16.1402 -4.34322 0.833879 0.669948 0.841381 0.41285
vn -0.0754453 0.0517319 0.995807
v 16.1778 -4.12679 0.826592 0.668001 0.83962 0.412572
vn -0.0756503 0.0497296 0.995894
v 16.1954 0.576649 0.638855 0.617845 0.79424 0.405406
vn -0.0696324 0.0297675 0.997128
v 16.1757 0.708793 0.632642 0.616185 0.792738 0.405169
vn -0.0692578 0.032089 0.997083
v 16.141 0.922704 0.622519 0.61348 0.790292 0.404783
vn -0.0678404 0.0302906 0.997236
v 16.0976 1.12208 0.613502 0.611071 0.788112 0.404439
vn -0.0669801 0.0290989 0.99733
v 16.0551 1.30328 0.605219 0.608858 0.78611 0.404123
vn -0.0657367 0.0261685 0.997494
v 16.1333 7.89815 0.324718 0.533919 0.718307 0.393417
vn 0.0340807 0.0897047 0.995385
v 16.0415 8.06318 0.312987 0.530785 0.715472 0.392969
vn 0.0356726 0.0914658 0.995169
v 16.1631 11.5416 0.203831 0.501622 0.689087 0.388803
vn 0.0167617 0.0918859 0.995628
v 16.0577 11.6314 0.197246 0.499863 0.687495 0.388552
vn 0 0 0
v 16.1485 14.9953 0.123015 0.480031 0.669552 0.385719
vn -0.0544126 0.0308097 0.998043
v 16.0891 15.0519 0.117942 0.478675 0.668325 0.385525
vn -0.0469259 0.0220297 0.998655
v 16.1351 16.9701 0.0733052 0.46675 0.657536 0.383821
vn -0.0350549 0.0219295 0.999145
v 16.0311 17.0373 0.0668409 0.465023 0.655973 0.383575
vn -0.0410872 0.0254264 0.998832
v 16.0711 19.6357 -0.0259168 0.440242 0.633552 0.380035
vn -0.00654704 0.0968763 0.995275
v 16.2743 -21.8586 1.49499 0.79 0.95 0.43
vn 0.000428041 -0.015898 0.999874
v 16.3593 -21.7466 1.49646 0.79 0.95 0.43
vn -0.00159251 -0.0116459 0.999931
v 16.2177 -16.519 1.28758 0.79 0.95 0.43
vn 0.0143986 -0.0137508 0.999802
v 16.2137 -16.3552 1.28984 0.79 0.95 0.43
vn 0.014183 -0.0134266 0.999809
v 16.2293 -12.4908 1.09931 0.740861 0.905541 0.42298
vn 0.032968 -0.012995 0.999372
v 16.3598 -12.2779 1.09738 0.740345 0.905074 0.422906
vn 0.0297431 -0.00917976 0.999515
v 16.232 -3.91265 0.817992 0.665703 0.837541 0.412243
vn -0.0745304 0.0493095 0.995999
v 16.2624 -3.69631 0.810499 0.663702 0.83573 0.411957
vn -0.0752249 0.0429425 0.996242
v 16.284 -3.47807 0.803181 0.661747 0.833961 0.411678
vn -0.0752542 0.0334551 0.996603
v 16.291 -3.25546 0.796322 0.659914 0.832303 0.411416
vn -0.0742343 0.0323354 0.996716
v 16.306 -3.0911 0.790432 0.65834 0.830879 0.411191
vn -0.0723921 0.0371694 0.996683
v 16.3258 -2.93016 0.784147 0.656661 0.82936 0.410952
vn -0.0703016 0.0377224 0.996812
v 16.3427 -2.71093 0.775939 0.654469 0.827376 0.410638
vn -0.0688053 0.0423197 0.996732
v 16.3624 -2.49276 0.76726 0.65215 0.825278 0.410307
vn -0.0679925 0.0481925 0.996521
v 16.3878 -2.279 0.758054 0.64969 0.823053 0.409956
vn -0.0675688 0.0516808 0.996375
v 16.3939 -0.911602 0.701718 0.634639 0.809435 0.407806
vn -0.0677026 0.0367754 0.997028
v 16.392 -0.746323 0.694194 0.632629 0.807617 0.407518
vn -0.068929 0.037727 0.996908
v 16.3576 -0.529448 0.686093 0.630465 0.805659 0.407209
vn -0.0707139 0.0359502 0.996849
v 16.3362 -0.313208 0.676873 0.628002 0.80343 0.406857
vn -0.0708642 0.0292939 0.997056
v 16.2938 -0.105487 0.669096 0.625924 0.80155 0.406561
vn -0.0719453 0.0314906 0.996911
v 16.2682 0.120561 0.658995 0.623225 0.799109 0.406175
vn -0.0715466 0.0313423 0.996945
v 16.2439 0.281401 0.651965 0.621347 0.797409 0.405907
vn -0.0707706 0.032123 0.996975
v 16.2166 0.482972 0.642705 0.618873 0.795171 0.405553
vn -0.0702949 0.0327204 0.996989
v 16.3885 7.57959 0.343932 0.539052 0.722952 0.39415
vn -0.0402587 0.0222003 0.998943
v 16.2777 7.69343 0.337885 0.537436 0.72149 0.393919
vn 0.0350731 0.0870207 0.995589
v 16.3407 11.3702 0.216659 0.505049 0.692187 0.389293
vn 0.0189807 0.0931109 0.995475
v 16.2712 11.4469 0.210752 0.503471 0.690759 0.389067
vn 0.0199836 0.0947807 0.995298
v 16.2717 14.8809 0.133175 0.482745 0.672008 0.386106
vn -0.0438735 0.0292669 0.998608
v 16.3019 16.9086 0.0793288 0.46836 0.658992 0.384051
vn -0.0324043 0.0244469 0.999176
v 16.3202 19.553 -0.0162331 0.442829 0.635893 0.380404
vn -0.0024212 0.107262 0.994228
v 16.4741 -21.6736 1.49745 0.79 0.95 0.43
vn -0.00224831 -0.00900375 0.999957
v 16.5301 -16.3432 1.28526 0.79 0.95 0.43
vn 0.0158008 -0.0143075 0.999773
v 16.4988 -12.0683 1.09485 0.73967 0.904463 0.42281
vn 0.0301766 -0.00691208 0.999521
v 16.5785 -11.9411 1.09333 0.739263 0.904095 0.422752
vn 0.0314186 -0.00728948 0.99948
v 16.4118 -2.07853 0.749121 0.647303 0.820894 0.409615
vn -0.0672805 0.0441473 0.996757
v 16.4179 -1.89522 0.741727 0.645328 0.819106 0.409333
vn -0.0669429 0.047784 0.996612
v 16.4333 -1.73204 0.734298 0.643343 0.817311 0.409049
vn -0.0667997 0.0462792 0.996693
v 16.4414 -1.51412 0.724904 0.640834 0.81504 0.408691
vn -0.0669937 0.0454647 0.996717
v 16.4385 -1.29463 0.715819 0.638407 0.812844 0.408344
vn -0.0675563 0.0382818 0.996981
v 16.4267 -1.0877 0.707537 0.636194 0.810842 0.408028
vn -0.0671527 0.0327514 0.997205
v 16.413 -0.996432 0.704339 0.635339 0.810069 0.407906
vn -0.0647389 0.0209043 0.997683
v 16.5751 7.35903 0.35635 0.54237 0.725953 0.394624
vn -0.0449793 0.026511 0.998636
v 16.4417 7.48337 0.350469 0.540798 0.724532 0.3944
vn 0.0357718 0.0859291 0.995659
v 16.5753 11.1531 0.232348 0.509241 0.69598 0.389892
vn 0.0188127 0.0913644 0.99564
v 16.4558 11.281 0.222774 0.506683 0.693665 0.389526
vn 0.0195502 0.0934252 0.995434
v 16.5073 14.534 0.164334 0.49107 0.679539 0.387296
vn 0.00494219 0.0908694 0.995851
v 16.4393 14.6839 0.150753 0.487441 0.676256 0.386777
vn 0.00582922 0.0933733 0.995614
v 16.5903 16.797 0.0900452 0.471223 0.661582 0.38446
vn -0.0380721 0.0342527 0.998688
v 16.4754 16.8503 0.0849921 0.469873 0.660361 0.384268
vn -0.0310407 0.026555 0.999165
v 16.5172 19.4748 -0.00750695 0.44516 0.638002 0.380737
vn -0.00687396 0.0937229 0.995575
v 16.6253 -21.6474 1.49789 0.79 0.95 0.43
vn 0.00232546 -0.0167858 0.999856
v 16.735 -21.5087 1.49951 0.79 0.95 0.43
vn -0.0018178 -0.00914797 0.999957
v 16.6446 -16.2459 1.28471 0.79 0.95 0.43
vn 0.0153036 -0.0119629 0.999811
v 16.7336 -16.1177 1.28484 0.79 0.95 0.43
vn 0.0152462 -0.0111326 0.999822
v 16.6396 -11.861 1.09194 0.738892 0.903759 0.422699
vn 0.0349669 -0.00789081 0.999357
v 16.6535 -11.6939 1.09277 0.739114 0.90396 0.422731
vn 0.0340055 -0.00769438 0.999392
v 16.7291 7.08313 0.374414 0.547195 0.73032 0.395314
vn -0.0543899 0.0394505 0.99774
v 16.6449 7.25344 0.362907 0.544121 0.727538 0.394874
vn -0.053682 0.0401986 0.997749
v 16.7888 10.883 0.253014 0.514762 0.700975 0.39068
vn 0.0206577 0.091505 0.99559
v 16.6912 11.045 0.240033 0.511294 0.697837 0.390185
vn 0.0209387 0.0923882 0.995503
v 16.7089 14.5656 0.160188 0.489962 0.678537 0.387137
vn -0.040917 0.0217052 0.998927
v 16.7429 16.6862 0.100353 0.473976 0.664074 0.384854
vn -0.047289 0.0367735 0.998204
v 16.7003 19.4216 -0.00124015 0.446834 0.639517 0.380976
vn -0.000144184 0.112293 0.993675
v 16.8949 -21.419 1.50053 0.79 0.95 0.43
vn 0.00176509 -0.0132814 0.99991
v 16.9529 -21.3468 1.50131 0.79 0.95 0.43
vn -0.000868965 -0.00952884 0.999954
v 16.8621 -15.9311 1.2849 0.79 0.95 0.43
vn 0.0153878 -0.0106859 0.999824
v 16.9194 -15.726 1.28619 0.79 0.95 0.43
vn 0.0155111 -0.0106163 0.999823
v 16.9168 -15.5761 1.28782 0.79 0.95 0.43
vn 0.0158749 -0.0104326 0.99982
v 16.8577 -11.4883 1.08713 0.737607 0.902597 0.422515
vn 0.0355963 -0.00794339 0.999335
v 16.9821 -11.3302 1.0837 0.736691 0.901768 0.422384
vn 0 0 0
v 16.999 6.58792 0.405838 0.555591 0.737916 0.396513
vn -0.0515768 0.0331318 0.998119
v 16.9102 6.73767 0.396796 0.553175 0.73573 0.396168
vn -0.0510438 0.0319709 0.998185
v 16.8336 6.87479 0.388194 0.550877 0.733651 0.39584
vn -0.053989 0.0363539 0.99788
v 16.9577 10.7454 0.262027 0.51717 0.703154 0.391024
vn 0.021218 0.0907512 0.995648
v 16.8891 10.8218 0.2565 0.515693 0.701818 0.390813
vn 0.0218996 0.0925657 0.995466
v 16.8572 14.4662 0.168442 0.492167 0.680532 0.387452
vn -0.0377105 0.0249563 0.998977
v 16.8975 16.5772 0.110412 0.476664 0.666505 0.385238
vn -0.0353778 0.0367794 0.998697
v 16.8759 19.35 0.00655275 0.448916 0.641401 0.381274
vn -0.00768652 0.0883608 0.996059
v 17.0696 -21.2752 1.50202 0.79 0.95 0.43
vn 0.000786535 -0.0108283 0.999941
v 17.1708 -21.1845 1.5029 0.79 0.95 0.43
vn 0.00434998 -0.0130115 0.999906
v 17.1897 -20.925 1.50549 0.79 0.95 0.43
vn 0.000774911 -0.00985743 0.999951
v 17.0409 -15.5287 1.28613 0.79 0.95 0.43
vn 0.019282 -0.0104768 0.999759
v 17.0384 -15.2549 1.28885 0.79 0.95 0.43
vn 0.0175748 -0.0090001 0.999805
v 17.1509 -15.1786 1.28751 0.79 0.95 0.43
vn 0.0183608 -0.00883528 0.999792
v 17.056 -11.2182 1.08166 0.736146 0.901275 0.422307
vn 0 0 0
v 17.1558 -11.0611 1.07878 0.735377 0.900579 0.422197
vn 0 0 0
v 17.1161 6.31764 0.423527 0.560317 0.742191 0.397188
vn -0.0534359 0.0379135 0.997851
v 17.0438 6.46958 0.413905 0.557746 0.739866 0.396821
vn -0.0534134 0.0388671 0.997816
v 17.1405 10.5297 0.277671 0.521349 0.706935 0.391621
vn 0.0232733 0.0916238 0.995522
v 17.0422 10.6326 0.270495 0.519432 0.705201 0.391347
vn 0.0210915 0.0903589 0.995686
v 17.0772 14.3227 0.18016 0.495298 0.683365 0.3879
vn -0.0355925 0.0258637 0.999032
v 17.1339 16.1525 0.148924 0.486953 0.675815 0.386708
vn -0.0433767 0.0244345 0.99876
v 17.0733 16.2099 0.143764 0.485574 0.674567 0.386511
vn -0.0531525 0.0394593 0.997806
v 17.0817 16.468 0.120388 0.479329 0.668917 0.385618
vn -0.0343981 0.0357856 0.998767
v 17.0779 19.2735 0.0148954 0.451145 0.643417 0.381592
vn -0.00778981 0.0873409 0.996148
v 17.2176 -21.0991 1.50372 0.79 0.95 0.43
vn 0.00152722 -0.0100919 0.999948
v 17.2045 -20.8031 1.50667 0.79 0.95 0.43
vn -0.00166174 -0.00889009 0.999959
v 17.2755 -20.7483 1.5071 0.79 0.95 0.43
vn 0.00150365 -0.00946097 0.999954
v 17.289 -15.0703 1.28588 0.79 0.95 0.43
vn 0.0199813 -0.00971865 0.999753
v 17.3693 -14.9676 1.28522 0.79 0.95 0.43
vn 0.018797 -0.00807563 0.999791
v 17.3947 -14.7983 1.28609 0.79 0.95 0.43
vn 0.0181112 -0.00746473 0.999808
v 17.251 -10.8866 1.07597 0.734625 0.899899 0.422089
vn 0 0 0
v 17.3312 -10.7423 1.07344 0.733951 0.899289 0.421993
vn 0 0 0
v 17.3775 5.789 0.455485 0.568855 0.749916 0.398408
vn -0.0496572 0.0294557 0.998332
v 17.3248 5.90385 0.448526 0.566995 0.748234 0.398142
vn -0.0532856 0.0344599 0.997985
v 17.2404 6.07375 0.438333 0.564272 0.74577 0.397753
vn -0.0534439 0.0358937 0.997926
v 17.3111 10.2789 0.296428 0.526361 0.711469 0.392337
vn 0.0234957 0.0892616 0.995731
v 17.2049 10.4456 0.28384 0.522997 0.708426 0.391857
vn 0.0252164 0.0913063 0.995504
v 17.2768 14.0827 0.200622 0.500765 0.688311 0.388681
vn 0.00642601 0.0899452 0.995926
v 17.3347 16.2479 0.140232 0.484631 0.673713 0.386376
vn 0.000488778 0.089945 0.995947
v 17.3824 19.1758 0.0257466 0.454044 0.64604 0.382006
vn -0.00511935 0.0901531 0.995915
v 17.286 19.203 0.0226648 0.453221 0.645295 0.381889
vn -0.00728572 0.0878984 0.996103
v 17.4733 -20.842 1.50589 0.79 0.95 0.43
vn 0.00294525 -0.0106905 0.999939
v 17.4689 -20.6985 1.50724 0.79 0.95 0.43
vn 0.00199894 -0.00923934 0.999955
v 17.4082 -20.498 1.5092 0.79 0.95 0.43
vn 0.00183224 -0.00705226 0.999973
v 17.4235 -14.9143 1.28461 0.79 0.95 0.43
vn 0.0216236 -0.00927224 0.999723
v 17.4924 -14.6836 1.28502 0.79 0.95 0.43
vn 0.0207654 -0.00777112 0.999754
v 17.5457 -14.5338 1.28503 0.79 0.95 0.43
vn 0.0198053 -0.00577945 0.999787
v 17.4444 -10.5177 1.06968 0.732946 0.89838 0.421849
vn 0 0 0
v 17.5304 -10.3157 1.06666 0.732137 0.897648 0.421734
vn 0 0 0
v 17.5865 -10.1438 1.06456 0.731578 0.897142 0.421654
vn 0.0426652 -0.00109396 0.999089
v 17.5745 5.3963 0.477937 0.574853 0.755343 0.399265
vn -0.0516982 0.0339864 0.998084
v 17.5146 5.51045 0.471625 0.573167 0.753818 0.399024
vn 0.0420487 0.078047 0.996063
v 17.4673 5.64139 0.463362 0.570959 0.75182 0.398708
vn -0.0498144 0.0295166 0.998322
v 17.5556 9.963 0.318828 0.532345 0.716883 0.393192
vn 0.0229009 0.0876165 0.995891
v 17.4527 10.1278 0.306631 0.529086 0.713935 0.392727
vn 0.0244433 0.0896167 0.995676
v 17.5733 13.9263 0.212433 0.50392 0.691166 0.389131
vn -0.0522883 0.0326524 0.998098
v 17.4823 14.0067 0.205912 0.502178 0.689589 0.388883
vn -0.0485448 0.0329267 0.998278
v 17.4889 16.1048 0.152983 0.488037 0.676796 0.386862
vn 0.000752301 0.0888592 0.996044
v 17.4428 16.2328 0.141529 0.484977 0.674027 0.386425
vn -0.0358835 0.0312145 0.998868
v 17.5967 18.7995 0.0604204 0.463308 0.654421 0.38333
vn -0.0269026 0.040087 0.998834
v 17.5511 18.9477 0.047056 0.459737 0.651191 0.38282
vn -0.00593016 0.0882471 0.996081
v 17.4584 19.0587 0.0366376 0.456954 0.648673 0.382422
vn -0.0067572 0.08802 0.996096
v 17.6929 -20.5495 1.5081 0.79 0.95 0.43
vn 0.00244912 -0.00884126 0.999958
v 17.7115 -14.4711 1.28205 0.789683 0.949714 0.429955
vn 0.0209457 -0.00730644 0.999754
v 17.6206 -10.0448 1.06321 0.731217 0.896816 0.421602
vn 0.0377523 0.00150982 0.999286
v 17.6752 -9.94154 1.06099 0.730624 0.896279 0.421518
vn 0.0377523 0.00150982 0.999286
v 17.7396 -9.75353 1.05819 0.729875 0.895601 0.421411
vn 0.0351989 0.00286281 0.999376
v 17.7999 4.94088 0.502883 0.581518 0.761373 0.400217
vn 0.0441439 0.0747124 0.996228
v 17.718 5.08826 0.495335 0.579501 0.759549 0.399929
vn 0.0408153 0.0736939 0.996445
v 17.6331 5.28316 0.484146 0.576512 0.756844 0.399502
vn -0.0493422 0.0292575 0.998353
v 17.7392 9.72424 0.335351 0.536759 0.720877 0.393823
vn 0.0223904 0.085085 0.996122
v 17.655 9.85496 0.325949 0.534248 0.718605 0.393464
vn 0.0248586 0.0885084 0.995765
v 17.7353 13.7553 0.226442 0.507663 0.694552 0.389666
vn -0.0566544 0.0320868 0.997878
v 17.6494 13.8378 0.219772 0.505881 0.69294 0.389412
vn -0.051756 0.0327522 0.998123
v 17.73 15.8162 0.178458 0.494843 0.682953 0.387835
vn -0.0311982 0.0232627 0.999242
v 17.7188 16.0694 0.15589 0.488814 0.677498 0.386973
vn -0.0330235 0.0357243 0.998816
v 17.7133 18.7213 0.0680106 0.465336 0.656256 0.383619
vn -0.041703 0.039442 0.998351
v 17.8787 -20.4829 1.5082 0.79 0.95 0.43
vn 0.0047225 -0.011099 0.999927
v 17.9017 -20.3096 1.50957 0.79 0.95 0.43
vn 0.00239143 -0.00773468 0.999967
v 17.8682 -14.3093 1.27977 0.789074 0.949162 0.429868
vn 0.0199001 -0.00483528 0.99979
v 17.9569 -14.1902 1.27855 0.788748 0.948867 0.429821
vn 0.020103 -0.00446508 0.999788
v 17.8465 -9.52575 1.05336 0.728586 0.894435 0.421227
vn 0 0 0
v 17.9565 -9.30502 1.04815 0.727193 0.893174 0.421028
vn 0 0 0
v 17.9657 4.55787 0.523916 0.587137 0.766457 0.40102
vn 0 0 0
v 17.9028 4.70656 0.515775 0.584962 0.76449 0.400709
vn 0.0481166 0.0759271 0.995952
v 17.829 4.84684 0.508644 0.583057 0.762766 0.400437
vn 0.0441439 0.0747124 0.996228
v 17.9743 9.31298 0.365091 0.544705 0.728066 0.394958
vn 0.0250215 0.0855433 0.99602
v 17.8956 9.51206 0.349899 0.540646 0.724394 0.394378
vn 0.024927 0.0858615 0.995995
v 17.9801 13.548 0.242733 0.512015 0.69849 0.390288
vn -0.0580859 0.0308716 0.997834
v 17.851 13.6435 0.235421 0.510062 0.696722 0.390009
vn -0.0480189 0.0217507 0.99861
v 17.9453 15.911 0.169656 0.492492 0.680826 0.387499
vn -0.0362546 0.0322243 0.998823
v 17.9269 18.6954 0.071513 0.466271 0.657103 0.383753
vn -0.00554257 0.0867246 0.996217
v 17.9157 18.816 0.0608606 0.463426 0.654528 0.383347
vn -0.00556208 0.0885023 0.99606
v 18.055 -20.2812 1.50932 0.79 0.95 0.43
vn 0.00383537 -0.00843257 0.999957
v 18.0761 -20.1077 1.51061 0.79 0.95 0.43
vn 0.00231053 -0.00673941 0.999975
v 18.0552 -14.1222 1.27678 0.788275 0.948439 0.429754
vn 0.0232394 -0.00593831 0.999712
v 18.1409 -13.9928 1.27552 0.787938 0.948135 0.429705
vn 0.0222597 -0.00443511 0.999742
v 18.0542 -9.08407 1.04313 0.725852 0.891961 0.420836
vn 0.0377701 0.00710013 0.999261
v 18.1411 -8.87297 1.03834 0.724574 0.890805 0.420653
vn 0.0404634 0.00664368 0.999159
v 18.1665 -8.72254 1.03632 0.724031 0.890314 0.420576
vn 0.040078 0.00701991 0.999172
v 18.1789 4.16428 0.542654 0.592143 0.770987 0.401735
vn 0.0416481 0.0697658 0.996694
v 18.1189 4.31029 0.534942 0.590083 0.769122 0.40144
vn 0.0416481 0.0697658 0.996694
v 18.0086 4.47822 0.527793 0.588173 0.767394 0.401168
vn 0.0416481 0.0697658 0.996694
v 18.1501 9.08863 0.379666 0.548599 0.731589 0.395514
vn 0.0261753 0.0844549 0.996083
v 18.0917 9.21854 0.370125 0.54605 0.729283 0.39515
vn 0.0269247 0.0859234 0.995938
v 18.1445 13.3339 0.260126 0.516662 0.702694 0.390952
vn -0.0530001 0.0228827 0.998332
v 18.0449 13.447 0.251102 0.514251 0.700513 0.390607
vn -0.0606693 0.0344694 0.997563
v 18.109 15.7152 0.18666 0.497034 0.684936 0.388148
vn -0.0323759 0.0244858 0.999176
v 18.0192 15.8588 0.17415 0.493692 0.681912 0.38767
vn -0.0378573 0.0386728 0.998535
v 18.1179 18.7673 0.0662565 0.464867 0.655832 0.383552
vn -0.00518496 0.08815 0.996094
v 18.2344 -20.0837 1.5102 0.79 0.95 0.43
vn 0.00591234 -0.00801738 0.99995
v 18.2665 -19.9172 1.5113 0.79 0.95 0.43
vn 0.00337675 -0.00682939 0.999971
v 18.3489 -19.7404 1.51219 0.79 0.95 0.43
vn 0.00592551 -0.00745089 0.999955
v 18.3555 -19.4992 1.51379 0.79 0.95 0.43
vn 0.00380841 -0.00670196 0.99997
v 18.2076 -19.0223 1.51756 0.79 0.95 0.43
vn 0.00379535 -0.00579083 0.999976
v 18.2697 -13.8339 1.27331 0.787348 0.947601 0.429621
vn 0.0219395 -0.00345844 0.999753
v 18.3928 -13.6663 1.27112 0.786763 0.947071 0.429538
vn 0.0228159 -0.00330576 0.999734
v 18.3709 -13.5587 1.27197 0.786989 0.947275 0.42957
vn 0.0221117 -0.0017062 0.999754
v 18.2199 -8.60256 1.03322 0.723204 0.889565 0.420458
vn 0.0439528 0.0066887 0.999011
v 18.2547 -8.47305 1.03075 0.722544 0.888968 0.420363
vn 0.0433052 0.00741161 0.999034
v 18.315 -8.31888 1.02689 0.721512 0.888035 0.420216
vn 0.0489399 0.0058923 0.998784
v 18.3821 -8.09499 1.02192 0.720185 0.886834 0.420026
vn 0.0394225 0.0117652 0.999153
v 18.3772 3.75541 0.562151 0.597352 0.775699 0.402479
vn 0 0 0
v 18.2885 3.91891 0.554898 0.595414 0.773946 0.402202
vn 0 0 0
v 18.2243 4.07617 0.546819 0.593256 0.771993 0.401894
vn 0 0 0
v 18.3415 8.79248 0.399527 0.553905 0.73639 0.396272
vn -0.0439685 0.026097 0.998692
v 18.2768 8.93599 0.389202 0.551146 0.733894 0.395878
vn 0.0273673 0.0844878 0.996049
v 18.3547 13.1471 0.274425 0.520482 0.70615 0.391497
vn -0.0567368 0.0250019 0.998076
v 18.2573 13.2162 0.269371 0.519132 0.704929 0.391305
vn 0.00978059 0.0866411 0.996192
v 18.3429 15.5868 0.197393 0.499902 0.68753 0.388557
vn -0.036844 0.0366929 0.998647
v 18.2815 15.6398 0.192898 0.498701 0.686444 0.388386
vn -0.0419195 0.0360242 0.998471
v 18.3211 18.2412 0.113157 0.477397 0.667169 0.385342
vn -0.0365916 0.0383386 0.998595
v 18.3345 18.4686 0.0934482 0.472132 0.662405 0.38459
vn -0.00501981 0.0867307 0.996219
v 18.2852 18.7505 0.068609 0.465496 0.656401 0.383642
vn -0.00513262 0.0880715 0.996101
v 18.4991 -19.446 1.51342 0.79 0.95 0.43
vn 0.00527248 -0.0064414 0.999965
v 18.4076 -13.7696 1.27043 0.786578 0.946904 0.429511
vn 0.0236165 -0.00410102 0.999713
v 18.4817 -13.5392 1.26945 0.786316 0.946667 0.429474
vn 0.0234625 -0.0026332 0.999721
v 18.4656 -7.8659 1.01592 0.718583 0.885385 0.419798
vn 0.0428908 0.0113231 0.999016
v 18.4849 -7.71401 1.01337 0.717902 0.884769 0.4197
vn 0.041582 0.0120715 0.999062
v 18.5439 -7.54175 1.0087 0.716653 0.883639 0.419522
vn 0.0446088 0.0122533 0.998929
v 18.581 -7.34536 1.00452 0.715537 0.882628 0.419362
vn 0.0404026 0.0144653 0.999079
v 18.5935 3.18765 0.590315 0.604876 0.782507 0.403554
vn 0.0445839 0.0649037 0.996895
v 18.5672 3.31046 0.58342 0.603034 0.780841 0.403291
vn 0.0458733 0.0657823 0.996779
v 18.5125 3.46253 0.5758 0.600999 0.778999 0.403
vn 0.0412739 0.0648122 0.997044
v 18.4227 3.65395 0.566998 0.598647 0.776871 0.402664
vn 0 0 0
v 18.5345 8.52332 0.416601 0.558466 0.740517 0.396924
vn -0.0498639 0.0324006 0.99823
v 18.436 8.68497 0.405923 0.555614 0.737936 0.396516
vn 0.0270402 0.0830279 0.99618
v 18.5593 12.9039 0.293457 0.525567 0.710751 0.392224
vn 0.0108366 0.0867132 0.996174
v 18.4746 13.0396 0.282559 0.522655 0.708117 0.391808
vn -0.0572909 0.0226299 0.998101
v 18.5421 15.3715 0.215652 0.50478 0.691944 0.389254
vn -0.0483766 0.0334392 0.998269
v 18.4479 15.5105 0.203792 0.501611 0.689077 0.388802
vn -0.0476531 0.040557 0.99804
v 18.4102 18.685 0.0749684 0.467195 0.657938 0.383885
vn -0.00439334 0.0870819 0.996191
v 18.6924 -19.3341 1.51307 0.79 0.95 0.43
vn 0.00575526 -0.00559546 0.999968
v 18.69 -13.4615 1.26474 0.785059 0.94553 0.429294
vn 0.0236413 -0.00282788 0.999717
v 18.7918 -13.3465 1.26254 0.784471 0.944998 0.42921
vn 0.0228745 -0.000701587 0.999738
v 18.6215 -7.23607 1.00123 0.714658 0.881833 0.419237
vn 0.0455088 0.0131994 0.998877
v 18.6401 -7.12039 0.998749 0.713995 0.881234 0.419142
vn 0.0386881 0.0154632 0.999132
v 18.6628 -6.88864 0.994253 0.712794 0.880147 0.418971
vn 0.0432671 0.0155446 0.998943
v 18.693 -6.69119 0.989726 0.711584 0.879053 0.418798
vn 0.0489013 0.0154151 0.998685
v 18.7576 -6.53882 0.984212 0.710111 0.87772 0.418587
vn 0.04741 0.0161137 0.998746
v 18.7403 2.71447 0.613965 0.611195 0.788224 0.404456
vn 0.0468009 0.0631029 0.996909
v 18.6724 2.89119 0.605897 0.609039 0.786274 0.404148
vn 0.0481262 0.0647476 0.99674
v 18.6414 3.06502 0.596101 0.606422 0.783906 0.403775
vn 0.0486084 0.065146 0.996691
v 18.7248 8.11589 0.444589 0.565944 0.747283 0.397992
vn -0.0566017 0.0421206 0.997508
v 18.6558 8.29988 0.43157 0.562465 0.744135 0.397495
vn -0.0560915 0.0423358 0.997528
v 18.7375 12.7401 0.305624 0.528817 0.713692 0.392688
vn -0.0516837 0.0215622 0.998431
v 18.636 12.8125 0.30053 0.527457 0.712461 0.392494
vn 0.0110059 0.0855599 0.996272
v 18.6761 15.1515 0.234337 0.509772 0.69646 0.389967
vn -0.0561711 0.035219 0.9978
v 18.6154 15.2715 0.224131 0.507046 0.693994 0.389578
vn 0.00378199 0.0866924 0.996228
v 18.7644 18.3903 0.10219 0.474467 0.664518 0.384924
vn -0.00408599 0.0861868 0.996271
v 18.6859 18.4354 0.097944 0.473333 0.663492 0.384762
vn -0.00447118 0.0866324 0.99623
v 18.9192 -19.3078 1.51193 0.79 0.95 0.43
vn 0.0106227 -0.0106326 0.999887
v 18.9912 -19.1867 1.51216 0.79 0.95 0.43
vn 0.00557099 -0.00484862 0.999973
v 18.8966 -13.2287 1.26018 0.783841 0.944428 0.42912
vn 0.0228904 -0.000195136 0.999738
v 18.9958 -13.1614 1.25784 0.783214 0.94386 0.429031
vn 0.0244457 -0.00113256 0.999701
v 18.8069 -6.40235 0.979562 0.708869 0.876596 0.41841
vn 0.0398121 0.0196718 0.999014
v 18.831 -6.3031 0.976646 0.70809 0.875891 0.418299
vn 0.0398121 0.0196718 0.999014
v 18.8809 -6.11458 0.97077 0.70652 0.874471 0.418074
vn 0.0428565 0.0209089 0.998862
v 18.9442 -5.91081 0.963789 0.704655 0.872783 0.417808
vn 0.0428565 0.0209089 0.998862
v 18.9481 -5.69357 0.959073 0.703395 0.871643 0.417628
vn 0.0426967 0.0213038 0.998861
v 18.9615 -5.47515 0.953665 0.70195 0.870336 0.417421
vn 0.0470404 0.0226944 0.998635
v 18.9432 -5.31974 0.950993 0.701237 0.86969 0.41732
vn 0.0470404 0.0226944 0.998635
v 18.9469 -5.12245 0.946151 0.699943 0.86852 0.417135
vn 0.0538251 0.0234857 0.998274
v 18.9718 -4.91192 0.939796 0.698245 0.866984 0.416892
vn 0 0 0
v 18.9896 -4.68311 0.933074 0.696449 0.865359 0.416636
vn 0.0523511 0.0259081 0.998293
v 18.9516 1.68666 0.666343 0.625188 0.800885 0.406455
vn 0.0486071 0.0575344 0.99716
v 18.9251 1.89335 0.65549 0.622289 0.798261 0.406041
vn 0.0547358 0.0593633 0.996735
v 18.8783 2.13105 0.64351 0.619088 0.795365 0.405584
vn 0.0511984 0.0618831 0.996769
v 18.8111 2.3327 0.634443 0.616666 0.793174 0.405238
vn 0.0474752 0.061717 0.996964
v 18.8027 2.5078 0.624002 0.613876 0.79065 0.404839
vn 0.0474752 0.061717 0.996964
v 18.9681 7.68261 0.472235 0.57333 0.753965 0.399047
vn -0.050535 0.0303538 0.998261
v 18.8345 7.89349 0.459334 0.569883 0.750847 0.398555
vn -0.0527853 0.0343127 0.998016
v 18.8685 12.3959 0.333664 0.536309 0.72047 0.393758
vn 0.0117615 0.085036 0.996308
v 18.9022 12.5703 0.318304 0.532205 0.716757 0.393172
vn -0.0577635 0.0336785 0.997762
v 18.8173 12.6559 0.311961 0.53051 0.715224 0.39293
vn -0.048193 0.0278154 0.998451
v 18.934 14.8728 0.257384 0.515929 0.702031 0.390847
vn -0.0581758 0.0354585 0.997676
v 18.8032 15.0404 0.243475 0.512214 0.698669 0.390316
vn -0.0535919 0.0329476 0.998019
v 18.8488 17.939 0.141441 0.484954 0.674006 0.386422
vn -0.0343156 0.0339326 0.998835
v 18.8868 18.1066 0.127163 0.481139 0.670554 0.385877
vn -0.00404501 0.0858444 0.9963
v 18.8904 18.314 0.109297 0.476366 0.666236 0.385195
vn 0.00278798 0.0919031 0.995764
v 19.0838 -19.0891 1.51208 0.79 0.95 0.43
vn 0.0095068 -0.00613328 0.999936
v 19.0857 -18.8487 1.51323 0.79 0.95 0.43
vn 0.00586724 -0.00480831 0.999971
v 19.1594 -18.6732 1.51352 0.79 0.95 0.43
vn 0.00598847 -0.00353406 0.999976
v 19.0727 -13.0519 1.25601 0.782725 0.943418 0.428961
vn 0.023587 0.000134123 0.999722
v 19.0222 -4.4914 0.926391 0.694664 0.863743 0.416381
vn 0.0480901 0.0275302 0.998464
v 19.0788 -4.34187 0.91954 0.692833 0.862087 0.416119
vn 0.0480901 0.0275302 0.998464
v 19.0981 -4.14691 0.913064 0.691103 0.860522 0.415872
vn 0.0449599 0.0287212 0.998576
v 19.1398 -3.9227 0.90443 0.688796 0.858435 0.415542
vn 0 0 0
v 19.1613 -3.69056 0.89627 0.686616 0.856462 0.415231
vn 0 0 0
v 19.1796 -3.48888 0.88899 0.684671 0.854703 0.414953
vn 0 0 0
v 19.1886 -3.32504 0.88321 0.683127 0.853306 0.414732
vn 0.0500486 0.0335052 0.998185
v 19.1897 -3.09628 0.875479 0.681062 0.851437 0.414437
vn 0.0501632 0.0340585 0.99816
v 19.1997 -2.86887 0.867087 0.67882 0.849408 0.414117
vn 0.0498514 0.0353325 0.998131
v 19.1677 0.31751 0.730762 0.642399 0.816456 0.408914
vn 0.0480253 0.0514805 0.997519
v 19.1716 0.502653 0.720975 0.639784 0.81409 0.408541
vn 0.0482552 0.0517102 0.997496
v 19.1259 0.687475 0.713491 0.637784 0.812281 0.408255
vn 0.0459333 0.0517649 0.997602
v 19.0812 0.924239 0.702946 0.634967 0.809732 0.407852
vn 0 0 0
v 19.0653 1.11694 0.693168 0.632355 0.807369 0.407479
vn 0 0 0
v 19.0427 1.26076 0.686259 0.630509 0.805699 0.407216
vn 0.0427328 0.0557799 0.997528
v 19.0221 1.45298 0.676393 0.627873 0.803314 0.406839
vn 0.0486071 0.0575344 0.99716
v 19.1421 7.37618 0.491133 0.578379 0.758533 0.399768
vn -0.0524748 0.0364422 0.997957
v 19.0667 7.51343 0.482647 0.576112 0.756482 0.399445
vn -0.0529388 0.0360851 0.997946
v 19.0581 12.3206 0.33772 0.537392 0.72145 0.393913
vn -0.054627 0.0320767 0.997991
v 19.0687 14.6807 0.273257 0.52017 0.705868 0.391453
vn -0.0560196 0.0290212 0.998008
v 19.1161 18.0178 0.135615 0.483397 0.672597 0.3862
vn -0.00317932 0.0857522 0.996311
v 19.3104 -18.5082 1.51309 0.79 0.95 0.43
vn 0.00677551 -0.00356256 0.999971
v 19.2096 -12.8876 1.25261 0.781818 0.942597 0.428831
vn 0.0225045 0.00301863 0.999742
v 19.346 -12.7257 1.24905 0.780867 0.941736 0.428695
vn 0.0231369 0.00283897 0.999728
v 19.2129 -3.10113 0.874477 0.680794 0.851195 0.414399
vn 0.051658 0.0344267 0.998071
v 19.2405 -2.69712 0.85894 0.676643 0.847439 0.413806
vn 0.0497238 0.0355488 0.99813
v 19.2555 -2.48477 0.850402 0.674362 0.845375 0.41348
vn 0.0504772 0.0371485 0.998034
v 19.2701 -2.27559 0.841794 0.672062 0.843295 0.413152
vn 0.0504614 0.0384863 0.997984
v 19.3267 -2.05123 0.830276 0.668985 0.84051 0.412712
vn 0.0523996 0.0392626 0.997854
v 19.3041 -1.9053 0.825598 0.667736 0.83938 0.412534
vn 0.0519444 0.0401573 0.997842
v 19.2933 -1.72434 0.818787 0.665916 0.837733 0.412274
vn 0.0536502 0.0407724 0.997727
v 19.329 -1.5152 0.80832 0.663119 0.835203 0.411874
vn 0.0523594 0.0412388 0.997776
v 19.3463 -1.28855 0.7978 0.660309 0.83266 0.411473
vn 0.049775 0.0435232 0.997812
v 19.328 -1.12949 0.791776 0.658699 0.831204 0.411243
vn 0.049775 0.0435232 0.997812
v 19.3477 -0.9007 0.780584 0.655709 0.828499 0.410816
vn 0.0491597 0.0449434 0.997779
v 19.351 -0.674637 0.770097 0.652908 0.825964 0.410415
vn 0.0446479 0.0456344 0.99796
v 19.3134 -0.49824 0.763712 0.651202 0.824421 0.410172
vn 0.0446479 0.0456344 0.99796
v 19.2975 -0.287989 0.754467 0.648732 0.822186 0.409819
vn 0 0 0
v 19.2802 -0.0771745 0.745048 0.646215 0.819909 0.409459
vn 0 0 0
v 19.242 0.0987138 0.738193 0.644384 0.818252 0.409198
vn 0.0460806 0.049538 0.997709
v 19.2091 0.223211 0.733535 0.643139 0.817126 0.40902
vn 0.0499369 0.0512205 0.997438
v 19.3554 6.86964 0.523602 0.587053 0.766381 0.401008
vn -0.0513099 0.0320663 0.998168
v 19.273 7.06806 0.510991 0.583684 0.763333 0.400526
vn -0.0537944 0.0388765 0.997795
v 19.2017 7.25113 0.49905 0.580494 0.760447 0.400071
vn -0.0545322 0.0411218 0.997665
v 19.3154 11.9841 0.36286 0.544109 0.727527 0.394873
vn -0.0519802 0.0264516 0.998298
v 19.215 12.1081 0.353738 0.541672 0.725322 0.394525
vn -0.0537113 0.0334978 0.997994
v 19.3398 14.3329 0.301484 0.527711 0.712691 0.39253
vn -0.0585282 0.0311536 0.9978
v 19.2606 14.4586 0.291239 0.524974 0.710215 0.392139
vn -0.060086 0.0341102 0.99761
v 19.2898 17.8633 0.149391 0.487078 0.675927 0.386725
vn -0.00201878 0.0860468 0.996289
v 19.4672 -18.4071 1.51227 0.79 0.95 0.43
vn 0.00847823 -0.00495568 0.999952
v 19.5183 -18.3453 1.51208 0.79 0.95 0.43
vn 0.00712693 -0.000717469 0.999974
v 19.4379 -12.6258 1.24658 0.780208 0.94114 0.428601
vn 0.0242347 0.00254804 0.999703
v 19.5094 -12.5133 1.24455 0.779664 0.940648 0.428523
vn 0.0254822 0.00242848 0.999672
v 19.5441 -12.0277 1.24248 0.779112 0.940149 0.428445
vn 0.0256807 0.00323865 0.999665
v 19.5579 6.53151 0.542695 0.592154 0.770996 0.401736
vn -0.0513449 0.0321388 0.998164
v 19.4612 6.70259 0.532932 0.589546 0.768637 0.401364
vn -0.0484916 0.0273439 0.998449
v 19.5569 11.6957 0.383668 0.549668 0.732557 0.395667
vn -0.0499108 0.0273298 0.99838
v 19.4254 11.869 0.371032 0.546292 0.729502 0.395185
vn -0.0490212 0.0246181 0.998494
v 19.5384 14.1668 0.314366 0.531153 0.715805 0.393022
vn 0.005706 0.0837375 0.996472
v 19.4778 14.2818 0.305022 0.528656 0.713546 0.392665
vn 0.0059713 0.0844247 0.996412
v 19.5357 17.518 0.179438 0.495105 0.68319 0.387872
vn -0.0373216 0.0360812 0.998652
v 19.461 17.7058 0.163302 0.490794 0.67929 0.387256
vn -0.002133 0.0851845 0.996363
v 19.7102 -18.3325 1.51057 0.79 0.95 0.43
vn 0.00873189 -0.00466653 0.999951
v 19.6533 -12.3121 1.24033 0.778537 0.939629 0.428362
vn 0.0266516 0.0026623 0.999641
v 19.7178 6.30933 0.554038 0.595184 0.773738 0.402169
vn 0 0 0
v 19.7145 11.5371 0.39457 0.55258 0.735192 0.396083
vn -0.0440857 0.0224822 0.998775
v 19.6037 13.9907 0.328765 0.535 0.719285 0.393571
vn -0.0531731 0.0250827 0.99827
v 19.684 14.0658 0.321953 0.53318 0.717639 0.393311
vn 0.00640792 0.0837315 0.996468
v 19.7714 17.4892 0.182406 0.495898 0.683908 0.387985
vn 0.00295917 0.0906831 0.995875
v 19.8399 -18.2686 1.50968 0.79 0.95 0.43
vn 0.018463 -0.0134604 0.999739
v 19.9554 -18.1032 1.5091 0.79 0.95 0.43
vn 0.00728658 -0.000688354 0.999973
v 19.8405 -12.0231 1.23441 0.776956 0.938199 0.428137
vn 0.0271349 0.0036023 0.999625
v 19.9384 -11.9016 1.23127 0.776116 0.937438 0.428017
vn 0.0281766 0.0043487 0.999594
v 19.9165 -11.7144 1.23107 0.776063 0.93739 0.428009
vn 0.0274668 0.00440072 0.999613
v 19.9355 -11.5918 1.22996 0.775766 0.937122 0.427967
vn 0.0274668 0.00538577 0.999608
v 19.9601 5.90642 0.575481 0.600913 0.778921 0.402988
vn 0.0355089 0.0725911 0.996729
v 19.8628 6.09834 0.564784 0.598055 0.776336 0.402579
vn 0 0 0
v 19.9394 11.2768 0.412654 0.557412 0.739563 0.396773
vn -0.0418568 0.0237719 0.998841
v 19.8263 11.4193 0.402657 0.554741 0.737147 0.396392
vn -0.0439558 0.0240037 0.998745
v 19.9836 13.7601 0.345493 0.539469 0.723329 0.39421
vn 0.00632083 0.0823874 0.99658
v 19.8679 13.913 0.333548 0.536278 0.720442 0.393754
vn 0.00633153 0.0829208 0.996536
v 19.9256 17.1917 0.207743 0.502667 0.690032 0.388952
vn -0.0430207 0.0386474 0.998326
v 19.8668 17.2705 0.201027 0.500873 0.688409 0.388696
vn -0.00213078 0.0837244 0.996487
v 19.8682 17.4012 0.190022 0.497933 0.685749 0.388276
vn -0.000845329 0.0848448 0.996394
v 20.0886 -18.0098 1.50813 0.79 0.95 0.43
vn 0.0266532 -0.0171525 0.999498
v 20.1187 -11.4944 1.22427 0.774247 0.935747 0.42775
vn 0.0282678 0.00528835 0.999586
v 20.1688 -11.2005 1.2211 0.773398 0.934979 0.427628
vn 0.0281271 0.00655585 0.999583
v 20.1833 5.56758 0.592204 0.605381 0.782964 0.403626
vn 0.034099 0.0714066 0.996864
v 20.0475 5.72849 0.585325 0.603543 0.781301 0.403363
vn 0.034099 0.0714066 0.996864
v 20.1099 11.127 0.422274 0.559982 0.741889 0.39714
vn -0.0324433 0.022165 0.999228
v 20.1653 13.5288 0.3633 0.544226 0.727633 0.394889
vn 0.00749031 0.0822242 0.996586
v 20.0304 13.6403 0.355084 0.542031 0.725647 0.394576
vn -0.0512171 0.0228972 0.998425
v 20.1549 17.1589 0.210839 0.503494 0.690781 0.389071
vn -0.00124328 0.0834156 0.996514
v 20.0647 17.202 0.207099 0.502495 0.689877 0.388928
vn -0.00143215 0.0838999 0.996473
v 20.2089 -17.8207 1.50735 0.79 0.95 0.43
vn 0.0103395 -0.00217791 0.999944
v 20.2972 -17.6638 1.50672 0.79 0.95 0.43
vn 0.00742177 -0.000167049 0.999972
v 20.3666 -17.5529 1.50616 0.79 0.95 0.43
vn 0.00966638 3.67318e-05 0.999953
v 20.2009 -11.3466 1.22108 0.773394 0.934975 0.427628
vn 0.0293143 0.00602757 0.999552
v 20.3053 -11.1023 1.21648 0.772164 0.933863 0.427452
vn 0.0296258 0.00640973 0.999541
v 20.3996 -10.9735 1.2128 0.771181 0.932974 0.427312
vn 0.029587 0.00720456 0.999536
v 20.3778 5.142 0.615261 0.611541 0.788537 0.404506
vn 0.0331274 0.0686745 0.997089
v 20.3345 5.28988 0.606516 0.609205 0.786423 0.404172
vn 0.0331274 0.0686745 0.997089
v 20.2392 5.47245 0.597019 0.606667 0.784128 0.40381
vn 0.0308002 0.0681774 0.997198
v 20.3237 10.9318 0.434723 0.563308 0.744898 0.397615
vn 0.0135606 0.0781105 0.996852
v 20.2482 11.0271 0.428225 0.561572 0.743327 0.397367
vn -0.042097 0.0229986 0.998849
v 20.3247 13.3287 0.378518 0.548292 0.731312 0.39547
vn 0.00736034 0.0811847 0.996672
v 20.2133 13.4051 0.373114 0.546848 0.730006 0.395264
vn -0.0570602 0.0299463 0.997922
v 20.3488 16.9566 0.227939 0.508063 0.694914 0.389723
vn -0.0012802 0.0829023 0.996557
v 20.2826 17.0896 0.216782 0.505082 0.692217 0.389297
vn 0.00636954 0.0930816 0.995638
v 20.5031 -17.4626 1.50484 0.79 0.95 0.43
vn 0.0151934 -0.0046626 0.999874
v 20.4462 -10.8701 1.21063 0.770603 0.932451 0.427229
vn 0.0266856 0.00983193 0.999596
v 20.5295 -10.7396 1.20711 0.769661 0.931598 0.427094
vn 0.0268069 0.0104486 0.999586
v 20.5409 4.87079 0.628157 0.614986 0.791654 0.404998
vn 0.0307251 0.0646904 0.997432
v 20.4392 5.04773 0.619627 0.612708 0.789593 0.404673
vn 0.0357565 0.0694367 0.996945
v 20.5918 10.482 0.466268 0.571736 0.752523 0.398819
vn 0.0143478 0.0781158 0.996841
v 20.5198 10.7206 0.448495 0.566987 0.748227 0.398141
vn -0.0484045 0.0329501 0.998284
v 20.4227 10.8506 0.439675 0.564631 0.746095 0.397804
vn -0.0433248 0.026138 0.998719
v 20.4867 13.1288 0.393513 0.552298 0.734936 0.396043
vn -0.0510883 0.0253153 0.998373
v 20.504 16.8165 0.23969 0.511202 0.697754 0.390172
vn -2.35834e-05 0.0832825 0.996526
v 20.6556 -17.2721 1.50331 0.79 0.95 0.43
vn 0.0113546 -0.000553981 0.999935
v 20.7032 -17.0784 1.50278 0.79 0.95 0.43
vn 0.0102579 0.000425715 0.999947
v 20.6251 -10.6552 1.20353 0.768705 0.930733 0.426958
vn 0.0314703 0.00781146 0.999474
v 20.6616 -10.5308 1.20131 0.768113 0.930197 0.426873
vn 0.0280869 0.0102333 0.999553
v 20.7426 -10.3317 1.19696 0.76695 0.929145 0.426707
vn 0.0288195 0.0103863 0.999531
v 20.7855 -10.1444 1.19374 0.766089 0.928366 0.426584
vn 0.030707 0.0106179 0.999472
v 20.7709 -9.97029 1.19231 0.765709 0.928022 0.42653
vn 0.0300578 0.0108066 0.99949
v 20.6977 -9.76814 1.19231 0.765708 0.928021 0.42653
vn 0.0289929 0.012024 0.999507
v 20.7863 4.39541 0.651303 0.62117 0.797249 0.405881
vn 0.0381948 0.0667325 0.99704
v 20.7214 4.53035 0.644678 0.6194 0.795648 0.405629
vn 0.0307251 0.0646904 0.997432
v 20.6592 4.68071 0.636843 0.617307 0.793754 0.40533
vn 0.0307251 0.0646904 0.997432
v 20.7707 10.3524 0.473481 0.573663 0.754266 0.399095
vn -0.0417614 0.0263456 0.99878
v 20.6399 10.5102 0.463227 0.570923 0.751788 0.398703
vn -0.0477927 0.0351823 0.998237
v 20.7155 12.9278 0.40786 0.556131 0.738404 0.39659
vn -0.0462855 0.0235593 0.99865
v 20.7783 16.5882 0.258651 0.516268 0.702338 0.390895
vn -0.000482767 0.0815927 0.996666
v 20.6892 16.7033 0.24914 0.513727 0.700039 0.390532
vn 0.000173573 0.0832121 0.996532
v 20.8693 -17.0387 1.50091 0.79 0.95 0.43
vn 0.0213831 -0.00606253 0.999753
v 20.8085 -16.8833 1.5015 0.79 0.95 0.43
vn 0.0114223 0.000801572 0.999934
v 20.8462 -16.7435 1.50094 0.79 0.95 0.43
vn 0.0112685 0.00153026 0.999935
v 20.9972 -16.579 1.49895 0.79 0.95 0.43
vn 0.0114327 0.00175204 0.999933
v 20.8139 -10.2372 1.19383 0.766113 0.928388 0.426588
vn 0.0347182 0.00976213 0.999349
v 20.8615 -9.92192 1.18895 0.764811 0.92721 0.426402
vn 0.0319264 0.011131 0.999428
v 20.9258 -9.72296 1.18461 0.763651 0.92616 0.426236
vn 0.0334442 0.0112066 0.999378
v 20.9749 -9.56173 1.18109 0.762709 0.925308 0.426101
vn 0.030379 0.0137002 0.999445
v 20.9531 4.1209 0.663286 0.624372 0.800146 0.406339
vn 0.0361273 0.0645305 0.997262
v 20.8512 4.26396 0.657614 0.622856 0.798775 0.406122
vn 0.0340265 0.0637769 0.997384
v 20.9909 10.1047 0.489067 0.577827 0.758034 0.39969
vn -0.0408372 0.0239025 0.99888
v 20.8872 10.2325 0.480896 0.575644 0.756059 0.399378
vn -0.0429597 0.0250949 0.998762
v 20.9748 12.7461 0.420159 0.559417 0.741377 0.39706
vn 0.00905654 0.0799932 0.996754
v 20.8524 12.8181 0.415495 0.558171 0.74025 0.396882
vn -0.0408728 0.0214313 0.998934
v 20.9405 16.4547 0.269612 0.519196 0.704987 0.391314
vn 0.0773709 0.145063 0.986393
v 21.0511 -16.7321 1.49852 0.79 0.95 0.43
vn 0.0194521 -0.00279529 0.999807
v 21.0485 -16.4478 1.49811 0.79 0.95 0.43
vn 0.0122201 0.0018018 0.999924
v 21.1316 -16.3463 1.49689 0.79 0.95 0.43
vn 0.0127426 0.00183481 0.999917
v 21.0147 -16.1554 1.49793 0.79 0.95 0.43
vn 0.0114692 0.00305457 0.99993
v 21.1736 -15.9439 1.49535 0.79 0.95 0.43
vn 0.0116156 0.00377534 0.999925
v 21.0549 -9.46602 1.17731 0.7617 0.924395 0.425957
vn 0.0322859 0.01291 0.999395
v 21.1562 -9.31826 1.1721 0.760309 0.923136 0.425758
vn 0.0314303 0.0140439 0.999407
v 21.0367 -8.83988 1.16914 0.759517 0.92242 0.425645
vn 0.0310163 0.0150392 0.999406
v 21.169 3.74401 0.679616 0.628734 0.804093 0.406962
vn 0.0390729 0.0655866 0.997082
v 21.0549 3.90504 0.673494 0.627099 0.802613 0.406728
vn 0.0355843 0.0639522 0.997318
v 21.1263 9.92433 0.500649 0.580921 0.760833 0.400132
vn -0.0403609 0.030603 0.998716
v 21.0964 12.6208 0.429039 0.561789 0.743524 0.397398
vn -0.0417055 0.0233715 0.998857
v 21.19 16.1423 0.295008 0.525981 0.711126 0.392283
vn 0.00993141 0.0882454 0.996049
v 21.067 16.2807 0.283806 0.522988 0.708418 0.391855
vn 4.49425e-05 0.0811693 0.9967
v 21.2762 -16.2374 1.49482 0.79 0.95 0.43
vn 0.0140839 0.00166413 0.999899
v 21.2027 -16.074 1.49534 0.79 0.95 0.43
vn 0.0132203 0.00282665 0.999909
v 21.2652 -15.8468 1.49386 0.79 0.95 0.43
vn 0.0128008 0.00370811 0.999911
v 21.3923 -15.7745 1.49193 0.79 0.95 0.43
vn 0.0135111 0.00384213 0.999901
v 21.2607 -15.0513 1.4908 0.79 0.95 0.43
vn 0.0134054 0.00438409 0.999901
v 21.236 -14.9305 1.49058 0.79 0.95 0.43
vn 0.014639 0.00716268 0.999867
v 21.229 -9.09916 1.16668 0.75886 0.921826 0.425551
vn 0.0333185 0.0145295 0.999339
v 21.2138 -8.83294 1.16324 0.757941 0.920994 0.42542
vn 0.0330526 0.0150536 0.99934
v 21.3016 -8.68632 1.15806 0.756558 0.919743 0.425223
vn 0.0331426 0.0160276 0.999322
v 21.3113 3.49966 0.689748 0.631441 0.806542 0.407349
vn 0 0 0
v 21.2314 3.64532 0.683572 0.629791 0.805049 0.407113
vn 0 0 0
v 21.2729 9.7055 0.514821 0.584707 0.764259 0.400672
vn -0.0320157 0.0350298 0.998873
v 21.2676 12.4763 0.438886 0.56442 0.745904 0.397774
vn -0.0390663 0.0212222 0.999011
v 21.355 15.9169 0.313132 0.530823 0.715507 0.392975
vn 0.00470924 0.0834809 0.996498
v 21.2636 16.0237 0.304581 0.528539 0.71344 0.392648
vn 0.000581397 0.0807998 0.99673
v 21.4428 -8.46333 1.14976 0.75434 0.917736 0.424906
vn 0.0345433 0.0153248 0.999286
v 21.4648 -8.31464 1.1465 0.753469 0.916948 0.424781
vn 0.0312527 0.0175833 0.999357
v 21.5006 -8.09918 1.14149 0.752131 0.915737 0.42459
vn 0.030584 0.0181431 0.999368
v 21.5576 -7.88307 1.13559 0.750553 0.91431 0.424365
vn 0.0295486 0.0208341 0.999346
v 21.5704 2.88937 0.717366 0.63882 0.813218 0.408403
vn 0 0 0
v 21.4624 3.11171 0.707987 0.636314 0.810951 0.408045
vn 0 0 0
v 21.4041 3.26783 0.700642 0.634352 0.809175 0.407765
vn 0 0 0
v 21.4106 9.00993 0.564805 0.598061 0.776341 0.40258
vn 0.0180273 0.0734863 0.997133
v 21.5753 9.35948 0.535513 0.590235 0.769261 0.401462
vn -0.0326806 0.0375643 0.99876
v 21.478 9.49775 0.526881 0.587929 0.767174 0.401133
vn -0.0319015 0.0285958 0.999082
v 21.5903 12.1708 0.459718 0.569986 0.750939 0.398569
vn -0.0441425 0.0261916 0.998682
v 21.4854 12.3091 0.449926 0.56737 0.748572 0.398196
vn 0.00862023 0.0770957 0.996986
v 21.5438 15.7082 0.329704 0.535251 0.719513 0.393607
vn 0.00261591 0.0812423 0.996691
v 21.4366 15.8082 0.321805 0.53314 0.717603 0.393306
vn 0.00274966 0.081641 0.996658
v 21.6517 -15.8424 1.48867 0.79 0.95 0.43
vn 0.017245 6.71048e-05 0.999851
v 21.768 -15.6867 1.48646 0.79 0.95 0.43
vn 0.0142476 0.00395325 0.999891
v 21.7569 -15.4928 1.48579 0.79 0.95 0.43
vn 0.014121 0.00455129 0.99989
v 21.6304 -7.68535 1.12931 0.748876 0.912793 0.424125
vn 0.0295486 0.0208341 0.999346
v 21.6692 -7.4971 1.12424 0.747521 0.911567 0.423932
vn 0.0295486 0.0208341 0.999346
v 21.7032 -7.32969 1.11962 0.746288 0.910451 0.423755
vn 0 0 0
v 21.7206 -7.1141 1.11445 0.744906 0.9092 0.423558
vn 0 0 0
v 21.75 -6.90663 1.10886 0.743412 0.907849 0.423345
vn 0.0362245 0.0225785 0.999089
v 21.7544 -6.73241 1.10476 0.742318 0.906859 0.423188
vn 0.0354272 0.0230094 0.999107
v 21.7939 -6.50697 1.0981 0.740537 0.905248 0.422934
vn 0.032721 0.0247972 0.999157
v 21.7961 -4.92984 1.05605 0.729303 0.895084 0.421329
vn 0.0353063 0.0297631 0.998933
v 21.7616 2.16755 0.752205 0.648128 0.821639 0.409733
vn 0.0386953 0.0571178 0.997617
v 21.7355 2.27845 0.746866 0.646701 0.820349 0.409529
vn 0.0386953 0.0571178 0.997617
v 21.6849 2.4757 0.737406 0.644174 0.818062 0.409168
vn 0 0 0
v 21.6379 2.69217 0.726534 0.641269 0.815434 0.408753
vn 0 0 0
v 21.7671 9.08939 0.552091 0.594664 0.773268 0.402095
vn 0.019099 0.0743326 0.997051
v 21.6507 9.26235 0.541387 0.591805 0.77068 0.401686
vn -0.0323177 0.0301419 0.999023
v 21.7663 11.9743 0.473196 0.573586 0.754197 0.399084
vn -0.0436528 0.0234593 0.998771
v 21.665 12.0642 0.467262 0.572001 0.752763 0.398857
vn -0.0449027 0.0245532 0.99869
v 21.729 15.4993 0.346132 0.53964 0.723483 0.394234
vn 0.00289181 0.0805523 0.996746
v 21.6446 15.6149 0.337034 0.537209 0.721284 0.393887
vn 0.0345402 0.108 0.993551
v 21.8102 -6.6289 1.1004 0.741152 0.905804 0.423022
vn 0.0361539 0.0232066 0.999077
v 21.8429 -6.40158 1.09384 0.739399 0.904218 0.422771
vn 0.0350121 0.0243652 0.99909
v 21.8776 -6.29258 1.08994 0.738357 0.903275 0.422622
vn 0.0362316 0.0241931 0.999051
v 21.8816 -6.11961 1.08548 0.737165 0.902197 0.422452
vn 0.0317433 0.0253789 0.999174
v 21.8816 -5.88605 1.07949 0.735565 0.90075 0.422224
vn 0.0306073 0.0256258 0.999203
v 21.8962 -5.67796 1.07346 0.733956 0.899293 0.421994
vn 0.0407089 0.0269435 0.998808
v 21.9076 -5.4698 1.06738 0.732331 0.897823 0.421762
vn 0.0355288 0.0280074 0.998976
v 21.9416 -5.30314 1.0615 0.730759 0.896401 0.421537
vn 0.0356685 0.0282403 0.998965
v 21.954 -5.13053 1.05612 0.729321 0.8951 0.421332
vn 0.0364479 0.0290279 0.998914
v 21.945 -4.84151 1.04796 0.727143 0.893129 0.42102
vn 0.0366556 0.0296533 0.998888
v 21.9606 -4.67616 1.04239 0.725653 0.891782 0.420808
vn 0.0356816 0.0306509 0.998893
v 21.9735 -4.46862 1.0355 0.723814 0.890117 0.420545
vn 0.033801 0.0314999 0.998932
v 21.9922 -4.26237 1.02827 0.721882 0.888369 0.420269
vn 0.0333576 0.0321085 0.998928
v 21.9958 -4.09398 1.02269 0.720391 0.88702 0.420056
vn 0.0433259 0.0321768 0.998543
v 21.9496 -0.447732 0.880043 0.682281 0.85254 0.414612
vn 0.0362872 0.0458336 0.99829
v 21.9983 1.52542 0.778935 0.655269 0.8281 0.410753
vn 0.0357596 0.0532201 0.997942
v 21.9523 1.69135 0.771618 0.653314 0.826332 0.410473
vn 0 0 0
v 21.875 1.90541 0.762695 0.65093 0.824175 0.410133
vn 0 0 0
v 21.8117 2.06595 0.756077 0.649162 0.822575 0.40988
vn 0.0386953 0.0571178 0.997617
v 21.9864 8.78741 0.570151 0.599489 0.777633 0.402784
vn 0.0189079 0.0726929 0.997175
v 21.9331 8.90075 0.562858 0.597541 0.77587 0.402506
vn -0.033942 0.0339253 0.998848
v 21.8709 9.00298 0.556506 0.595844 0.774335 0.402263
vn -0.032676 0.029296 0.999037
v 21.9835 11.7508 0.488121 0.577574 0.757805 0.399653
vn -0.0467085 0.0291189 0.998484
v 21.8536 11.8752 0.479942 0.575389 0.755828 0.399341
vn -0.0462099 0.0259927 0.998594
v 21.8999 15.304 0.361333 0.543701 0.727158 0.394814
vn 0.00535907 0.0817018 0.996642
v 22.104 -15.3438 1.48008 0.79 0.95 0.43
vn 0.0233851 -0.00335612 0.999721
v 22.1982 -15.1965 1.4779 0.79 0.95 0.43
vn 0.0149277 0.00502326 0.999876
v 22.0179 -3.9265 1.01633 0.718692 0.885483 0.419813
vn 0.0353627 0.0340936 0.998793
v 22.0666 -3.71101 1.00724 0.716264 0.883287 0.419466
vn 0.0324372 0.0347971 0.998868
v 22.078 -3.48542 0.999013 0.714066 0.881298 0.419152
vn 0.0364791 0.0351174 0.998717
v 22.0752 -3.25863 0.991083 0.711947 0.879381 0.41885
vn 0.0378341 0.0360018 0.998635
v 22.1124 -3.09624 0.983818 0.710006 0.877625 0.418572
vn 0.0402794 0.0365214 0.998521
v 22.1099 -2.92457 0.977584 0.708341 0.876118 0.418334
vn 0.0406313 0.0368784 0.998493
v 22.1357 -2.72263 0.969037 0.706057 0.874052 0.418008
vn 0.0406493 0.0372636 0.998478
v 22.1788 -2.53785 0.960346 0.703735 0.871951 0.417676
vn 0.0377988 0.0386715 0.998537
v 22.1852 -0.661333 0.88098 0.682531 0.852767 0.414647
vn 0.0377919 0.0457457 0.998238
v 22.1366 -0.557543 0.878056 0.68175 0.85206 0.414536
vn 0.0380663 0.0463676 0.998199
v 22.1512 -0.29256 0.865149 0.678302 0.84894 0.414043
vn 0.0378333 0.0468807 0.998184
v 22.1507 -0.0888193 0.855482 0.675719 0.846603 0.413674
vn 0.0371353 0.0478224 0.998165
v 22.0877 0.115105 0.848011 0.673723 0.844797 0.413389
vn 0.036844 0.0480928 0.998163
v 22.1044 0.300116 0.838315 0.671133 0.842454 0.413019
vn 0.0378909 0.0488919 0.998085
v 22.095 0.468566 0.830292 0.66899 0.840514 0.412713
vn 0.0326986 0.0493684 0.998245
v 22.0747 0.690702 0.81985 0.6662 0.83799 0.412314
vn 0 0 0
v 22.0648 0.915816 0.808675 0.663214 0.835289 0.411888
vn 0 0 0
v 22.0636 1.14106 0.796977 0.660089 0.832461 0.411441
vn 0 0 0
v 22.0409 1.30758 0.789026 0.657965 0.83054 0.411138
vn 0.0357596 0.0532201 0.997942
v 22.0337 1.41826 0.783381 0.656457 0.829175 0.410922
vn 0.0357596 0.0532201 0.997942
v 22.1768 8.56495 0.58263 0.602823 0.78065 0.40326
vn -0.0445673 0.0385037 0.998264
v 22.0909 8.65696 0.577638 0.601489 0.779443 0.40307
vn -0.0250408 0.0405109 0.998865
v 22.1332 11.5362 0.502906 0.581524 0.761379 0.400218
vn -0.0473627 0.0310335 0.998396
v 22.0817 11.6576 0.494194 0.579196 0.759273 0.399885
vn 0.0126108 0.0771996 0.996936
v 22.1619 14.948 0.388836 0.551048 0.733806 0.395864
vn 0.00208295 0.0783286 0.996925
v 22.0851 15.0958 0.377382 0.547988 0.731037 0.395427
vn 0.0658618 0.131649 0.989106
v 22.2972 -15.047 1.47555 0.79 0.95 0.43
vn 0.0150101 0.0059829 0.999869
v 22.3678 -14.9326 1.47377 0.79 0.95 0.43
vn 0.0149497 0.00646239 0.999867
v 22.2453 -2.43058 0.953678 0.701954 0.870339 0.417422
vn 0.0405556 0.0376182 0.998469
v 22.2415 -2.27688 0.947768 0.700375 0.868911 0.417196
vn 0.0383925 0.0393213 0.998489
v 22.269 -2.07115 0.938502 0.697899 0.866671 0.416843
vn 0.0376757 0.04018 0.998482
v 22.2813 -1.90365 0.931225 0.695955 0.864912 0.416565
vn 0.0383419 0.0413903 0.998407
v 22.2613 -1.73048 0.924812 0.694242 0.863362 0.41632
vn 0.0383419 0.0413903 0.998407
v 22.2668 -1.50822 0.915248 0.691687 0.86105 0.415955
vn 0.0428013 0.0418963 0.998205
v 22.2556 -1.30123 0.90679 0.689427 0.859005 0.415632
vn 0.0338741 0.0434272 0.998482
v 22.2513 -1.11544 0.898851 0.687306 0.857086 0.415329
vn 0.0373607 0.0441621 0.998326
v 22.2131 -0.946403 0.892799 0.685689 0.855624 0.415098
vn 0.0349724 0.0439216 0.998423
v 22.2017 -0.773653 0.885473 0.683732 0.853853 0.414819
vn 0.0369967 0.0449888 0.998302
v 22.3579 8.18542 0.606318 0.609152 0.786375 0.404165
vn 0.0197058 0.0703112 0.99733
v 22.2906 8.29996 0.599478 0.607325 0.784722 0.403904
vn 0.0184682 0.071265 0.997286
v 22.2418 8.44958 0.589683 0.604708 0.782355 0.40353
vn -0.0426613 0.0352396 0.998468
v 22.2959 11.3891 0.512241 0.584018 0.763635 0.400574
vn -0.0331304 0.0199733 0.999251
v 22.2175 11.4443 0.508953 0.583139 0.76284 0.400448
vn -0.0405368 0.0243476 0.998881
v 22.2529 14.8461 0.396574 0.553116 0.735676 0.396159
vn 0.00343559 0.0784703 0.996911
v 22.4224 -14.861 1.47248 0.79 0.95 0.43
vn 0.0147748 0.00785183 0.99986
v 22.5276 -14.768 1.47022 0.79 0.95 0.43
vn 0.0154062 0.00718284 0.999856
v 22.5608 7.9216 0.620874 0.613041 0.789894 0.40472
vn -0.0409187 0.030532 0.998696
v 22.4587 8.07928 0.61181 0.610619 0.787703 0.404374
vn -0.041697 0.0337913 0.998559
v 22.5633 11.1389 0.527973 0.588221 0.767438 0.401174
vn -0.0390595 0.0243402 0.99894
v 22.4566 11.2521 0.520723 0.586284 0.765686 0.400898
vn -0.0401596 0.0258227 0.99886
v 22.5171 14.5161 0.421483 0.559771 0.741697 0.39711
vn 0.00372476 0.0778757 0.996956
v 22.4026 14.7204 0.405952 0.555621 0.737943 0.396517
vn 0.0263972 0.0969667 0.994938
v 22.6502 -14.6377 1.46737 0.79 0.95 0.43
vn 0.0184514 0.00534643 0.999815
v 22.7419 -14.483 1.46475 0.79 0.95 0.43
vn 0.015698 0.00793081 0.999845
v 22.6842 -13.9813 1.46163 0.79 0.95 0.43
vn 0.0153136 0.00913872 0.999841
v 22.7587 -12.0439 1.43957 0.79 0.95 0.43
vn 0.0178807 0.0132697 0.999752
v 22.7832 7.56472 0.64119 0.618468 0.794805 0.405495
vn 0.0208043 0.0690042 0.997399
v 22.7204 7.67363 0.634934 0.616797 0.793293 0.405257
vn -0.0380767 0.0279593 0.998884
v 22.6052 7.80346 0.628265 0.615015 0.79168 0.405002
vn 0.019712 0.0696441 0.997377
v 22.7287 10.9773 0.538058 0.590915 0.769876 0.401559
vn -0.0386818 0.025745 0.99892
v 22.6397 11.0761 0.531758 0.589232 0.768353 0.401319
vn 0.0141181 0.0764395 0.996974
v 22.6871 14.3172 0.436265 0.56372 0.74527 0.397674
vn 0.00571024 0.0789833 0.99686
v 22.8434 -14.3288 1.46189 0.79 0.95 0.43
vn 0.0176404 0.00745887 0.999817
v 22.9014 -14.1076 1.45908 0.79 0.95 0.43
vn 0.0169239 0.00849231 0.999821
v 22.9391 7.36237 0.651841 0.621314 0.797379 0.405902
vn 0.0205475 0.0675194 0.997506
v 22.8807 7.46907 0.645735 0.619683 0.795903 0.405669
vn -0.0294865 0.0202227 0.999361
v 22.9819 10.7665 0.550554 0.594254 0.772896 0.402036
vn 0.0144083 0.0757474 0.997023
v 22.8703 10.8516 0.545657 0.592945 0.771712 0.401849
vn -0.0342855 0.0227715 0.999153
v 22.8545 14.1789 0.446268 0.566392 0.747688 0.398056
vn 0.00571923 0.0789896 0.996859
v 23.1127 -13.9424 1.45405 0.79 0.95 0.43
vn 0.018274 0.00824635 0.999799
v 23.173 -13.6374 1.45011 0.79 0.95 0.43
vn 0.0167638 0.00975338 0.999812
v 23.1832 -13.4947 1.4485 0.79 0.95 0.43
vn 0.0179939 0.010252 0.999786
v 23.1231 -13.2348 1.44685 0.79 0.95 0.43
vn 0.0160674 0.0108703 0.999812
v 23.1589 7.0662 0.667295 0.625443 0.801115 0.406492
vn 0.0209414 0.0672636 0.997515
v 23.0795 7.27967 0.654483 0.62202 0.798018 0.406003
vn -0.0277672 0.019401 0.999426
v 23.0734 10.6624 0.557062 0.595993 0.774469 0.402285
vn -0.0370999 0.0262492 0.998967
v 23.2247 -13.7743 1.45055 0.79 0.95 0.43
vn 0.0211297 0.00903336 0.999736
v 23.2623 -13.0859 1.44273 0.79 0.95 0.43
vn 0.0186301 0.0107769 0.999768
v 23.2786 -12.8937 1.44024 0.79 0.95 0.43
vn 0.0182926 0.0120447 0.99976
v 23.361 6.72058 0.686093 0.630465 0.805659 0.407209
vn 0.0228745 0.0672345 0.997475
v 23.2381 6.87364 0.678558 0.628452 0.803837 0.406922
vn 0.0207461 0.0666809 0.997559
v 23.2541 10.487 0.567584 0.598804 0.777013 0.402686
vn -0.0345164 0.0246397 0.9991
v 23.5749 6.30534 0.708731 0.636513 0.811131 0.408073
vn 0.0201817 0.0645306 0.997712
v 23.5095 6.45858 0.700143 0.634218 0.809055 0.407745
vn 0.021978 0.065707 0.997597
v 23.414 6.60356 0.692696 0.632229 0.807255 0.407461
vn 0.021372 0.0656624 0.997613
v 23.591 10.1864 0.584925 0.603436 0.781204 0.403348
vn -0.0332054 0.026829 0.999088
v 23.4696 10.2951 0.578696 0.601772 0.779699 0.40311
vn -0.033862 0.025209 0.999109
v 23.6076 -12.8618 1.4338 0.79 0.95 0.43
vn 0.0196352 0.0104802 0.999752
v 23.7149 -12.6933 1.42972 0.79 0.95 0.43
vn 0.0226712 0.0111656 0.999681
v 23.6769 -12.4009 1.42671 0.79 0.95 0.43
vn 0.0188261 0.0126134 0.999743
v 23.7933 -12.353 1.42385 0.79 0.95 0.43
vn 0.0201379 0.0128181 0.999715
v 23.7764 5.92748 0.728636 0.641831 0.815942 0.408833
vn 0 0 0
v 23.6913 6.09956 0.719478 0.639384 0.813728 0.408483
vn 0 0 0
v 23.6983 10.0586 0.592647 0.605499 0.783071 0.403643
vn -0.0405491 0.0384126 0.998439
v 23.8226 -12.218 1.42146 0.79 0.95 0.43
vn 0.0192865 0.0141037 0.999715
v 23.9234 -12.1171 1.41811 0.79 0.95 0.43
vn 0.026293 0.0111949 0.999592
v 23.9681 -11.9193 1.41441 0.79 0.95 0.43
vn 0.0208136 0.0144837 0.999678
v 23.9131 -11.6771 1.41194 0.79 0.95 0.43
vn 0.0192567 0.0146998 0.999707
v 23.9796 -11.563 1.40888 0.79 0.95 0.43
vn 0.0208512 0.0149454 0.999671
v 23.9285 5.53665 0.750011 0.647541 0.821109 0.409649
vn 0.0227079 0.0624391 0.99779
v 23.8918 5.70432 0.740237 0.64493 0.818746 0.409276
vn 0.0233231 0.0632556 0.997725
v 23.8313 5.81626 0.734505 0.643399 0.817361 0.409057
vn 0.0219098 0.0629498 0.997776
v 23.9758 9.77535 0.608991 0.609866 0.787022 0.404267
vn 0.0124558 0.0696233 0.997496
v 23.8983 9.88766 0.602094 0.608023 0.785355 0.404003
vn 0.0143789 0.0717453 0.997319
v 24.0084 -11.4784 1.407 0.79 0.95 0.43
vn 0.018587 0.0165918 0.99969
v 24.104 -11.3694 1.40334 0.79 0.95 0.43
vn 0.0202236 0.0160709 0.999666
v 24.1993 -11.0758 1.39662 0.79 0.95 0.43
vn 0.020779 0.0166178 0.999646
v 24.1801 -10.9665 1.39519 0.79 0.95 0.43
vn 0.0185062 0.0169012 0.999686
v 24.1183 -10.097 1.38096 0.79 0.95 0.43
vn 0.0211117 0.0190174 0.999596
v 24.1288 5.15334 0.769267 0.652686 0.825763 0.410384
vn 0.0223163 0.0610609 0.997885
v 24.086 5.31742 0.760074 0.65023 0.823541 0.410033
vn -0.0385094 0.0311605 0.998772
v 24.0267 5.43286 0.754244 0.648672 0.822132 0.40981
vn -0.0366222 0.0316609 0.998828
v 24.1398 9.16508 0.649514 0.620692 0.796817 0.405813
vn -0.037528 0.0336535 0.998729
v 24.1601 9.26716 0.642097 0.618711 0.795024 0.40553
vn 0.0144964 0.0696771 0.997464
v 24.1524 9.51262 0.625011 0.614146 0.790894 0.404878
vn 0.0153126 0.070683 0.997381
v 24.0619 9.66168 0.615811 0.611688 0.78867 0.404527
vn 0.0151173 0.0709833 0.997363
v 24.3829 -11.297 1.39647 0.79 0.95 0.43
vn 0.0268268 0.0146052 0.999533
v 24.2034 -10.8896 1.3934 0.79 0.95 0.43
vn 0.0199011 0.0176717 0.999646
v 24.2842 -10.7762 1.38974 0.79 0.95 0.43
vn 0.0212077 0.017228 0.999627
v 24.2668 -10.4326 1.38399 0.79 0.95 0.43
vn 0.0206457 0.0179602 0.999626
v 24.317 -10.3146 1.38074 0.79 0.95 0.43
vn 0.0217332 0.018575 0.999591
v 24.3711 4.69579 0.791507 0.658627 0.831139 0.411232
vn 0.022938 0.0603349 0.997915
v 24.3034 4.87418 0.782277 0.656162 0.828908 0.41088
vn -0.0384293 0.029306 0.998831
v 24.2196 5.04577 0.773757 0.653885 0.826849 0.410555
vn -0.039592 0.03061 0.998747
v 24.2291 9.39651 0.632037 0.616023 0.792592 0.405146
vn 0.0150615 0.0699043 0.99744
v 24.4812 -10.6608 1.38354 0.79 0.95 0.43
vn 0.0237453 0.0174424 0.999566
v 24.5381 -10.1091 1.37208 0.79 0.95 0.43
vn 0.0218015 0.0192643 0.999577
v 24.576 -9.61338 1.3614 0.79 0.95 0.43
vn 0.020886 0.0214367 0.999552
v 24.5932 4.39541 0.804178 0.662013 0.834202 0.411716
vn -0.0263962 0.0146824 0.999544
v 24.4751 4.53893 0.798455 0.660484 0.832819 0.411498
vn -0.0350825 0.0244616 0.999085
v 24.591 8.77115 0.66985 0.626125 0.801732 0.406589
vn -0.0251639 0.0225747 0.999428
v 24.4801 9.16411 0.644486 0.619349 0.795602 0.405621
vn 0.0154077 0.0694672 0.997465
v 24.6672 -10.0193 1.36753 0.79 0.95 0.43
vn 0.0226444 0.0188603 0.999566
v 24.7326 -9.89832 1.3637 0.79 0.95 0.43
vn 0.031017 0.0165281 0.999382
v 24.6592 -9.73697 1.36208 0.79 0.95 0.43
vn 0.0218647 0.0200819 0.999559
v 24.7302 -9.51696 1.35598 0.79 0.95 0.43
vn 0.0226832 0.0205227 0.999532
v 24.7867 -9.39545 1.35216 0.79 0.95 0.43
vn 0.0204333 0.0229494 0.999528
v 24.7048 4.15675 0.815595 0.665063 0.836962 0.412152
vn 0.0225357 0.0569581 0.998122
v 24.6201 4.26969 0.810997 0.663834 0.83585 0.411976
vn 0.0242325 0.0593202 0.997945
v 24.7437 8.7363 0.669868 0.62613 0.801737 0.40659
vn 0.0154565 0.0678478 0.997576
v 24.6517 8.89479 0.660449 0.623614 0.79946 0.406231
vn 0.0157378 0.0685506 0.997524
v 24.6152 9.02717 0.651906 0.621331 0.797395 0.405904
vn 0.0162343 0.0696707 0.997438
v 24.9485 -9.36556 1.34788 0.79 0.95 0.43
vn 0.0232598 0.0204321 0.999521
v 24.9405 -8.10859 1.3192 0.79 0.95 0.43
vn 0.0206022 0.0233562 0.999515
v 24.9758 -7.97663 1.31511 0.79 0.95 0.43
vn 0.0226713 0.0254342 0.999419
v 24.9131 3.89459 0.825802 0.66779 0.839429 0.412541
vn -0.0566247 0.0569914 0.996768
v 24.8037 4.05077 0.819395 0.666078 0.83788 0.412297
vn -0.0374557 0.0286553 0.998887
v 24.9685 8.53265 0.680171 0.628883 0.804227 0.406983
vn 0.0179202 0.0686762 0.997478
v 24.8878 8.6526 0.673314 0.627051 0.80257 0.406722
vn 0.0159476 0.0684112 0.99753
v 25.0284 -9.24604 1.3435 0.79 0.95 0.43
vn 0.0315287 0.0172788 0.999353
v 25.019 -9.05011 1.3394 0.79 0.95 0.43
vn 0.0217131 0.0225243 0.99951
v 25.0903 -8.89235 1.33423 0.79 0.95 0.43
vn 0.0243324 0.0223462 0.999454
v 25.0654 -8.69762 1.33034 0.79 0.95 0.43
vn 0.0213023 0.0232592 0.999502
v 25.1567 -8.49248 1.3234 0.79 0.95 0.43
vn 0.0229247 0.0236972 0.999456
v 25.1269 -8.30501 1.31962 0.79 0.95 0.43
vn 0.0237887 0.0243972 0.999419
v 25.1156 -7.8826 1.30944 0.79 0.95 0.43
vn 0.0238281 0.025178 0.999399
v 25.1014 -7.51797 1.3004 0.79 0.95 0.43
vn 0.0227243 0.0261356 0.9994
v 25.1799 -7.35604 1.29423 0.79 0.95 0.43
vn 0.0247648 0.026561 0.99934
v 25.1075 -7.15894 1.29068 0.79 0.95 0.43
vn 0.0225948 0.027451 0.999368
v 25.1484 3.28163 0.855006 0.675592 0.846488 0.413656
vn -0.0683648 0.0167439 0.99752
v 25.0927 3.45003 0.846878 0.673421 0.844523 0.413346
vn -0.0667406 0.0264928 0.997419
v 25.0181 3.67619 0.835814 0.670465 0.841849 0.412924
vn -0.0654558 0.0208405 0.997638
v 25.1252 8.2786 0.694748 0.632777 0.807751 0.40754
vn -0.027777 0.0203758 0.999406
v 25.008 8.45498 0.684785 0.630115 0.805342 0.407159
vn 0.0145661 0.066232 0.997698
v 25.2703 -8.52407 1.32152 0.79 0.95 0.43
vn 0.0244058 0.0236615 0.999422
v 25.2243 -7.73307 1.30304 0.79 0.95 0.43
vn 0.0267615 0.0255619 0.999315
v 25.2748 -7.06133 1.28396 0.79 0.95 0.43
vn 0.028377 0.0265511 0.999245
v 25.2957 -6.88493 1.27856 0.788749 0.948868 0.429821
vn 0.0233649 0.0283279 0.999326
v 25.3582 -6.673 1.27104 0.786742 0.947052 0.429535
vn 0.0259027 0.0279667 0.999273
v 25.3487 -6.53991 1.26745 0.785783 0.946185 0.429398
vn 0.0234397 0.0288263 0.99931
v 25.3995 -6.28046 1.25861 0.78342 0.944046 0.42906
vn 0.0244282 0.0298786 0.999255
v 25.3871 -5.65148 1.23976 0.778384 0.93949 0.428341
vn 0.025277 0.0313512 0.999189
v 25.3678 2.68542 0.882522 0.682943 0.853139 0.414706
vn -0.0719968 0.0219389 0.997164
v 25.298 2.89274 0.872912 0.680376 0.850816 0.414339
vn -0.0720914 0.0246434 0.997094
v 25.2321 3.11998 0.861969 0.677452 0.848171 0.413922
vn -0.0703604 0.018853 0.997343
v 25.3898 7.91419 0.714654 0.638095 0.812562 0.408299
vn 0.0162982 0.0655441 0.997717
v 25.2615 8.08682 0.705326 0.635603 0.810308 0.407943
vn 0.0237425 0.0717884 0.997137
v 25.457 -6.47292 1.26284 0.784552 0.945071 0.429222
vn 0.0259829 0.028372 0.99926
v 25.4948 -6.39048 1.2595 0.783658 0.944262 0.429094
vn 0.0293515 0.0273844 0.999194
v 25.5088 -6.12237 1.25117 0.781433 0.942249 0.428776
vn 0.0247831 0.0301826 0.999237
v 25.402 -5.74781 1.24239 0.779087 0.940126 0.428441
vn 0.0245714 0.0305135 0.999232
v 25.4101 -5.52204 1.2351 0.77714 0.938365 0.428163
vn 0.0254973 0.0315205 0.999178
v 25.4121 -5.39345 1.23096 0.776034 0.937364 0.428005
vn 0.0249788 0.0325589 0.999158
v 25.5778 1.92273 0.917958 0.692411 0.861705 0.416059
vn -0.0713717 0.0293301 0.997018
v 25.5043 2.11176 0.90989 0.690255 0.859755 0.415751
vn 0.023684 0.0520667 0.998363
v 25.4912 2.28209 0.901167 0.687925 0.857646 0.415418
vn -0.0752635 0.027671 0.99678
v 25.4443 2.45422 0.893124 0.685776 0.855702 0.415111
vn -0.0727187 0.0238489 0.997067
v 25.549 7.59021 0.733233 0.643059 0.817053 0.409008
vn 0.0157166 0.0645204 0.997793
v 25.5273 7.67533 0.728048 0.641674 0.8158 0.408811
vn 0.016389 0.0651316 0.997742
v 25.4897 7.80366 0.720274 0.639597 0.813921 0.408514
vn 0.0209842 0.0676003 0.997492
v 25.651 -5.92464 1.24162 0.778882 0.939941 0.428412
vn -0.0455738 0.0344428 0.998367
v 25.6779 -5.30401 1.22138 0.773473 0.935047 0.427639
vn -0.0555736 0.0391202 0.997688
v 25.7238 -5.1324 1.21462 0.771668 0.933414 0.427381
vn -0.0618307 0.0653969 0.995942
v 25.6617 -4.94607 1.21003 0.770441 0.932304 0.427206
vn 0.0249135 0.0335221 0.999127
v 25.7884 -4.38221 1.18756 0.764438 0.926873 0.426348
vn 0.0246277 0.0350845 0.999081
v 25.7992 0.172962 0.999648 0.714235 0.881451 0.419176
vn 0.0291466 0.0478564 0.998429
v 25.79 0.299992 0.993828 0.71268 0.880044 0.418954
vn 0.0305724 0.0480217 0.998378
v 25.773 0.474877 0.985855 0.71055 0.878117 0.41865
vn 0 0 0
v 25.7468 0.694392 0.975851 0.707878 0.875699 0.418268
vn 0.0285691 0.0495927 0.998361
v 25.7124 0.910272 0.966112 0.705276 0.873345 0.417897
vn 0.0241019 0.0498236 0.998467
v 25.7212 1.08499 0.95718 0.702889 0.871186 0.417556
vn 0.0239547 0.049959 0.998464
v 25.7139 1.30251 0.946414 0.700013 0.868583 0.417145
vn 0.0255024 0.0507783 0.998384
v 25.6483 1.51633 0.937214 0.697555 0.866359 0.416794
vn 0.0233352 0.050728 0.99844
v 25.643 1.68999 0.928408 0.695203 0.864231 0.416458
vn 0.0255281 0.0514041 0.998352
v 25.654 7.30496 0.74992 0.647517 0.821087 0.409645
vn 0.0160411 0.062913 0.99789
v 25.6036 7.50688 0.737731 0.644261 0.818141 0.40918
vn 0.018726 0.0654765 0.997678
v 25.8505 -4.84213 1.20175 0.768228 0.930302 0.42689
vn -0.07253 0.0658653 0.995189
v 25.866 -4.7053 1.19671 0.766884 0.929086 0.426698
vn -0.0671628 0.0457466 0.996693
v 25.8009 -4.51759 1.19194 0.765608 0.927931 0.426515
vn 0.0252495 0.0343731 0.99909
v 25.9216 -4.26494 1.18003 0.762425 0.925052 0.426061
vn -0.0736651 0.0382908 0.996548
v 25.8766 -4.08547 1.17481 0.761032 0.923791 0.425862
vn 0.0251041 0.0356662 0.999048
v 25.8923 -3.9091 1.16806 0.759228 0.922159 0.425604
vn -0.0790751 0.0333044 0.996312
v 25.9079 -3.71048 1.1604 0.757183 0.920308 0.425312
vn -0.0763373 0.0445081 0.996088
v 25.9261 -3.46772 1.15093 0.754651 0.918018 0.42495
vn -0.0783212 0.0410673 0.996082
v 25.9241 -3.27003 1.14352 0.752672 0.916227 0.424667
vn -0.0798212 0.0375887 0.9961
v 25.8966 -3.07503 1.13678 0.750873 0.914599 0.42441
vn 0.025591 0.0381186 0.998945
v 25.924 -2.9442 1.131 0.749329 0.913202 0.42419
vn -0.0757981 0.0382913 0.996388
v 25.9576 -2.70282 1.12066 0.746565 0.910702 0.423795
vn 0.021996 0.0398389 0.998964
v 25.9668 -2.50417 1.11251 0.744388 0.908732 0.423484
vn 0.0292821 0.0405877 0.998747
v 25.9415 -2.32603 1.10599 0.742645 0.907155 0.423235
vn 0.0236473 0.040045 0.998918
v 25.9478 -2.10694 1.09686 0.740207 0.904949 0.422887
vn 0.0317784 0.0408739 0.998659
v 25.9615 -1.88945 1.08748 0.737701 0.902682 0.422529
vn 0.0299606 0.0413123 0.998697
v 25.9698 -1.71523 1.07994 0.735687 0.90086 0.422241
vn 0.0213148 0.0422148 0.998881
v 25.9571 -1.51635 1.07181 0.733514 0.898893 0.421931
vn 0.0213148 0.0422148 0.998881
v 25.9453 -1.2714 1.06155 0.730773 0.896414 0.421539
vn 0.0298893 0.0441951 0.998576
v 25.9212 -1.07525 1.05359 0.728647 0.89449 0.421235
vn 0.0257979 0.044212 0.998689
v 25.9217 -0.883575 1.04509 0.726376 0.892435 0.420911
vn 0.0274087 0.0445696 0.99863
v 25.9002 -0.701889 1.0375 0.724348 0.890601 0.420621
vn 0.0245778 0.0449934 0.998685
v 25.8958 -0.483195 1.0277 0.721729 0.888231 0.420247
vn 0.027386 0.0457946 0.998575
v 25.8604 -0.308163 1.02058 0.719828 0.886511 0.419975
vn 0.0254371 0.0460549 0.998615
v 25.8498 -0.0676201 1.00967 0.716912 0.883873 0.419559
vn 0.0276919 0.0468362 0.998519
v 25.8161 0.0770955 1.00375 0.715331 0.882442 0.419333
vn 0.0266102 0.0470736 0.998537
v 25.8914 7.09201 0.759513 0.65008 0.823406 0.410011
vn 0.0173082 0.0637642 0.997815
v 26.1719 5.94944 0.825858 0.667805 0.839443 0.412544
vn -0.0359698 0.0268607 0.998992
v 26.1814 6.23614 0.808105 0.663062 0.835151 0.411866
vn 0.0172311 0.0613842 0.997965
v 26.1003 6.46109 0.79561 0.659724 0.832131 0.411389
vn 0.0161592 0.0621357 0.997937
v 26.1081 6.70191 0.780428 0.655668 0.828461 0.41081
vn 0.0221968 0.0639816 0.997704
v 26.0431 6.92185 0.767708 0.652269 0.825387 0.410324
vn 0.0233144 0.0656867 0.997568
v 26.2505 5.87529 0.828959 0.668633 0.840192 0.412662
vn -0.02228 0.0178806 0.999592
v 26.2781 6.12398 0.813275 0.664443 0.836401 0.412063
vn 0.0182625 0.0612228 0.997957
v 26.2205 6.34429 0.800733 0.661092 0.833369 0.411585
vn 0.0200413 0.0626057 0.997837
v 26.5667 5.575 0.841345 0.671943 0.843186 0.413135
vn -0.0234573 0.0165017 0.999589
v 26.5245 5.71127 0.833922 0.669959 0.841392 0.412851
vn 0.0181386 0.0601347 0.998025
v 26.4676 5.83841 0.827276 0.668184 0.839785 0.412598
vn 0.0216636 0.062685 0.997798
v 26.6324 3.60859 0.953518 0.701911 0.8703 0.417416
vn -0.0570522 0.0451538 0.99735
v 26.7844 5.15209 0.862458 0.677583 0.84829 0.41394
vn -0.0395355 0.0377101 0.998506
v 26.7403 5.31017 0.853933 0.675305 0.846229 0.413615
vn 0.0183947 0.0591777 0.998078
v 26.674 5.51103 0.84321 0.672441 0.843637 0.413206
vn 0.0254272 0.0638374 0.997636
v 26.9079 4.74738 0.883774 0.683278 0.853442 0.414754
vn -0.0499237 0.068713 0.996387
v 26.8639 4.92995 0.873991 0.680664 0.851077 0.414381
vn -0.039333 0.0330643 0.998679
v 26.8324 5.07199 0.866273 0.678602 0.849212 0.414086
vn 0.0242642 0.0607717 0.997857
v 27.1912 3.8986 0.926644 0.694731 0.863805 0.41639
vn 0.0194385 0.0556858 0.998259
v 27.1209 4.1728 0.912597 0.690978 0.860409 0.415854
vn 0.0192673 0.0562859 0.998229
v 27.0411 4.3029 0.906743 0.689415 0.858994 0.415631
vn 0.0180331 0.0567415 0.998226
v 27.0123 4.53473 0.894062 0.686027 0.855929 0.415147
vn 0.0182871 0.0570664 0.998203
v 27.039 4.63694 0.887687 0.684323 0.854388 0.414903
vn 0.022195 0.0587238 0.998028
v 27.3629 -4.62532 1.31278 0.79 0.95 0.43
vn -0.0779329 0.0440548 0.995985
v 27.2312 3.52768 0.946412 0.700012 0.868583 0.417145
vn 0.0193174 0.0552865 0.998284
f 273//273 285//285 274//274
f 2848//2848 2887//2887 2868//2868
f 2887//2887 2848//2848 2808//2808
f 3039//3039 2887//2887 3085//3085
f 3896//3896 3872//3872 3895//3895
f 5304//5304 5303//5303 5307//5307
f 5305//5305 5304//5304 5307//5307
f 642//642 425//425 424//424
f 2029//2029 2064//2064 2065//2065
f 2828//2828 2848//2848 2868//2868
f 2848//2848 2828//2828 2808//2808
f 2828//2828 2788//2788 2808//2808
f 2968//2968 3013//3013 2990//2990
f 2968//2968 3039//3039 3013//3013
f 2968//2968 2930//2930 3039//3039
f 2887//2887 2907//2907 2868//2868
f 3039//3039 2907//2907 2887//2887
f 2930//2930 2907//2907 3039//3039
f 3013//3013 3087//3087 2990//2990
f 4778//4778 4895//4895 4880//4880
f 4895//4895 4881//4881 4880//4880
f 4873//4873 4881//4881 4861//4861
f 4881//4881 4873//4873 4880//4880
f 959//959 1182//1182 985//985
f 1517//1517 1516//1516 1792//1792
f 2551//2551 2593//2593 2571//2571
f 4800//4800 4799//4799 4829//4829
f 4738//4738 4665//4665 4804//4804
f 5154//5154 5145//5145 5164//5164
f 5167//5167 5154//5154 5164//5164
f 3872//3872 4073//4073 3895//3895
f 722//722 612//612 525//525
f 81//81 80//80 197//197
f 7//7 100//100 8//8
f 199//199 220//220 200//200
f 199//199 219//219 220//220
f 219//219 248//248 220//220
f 183//183 175//175 324//324
f 328//328 343//343 353//353
f 378//378 518//518 390//390
f 379//379 392//392 364//364
f 663//663 628//628 661//661
f 628//628 629//629 661//661
f 629//629 628//628 610//610
f 755//755 778//778 756//756
f 836//836 815//815 928//928
f 2095//2095 2094//2094 2065//2065
f 2064//2064 2095//2095 2065//2065
f 3467//3467 3595//3595 3596//3596
f 3642//3642 3595//3595 3594//3594
f 3755//3755 3865//3865 3842//3842
f 3063//3063 3039//3039 3085//3085
f 2968//2968 2949//2949 2930//2930
f 2949//2949 2968//2968 2990//2990
f 3087//3087 2949//2949 2990//2990
f 4293//4293 4318//4318 4319//4319
f 4378//4378 4427//4427 4319//4319
f 4745//4745 4744//4744 4746//4746
f 5121//5121 5104//5104 5128//5128
f 5201//5201 5185//5185 5168//5168
f 5185//5185 5177//5177 5168//5168
f 2692//2692 2649//2649 2561//2561
f 2876//2876 2713//2713 2692//2692
f 2713//2713 2671//2671 2692//2692
f 2417//2417 2393//2393 2517//2517
f 751//751 736//736 752//752
f 695//695 658//658 694//694
f 734//734 607//607 606//606
f 658//658 539//539 625//625
f 959//959 1147//1147 1182//1182
f 1760//1760 1761//1761 1489//1489
f 1761//1761 1490//1490 1489//1489
f 2041//2041 1748//1748 1747//1747
f 482//482 465//465 688//688
f 710//710 482//482 688//688
f 710//710 483//483 482//482
f 1073//1073 1030//1030 1247//1247
f 2593//2593 2614//2614 2571//2571
f 2194//2194 2244//2244 2168//2168
f 1472//1472 1501//1501 1433//1433
f 1501//1501 1472//1472 1527//1527
f 4665//4665 4682//4682 4804//4804
f 4799//4799 4801//4801 4772//4772
f 4801//4801 4799//4799 4800//4800
f 4629//4629 4738//4738 4612//4612
f 4738//4738 4629//4629 4665//4665
f 4628//4628 4629//4629 4612//4612
f 4667//4667 4668//4668 4666//4666
f 4440//4440 4419//4419 4439//4439
f 4596//4596 4681//4681 4627//4627
f 5241//5241 5199//5199 5228//5228
f 5165//5165 5167//5167 5164//5164
f 5167//5167 5183//5183 5193//5193
f 5165//5165 5183//5183 5176//5176
f 5183//5183 5165//5165 5164//5164
f 5182//5182 5183//5183 5164//5164
f 5183//5183 5182//5182 5193//5193
f 5155//5155 5137//5137 5145//5145
f 5154//5154 5155//5155 5145//5145
f 5155//5155 5154//5154 5167//5167
f 4752//4752 4753//4753 4732//4732
f 4271//4271 4296//4296 4272//4272
f 4249//4249 4271//4271 4272//4272
f 4055//4055 4073//4073 3872//3872
f 4093//4093 3896//3896 3895//3895
f 2876//2876 2837//2837 2816//2816
f 2837//2837 2858//2858 2816//2816
f 3023//3023 3048//3048 2977//2977
f 3025//3025 3050//3050 3024//3024
f 3072//3072 3025//3025 3000//3000
f 302//302 286//286 287//287
f 286//286 303//303 287//287
f 303//303 286//286 302//302
f 1047//1047 1024//1024 1048//1048
f 723//723 722//722 740//740
f 20//20 21//21 18//18
f 19//19 20//20 18//18
f 20//20 22//22 21//21
f 24//24 2//2 1//1
f 21//21 23//23 1//1
f 22//22 23//23 21//21
f 23//23 24//24 1//1
f 44//44 47//47 18//18
f 47//47 44//44 46//46
f 83//83 82//82 197//197
f 82//82 81//81 197//197
f 11//11 82//82 83//83
f 81//81 9//9 80//80
f 9//9 79//79 80//80
f 100//100 79//79 8//8
f 79//79 9//9 8//8
f 214//214 195//195 99//99
f 195//195 100//100 99//99
f 216//216 195//195 214//214
f 195//195 79//79 100//100
f 2//2 3//3 1//1
f 3//3 7//7 1//1
f 3//3 4//4 7//7
f 4//4 6//6 7//7
f 5//5 6//6 4//4
f 100//100 6//6 99//99
f 6//6 100//100 7//7
f 85//85 84//84 83//83
f 25//25 84//84 85//85
f 84//84 13//13 83//83
f 13//13 84//84 25//25
f 13//13 11//11 83//83
f 13//13 12//12 11//11
f 198//198 219//219 199//199
f 198//198 83//83 197//197
f 198//198 85//85 83//83
f 198//198 199//199 85//85
f 69//69 68//68 153//153
f 67//67 68//68 56//56
f 68//68 69//69 56//56
f 138//138 43//43 64//64
f 400//400 276//276 399//399
f 205//205 206//206 207//207
f 206//206 205//205 369//369
f 536//536 554//554 437//437
f 144//144 145//145 132//132
f 309//309 175//175 297//297
f 175//175 309//309 324//324
f 310//310 309//309 297//297
f 309//309 310//310 324//324
f 261//261 272//272 284//284
f 272//272 283//283 284//284
f 283//283 272//272 261//261
f 283//283 298//298 284//284
f 260//260 261//261 237//237
f 260//260 283//283 261//261
f 260//260 361//361 283//283
f 260//260 360//360 361//361
f 184//184 185//185 176//176
f 183//183 184//184 176//176
f 187//187 184//184 203//203
f 326//326 312//312 437//437
f 438//438 326//326 437//437
f 312//312 326//326 328//328
f 488//488 518//518 378//378
f 362//362 488//488 378//378
f 488//488 362//362 353//353
f 439//439 440//440 407//407
f 440//440 439//439 470//470
f 490//490 504//504 505//505
f 504//504 490//490 586//586
f 285//285 299//299 274//274
f 697//697 698//698 663//663
f 698//698 721//721 663//663
f 660//660 795//795 719//719
f 775//775 660//660 627//627
f 660//660 775//775 795//795
f 795//795 814//814 719//719
f 814//814 835//835 719//719
f 835//835 858//858 877//877
f 588//588 611//611 572//572
f 611//611 628//628 663//663
f 628//628 611//611 610//610
f 611//611 588//588 610//610
f 572//572 558//558 542//542
f 558//558 541//541 542//542
f 524//524 523//523 542//542
f 541//541 524//524 542//542
f 523//523 524//524 506//506
f 1409//1409 1342//1342 1365//1365
f 777//777 754//754 776//776
f 3690//3690 3755//3755 3596//3596
f 3595//3595 3690//3690 3596//3596
f 3690//3690 3595//3595 3642//3642
f 3665//3665 3690//3690 3642//3642
f 3665//3665 3642//3642 3594//3594
f 3572//3572 3507//3507 3487//3487
f 3529//3529 3507//3507 3572//3572
f 3530//3530 3595//3595 3467//3467
f 3961//3961 3934//3934 4123//4123
f 3667//3667 3644//3644 3869//3869
f 3868//3868 3869//3869 3776//3776
f 3869//3869 3868//3868 3938//3938
f 3775//3775 3799//3799 3776//3776
f 3087//3087 3138//3138 3112//3112
f 3138//3138 3165//3165 3112//3112
f 3165//3165 3138//3138 3164//3164
f 3351//3351 3165//3165 3255//3255
f 2752//2752 2773//2773 2774//2774
f 2753//2753 2752//2752 2774//2774
f 4468//4468 4429//4429 4428//4428
f 4428//4428 4429//4429 4410//4410
f 4809//4809 4832//4832 4721//4721
f 4808//4808 4809//4809 4721//4721
f 3869//3869 3757//3757 3720//3720
f 3890//3890 3869//3869 3938//3938
f 4362//4362 4382//4382 4272//4272
f 4361//4361 4362//4362 4272//4272
f 4362//4362 4361//4361 4382//4382
f 4296//4296 4322//4322 4272//4272
f 4322//4322 4361//4361 4272//4272
f 4246//4246 4293//4293 4319//4319
f 4650//4650 4701//4701 4721//4721
f 4318//4318 4357//4357 4319//4319
f 4357//4357 4378//4378 4319//4319
f 4427//4427 4393//4393 4409//4409
f 4378//4378 4393//4393 4427//4427
f 4357//4357 4393//4393 4378//4378
f 4409//4409 4393//4393 4318//4318
f 4393//4393 4357//4357 4318//4318
f 4249//4249 4227//4227 4248//4248
f 4209//4209 4227//4227 4249//4249
f 4426//4426 4427//4427 4409//4409
f 4426//4426 4447//4447 4427//4427
f 4427//4427 4467//4467 4486//4486
f 4447//4447 4467//4467 4427//4427
f 4934//4934 4950//4950 4935//4935
f 4745//4745 4728//4728 4744//4744
f 5064//5064 5039//5039 5063//5063
f 4980//4980 5078//5078 5079//5079
f 5096//5096 4980//4980 5079//5079
f 5201//5201 5194//5194 5185//5185
f 5194//5194 5201//5201 5188//5188
f 4747//4747 4745//4745 4746//4746
f 5055//5055 5056//5056 5057//5057
f 5054//5054 5056//5056 5055//5055
f 5014//5014 5032//5032 5033//5033
f 4936//4936 4934//4934 4935//4935
f 4934//4934 4936//4936 4937//4937
f 4952//4952 4953//4953 4937//4937
f 5156//5156 5159//5159 5107//5107
f 5149//5149 5156//5156 5107//5107
f 5156//5156 5157//5157 5159//5159
f 5177//5177 5170//5170 5168//5168
f 5122//5122 5121//5121 5128//5128
f 4950//4950 4951//4951 4935//4935
f 4951//4951 4950//4950 4952//4952
f 4951//4951 4936//4936 4935//4935
f 4951//4951 4952//4952 4937//4937
f 4936//4936 4951//4951 4937//4937
f 2670//2670 2649//2649 2692//2692
f 2898//2898 2878//2878 2897//2897
f 2696//2696 2740//2740 2717//2717
f 2672//2672 2714//2714 2694//2694
f 2738//2738 2758//2758 2759//2759
f 2739//2739 2738//2738 2759//2759
f 717//717 658//658 695//695
f 609//609 751//751 752//752
f 626//626 609//609 627//627
f 657//657 658//658 625//625
f 658//658 657//657 694//694
f 505//505 522//522 540//540
f 522//522 539//539 540//540
f 539//539 522//522 625//625
f 2019//2019 2084//2084 2056//2056
f 1567//1567 1852//1852 1568//1568
f 1596//1596 1852//1852 1597//1597
f 1852//1852 1596//1596 1568//1568
f 1954//1954 1975//1975 1857//1857
f 2232//2232 2464//2464 2256//2256
f 2053//2053 2232//2232 2256//2256
f 2441//2441 2416//2416 2561//2561
f 2362//2362 2208//2208 2207//2207
f 2229//2229 2100//2100 2228//2228
f 2100//2100 2229//2229 2072//2072
f 336//336 384//384 373//373
f 1973//1973 2205//2205 2206//2206
f 1748//1748 1445//1445 1747//1747
f 75//75 76//76 74//74
f 402//402 310//310 297//297
f 48//48 34//34 33//33
f 129//129 52//52 128//128
f 127//127 129//129 128//128
f 292//292 164//164 291//291
f 164//164 292//292 307//307
f 909//909 876//876 875//875
f 871//871 853//853 851//851
f 1095//1095 1075//1075 1094//1094
f 2502//2502 2402//2402 2476//2476
f 2827//2827 2807//2807 2847//2847
f 2703//2703 2681//2681 2659//2659
f 2681//2681 2703//2703 2723//2723
f 2615//2615 2594//2594 2658//2658
f 2614//2614 2594//2594 2571//2571
f 2659//2659 2637//2637 2658//2658
f 2637//2637 2615//2615 2658//2658
f 2593//2593 2526//2526 2570//2570
f 2526//2526 2593//2593 2551//2551
f 2549//2549 2453//2453 2525//2525
f 2145//2145 2194//2194 2168//2168
f 1432//1432 1472//1472 1433//1433
f 1343//1343 1411//1411 1433//1433
f 1411//1411 1432//1432 1433//1433
f 1432//1432 1411//1411 1410//1410
f 1367//1367 1343//1343 1366//1366
f 1367//1367 1411//1411 1343//1343
f 1606//1606 1582//1582 1680//1680
f 1630//1630 1606//1606 1680//1680
f 2093//2093 2092//2092 2117//2117
f 2145//2145 2093//2093 2117//2117
f 2093//2093 2145//2145 2168//2168
f 2212//2212 2086//2086 2058//2058
f 1676//1676 1551//1551 1649//1649
f 1676//1676 1701//1701 1551//1551
f 1701//1701 1676//1676 1830//1830
f 2401//2401 2426//2426 2344//2344
f 2292//2292 2401//2401 2344//2344
f 2243//2243 2343//2343 2269//2269
f 2243//2243 2317//2317 2343//2343
f 2089//2089 1982//1982 2004//2004
f 1982//1982 2089//2089 2005//2005
f 2062//2062 2142//2142 2091//2091
f 4831//4831 4805//4805 4804//4804
f 4805//4805 4831//4831 4806//4806
f 4805//4805 4738//4738 4804//4804
f 4831//4831 4859//4859 4806//4806
f 4859//4859 4831//4831 4804//4804
f 4871//4871 4859//4859 4804//4804
f 4859//4859 4871//4871 4872//4872
f 4806//4806 4879//4879 4919//4919
f 4871//4871 4879//4879 4872//4872
f 4859//4859 4879//4879 4806//4806
f 4879//4879 4859//4859 4872//4872
f 4918//4918 4929//4929 4919//4919
f 4714//4714 4715//4715 4681//4681
f 4682//4682 4697//4697 4804//4804
f 4697//4697 4871//4871 4804//4804
f 4871//4871 4697//4697 4715//4715
f 4715//4715 4697//4697 4681//4681
f 4697//4697 4682//4682 4681//4681
f 4682//4682 4664//4664 4681//4681
f 4664//4664 4682//4682 4665//4665
f 4681//4681 4664//4664 4627//4627
f 4878//4878 4877//4877 4891//4891
f 4799//4799 4856//4856 4829//4829
f 4856//4856 4928//4928 4829//4829
f 4928//4928 4856//4856 4855//4855
f 4645//4645 4628//4628 4627//4627
f 4645//4645 4629//4629 4628//4628
f 4629//4629 4645//4645 4665//4665
f 4664//4664 4645//4645 4627//4627
f 4645//4645 4664//4664 4665//4665
f 4738//4738 4698//4698 4683//4683
f 3158//3158 3159//3159 3134//3134
f 3107//3107 3158//3158 3134//3134
f 3713//3713 3747//3747 3748//3748
f 4674//4674 4675//4675 4692//4692
f 4733//4733 4710//4710 4732//4732
f 4753//4753 4733//4733 4732//4732
f 4710//4710 4711//4711 4693//4693
f 4733//4733 4711//4711 4710//4710
f 4711//4711 4694//4694 4693//4693
f 4504//4504 4505//4505 4479//4479
f 3929//3929 3813//3813 3834//3834
f 3746//3746 3883//3883 3712//3712
f 3983//3983 4066//4066 3958//3958
f 4420//4420 4419//4419 4440//4440
f 4594//4594 4595//4595 4579//4579
f 4877//4877 4755//4755 4772//4772
f 4755//4755 4754//4754 4772//4772
f 4626//4626 4714//4714 4681//4681
f 4666//4666 4583//4583 4683//4683
f 4584//4584 4583//4583 4666//4666
f 4463//4463 4443//4443 4462//4462
f 4313//4313 4198//4198 4353//4353
f 4371//4371 4198//4198 4218//4218
f 5306//5306 5305//5305 5307//5307
f 5300//5300 5306//5306 5307//5307
f 5306//5306 5300//5300 5305//5305
f 5301//5301 5300//5300 5307//5307
f 5288//5288 5299//5299 5289//5289
f 5293//5293 5299//5299 5294//5294
f 5299//5299 5295//5295 5294//5294
f 5295//5295 5299//5299 5288//5288
f 5286//5286 5287//5287 5285//5285
f 5291//5291 5286//5286 5285//5285
f 5241//5241 5284//5284 5289//5289
f 5284//5284 5256//5256 5287//5287
f 5284//5284 5288//5288 5289//5289
f 5288//5288 5284//5284 5287//5287
f 5199//5199 5191//5191 5182//5182
f 5145//5145 5072//5072 5164//5164
f 5166//5166 5183//5183 5167//5167
f 5183//5183 5166//5166 5176//5176
f 5165//5165 5166//5166 5167//5167
f 5166//5166 5165//5165 5176//5176
f 5100//5100 5112//5112 5101//5101
f 5000//5000 5001//5001 4987//4987
f 4915//4915 5000//5000 4987//4987
f 4270//4270 4271//4271 4249//4249
f 4270//4270 4249//4249 4248//4248
f 4271//4271 4270//4270 4296//4296
f 4055//4055 4056//4056 4073//4073
f 4073//4073 4074//4074 3895//3895
f 4074//4074 4093//4093 3895//3895
f 4093//4093 4074//4074 4272//4272
f 4074//4074 4056//4056 4272//4272
f 4056//4056 4074//4074 4073//4073
f 3896//3896 4094//4094 3916//3916
f 4093//4093 4094//4094 3896//3896
f 4094//4094 4093//4093 4272//4272
f 2878//2878 2838//2838 2858//2858
f 2877//2877 2837//2837 2896//2896
f 2837//2837 2877//2877 2858//2858
f 2940//2940 2877//2877 2896//2896
f 2878//2878 2877//2877 2897//2897
f 2877//2877 2878//2878 2858//2858
f 2939//2939 2876//2876 2958//2958
f 2857//2857 2837//2837 2876//2876
f 2939//2939 2857//2857 2876//2876
f 2857//2857 2939//2939 2918//2918
f 2361//2361 2538//2538 2362//2362
f 2416//2416 2392//2392 2561//2561
f 2392//2392 2538//2538 2561//2561
f 2516//2516 2692//2692 2561//2561
f 2516//2516 2489//2489 2692//2692
f 2538//2538 2516//2516 2561//2561
f 2516//2516 2361//2361 2335//2335
f 2361//2361 2516//2516 2538//2538
f 3075//3075 3051//3051 2938//2938
f 3051//3051 3026//3026 2938//2938
f 2916//2916 2957//2957 2938//2938
f 3026//3026 2916//2916 2938//2938
f 2916//2916 3026//3026 3027//3027
f 2876//2876 2980//2980 2958//2958
f 2877//2877 2920//2920 2897//2897
f 2920//2920 2877//2877 2940//2940
f 2940//2940 2959//2959 3004//3004
f 2981//2981 2959//2959 2896//2896
f 2959//2959 2940//2940 2896//2896
f 3392//3392 3245//3245 3266//3266
f 3630//3630 3851//3851 3852//3852
f 3851//3851 3629//3629 3877//3877
f 3851//3851 3630//3630 3629//3629
f 4285//4285 4284//4284 4310//4310
f 4133//4133 4309//4309 4114//4114
f 4284//4284 4309//4309 4310//4310
f 4309//4309 4284//4284 4114//4114
f 398//398 400//400 399//399
f 632//632 529//529 546//546
f 511//511 529//529 632//632
f 1369//1369 1216//1216 1258//1258
f 1215//1215 1216//1216 1193//1193
f 1162//1162 1137//1137 1021//1021
f 590//590 573//573 525//525
f 722//722 664//664 612//612
f 723//723 664//664 722//722
f 507//507 508//508 393//393
f 508//508 493//493 393//393
f 560//560 593//593 507//507
f 593//593 758//758 725//725
f 615//615 702//702 632//632
f 578//578 632//632 546//546
f 1689//1689 1709//1709 1874//1874
f 1506//1506 1665//1665 1507//1507
f 1558//1558 1474//1474 1369//1369
f 2122//2122 2151//2151 2175//2175
f 2907//2907 2929//2929 2868//2868
f 2929//2929 2907//2907 2930//2930
f 2949//2949 2929//2929 2930//2930
f 2789//2789 2809//2809 2769//2769
f 2828//2828 2768//2768 2788//2788
f 2661//2661 2704//2704 2682//2682
f 9//9 10//10 8//8
f 10//10 12//12 8//8
f 12//12 10//10 11//11
f 10//10 82//82 11//11
f 82//82 10//10 81//81
f 10//10 9//9 81//81
f 213//213 247//247 214//214
f 79//79 196//196 80//80
f 195//195 196//196 79//79
f 80//80 196//196 197//197
f 196//196 216//216 248//248
f 196//196 195//195 216//216
f 31//31 29//29 101//101
f 31//31 30//30 29//29
f 25//25 26//26 16//16
f 87//87 26//26 25//25
f 86//86 25//25 85//85
f 86//86 87//87 25//25
f 87//87 86//86 200//200
f 86//86 199//199 200//200
f 199//199 86//86 85//85
f 29//29 89//89 101//101
f 218//218 198//198 197//197
f 196//196 218//218 197//197
f 217//217 248//248 219//219
f 198//198 217//217 219//219
f 218//218 217//217 198//198
f 217//217 196//196 248//248
f 217//217 218//218 196//196
f 276//276 275//275 399//399
f 275//275 398//398 399//399
f 59//59 44//44 18//18
f 70//70 148//148 149//149
f 138//138 115//115 43//43
f 383//383 239//239 238//238
f 98//98 214//214 99//99
f 6//6 98//98 99//99
f 98//98 6//6 5//5
f 194//194 213//213 214//214
f 247//247 194//194 193//193
f 194//194 247//247 213//213
f 193//193 194//194 94//94
f 194//194 96//96 94//94
f 96//96 95//95 94//94
f 24//24 95//95 2//2
f 95//95 3//3 2//2
f 3//3 95//95 4//4
f 95//95 96//96 4//4
f 133//133 258//258 143//143
f 133//133 144//144 132//132
f 144//144 133//133 143//143
f 311//311 312//312 284//284
f 298//298 311//311 284//284
f 361//361 377//377 283//283
f 377//377 388//388 283//283
f 389//389 298//298 283//283
f 388//388 389//389 283//283
f 388//388 534//534 535//535
f 186//186 187//187 185//185
f 184//184 186//186 185//185
f 186//186 184//184 187//187
f 184//184 351//351 203//203
f 342//342 351//351 184//184
f 343//343 327//327 438//438
f 327//327 326//326 438//438
f 327//327 343//343 328//328
f 326//326 327//327 328//328
f 343//343 487//487 353//353
f 487//487 488//488 353//353
f 363//363 379//379 364//364
f 717//717 557//557 658//658
f 539//539 557//557 540//540
f 557//557 539//539 658//658
f 299//299 313//313 300//300
f 313//313 331//331 300//300
f 329//329 313//313 285//285
f 313//313 299//299 285//285
f 1343//1343 1324//1324 1366//1366
f 1324//1324 1343//1343 1433//1433
f 1302//1302 1324//1324 1433//1433
f 697//697 662//662 698//698
f 662//662 663//663 661//661
f 662//662 697//697 663//663
f 739//739 755//755 756//756
f 660//660 659//659 627//627
f 659//659 626//626 627//627
f 875//875 774//774 752//752
f 774//774 775//775 627//627
f 774//774 609//609 752//752
f 609//609 774//774 627//627
f 963//963 858//858 927//927
f 1100//1100 963//963 927//927
f 835//835 737//737 719//719
f 737//737 720//720 719//719
f 558//558 559//559 541//541
f 559//559 558//558 572//572
f 559//559 611//611 663//663
f 611//611 559//559 572//572
f 472//472 524//524 541//541
f 559//559 472//472 541//541
f 524//524 472//472 506//506
f 471//471 472//472 441//441
f 392//392 472//472 364//364
f 441//441 472//472 408//408
f 472//472 392//392 408//408
f 1083//1083 1104//1104 1156//1156
f 1062//1062 1083//1083 1156//1156
f 1104//1104 1083//1083 1041//1041
f 1083//1083 1042//1042 1041//1041
f 1281//1281 1324//1324 1302//1302
f 1324//1324 1281//1281 1366//1366
f 1256//1256 1302//1302 1156//1156
f 1256//1256 1281//1281 1302//1302
f 1281//1281 1256//1256 1280//1280
f 1342//1342 1341//1341 1365//1365
f 1036//1036 1035//1035 1013//1013
f 1060//1060 1082//1082 1103//1103
f 1082//1082 1060//1060 1059//1059
f 878//878 894//894 776//776
f 878//878 835//835 877//877
f 815//815 911//911 928//928
f 911//911 894//894 1013//1013
f 1035//1035 911//911 1013//1013
f 777//777 796//796 815//815
f 796//796 911//911 815//815
f 911//911 796//796 894//894
f 894//894 796//796 776//776
f 796//796 777//777 776//776
f 3690//3690 3754//3754 3755//3755
f 3689//3689 3665//3665 3753//3753
f 3665//3665 3689//3689 3690//3690
f 3530//3530 3550//3550 3595//3595
f 3550//3550 3529//3529 3572//3572
f 3550//3550 3530//3530 3529//3529
f 3841//3841 3865//3865 3755//3755
f 3352//3352 3377//3377 3328//3328
f 3377//3377 3403//3403 3328//3328
f 3233//3233 3256//3256 3328//3328
f 3490//3490 3510//3510 3532//3532
f 3756//3756 3775//3775 3776//3776
f 3692//3692 3869//3869 3720//3720
f 3692//3692 3667//3667 3869//3869
f 3531//3531 3551//3551 3509//3509
f 3551//3551 3575//3575 3509//3509
f 3843//3843 3867//3867 3868//3868
f 3775//3775 3820//3820 3799//3799
f 3820//3820 3843//3843 3868//3868
f 3799//3799 3820//3820 3776//3776
f 3820//3820 3868//3868 3776//3776
f 3185//3185 3209//3209 3231//3231
f 3209//3209 3185//3185 3085//3085
f 3086//3086 3138//3138 3087//3087
f 3086//3086 3087//3087 3013//3013
f 3086//3086 3063//3063 3085//3085
f 3039//3039 3086//3086 3013//3013
f 3063//3063 3086//3086 3039//3039
f 3185//3185 3086//3086 3085//3085
f 3233//3233 3210//3210 3256//3256
f 3165//3165 3232//3232 3255//3255
f 3232//3232 3185//3185 3231//3231
f 2688//2688 2709//2709 2710//2710
f 2688//2688 2689//2689 2666//2666
f 2689//2689 2688//2688 2710//2710
f 2709//2709 2732//2732 2710//2710
f 2732//2732 2709//2709 2753//2753
f 2753//2753 2731//2731 2752//2752
f 2709//2709 2731//2731 2753//2753
f 2303//2303 2278//2278 2152//2152
f 2225//2225 2098//2098 2121//2121
f 3329//3329 3278//3278 3328//3328
f 3329//3329 3378//3378 3353//3353
f 2890//2890 2933//2933 2910//2910
f 2406//2406 2380//2380 2348//2348
f 2507//2507 2506//2506 2530//2530
f 4720//4720 4741//4741 4721//4721
f 4741//4741 4720//4720 4719//4719
f 4701//4701 4720//4720 4721//4721
f 4759//4759 4719//4719 4778//4778
f 4759//4759 4741//4741 4719//4719
f 4741//4741 4759//4759 4721//4721
f 4759//4759 4808//4808 4721//4721
f 4873//4873 4807//4807 4880//4880
f 4807//4807 4778//4778 4880//4880
f 4807//4807 4832//4832 4809//4809
f 4808//4808 4807//4807 4809//4809
f 4905//4905 4881//4881 4895//4895
f 4975//4975 4976//4976 4964//4964
f 4976//4976 4975//4975 5004//5004
f 3845//3845 3821//3821 3844//3844
f 3821//3821 3845//3845 3801//3801
f 3757//3757 3778//3778 3801//3801
f 4185//4185 4163//4163 4088//4088
f 4293//4293 4267//4267 4318//4318
f 4246//4246 4267//4267 4293//4293
f 4184//4184 4204//4204 4245//4245
f 4069//4069 4087//4087 4070//4070
f 4162//4162 4184//4184 4070//4070
f 4124//4124 4162//4162 4070//4070
f 4633//4633 4650//4650 4632//4632
f 4719//4719 4717//4717 4778//4778
f 4717//4717 4700//4700 4684//4684
f 4717//4717 4701//4701 4700//4700
f 4669//4669 4685//4685 4650//4650
f 4685//4685 4701//4701 4650//4650
f 4685//4685 4669//4669 4684//4684
f 4700//4700 4685//4685 4684//4684
f 4701//4701 4685//4685 4700//4700
f 4381//4381 4394//4394 4410//4410
f 4359//4359 4381//4381 4360//4360
f 4359//4359 4394//4394 4381//4381
f 4467//4467 4512//4512 4486//4486
f 4426//4426 4466//4466 4447//4447
f 4466//4466 4467//4467 4447//4447
f 4466//4466 4512//4512 4467//4467
f 4466//4466 4426//4426 4409//4409
f 4672//4672 4673//4673 4671//4671
f 4656//4656 4672//4672 4671//4671
f 4933//4933 4934//4934 4937//4937
f 4934//4934 4933//4933 4950//4950
f 4725//4725 4727//4727 4726//4726
f 4397//4397 4398//4398 4170//4170
f 4169//4169 4397//4397 4170//4170
f 4230//4230 4454//4454 4231//4231
f 5274//5274 5275//5275 5273//5273
f 5269//5269 5270//5270 5271//5271
f 5270//5270 5272//5272 5271//5271
f 5272//5272 5270//5270 5273//5273
f 4346//4346 4345//4345 4557//4557
f 5104//5104 5051//5051 5050//5050
f 5051//5051 5078//5078 4980//4980
f 5051//5051 5006//5006 5050//5050
f 5106//5106 5124//5124 5107//5107
f 5096//5096 5106//5106 4980//4980
f 5122//5122 5106//5106 5121//5121
f 5106//5106 5115//5115 5121//5121
f 5078//5078 5097//5097 5079//5079
f 5097//5097 5096//5096 5079//5079
f 5097//5097 5051//5051 5104//5104
f 5051//5051 5097//5097 5078//5078
f 5106//5106 5097//5097 5104//5104
f 5097//5097 5106//5106 5096//5096
f 5050//5050 5005//5005 5004//5004
f 5006//5006 5005//5005 5050//5050
f 4978//4978 4976//4976 5004//5004
f 4976//4976 4978//4978 4977//4977
f 5005//5005 4978//4978 5004//5004
f 4978//4978 5005//5005 5006//5006
f 5204//5204 5195//5195 5188//5188
f 5201//5201 5202//5202 5188//5188
f 5202//5202 5204//5204 5188//5188
f 5187//5187 5194//5194 5188//5188
f 5187//5187 5186//5186 5185//5185
f 5194//5194 5187//5187 5185//5185
f 5243//5243 5242//5242 5308//5308
f 4786//4786 4787//4787 4788//4788
f 4766//4766 4765//4765 4764//4764
f 4547//4547 4331//4331 4546//4546
f 4747//4747 4763//4763 4764//4764
f 5080//5080 5081//5081 5059//5059
f 5080//5080 5082//5082 5081//5081
f 5058//5058 5080//5080 5059//5059
f 5080//5080 5058//5058 5057//5057
f 5056//5056 5080//5080 5057//5057
f 4818//4818 4835//4835 4819//4819
f 4835//4835 4818//4818 4817//4817
f 5053//5053 5054//5054 5052//5052
f 5263//5263 5261//5261 5308//5308
f 5264//5264 5263//5263 5308//5308
f 4813//4813 4811//4811 4812//4812
f 4811//4811 4791//4791 4812//4812
f 4787//4787 4789//4789 4788//4788
f 5014//5014 5031//5031 5032//5032
f 4953//4953 4968//4968 4937//4937
f 4981//4981 4968//4968 4967//4967
f 5158//5158 5157//5157 5168//5168
f 5157//5157 5158//5158 5159//5159
f 5170//5170 5158//5158 5168//5168
f 5150//5150 5156//5156 5149//5149
f 5157//5157 5150//5150 5168//5168
f 5156//5156 5150//5150 5157//5157
f 5147//5147 5140//5140 5168//5168
f 5141//5141 5130//5130 5140//5140
f 5124//5124 5130//5130 5107//5107
f 5130//5130 5141//5141 5107//5107
f 5171//5171 5170//5170 5177//5177
f 5184//5184 5177//5177 5185//5185
f 5184//5184 5178//5178 5177//5177
f 5186//5186 5184//5184 5185//5185
f 5178//5178 5184//5184 5186//5186
f 5123//5123 5122//5122 5128//5128
f 5106//5106 5123//5123 5124//5124
f 5123//5123 5106//5106 5122//5122
f 5121//5121 5114//5114 5104//5104
f 5115//5115 5114//5114 5121//5121
f 5106//5106 5114//5114 5115//5115
f 4431//4431 4450//4450 4272//4272
f 2649//2649 2583//2583 2561//2561
f 2583//2583 2584//2584 2466//2466
f 2583//2583 2441//2441 2561//2561
f 2441//2441 2583//2583 2466//2466
f 2585//2585 2648//2648 2649//2649
f 2648//2648 2583//2583 2649//2649
f 2583//2583 2648//2648 2584//2584
f 2393//2393 2491//2491 2517//2517
f 2796//2796 2776//2776 2713//2713
f 2796//2796 2876//2876 2816//2816
f 2796//2796 2713//2713 2876//2876
f 2858//2858 2796//2796 2816//2816
f 2838//2838 2796//2796 2858//2858
f 2796//2796 2838//2838 2817//2817
f 2736//2736 2776//2776 2757//2757
f 2776//2776 2736//2736 2713//2713
f 2819//2819 2797//2797 2817//2817
f 2797//2797 2796//2796 2817//2817
f 2796//2796 2797//2797 2776//2776
f 2777//2777 2758//2758 2757//2757
f 2776//2776 2777//2777 2757//2757
f 2797//2797 2777//2777 2776//2776
f 2758//2758 2777//2777 2759//2759
f 2713//2713 2693//2693 2671//2671
f 2672//2672 2693//2693 2714//2714
f 2736//2736 2693//2693 2713//2713
f 2693//2693 2736//2736 2714//2714
f 2562//2562 2648//2648 2585//2585
f 2562//2562 2540//2540 2626//2626
f 2648//2648 2562//2562 2626//2626
f 2539//2539 2417//2417 2517//2517
f 2626//2626 2539//2539 2517//2517
f 2540//2540 2539//2539 2626//2626
f 2779//2779 2778//2778 2799//2799
f 2778//2778 2779//2779 2759//2759
f 2777//2777 2778//2778 2759//2759
f 2859//2859 2879//2879 2860//2860
f 2859//2859 2878//2878 2898//2898
f 2879//2879 2859//2859 2898//2898
f 2859//2859 2838//2838 2878//2878
f 2840//2840 2820//2820 2819//2819
f 2650//2650 2607//2607 2586//2586
f 2671//2671 2650//2650 2692//2692
f 2650//2650 2670//2670 2692//2692
f 2650//2650 2671//2671 2628//2628
f 2607//2607 2650//2650 2628//2628
f 2492//2492 2562//2562 2585//2585
f 2259//2259 2417//2417 2418//2418
f 2417//2417 2259//2259 2393//2393
f 2396//2396 2445//2445 2446//2446
f 2652//2652 2694//2694 2673//2673
f 2652//2652 2672//2672 2694//2694
f 2760//2760 2739//2739 2759//2759
f 2779//2779 2760//2760 2759//2759
f 2781//2781 2780//2780 2800//2800
f 2761//2761 2780//2780 2762//2762
f 2780//2780 2781//2781 2762//2762
f 2671//2671 2651//2651 2628//2628
f 2652//2652 2651//2651 2672//2672
f 2693//2693 2651//2651 2671//2671
f 2651//2651 2693//2693 2672//2672
f 1151//1151 1296//1296 1152//1152
f 1382//1382 1252//1252 1360//1360
f 1829//1829 1954//1954 1857//1857
f 1930//1930 1799//1799 1767//1767
f 1829//1829 1930//1930 1954//1954
f 1930//1930 1829//1829 1799//1799
f 1700//1700 1722//1722 1574//1574
f 1253//1253 1232//1232 1338//1338
f 1494//1494 1673//1673 1521//1521
f 718//718 717//717 695//695
f 751//751 608//608 587//587
f 608//608 609//609 587//587
f 609//609 608//608 751//751
f 521//521 522//522 505//505
f 504//504 521//521 505//505
f 522//522 521//521 625//625
f 607//607 521//521 606//606
f 521//521 586//586 606//606
f 521//521 504//504 586//586
f 1932//1932 1977//1977 1830//1830
f 2084//2084 1977//1977 2056//2056
f 1800//1800 1932//1932 1830//1830
f 1975//1975 1998//1998 1976//1976
f 1673//1673 1674//1674 1521//1521
f 1646//1646 1674//1674 1673//1673
f 1674//1674 1548//1548 1521//1521
f 1464//1464 1646//1646 1673//1673
f 1494//1494 1464//1464 1673//1673
f 1464//1464 1494//1494 1465//1465
f 1852//1852 1879//1879 1597//1597
f 1879//1879 1852//1852 2129//2129
f 1763//1763 1973//1973 1794//1794
f 1544//1544 1763//1763 1794//1794
f 1797//1797 1674//1674 1646//1646
f 2053//2053 2052//2052 2232//2232
f 2257//2257 2053//2053 2256//2256
f 2053//2053 2257//2257 2082//2082
f 2306//2306 2281//2281 2489//2489
f 2159//2159 2306//2306 2335//2335
f 2306//2306 2159//2159 2132//2132
f 2257//2257 2107//2107 2082//2082
f 2107//2107 2257//2257 2281//2281
f 2082//2082 2107//2107 1951//1951
f 2306//2306 2107//2107 2281//2281
f 2107//2107 2306//2306 2132//2132
f 1974//1974 2107//2107 2132//2132
f 2208//2208 2055//2055 2207//2207
f 2307//2307 2441//2441 2466//2466
f 2441//2441 2307//2307 2283//2283
f 2307//2307 2183//2183 2182//2182
f 2283//2283 2307//2307 2182//2182
f 1943//1943 1967//1967 2099//2099
f 2100//2100 2253//2253 2228//2228
f 2278//2278 2124//2124 2152//2152
f 2253//2253 2124//2124 2278//2278
f 2124//2124 2253//2253 2100//2100
f 2014//2014 2035//2035 2202//2202
f 2229//2229 2035//2035 2072//2072
f 2035//2035 2229//2229 2202//2202
f 562//562 600//600 547//547
f 600//600 825//825 826//826
f 824//824 825//825 600//600
f 619//619 824//824 600//600
f 1331//1331 1115//1115 1140//1140
f 1592//1592 1397//1397 1615//1615
f 958//958 1147//1147 959//959
f 1146//1146 1181//1181 1147//1147
f 958//958 1146//1146 1147//1147
f 1146//1146 958//958 957//957
f 1146//1146 957//957 956//956
f 1146//1146 956//956 1145//1145
f 1181//1181 1146//1146 1145//1145
f 1760//1760 1488//1488 1759//1759
f 1488//1488 1487//1487 1759//1759
f 1488//1488 1760//1760 1489//1489
f 1790//1790 1490//1490 1761//1761
f 1791//1791 1790//1790 2078//2078
f 1516//1516 1515//1515 1792//1792
f 1515//1515 1791//1791 1792//1792
f 1973//1973 1995//1995 1794//1794
f 1995//1995 1973//1973 2206//2206
f 2232//2232 1995//1995 2206//2206
f 1996//1996 1995//1995 2232//2232
f 2016//2016 1996//1996 2232//2232
f 2016//2016 2052//2052 2017//2017
f 2052//2052 2016//2016 2232//2232
f 2016//2016 1827//1827 1996//1996
f 1827//1827 2016//2016 2017//2017
f 1457//1457 1756//1756 1458//1458
f 1446//1446 1445//1445 1748//1748
f 1791//1791 2079//2079 1792//1792
f 2079//2079 1791//1791 2078//2078
f 2414//2414 2157//2157 2156//2156
f 2130//2130 2106//2106 2389//2389
f 2106//2106 2130//2130 2129//2129
f 2130//2130 1879//1879 2129//2129
f 2041//2041 1749//1749 1748//1748
f 1752//1752 1753//1753 1452//1452
f 2414//2414 2390//2390 2389//2389
f 2390//2390 2414//2414 2156//2156
f 2390//2390 2130//2130 2389//2389
f 233//233 232//232 251//251
f 51//51 35//35 50//50
f 253//253 127//127 235//235
f 254//254 253//253 251//251
f 129//129 254//254 130//130
f 254//254 129//129 127//127
f 253//253 254//254 127//127
f 679//679 680//680 651//651
f 310//310 436//436 324//324
f 564//564 765//765 565//565
f 564//564 533//533 765//765
f 564//564 551//551 533//533
f 564//564 565//565 552//552
f 551//551 564//564 552//552
f 455//455 456//456 457//457
f 452//452 454//454 453//453
f 454//454 455//455 453//453
f 48//48 49//49 34//34
f 35//35 49//49 50//50
f 49//49 35//35 34//34
f 49//49 108//108 50//50
f 108//108 49//49 48//48
f 52//52 40//40 128//128
f 38//38 40//40 34//34
f 40//40 38//38 39//39
f 54//54 130//130 55//55
f 54//54 129//129 130//130
f 465//465 464//464 688//688
f 463//463 464//464 465//465
f 65//65 140//140 66//66
f 66//66 141//141 142//142
f 140//140 141//141 66//66
f 142//142 141//141 271//271
f 141//141 140//140 271//271
f 254//254 131//131 130//130
f 130//130 131//131 55//55
f 140//140 257//257 271//271
f 257//257 131//131 256//256
f 131//131 257//257 140//140
f 165//165 75//75 74//74
f 164//164 165//165 74//74
f 165//165 164//164 307//307
f 155//155 271//271 291//291
f 155//155 142//142 271//271
f 565//565 582//582 552//552
f 360//360 486//486 361//361
f 486//486 501//501 515//515
f 1294//1294 1424//1424 1425//1425
f 1879//1879 1618//1618 1597//1597
f 1295//1295 1294//1294 1425//1425
f 1295//1295 1462//1462 1316//1316
f 926//926 910//910 927//927
f 858//858 926//926 927//927
f 910//910 892//892 909//909
f 892//892 876//876 909//909
f 926//926 892//892 910//910
f 876//876 794//794 875//875
f 794//794 774//774 875//875
f 774//774 794//794 775//775
f 775//775 794//794 795//795
f 892//892 794//794 876//876
f 794//794 814//814 795//795
f 794//794 892//892 814//814
f 657//657 772//772 694//694
f 772//772 773//773 694//694
f 812//812 813//813 695//695
f 813//813 718//718 695//695
f 857//857 909//909 875//875
f 857//857 1034//1034 909//909
f 736//736 856//856 752//752
f 833//833 856//856 736//736
f 856//856 875//875 752//752
f 856//856 857//857 875//875
f 988//988 813//813 812//812
f 604//604 605//605 518//518
f 488//488 503//503 518//518
f 503//503 604//604 518//518
f 487//487 503//503 488//488
f 853//853 852//852 851//851
f 536//536 553//553 554//554
f 554//554 553//553 566//566
f 553//553 536//536 535//535
f 534//534 553//553 535//535
f 748//748 769//769 733//733
f 768//768 748//748 889//889
f 748//748 733//733 889//889
f 710//710 711//711 483//483
f 711//711 712//712 483//483
f 712//712 711//711 710//710
f 765//765 766//766 565//565
f 766//766 767//767 565//565
f 767//767 808//808 565//565
f 808//808 582//582 565//565
f 1293//1293 1118//1118 1096//1096
f 1095//1095 1291//1291 1096//1096
f 1073//1073 1074//1074 851//851
f 1074//1074 1075//1075 851//851
f 1074//1074 1268//1268 1269//1269
f 1094//1094 1074//1074 1269//1269
f 1075//1075 1074//1074 1094//1094
f 1268//1268 1074//1074 1247//1247
f 1074//1074 1073//1073 1247//1247
f 2244//2244 2245//2245 2294//2294
f 2245//2245 2271//2271 2294//2294
f 3083//3083 3111//3111 3084//3084
f 2989//2989 3012//3012 3038//3038
f 2317//2317 2291//2291 2343//2343
f 2291//2291 2399//2399 2343//2343
f 2217//2217 2290//2290 2242//2242
f 2681//2681 2660//2660 2659//2659
f 2660//2660 2637//2637 2659//2659
f 2402//2402 2452//2452 2427//2427
f 2502//2502 2452//2452 2402//2402
f 2452//2452 2502//2502 2525//2525
f 2453//2453 2452//2452 2525//2525
f 2477//2477 2549//2549 2503//2503
f 2477//2477 2453//2453 2549//2549
f 2477//2477 2452//2452 2453//2453
f 2452//2452 2477//2477 2427//2427
f 1389//1389 1367//1367 1366//1366
f 1411//1411 1389//1389 1410//1410
f 1367//1367 1389//1389 1411//1411
f 1606//1606 1583//1583 1582//1582
f 1583//1583 1606//1606 1630//1630
f 2063//2063 2093//2093 2028//2028
f 2093//2093 2063//2063 2092//2092
f 2093//2093 2006//2006 2028//2028
f 1681//1681 1630//1630 1680//1680
f 1705//1705 1681//1681 1680//1680
f 1681//1681 1705//1705 1630//1630
f 1806//1806 1774//1774 1680//1680
f 2027//2027 1982//1982 2005//2005
f 2142//2142 2027//2027 2005//2005
f 2027//2027 2142//2142 2062//2062
f 1890//1890 1937//1937 1913//1913
f 1961//1961 1937//1937 1890//1890
f 1978//1978 1886//1886 1956//1956
f 1886//1886 1978//1978 2000//2000
f 1910//1910 1886//1886 2000//2000
f 2022//2022 1910//1910 2000//2000
f 1910//1910 2022//2022 1934//1934
f 1910//1910 1934//1934 1887//1887
f 1886//1886 1910//1910 1887//1887
f 2188//2188 2138//2138 2163//2163
f 2189//2189 2188//2188 2163//2163
f 1934//1934 1803//1803 1887//1887
f 1803//1803 1770//1770 1887//1887
f 1498//1498 1468//1468 1551//1551
f 1341//1341 1468//1468 1365//1365
f 1431//1431 1468//1468 1323//1323
f 1468//1468 1341//1341 1323//1323
f 2426//2426 2475//2475 2344//2344
f 2402//2402 2475//2475 2476//2476
f 2475//2475 2402//2402 2344//2344
f 2401//2401 2270//2270 2269//2269
f 2292//2292 2270//2270 2401//2401
f 2318//2318 2292//2292 2344//2344
f 2143//2143 2217//2217 2242//2242
f 2217//2217 2143//2143 2192//2192
f 2091//2091 2143//2143 2116//2116
f 2143//2143 2091//2091 2192//2192
f 2218//2218 2167//2167 2317//2317
f 2090//2090 2115//2115 2005//2005
f 2089//2089 2090//2090 2005//2005
f 2090//2090 2165//2165 2115//2115
f 2089//2089 2061//2061 2114//2114
f 2115//2115 2141//2141 2005//2005
f 2141//2141 2142//2142 2005//2005
f 2091//2091 2166//2166 2192//2192
f 2142//2142 2166//2166 2091//2091
f 2166//2166 2142//2142 2216//2216
f 4893//4893 4871//4871 4892//4892
f 4893//4893 4879//4879 4871//4871
f 4904//4904 4893//4893 4892//4892
f 5023//5023 5049//5049 5024//5024
f 5023//5023 5024//5024 5002//5002
f 5077//5077 5049//5049 5076//5076
f 5049//5049 5077//5077 5024//5024
f 4943//4943 4867//4867 4876//4876
f 5095//5095 5077//5077 5076//5076
f 4929//4929 4945//4945 4919//4919
f 4944//4944 4945//4945 4929//4929
f 4805//4805 4776//4776 4738//4738
f 4776//4776 4777//4777 4738//4738
f 4776//4776 4805//4805 4806//4806
f 4758//4758 4776//4776 4806//4806
f 4776//4776 4758//4758 4777//4777
f 4739//4739 4698//4698 4738//4738
f 4739//4739 4758//4758 4740//4740
f 4777//4777 4739//4739 4738//4738
f 4758//4758 4739//4739 4777//4777
f 4699//4699 4668//4668 4667//4667
f 4698//4698 4699//4699 4683//4683
f 4668//4668 4699//4699 4646//4646
f 4699//4699 4666//4666 4683//4683
f 4699//4699 4667//4667 4666//4666
f 3837//3837 3884//3884 3910//3910
f 3983//3983 4084//4084 4066//4066
f 4202//4202 4222//4222 4203//4203
f 4222//4222 4425//4425 4203//4203
f 4222//4222 4292//4292 4425//4425
f 4201//4201 4291//4291 4181//4181
f 4291//4291 4201//4201 4221//4221
f 3687//3687 3638//3638 3662//3662
f 3860//3860 3815//3815 3911//3911
f 3860//3860 3794//3794 3815//3815
f 3794//3794 3860//3860 3839//3839
f 3253//3253 3254//3254 3229//3229
f 3253//3253 3252//3252 3274//3274
f 3059//3059 3081//3081 3109//3109
f 3081//3081 3135//3135 3109//3109
f 3684//3684 3713//3713 3748//3748
f 3816//3816 3794//3794 3839//3839
f 5126//5126 5214//5214 5182//5182
f 5199//5199 5214//5214 5228//5228
f 5117//5117 5116//5116 5126//5126
f 5117//5117 5182//5182 5164//5164
f 5117//5117 5126//5126 5182//5182
f 5125//5125 5116//5116 5132//5132
f 5116//5116 5125//5125 5126//5126
f 5131//5131 5125//5125 5132//5132
f 4578//4578 4559//4559 4560//4560
f 4577//4577 4752//4752 4732//4732
f 4559//4559 4577//4577 4732//4732
f 4577//4577 4559//4559 4578//4578
f 4798//4798 4770//4770 4592//4592
f 4888//4888 4900//4900 4987//4987
f 4900//4900 4915//4915 4987//4987
f 4527//4527 4528//4528 4504//4504
f 4528//4528 4505//4505 4504//4504
f 4259//4259 4285//4285 4286//4286
f 4694//4694 4677//4677 4693//4693
f 4157//4157 4044//4044 4063//4063
f 3681//3681 3811//3811 3812//3812
f 3811//3811 3710//3710 3831//3831
f 3811//3811 3681//3681 3710//3710
f 3955//3955 3981//3981 4101//4101
f 3881//3881 4045//4045 3856//3856
f 4064//4064 4045//4045 3907//3907
f 4045//4045 3881//3881 3907//3907
f 3833//3833 3982//3982 3834//3834
f 3813//3813 3833//3833 3834//3834
f 3982//3982 3956//3956 3834//3834
f 3956//3956 3982//3982 4011//4011
f 3791//3791 3929//3929 3792//3792
f 3791//3791 3813//3813 3929//3929
f 3883//3883 3767//3767 3792//3792
f 3767//3767 3883//3883 3746//3746
f 3767//3767 3791//3791 3792//3792
f 3882//3882 3883//3883 3792//3792
f 4580//4580 4561//4561 4579//4579
f 4402//4402 4420//4420 4401//4401
f 4402//4402 4387//4387 4388//4388
f 4387//4387 4402//4402 4401//4401
f 4773//4773 4799//4799 4772//4772
f 4754//4754 4773//4773 4772//4772
f 4695//4695 4858//4858 4830//4830
f 4596//4596 4611//4611 4681//4681
f 4611//4611 4626//4626 4681//4681
f 4481//4481 4463//4463 4462//4462
f 4390//4390 4373//4373 4405//4405
f 4373//4373 4390//4390 4374//4374
f 4668//4668 4630//4630 4666//4666
f 4444//4444 4424//4424 4374//4374
f 4390//4390 4444//4444 4374//4374
f 4738//4738 4597//4597 4612//4612
f 4597//4597 4628//4628 4612//4612
f 4597//4597 4738//4738 4683//4683
f 4583//4583 4597//4597 4683//4683
f 4597//4597 4583//4583 4584//4584
f 4481//4481 4597//4597 4584//4584
f 4316//4316 4446//4446 4425//4425
f 4446//4446 4598//4598 4425//4425
f 4424//4424 4354//4354 4374//4374
f 4406//4406 4354//4354 4424//4424
f 4354//4354 4406//4406 4314//4314
f 4391//4391 4375//4375 4289//4289
f 4442//4442 4441//4441 4461//4461
f 4421//4421 4442//4442 4422//4422
f 4442//4442 4421//4421 4441//4441
f 4312//4312 4441//4441 4287//4287
f 4441//4441 4312//4312 4461//4461
f 4176//4176 4313//4313 4155//4155
f 4176//4176 4198//4198 4313//4313
f 4198//4198 4176//4176 4218//4218
f 4177//4177 4157//4157 4063//4063
f 4079//4079 4177//4177 4063//4063
f 4177//4177 4079//4079 4199//4199
f 4136//4136 4288//4288 4262//4262
f 4288//4288 4136//4136 4313//4313
f 4288//4288 4263//4263 4262//4262
f 4219//4219 4136//4136 4262//4262
f 4263//4263 4219//4219 4262//4262
f 4219//4219 4263//4263 4239//4239
f 4219//4219 4239//4239 4199//4199
f 4079//4079 4219//4219 4199//4199
f 4219//4219 4079//4079 4100//4100
f 5290//5290 5293//5293 5294//5294
f 5295//5295 5290//5290 5294//5294
f 5290//5290 5291//5291 5285//5285
f 5290//5290 5295//5295 5291//5291
f 5302//5302 5301//5301 5307//5307
f 5301//5301 5302//5302 5297//5297
f 5299//5299 5302//5302 5307//5307
f 5298//5298 5293//5293 5297//5297
f 5298//5298 5299//5299 5293//5293
f 5302//5302 5298//5298 5297//5297
f 5298//5298 5302//5302 5299//5299
f 5286//5286 5292//5292 5287//5287
f 5292//5292 5286//5286 5291//5291
f 5292//5292 5288//5288 5287//5287
f 5292//5292 5295//5295 5288//5288
f 5295//5295 5292//5292 5291//5291
f 5284//5284 5257//5257 5256//5256
f 5257//5257 5284//5284 5241//5241
f 5182//5182 5192//5192 5193//5193
f 5191//5191 5192//5192 5182//5182
f 5200//5200 5191//5191 5199//5199
f 5192//5192 5200//5200 5193//5193
f 5200//5200 5192//5192 5191//5191
f 5020//5020 5046//5046 5133//5133
f 5046//5046 5138//5138 5133//5133
f 4997//4997 4999//4999 4986//4986
f 5073//5073 5072//5072 5145//5145
f 4997//4997 5073//5073 5044//5044
f 5073//5073 4997//4997 5091//5091
f 5072//5072 5092//5092 5164//5164
f 5092//5092 5099//5099 5164//5164
f 5099//5099 5092//5092 5091//5091
f 5092//5092 5073//5073 5091//5091
f 5073//5073 5092//5092 5072//5072
f 5048//5048 5021//5021 4927//4927
f 4971//4971 5100//5100 5101//5101
f 4971//4971 4997//4997 4986//4986
f 5021//5021 5022//5022 4927//4927
f 5000//5000 5022//5022 5021//5021
f 5022//5022 4915//4915 4927//4927
f 5022//5022 5000//5000 4915//4915
f 3848//3848 4055//4055 3872//3872
f 4111//4111 3944//3944 3916//3916
f 4094//4094 4111//4111 3916//3916
f 4111//4111 4094//4094 4272//4272
f 2957//2957 2978//2978 2979//2979
f 3001//3001 2978//2978 2957//2957
f 2919//2919 2857//2857 2918//2918
f 2919//2919 2981//2981 2896//2896
f 2919//2919 2918//2918 2981//2981
f 2837//2837 2919//2919 2896//2896
f 2857//2857 2919//2919 2837//2837
f 2538//2538 2391//2391 2362//2362
f 2392//2392 2391//2391 2538//2538
f 2391//2391 2208//2208 2362//2362
f 2258//2258 2392//2392 2416//2416
f 2515//2515 2516//2516 2335//2335
f 2516//2516 2515//2515 2489//2489
f 2306//2306 2515//2515 2335//2335
f 2515//2515 2306//2306 2489//2489
f 3075//3075 3074//3074 3221//3221
f 3245//3245 3074//3074 3102//3102
f 2916//2916 2895//2895 2876//2876
f 2895//2895 2980//2980 2876//2876
f 2980//2980 2895//2895 3002//3002
f 3026//3026 3152//3152 3027//3027
f 3740//3740 3739//3739 4004//4004
f 3073//3073 3049//3049 3072//3072
f 3049//3049 3050//3050 3025//3025
f 3072//3072 3049//3049 3025//3025
f 3126//3126 3245//3245 3102//3102
f 3245//3245 3126//3126 3266//3266
f 2957//2957 3126//3126 3102//3102
f 3126//3126 2957//2957 2979//2979
f 3150//3150 3174//3174 3312//3312
f 3974//3974 3975//3975 3704//3704
f 3710//3710 3855//3855 3831//3831
f 4099//4099 4116//4116 4117//4117
f 4154//4154 4041//4041 4153//4153
f 4041//4041 4174//4174 4153//4153
f 4174//4174 4041//4041 4040//4040
f 4041//4041 4134//4134 3978//3978
f 4041//4041 4154//4154 4134//4134
f 3606//3606 3852//3852 3827//3827
f 3606//3606 3630//3630 3852//3852
f 4659//4659 4658//4658 4657//4657
f 4350//4350 4132//4132 4152//4152
f 4235//4235 4260//4260 4236//4236
f 4115//4115 4097//4097 4114//4114
f 4115//4115 4284//4284 4285//4285
f 4284//4284 4115//4115 4114//4114
f 4259//4259 4115//4115 4285//4285
f 4115//4115 4259//4259 4097//4097
f 4349//4349 4350//4350 4152//4152
f 4368//4368 4349//4349 4152//4152
f 475//475 444//444 443//443
f 275//275 413//413 398//398
f 786//786 787//787 804//804
f 528//528 527//527 546//546
f 529//529 528//528 546//546
f 1480//1480 1309//1309 1308//1308
f 1021//1021 1020//1020 1045//1045
f 1020//1020 934//934 1045//1045
f 722//722 757//757 740//740
f 757//757 723//723 740//740
f 1344//1344 1214//1214 1434//1434
f 1657//1657 1529//1529 1607//1607
f 1631//1631 1657//1657 1607//1607
f 1657//1657 1631//1631 1706//1706
f 1529//1529 1502//1502 1607//1607
f 1555//1555 1502//1502 1529//1529
f 1019//1019 1044//1044 1045//1045
f 1216//1216 1237//1237 1258//1258
f 1215//1215 1237//1237 1216//1216
f 919//919 802//802 935//935
f 702//702 802//802 632//632
f 865//865 801//801 820//820
f 801//801 758//758 785//785
f 1239//1239 1021//1021 1045//1045
f 1239//1239 1260//1260 1217//1217
f 1137//1137 1087//1087 1021//1021
f 1164//1164 1196//1196 1217//1217
f 573//573 591//591 592//592
f 590//590 591//591 573//573
f 591//591 666//666 592//592
f 664//664 630//630 612//612
f 591//591 630//630 666//666
f 630//630 591//591 590//590
f 612//612 613//613 525//525
f 593//593 575//575 592//592
f 575//575 593//593 560//560
f 573//573 543//543 525//525
f 934//934 842//842 841//841
f 842//842 781//781 841//841
f 492//492 508//508 507//507
f 593//593 492//492 507//507
f 508//508 492//492 493//493
f 847//847 822//822 848//848
f 803//803 823//823 804//804
f 803//803 822//822 823//823
f 596//596 615//615 632//632
f 578//578 596//596 632//632
f 366//366 365//365 393//393
f 493//493 366//366 393//393
f 527//527 545//545 546//546
f 545//545 578//578 546//546
f 1689//1689 1710//1710 1709//1709
f 1708//1708 1688//1688 1687//1687
f 1475//1475 1436//1436 1474//1474
f 1533//1533 1476//1476 1418//1418
f 1589//1589 1418//1418 1588//1588
f 1662//1662 1418//1418 1661//1661
f 1662//1662 1636//1636 1418//1418
f 1418//1418 1611//1611 1588//1588
f 1636//1636 1611//1611 1418//1418
f 2151//2151 2012//2012 2033//2033
f 1558//1558 1559//1559 1474//1474
f 1559//1559 1610//1610 1532//1532
f 1559//1559 1558//1558 1610//1610
f 1610//1610 1609//1609 1812//1812
f 1609//1609 1686//1686 1812//1812
f 2150//2150 2225//2225 2121//2121
f 2251//2251 2150//2150 2173//2173
f 2225//2225 2150//2150 2251//2251
f 2096//2096 2119//2119 2066//2066
f 2222//2222 2170//2170 2247//2247
f 2273//2273 2297//2297 2296//2296
f 2297//2297 2273//2273 2247//2247
f 2768//2768 2747//2747 2788//2788
f 2788//2788 2747//2747 2808//2808
f 1106//1106 1214//1214 1107//1107
f 1157//1157 1063//1063 1017//1017
f 2030//2030 2096//2096 2066//2066
f 1659//1659 1731//1731 1633//1633
f 1985//1985 1984//1984 2065//2065
f 1837//1837 1893//1893 1776//1776
f 1809//1809 1837//1837 1776//1776
f 1837//1837 1809//1809 1808//1808
f 1775//1775 1809//1809 1776//1776
f 1632//1632 1633//1633 1608//1608
f 1632//1632 1659//1659 1633//1633
f 1656//1656 1607//1607 1655//1655
f 1656//1656 1631//1631 1607//1607
f 1631//1631 1682//1682 1706//1706
f 1656//1656 1682//1682 1631//1631
f 1682//1682 1656//1656 1655//1655
f 1215//1215 1085//1085 1108//1108
f 1085//1085 1215//1215 1193//1193
f 212//212 247//247 193//193
f 247//247 212//212 211//211
f 212//212 193//193 94//94
f 32//32 30//30 31//31
f 34//34 32//32 33//33
f 30//30 32//32 34//34
f 32//32 48//48 33//33
f 26//26 17//17 16//16
f 17//17 30//30 34//34
f 28//28 89//89 29//29
f 30//30 28//28 29//29
f 88//88 26//26 87//87
f 88//88 28//28 26//26
f 28//28 88//88 89//89
f 426//426 428//428 427//427
f 433//433 452//452 453//453
f 433//433 432//432 452//452
f 452//452 431//431 430//430
f 431//431 432//432 430//430
f 432//432 431//431 452//452
f 188//188 190//190 189//189
f 189//189 190//190 177//177
f 205//205 240//240 369//369
f 239//239 240//240 205//205
f 178//178 179//179 177//177
f 178//178 192//192 179//179
f 192//192 335//335 336//336
f 335//335 384//384 336//336
f 58//58 59//59 56//56
f 59//59 58//58 70//70
f 61//61 70//70 149//149
f 146//146 70//70 69//69
f 115//115 45//45 43//43
f 44//44 45//45 46//46
f 45//45 44//44 43//43
f 117//117 47//47 46//46
f 47//47 117//117 18//18
f 669//669 670//670 633//633
f 668//668 669//669 633//633
f 669//669 668//668 704//704
f 400//400 382//382 276//276
f 98//98 97//97 214//214
f 97//97 194//194 214//214
f 194//194 97//97 96//96
f 97//97 98//98 5//5
f 97//97 5//5 4//4
f 96//96 97//97 4//4
f 648//648 452//452 647//647
f 648//648 649//649 452//452
f 452//452 650//650 651//651
f 649//649 650//650 452//452
f 650//650 679//679 651//651
f 1745//1745 1442//1442 1486//1486
f 340//340 280//280 258//258
f 281//281 280//280 293//293
f 374//374 280//280 340//340
f 293//293 280//280 375//375
f 280//280 374//374 375//375
f 167//167 166//166 175//175
f 166//166 167//167 159//159
f 183//183 168//168 175//175
f 168//168 167//167 175//175
f 168//168 183//183 176//176
f 167//167 168//168 159//159
f 145//145 168//168 176//176
f 158//158 168//168 145//145
f 168//168 158//158 159//159
f 158//158 166//166 159//159
f 166//166 158//158 157//157
f 144//144 150//150 145//145
f 150//150 144//144 143//143
f 405//405 311//311 298//298
f 389//389 405//405 298//298
f 312//312 405//405 437//437
f 311//311 405//405 312//312
f 405//405 536//536 437//437
f 515//515 517//517 516//516
f 377//377 376//376 388//388
f 376//376 534//534 388//388
f 376//376 517//517 534//534
f 517//517 376//376 516//516
f 376//376 377//377 361//361
f 236//236 360//360 260//260
f 236//236 260//260 237//237
f 204//204 236//236 237//237
f 236//236 204//204 203//203
f 351//351 236//236 203//203
f 469//469 343//343 438//438
f 469//469 487//487 343//343
f 354//354 330//330 329//329
f 331//331 330//330 354//354
f 330//330 313//313 329//329
f 313//313 330//330 331//331
f 344//344 331//331 354//354
f 344//344 363//363 364//364
f 363//363 344//344 354//354
f 300//300 344//344 364//364
f 331//331 344//344 300//300
f 696//696 659//659 660//660
f 696//696 660//660 719//719
f 720//720 696//696 719//719
f 964//964 963//963 1100//1100
f 964//964 1151//1151 990//990
f 964//964 990//990 877//877
f 858//858 964//964 877//877
f 963//963 964//964 858//858
f 472//472 491//491 506//506
f 491//491 472//472 471//471
f 1340//1340 1255//1255 1234//1234
f 1341//1341 1301//1301 1323//1323
f 1301//1301 1431//1431 1323//1323
f 1192//1192 1256//1256 1156//1156
f 1191//1191 1192//1192 1156//1156
f 1192//1192 1129//1129 1213//1213
f 1129//1129 1192//1192 1191//1191
f 1104//1104 1129//1129 1156//1156
f 1129//1129 1191//1191 1156//1156
f 1056//1056 1035//1035 1036//1036
f 1057//1057 1056//1056 1036//1036
f 911//911 1056//1056 928//928
f 1056//1056 911//911 1035//1035
f 1253//1253 1209//1209 1232//1232
f 878//878 893//893 894//894
f 894//894 893//893 1013//1013
f 990//990 893//893 877//877
f 893//893 878//878 877//877
f 738//738 737//737 835//835
f 878//878 738//738 835//835
f 738//738 753//753 737//737
f 753//753 738//738 754//754
f 754//754 738//738 776//776
f 738//738 878//878 776//776
f 3798//3798 3841//3841 3755//3755
f 3841//3841 3798//3798 3819//3819
f 3718//3718 3689//3689 3753//3753
f 3689//3689 3718//3718 3690//3690
f 3754//3754 3718//3718 3753//3753
f 3718//3718 3754//3754 3690//3690
f 3595//3595 3573//3573 3594//3594
f 3550//3550 3573//3573 3595//3595
f 3573//3573 3550//3550 3572//3572
f 3573//3573 3665//3665 3594//3594
f 3665//3665 3573//3573 3572//3572
f 4015//4015 4049//4049 4016//4016
f 4049//4049 4069//4069 4070//4070
f 4016//4016 4049//4049 4070//4070
f 4069//4069 4049//4049 4123//4123
f 3888//3888 3962//3962 3988//3988
f 4015//4015 3888//3888 3988//3988
f 3962//3962 3888//3888 3865//3865
f 3888//3888 4015//4015 4016//4016
f 3888//3888 4016//4016 4070//4070
f 3935//3935 3962//3962 3865//3865
f 3935//3935 3887//3887 3934//3934
f 3887//3887 3935//3935 3865//3865
f 3961//3961 3935//3935 3934//3934
f 3962//3962 3935//3935 3961//3961
f 3863//3863 3841//3841 3819//3819
f 3887//3887 3863//3863 3934//3934
f 3403//3403 3433//3433 3328//3328
f 3433//3433 3489//3489 3328//3328
f 3376//3376 3377//3377 3352//3352
f 3377//3377 3376//3376 3403//3403
f 3327//3327 3352//3352 3328//3328
f 3302//3302 3327//3327 3328//3328
f 3210//3210 3327//3327 3302//3302
f 3256//3256 3277//3277 3328//3328
f 3277//3277 3302//3302 3328//3328
f 3210//3210 3277//3277 3256//3256
f 3277//3277 3210//3210 3302//3302
f 3378//3378 3404//3404 3435//3435
f 3404//3404 3434//3434 3435//3435
f 3329//3329 3404//3404 3378//3378
f 3469//3469 3490//3490 3435//3435
f 3434//3434 3469//3469 3435//3435
f 3469//3469 3510//3510 3490//3490
f 3552//3552 3490//3490 3532//3532
f 3551//3551 3574//3574 3575//3575
f 3574//3574 3597//3597 3575//3575
f 3574//3574 3551//3551 3531//3531
f 3597//3597 3574//3574 3619//3619
f 3868//3868 3937//3937 3938//3938
f 3868//3868 3889//3889 3913//3913
f 3867//3867 3889//3889 3868//3868
f 3163//3163 3165//3165 3164//3164
f 3138//3138 3163//3163 3164//3164
f 3163//3163 3232//3232 3165//3165
f 3232//3232 3163//3163 3185//3185
f 3086//3086 3163//3163 3138//3138
f 3163//3163 3086//3086 3185//3185
f 3431//3431 3430//3430 3465//3465
f 3465//3465 3430//3430 3487//3487
f 3430//3430 3431//3431 3402//3402
f 3466//3466 3351//3351 3402//3402
f 3431//3431 3466//3466 3402//3402
f 3466//3466 3431//3431 3465//3465
f 3466//3466 3465//3465 3487//3487
f 3507//3507 3466//3466 3487//3487
f 3529//3529 3466//3466 3507//3507
f 3466//3466 3530//3530 3467//3467
f 3530//3530 3466//3466 3529//3529
f 3210//3210 3186//3186 3166//3166
f 3186//3186 3210//3210 3233//3233
f 3186//3186 3064//3064 3166//3166
f 3064//3064 3186//3186 3233//3233
f 3351//3351 3375//3375 3402//3402
f 3350//3350 3375//3375 3351//3351
f 3209//3209 3326//3326 3231//3231
f 3326//3326 3430//3430 3402//3402
f 3430//3430 3326//3326 3487//3487
f 3375//3375 3326//3326 3402//3402
f 3326//3326 3375//3375 3350//3350
f 3301//3301 3350//3350 3351//3351
f 3301//3301 3326//3326 3350//3350
f 3326//3326 3301//3301 3231//3231
f 2689//2689 2644//2644 2666//2666
f 2644//2644 2689//2689 2667//2667
f 2176//2176 2303//2303 2152//2152
f 2303//2303 2302//2302 2325//2325
f 2302//2302 2201//2201 2325//2325
f 2176//2176 2302//2302 2303//2303
f 2302//2302 2176//2176 2201//2201
f 2069//2069 1943//1943 2099//2099
f 2250//2250 2323//2323 2300//2300
f 2225//2225 2200//2200 2098//2098
f 3187//3187 3168//3168 3167//3167
f 3168//3168 3187//3187 3188//3188
f 3279//3279 3257//3257 3278//3278
f 3278//3278 3257//3257 3328//3328
f 3303//3303 3329//3329 3353//3353
f 3329//3329 3303//3303 3278//3278
f 3303//3303 3279//3279 3278//3278
f 3090//3090 3114//3114 3065//3065
f 3042//3042 2994//2994 3017//3017
f 2971//2971 2993//2993 2951//2951
f 2993//2993 3016//3016 2951//2951
f 2952//2952 2933//2933 2972//2972
f 2933//2933 2952//2952 2910//2910
f 3091//3091 3066//3066 3092//3092
f 3171//3171 3192//3192 3193//3193
f 2664//2664 2708//2708 2641//2641
f 2730//2730 2664//2664 2686//2686
f 2664//2664 2730//2730 2708//2708
f 2407//2407 2380//2380 2433//2433
f 4860//4860 4807//4807 4873//4873
f 4807//4807 4860//4860 4832//4832
f 4860//4860 4873//4873 4861//4861
f 4832//4832 4860//4860 4861//4861
f 4759//4759 4779//4779 4808//4808
f 4779//4779 4807//4807 4808//4808
f 4779//4779 4759//4759 4778//4778
f 4807//4807 4779//4779 4778//4778
f 4881//4881 4906//4906 4861//4861
f 4905//4905 4906//4906 4881//4881
f 4965//4965 4976//4976 4977//4977
f 4976//4976 4965//4965 4964//4964
f 3777//3777 3778//3778 3757//3757
f 3777//3777 3757//3757 3869//3869
f 3800//3800 3821//3821 3801//3801
f 3778//3778 3800//3800 3801//3801
f 4090//4090 4089//4089 4088//4088
f 4109//4109 4090//4090 4088//4088
f 4109//4109 4144//4144 4125//4125
f 4163//4163 4109//4109 4088//4088
f 4144//4144 4109//4109 4163//4163
f 3870//3870 3845//3845 3844//3844
f 3891//3891 3890//3890 3938//3938
f 3891//3891 3870//3870 3844//3844
f 3821//3821 3891//3891 3844//3844
f 3800//3800 3891//3891 3821//3821
f 3891//3891 3800//3800 3778//3778
f 3777//3777 3891//3891 3778//3778
f 3890//3890 3891//3891 3869//3869
f 3891//3891 3777//3777 3869//3869
f 4224//4224 4246//4246 4245//4245
f 4224//4224 4267//4267 4246//4246
f 4267//4267 4224//4224 4223//4223
f 4204//4204 4224//4224 4245//4245
f 4224//4224 4204//4204 4223//4223
f 4108//4108 4124//4124 4070//4070
f 4087//4087 4108//4108 4070//4070
f 4183//4183 4204//4204 4184//4184
f 4162//4162 4183//4183 4184//4184
f 4204//4204 4183//4183 4223//4223
f 4223//4223 4183//4183 4123//4123
f 4143//4143 4162//4162 4124//4124
f 4183//4183 4143//4143 4123//4123
f 4143//4143 4183//4183 4162//4162
f 4600//4600 4616//4616 4632//4632
f 4616//4616 4633//4633 4632//4632
f 4718//4718 4717//4717 4719//4719
f 4717//4717 4718//4718 4701//4701
f 4720//4720 4718//4718 4719//4719
f 4718//4718 4720//4720 4701//4701
f 4321//4321 4359//4359 4360//4360
f 4359//4359 4380//4380 4394//4394
f 4380//4380 4428//4428 4410//4410
f 4394//4394 4380//4380 4410//4410
f 4226//4226 4247//4247 4269//4269
f 4247//4247 4268//4268 4269//4269
f 4225//4225 4247//4247 4226//4226
f 4247//4247 4225//4225 4268//4268
f 4227//4227 4208//4208 4248//4248
f 4208//4208 4207//4207 4248//4248
f 4208//4208 4227//4227 4209//4209
f 4566//4566 4537//4537 4586//4586
f 4512//4512 4537//4537 4486//4486
f 4922//4922 4933//4933 4937//4937
f 4921//4921 4922//4922 4937//4937
f 4725//4725 4706//4706 4705//4705
f 4706//4706 4704//4704 4705//4705
f 4706//4706 4725//4725 4726//4726
f 4113//4113 4112//4112 4298//4298
f 4415//4415 4193//4193 4414//4414
f 4193//4193 4415//4415 4432//4432
f 4415//4415 4433//4433 4432//4432
f 4229//4229 4451//4451 4230//4230
f 4454//4454 4232//4232 4231//4231
f 4213//4213 4212//4212 4434//4434
f 4212//4212 4433//4433 4434//4434
f 5278//5278 5279//5279 5277//5277
f 5276//5276 5278//5278 5277//5277
f 5279//5279 5278//5278 5280//5280
f 5085//5085 5084//5084 5083//5083
f 5084//5084 5082//5082 5083//5083
f 5065//5065 5064//5064 5063//5063
f 5065//5065 5066//5066 5064//5064
f 5281//5281 5279//5279 5280//5280
f 5039//5039 5062//5062 5063//5063
f 5061//5061 5062//5062 5039//5039
f 4571//4571 4336//4336 4570//4570
f 5163//5163 5162//5162 5285//5285
f 5162//5162 5163//5163 5151//5151
f 5161//5161 5162//5162 5151//5151
f 5162//5162 5175//5175 5285//5285
f 5175//5175 5162//5162 5161//5161
f 4283//4283 4256//4256 4282//4282
f 4341//4341 4552//4552 4342//4342
f 4575//4575 4339//4339 4366//4366
f 4979//4979 5051//5051 4980//4980
f 5051//5051 4979//4979 5006//5006
f 4979//4979 4978//4978 5006//5006
f 4978//4978 4979//4979 4977//4977
f 4979//4979 4965//4965 4977//4977
f 4979//4979 4980//4980 4964//4964
f 4965//4965 4979//4979 4964//4964
f 4885//4885 4896//4896 4897//4897
f 4884//4884 4885//4885 4864//4864
f 4882//4882 4884//4884 4864//4864
f 4883//4883 4884//4884 4882//4882
f 4884//4884 4896//4896 4885//4885
f 4896//4896 4884//4884 4883//4883
f 4862//4862 4863//4863 4864//4864
f 4874//4874 4882//4882 4864//4864
f 4863//4863 4874//4874 4864//4864
f 5217//5217 5230//5230 5218//5218
f 5206//5206 5195//5195 5204//5204
f 5217//5217 5206//5206 5216//5216
f 4992//4992 4968//4968 4991//4991
f 5195//5195 5179//5179 5188//5188
f 5179//5179 5187//5187 5188//5188
f 5187//5187 5179//5179 5186//5186
f 5178//5178 5179//5179 5160//5160
f 5179//5179 5178//5178 5186//5186
f 5204//5204 5203//5203 5216//5216
f 5202//5202 5203//5203 5204//5204
f 5203//5203 5201//5201 5216//5216
f 5203//5203 5202//5202 5201//5201
f 5232//5232 5242//5242 5223//5223
f 5231//5231 5230//5230 5242//5242
f 5230//5230 5231//5231 5222//5222
f 5232//5232 5231//5231 5242//5242
f 5231//5231 5232//5232 5222//5222
f 5229//5229 5222//5222 5221//5221
f 5229//5229 5230//5230 5222//5222
f 5220//5220 5229//5229 5221//5221
f 5230//5230 5229//5229 5218//5218
f 5229//5229 5220//5220 5218//5218
f 4786//4786 4784//4784 4785//4785
f 5027//5027 5026//5026 5025//5025
f 5036//5036 5037//5037 5014//5014
f 5035//5035 5036//5036 5014//5014
f 5233//5233 5234//5234 5223//5223
f 5233//5233 5243//5243 5234//5234
f 5242//5242 5233//5233 5223//5223
f 5243//5243 5233//5233 5242//5242
f 4301//4301 4517//4517 4518//4518
f 4302//4302 4301//4301 4518//4518
f 4278//4278 4277//4277 4299//4299
f 4277//4277 4496//4496 4299//4299
f 4521//4521 4542//4542 4327//4327
f 4326//4326 4521//4521 4327//4327
f 4521//4521 4326//4326 4520//4520
f 4301//4301 4498//4498 4517//4517
f 5268//5268 5269//5269 5271//5271
f 5261//5261 5262//5262 5246//5246
f 5262//5262 5263//5263 5246//5246
f 5263//5263 5262//5262 5261//5261
f 5265//5265 5264//5264 5308//5308
f 5031//5031 5030//5030 5032//5032
f 4983//4983 4981//4981 4990//4990
f 4991//4991 4983//4983 4990//4990
f 4968//4968 4983//4983 4991//4991
f 4968//4968 4966//4966 4967//4967
f 4966//4966 4968//4968 4953//4953
f 4966//4966 4953//4953 4952//4952
f 4950//4950 4966//4966 4952//4952
f 5158//5158 5169//5169 5159//5159
f 5169//5169 5158//5158 5170//5170
f 5171//5171 5169//5169 5170//5170
f 5159//5159 5169//5169 5160//5160
f 5169//5169 5171//5171 5160//5160
f 5142//5142 5141//5141 5140//5140
f 5147//5147 5142//5142 5140//5140
f 5146//5146 5149//5149 5107//5107
f 5141//5141 5146//5146 5107//5107
f 5142//5142 5146//5146 5141//5141
f 5146//5146 5142//5142 5147//5147
f 5148//5148 5150//5150 5149//5149
f 5146//5146 5148//5148 5149//5149
f 5148//5148 5146//5146 5147//5147
f 5150//5150 5148//5148 5168//5168
f 5148//5148 5147//5147 5168//5168
f 5178//5178 5172//5172 5177//5177
f 5172//5172 5171//5171 5177//5177
f 5172//5172 5178//5178 5160//5160
f 5171//5171 5172//5172 5160//5160
f 5130//5130 5139//5139 5140//5140
f 5140//5140 5139//5139 5128//5128
f 5139//5139 5123//5123 5128//5128
f 5105//5105 5106//5106 5104//5104
f 5114//5114 5105//5105 5104//5104
f 5105//5105 5114//5114 5106//5106
f 4448//4448 4429//4429 4468//4468
f 4381//4381 4448//4448 4360//4360
f 4448//4448 4381//4381 4410//4410
f 4429//4429 4448//4448 4410//4410
f 2604//2604 2648//2648 2626//2626
f 2648//2648 2604//2604 2584//2584
f 2604//2604 2626//2626 2517//2517
f 2491//2491 2604//2604 2517//2517
f 2584//2584 2490//2490 2466//2466
f 2490//2490 2336//2336 2466//2466
f 2604//2604 2490//2490 2584//2584
f 2490//2490 2604//2604 2491//2491
f 2490//2490 2363//2363 2336//2336
f 2363//2363 2490//2490 2491//2491
f 2736//2736 2737//2737 2714//2714
f 2738//2738 2737//2737 2758//2758
f 2758//2758 2737//2737 2757//2757
f 2737//2737 2736//2736 2757//2757
f 2714//2714 2737//2737 2694//2694
f 3273//3273 3323//3323 3274//3274
f 3252//3252 3273//3273 3274//3274
f 2746//2746 2767//2767 2723//2723
f 2594//2594 2636//2636 2658//2658
f 2636//2636 2594//2594 2614//2614
f 2569//2569 2549//2549 2525//2525
f 2613//2613 2614//2614 2593//2593
f 2613//2613 2593//2593 2570//2570
f 2679//2679 2657//2657 2700//2700
f 2701//2701 2679//2679 2700//2700
f 2679//2679 2636//2636 2657//2657
f 2680//2680 2659//2659 2658//2658
f 2680//2680 2679//2679 2701//2701
f 2636//2636 2680//2680 2658//2658
f 2679//2679 2680//2680 2636//2636
f 2846//2846 2867//2867 2847//2847
f 2867//2867 2827//2827 2847//2847
f 2906//2906 2867//2867 2886//2886
f 2948//2948 2906//2906 2928//2928
f 2767//2767 2786//2786 2807//2807
f 2786//2786 2746//2746 2766//2766
f 2786//2786 2767//2767 2746//2746
f 2826//2826 2806//2806 2825//2825
f 2826//2826 2846//2846 2847//2847
f 2807//2807 2826//2826 2847//2847
f 2786//2786 2826//2826 2807//2807
f 2826//2826 2786//2786 2806//2806
f 2881//2881 2862//2862 2861//2861
f 2822//2822 2821//2821 2842//2842
f 2632//2632 2568//2568 2590//2590
f 3713//3713 3660//3660 3747//3747
f 3747//3747 3660//3660 3768//3768
f 3814//3814 3660//3660 3659//3659
f 3522//3522 3393//3393 3421//3421
f 3393//3393 3500//3500 3394//3394
f 3500//3500 3522//3522 3523//3523
f 3522//3522 3500//3500 3393//3393
f 3077//3077 3003//3003 3104//3104
f 3003//3003 3054//3054 2981//2981
f 3003//3003 3077//3077 3054//3054
f 2918//2918 3003//3003 2981//2981
f 2939//2939 3003//3003 2918//2918
f 2959//2959 3030//3030 3004//3004
f 3030//3030 2959//2959 2981//2981
f 3131//3131 3155//3155 3178//3178
f 3133//3133 3158//3158 3107//3107
f 2778//2778 2798//2798 2799//2799
f 2798//2798 2820//2820 2799//2799
f 2820//2820 2798//2798 2819//2819
f 2798//2798 2797//2797 2819//2819
f 2798//2798 2777//2777 2797//2797
f 2798//2798 2778//2778 2777//2777
f 2821//2821 2841//2841 2842//2842
f 2862//2862 2841//2841 2861//2861
f 2841//2841 2862//2862 2842//2842
f 2839//2839 2859//2859 2860//2860
f 2840//2840 2839//2839 2860//2860
f 2838//2838 2839//2839 2817//2817
f 2859//2859 2839//2839 2838//2838
f 2697//2697 2696//2696 2717//2717
f 2697//2697 2676//2676 2696//2696
f 2287//2287 2396//2396 2421//2421
f 2340//2340 2287//2287 2421//2421
f 2287//2287 2262//2262 2396//2396
f 2523//2523 2567//2567 2590//2590
f 2605//2605 2541//2541 2585//2585
f 2605//2605 2606//2606 2541//2541
f 2605//2605 2585//2585 2649//2649
f 2670//2670 2605//2605 2649//2649
f 2627//2627 2650//2650 2586//2586
f 2606//2606 2627//2627 2586//2586
f 2650//2650 2627//2627 2670//2670
f 2627//2627 2605//2605 2670//2670
f 2605//2605 2627//2627 2606//2606
f 2541//2541 2518//2518 2585//2585
f 2518//2518 2492//2492 2585//2585
f 2442//2442 2539//2539 2540//2540
f 2417//2417 2442//2442 2418//2418
f 2539//2539 2442//2442 2417//2417
f 2562//2562 2468//2468 2540//2540
f 2492//2492 2468//2468 2562//2562
f 2468//2468 2492//2492 2394//2394
f 2606//2606 2563//2563 2541//2541
f 2563//2563 2606//2606 2586//2586
f 2607//2607 2542//2542 2586//2586
f 2542//2542 2563//2563 2586//2586
f 2563//2563 2542//2542 2519//2519
f 2653//2653 2630//2630 2673//2673
f 2630//2630 2653//2653 2610//2610
f 2447//2447 2340//2340 2421//2421
f 2447//2447 2397//2397 2340//2340
f 2496//2496 2448//2448 2422//2422
f 2496//2496 2521//2521 2448//2448
f 2397//2397 2496//2496 2422//2422
f 2716//2716 2738//2738 2739//2739
f 2737//2737 2715//2715 2694//2694
f 2715//2715 2737//2737 2738//2738
f 2694//2694 2715//2715 2673//2673
f 2715//2715 2695//2695 2673//2673
f 2716//2716 2715//2715 2738//2738
f 2715//2715 2716//2716 2695//2695
f 1250//1250 1123//1123 1100//1100
f 1520//1520 1336//1336 1317//1317
f 1336//1336 1335//1335 1317//1317
f 1230//1230 1336//1336 1360//1360
f 1953//1953 1930//1930 1929//1929
f 1930//1930 1953//1953 1954//1954
f 2108//2108 1953//1953 1929//1929
f 1799//1799 1798//1798 1767//1767
f 1798//1798 1623//1623 1601//1601
f 1384//1384 1494//1494 1521//1521
f 1253//1253 1384//1384 1275//1275
f 1384//1384 1253//1253 1338//1338
f 1623//1623 1466//1466 1601//1601
f 1320//1320 1466//1466 1339//1339
f 1675//1675 1700//1700 1574//1574
f 1675//1675 1829//1829 1857//1857
f 1829//1829 1675//1675 1648//1648
f 1858//1858 1675//1675 1857//1857
f 1675//1675 1858//1858 1700//1700
f 1975//1975 1858//1858 1857//1857
f 1858//1858 1975//1975 1976//1976
f 1800//1800 1907//1907 1932//1932
f 1907//1907 1998//1998 2019//2019
f 1252//1252 1274//1274 1125//1125
f 1274//1274 1297//1297 1125//1125
f 1274//1274 1252//1252 1404//1404
f 1297//1297 1274//1274 1404//1404
f 1232//1232 1319//1319 1338//1338
f 1428//1428 1297//1297 1404//1404
f 1428//1428 1464//1464 1465//1465
f 1185//1185 1036//1036 1013//1013
f 1185//1185 1230//1230 1036//1036
f 1335//1335 1185//1185 1317//1317
f 1185//1185 1296//1296 1317//1317
f 1296//1296 1185//1185 1152//1152
f 1252//1252 1251//1251 1360//1360
f 570//570 557//557 717//717
f 718//718 570//570 717//717
f 570//570 718//718 571//571
f 521//521 624//624 625//625
f 624//624 521//521 607//607
f 624//624 607//607 734//734
f 1885//1885 1999//1999 2021//2021
f 1860//1860 1999//1999 1885//1885
f 1999//1999 2084//2084 2109//2109
f 1999//1999 1977//1977 2084//2084
f 1977//1977 1955//1955 2056//2056
f 1955//1955 1977//1977 1932//1932
f 1955//1955 2019//2019 2056//2056
f 1676//1676 1801//1801 1830//1830
f 1801//1801 1800//1800 1830//1830
f 2183//2183 2160//2160 2182//2182
f 1543//1543 1565//1565 1542//1542
f 1824//1824 1543//1543 1542//1542
f 1565//1565 1543//1543 1566//1566
f 1823//1823 1542//1542 1541//1541
f 1823//1823 1824//1824 1542//1542
f 1824//1824 1823//1823 2081//2081
f 1851//1851 1567//1567 1566//1566
f 1851//1851 1852//1852 1567//1567
f 1720//1720 1766//1766 1601//1601
f 1798//1798 1766//1766 1767//1767
f 1766//1766 1798//1798 1601//1601
f 1384//1384 1549//1549 1406//1406
f 1548//1548 1549//1549 1521//1521
f 1549//1549 1384//1384 1521//1521
f 1548//1548 1698//1698 1699//1699
f 1698//1698 1548//1548 1674//1674
f 1698//1698 1720//1720 1699//1699
f 1571//1571 1382//1382 1546//1546
f 1252//1252 1383//1383 1404//1404
f 1382//1382 1383//1383 1252//1252
f 1571//1571 1383//1383 1382//1382
f 1643//1643 1903//1903 1669//1669
f 1903//1903 1643//1643 1642//1642
f 1518//1518 1357//1357 1492//1492
f 1950//1950 1718//1718 1695//1695
f 1718//1718 1950//1950 1973//1973
f 1462//1462 1491//1491 1316//1316
f 1766//1766 1883//1883 1767//1767
f 1520//1520 1644//1644 1546//1546
f 2052//2052 1882//1882 2017//2017
f 2361//2361 2181//2181 2335//2335
f 2181//2181 2159//2159 2335//2335
f 2181//2181 2362//2362 2207//2207
f 2181//2181 2361//2361 2362//2362
f 2159//2159 2181//2181 2018//2018
f 2107//2107 1952//1952 1951//1951
f 1974//1974 1952//1952 2107//2107
f 2083//2083 2055//2055 2208//2208
f 2083//2083 2108//2108 1929//1929
f 2336//2336 2308//2308 2466//2466
f 2308//2308 2307//2307 2466//2466
f 1665//1665 1666//1666 1507//1507
f 1479//1479 1639//1639 1438//1438
f 1639//1639 1479//1479 1638//1638
f 1561//1561 1591//1591 1739//1739
f 1709//1709 1898//1898 1874//1874
f 2071//2071 2100//2100 2072//2072
f 2071//2071 2124//2124 2100//2100
f 1711//1711 1561//1561 1739//1739
f 1711//1711 1535//1535 1561//1561
f 1711//1711 1690//1690 1535//1535
f 1506//1506 1690//1690 1665//1665
f 1535//1535 1690//1690 1506//1506
f 746//746 728//728 747//747
f 548//548 549//549 373//373
f 639//639 420//420 638//638
f 421//421 420//420 639//639
f 641//641 422//422 640//640
f 422//422 639//639 640//640
f 422//422 421//421 639//639
f 422//422 423//423 421//421
f 423//423 422//422 641//641
f 423//423 642//642 424//424
f 423//423 641//641 642//642
f 420//420 418//418 638//638
f 418//418 420//420 419//419
f 216//216 215//215 248//248
f 215//215 216//216 214//214
f 247//247 215//215 214//214
f 600//600 581//581 580//580
f 562//562 581//581 600//600
f 562//562 563//563 373//373
f 563//563 562//562 547//547
f 563//563 548//548 373//373
f 548//548 563//563 547//547
f 371//371 370//370 369//369
f 370//370 206//206 369//369
f 372//372 384//384 359//359
f 372//372 371//371 384//384
f 936//936 920//920 937//937
f 902//902 885//885 903//903
f 1397//1397 1421//1421 1615//1615
f 1398//1398 1373//1373 1397//1397
f 1592//1592 1398//1398 1397//1397
f 1398//1398 1592//1592 1593//1593
f 1562//1562 1398//1398 1593//1593
f 1092//1092 1093//1093 1091//1091
f 1140//1140 1139//1139 1168//1168
f 1166//1166 1376//1376 1377//1377
f 886//886 885//885 887//887
f 1310//1310 1115//1115 1331//1331
f 869//869 868//868 887//887
f 1373//1373 1374//1374 1350//1350
f 1374//1374 1351//1351 1350//1350
f 1398//1398 1374//1374 1373//1373
f 1374//1374 1398//1398 1562//1562
f 1790//1790 1514//1514 1490//1490
f 1514//1514 1790//1790 1791//1791
f 1515//1515 1514//1514 1791//1791
f 2440//2440 2415//2415 2414//2414
f 2440//2440 2414//2414 2389//2389
f 2440//2440 2232//2232 2206//2206
f 2232//2232 2440//2440 2464//2464
f 2415//2415 2180//2180 2179//2179
f 2180//2180 1950//1950 2179//2179
f 2180//2180 2205//2205 1973//1973
f 1950//1950 2180//2180 1973//1973
f 1641//1641 1640//1640 1925//1925
f 1819//1819 1538//1538 1849//1849
f 2358//2358 2079//2079 2078//2078
f 1972//1972 1947//1947 1692//1692
f 1972//1972 1691//1691 1714//1714
f 1691//1691 1972//1972 1692//1692
f 2177//2177 2014//2014 2202//2202
f 2177//2177 1991//1991 2014//2014
f 2125//2125 1946//1946 1945//1945
f 1713//1713 1972//1972 1714//1714
f 1508//1508 1351//1351 1537//1537
f 1351//1351 1508//1508 1329//1329
f 1329//1329 1508//1508 1308//1308
f 1508//1508 1480//1480 1308//1308
f 1716//1716 1754//1754 2046//2046
f 1453//1453 1754//1754 1716//1716
f 1753//1753 1754//1754 1452//1452
f 1754//1754 1453//1453 1452//1452
f 1447//1447 1446//1446 1748//1748
f 1749//1749 1447//1447 1748//1748
f 1447//1447 1749//1749 1448//1448
f 2157//2157 2158//2158 1927//1927
f 2158//2158 2415//2415 2179//2179
f 2415//2415 2158//2158 2414//2414
f 2158//2158 2157//2157 2414//2414
f 1487//1487 1758//1758 1759//1759
f 1460//1460 1758//1758 1487//1487
f 1749//1749 1750//1750 1448//1448
f 1750//1750 1449//1449 1448//1448
f 1450//1450 1750//1750 1751//1751
f 1750//1750 1450//1450 1449//1449
f 1445//1445 1746//1746 1747//1747
f 1746//1746 1445//1445 1444//1444
f 2131//2131 2390//2390 2156//2156
f 2390//2390 2131//2131 2130//2130
f 235//235 234//234 251//251
f 234//234 233//233 251//251
f 233//233 231//231 232//232
f 36//36 51//51 37//37
f 51//51 36//36 35//35
f 35//35 36//36 34//34
f 38//38 36//36 37//37
f 36//36 38//38 34//34
f 252//252 235//235 251//251
f 253//253 252//252 251//251
f 252//252 253//253 235//235
f 435//435 436//436 310//310
f 325//325 183//183 324//324
f 481//481 684//684 685//685
f 686//686 481//481 685//685
f 458//458 481//481 459//459
f 481//481 458//458 457//457
f 456//456 481//481 457//457
f 129//129 53//53 52//52
f 54//54 53//53 129//129
f 462//462 687//687 463//463
f 464//464 687//687 688//688
f 687//687 464//464 463//463
f 687//687 686//686 685//685
f 131//131 255//255 256//256
f 255//255 131//131 254//254
f 255//255 254//254 251//251
f 387//387 401//401 402//402
f 294//294 387//387 402//402
f 387//387 294//294 293//293
f 808//808 601//601 582//582
f 501//501 485//485 484//484
f 486//486 485//485 501//501
f 1619//1619 1618//1618 1879//1879
f 1619//1619 1903//1903 1642//1642
f 905//905 768//768 889//889
f 892//892 834//834 814//814
f 834//834 892//892 926//926
f 814//814 834//834 835//835
f 834//834 858//858 835//835
f 834//834 926//926 858//858
f 792//792 925//925 961//961
f 925//925 792//792 773//773
f 716//716 734//734 606//606
f 793//793 792//792 812//812
f 793//793 695//695 694//694
f 793//793 812//812 695//695
f 773//773 793//793 694//694
f 792//792 793//793 773//773
f 750//750 657//657 625//625
f 750//750 772//772 657//657
f 624//624 750//750 625//625
f 750//750 624//624 734//734
f 772//772 750//750 773//773
f 750//750 925//925 773//773
f 813//813 735//735 718//718
f 735//735 751//751 587//587
f 751//751 735//735 736//736
f 571//571 735//735 587//587
f 718//718 735//735 571//571
f 857//857 1011//1011 1034//1034
f 856//856 1011//1011 857//857
f 1099//1099 1078//1078 1229//1229
f 1099//1099 1100//1100 927//927
f 910//910 1099//1099 927//927
f 1034//1034 1055//1055 909//909
f 962//962 961//961 1150//1150
f 988//988 962//962 1150//1150
f 962//962 988//988 812//812
f 792//792 962//962 812//812
f 962//962 792//792 961//961
f 832//832 833//833 736//736
f 735//735 832//832 736//736
f 832//832 735//735 813//813
f 583//583 567//567 566//566
f 469//469 567//567 487//487
f 555//555 556//556 439//439
f 605//605 519//519 518//518
f 518//518 519//519 390//390
f 829//829 621//621 828//828
f 829//829 828//828 851//851
f 852//852 829//829 851//851
f 621//621 829//829 622//622
f 733//733 732//732 889//889
f 732//732 715//715 889//889
f 654//654 852//852 853//853
f 623//623 519//519 605//605
f 769//769 749//749 768//768
f 749//749 748//748 768//768
f 748//748 749//749 769//769
f 828//828 827//827 851//851
f 827//827 620//620 603//603
f 621//621 827//827 828//828
f 620//620 827//827 621//621
f 1119//1119 888//888 1118//1118
f 1292//1292 1293//1293 1096//1096
f 1291//1291 1292//1292 1096//1096
f 1270//1270 1095//1095 1094//1094
f 1270//1270 1291//1291 1095//1095
f 1270//1270 1094//1094 1269//1269
f 2402//2402 2375//2375 2344//2344
f 2375//2375 2318//2318 2344//2344
f 3037//3037 3084//3084 3038//3038
f 3037//3037 3062//3062 3084//3084
f 3012//3012 3037//3037 3038//3038
f 3062//3062 3037//3037 3036//3036
f 3062//3062 3061//3061 3084//3084
f 3061//3061 3083//3083 3084//3084
f 3061//3061 3062//3062 3036//3036
f 2967//2967 2989//2989 2948//2948
f 2967//2967 2966//2966 2989//2989
f 2866//2866 2867//2867 2846//2846
f 2867//2867 2866//2866 2886//2886
f 2865//2865 2866//2866 2846//2846
f 3010//3010 3035//3035 3036//3036
f 3035//3035 3061//3061 3036//3036
f 2113//2113 2087//2087 2188//2188
f 2087//2087 2138//2138 2188//2188
f 2138//2138 2087//2087 2059//2059
f 2087//2087 1980//1980 2059//2059
f 2087//2087 2113//2113 2025//2025
f 2371//2371 2341//2341 2422//2422
f 2400//2400 2401//2401 2269//2269
f 2400//2400 2426//2426 2401//2401
f 2399//2399 2424//2424 2343//2343
f 2424//2424 2399//2399 2499//2499
f 2523//2523 2424//2424 2499//2499
f 2399//2399 2498//2498 2499//2499
f 2290//2290 2315//2315 2242//2242
f 2266//2266 2217//2217 2192//2192
f 2266//2266 2290//2290 2217//2217
f 2166//2166 2266//2266 2192//2192
f 2165//2165 2140//2140 2215//2215
f 2140//2140 2089//2089 2114//2114
f 2140//2140 2090//2090 2089//2089
f 2090//2090 2140//2140 2165//2165
f 2142//2142 2191//2191 2216//2216
f 2141//2141 2191//2191 2142//2142
f 2165//2165 2191//2191 2115//2115
f 2191//2191 2141//2141 2115//2115
f 1582//1582 1554//1554 1527//1527
f 1583//1583 1554//1554 1582//1582
f 1934//1934 1862//1862 1833//1833
f 1888//1888 1862//1862 1934//1934
f 1727//1727 1834//1834 1863//1863
f 1862//1862 1834//1834 1833//1833
f 1863//1863 1834//1834 1888//1888
f 1834//1834 1862//1862 1888//1888
f 1911//1911 1863//1863 1888//1888
f 1911//1911 2002//2002 1935//1935
f 1728//1728 1705//1705 1680//1680
f 1774//1774 1728//1728 1680//1680
f 1891//1891 1867//1867 1806//1806
f 1914//1914 1891//1891 1806//1806
f 2003//2003 2087//2087 2025//2025
f 2087//2087 2003//2003 1980//1980
f 1938//1938 1962//1962 1913//1913
f 1937//1937 1938//1938 1913//1913
f 1982//1982 1938//1938 2004//2004
f 1962//1962 1938//1938 1982//1982
f 1981//1981 1937//1937 1961//1961
f 2003//2003 1981//1981 1961//1961
f 1938//1938 1981//1981 2004//2004
f 1981//1981 1938//1938 1937//1937
f 1981//1981 2025//2025 2004//2004
f 1981//1981 2003//2003 2025//2025
f 1363//1363 1407//1407 1385//1385
f 1301//1301 1408//1408 1431//1431
f 1364//1364 1340//1340 1467//1467
f 1386//1386 1364//1364 1467//1467
f 1625//1625 1602//1602 1722//1722
f 1980//1980 2024//2024 2059//2059
f 2024//2024 2002//2002 2059//2059
f 2002//2002 2024//2024 1935//1935
f 1957//1957 1888//1888 1934//1934
f 1957//1957 1911//1911 1888//1888
f 2022//2022 1957//1957 1934//1934
f 2023//2023 1957//1957 2022//2022
f 2002//2002 2112//2112 2059//2059
f 2112//2112 2138//2138 2059//2059
f 2057//2057 2135//2135 2161//2161
f 2085//2085 2057//2057 2161//2161
f 1859//1859 1701//1701 1830//1830
f 1859//1859 1860//1860 1701//1701
f 1977//1977 1859//1859 1830//1830
f 1999//1999 1859//1859 1977//1977
f 1859//1859 1999//1999 1860//1860
f 1908//1908 1860//1860 1885//1885
f 1886//1886 1861//1861 1956//1956
f 1861//1861 1886//1886 1887//1887
f 1724//1724 1861//1861 1887//1887
f 1861//1861 1724//1724 1702//1702
f 1769//1769 1802//1802 1626//1626
f 1908//1908 1802//1802 1769//1769
f 1770//1770 1725//1725 1887//1887
f 1725//1725 1724//1724 1887//1887
f 1832//1832 1934//1934 1833//1833
f 1832//1832 1803//1803 1934//1934
f 1725//1725 1678//1678 1724//1724
f 1802//1802 1651//1651 1626//1626
f 1651//1651 1627//1627 1626//1626
f 1627//1627 1651//1651 1578//1578
f 1388//1388 1409//1409 1365//1365
f 1388//1388 1469//1469 1409//1409
f 1468//1468 1388//1388 1365//1365
f 1409//1409 1470//1470 1471//1471
f 1469//1469 1470//1470 1409//1409
f 1470//1470 1500//1500 1471//1471
f 1500//1500 1470//1470 1469//1469
f 1701//1701 1576//1576 1551//1551
f 1576//1576 1498//1498 1551//1551
f 1576//1576 1577//1577 1498//1498
f 1577//1577 1603//1603 1498//1498
f 1603//1603 1577//1577 1626//1626
f 1627//1627 1603//1603 1626//1626
f 1525//1525 1603//1603 1627//1627
f 1723//1723 1769//1769 1626//1626
f 1577//1577 1723//1723 1626//1626
f 1860//1860 1723//1723 1701//1701
f 1723//1723 1576//1576 1701//1701
f 1576//1576 1723//1723 1577//1577
f 1908//1908 1723//1723 1860//1860
f 1723//1723 1908//1908 1769//1769
f 2318//2318 2293//2293 2292//2292
f 2293//2293 2270//2270 2292//2292
f 2143//2143 2144//2144 2116//2116
f 2144//2144 2143//2143 2167//2167
f 2243//2243 2219//2219 2317//2317
f 2219//2219 2218//2218 2317//2317
f 2218//2218 2219//2219 2243//2243
f 2061//2061 2026//2026 2114//2114
f 2026//2026 2089//2089 2004//2004
f 2026//2026 2061//2061 2089//2089
f 4918//4918 4903//4903 4892//4892
f 4903//4903 4904//4904 4892//4892
f 4903//4903 4918//4918 4919//4919
f 4893//4893 4894//4894 4879//4879
f 4894//4894 4893//4893 4904//4904
f 4903//4903 4894//4894 4904//4904
f 4879//4879 4894//4894 4919//4919
f 4894//4894 4903//4903 4919//4919
f 4877//4877 4890//4890 4891//4891
f 5095//5095 5103//5103 5077//5077
f 5103//5103 5095//5095 5102//5102
f 5103//5103 5113//5113 5120//5120
f 5113//5113 5103//5103 5102//5102
f 4989//4989 4973//4973 4974//4974
f 4960//4960 4944//4944 4974//4974
f 4960//4960 4945//4945 4944//4944
f 4973//4973 4960//4960 4974//4974
f 4960//4960 4973//4973 5024//5024
f 5077//5077 4960//4960 5024//5024
f 5103//5103 4960//4960 5077//5077
f 4716//4716 4739//4739 4740//4740
f 4739//4739 4716//4716 4698//4698
f 4716//4716 4699//4699 4698//4698
f 4716//4716 4740//4740 4646//4646
f 4699//4699 4716//4716 4646//4646
f 3837//3837 3838//3838 3815//3815
f 3838//3838 3837//3837 3910//3910
f 3815//3815 3838//3838 3911//3911
f 3838//3838 3910//3910 3911//3911
f 3837//3837 3859//3859 3884//3884
f 4292//4292 4356//4356 4425//4425
f 4356//4356 4377//4377 4425//4425
f 4356//4356 4242//4242 4377//4377
f 4392//4392 4290//4290 4316//4316
f 4242//4242 4392//4392 4377//4377
f 3427//3427 3485//3485 3463//3463
f 3504//3504 3484//3484 3527//3527
f 3663//3663 3638//3638 3687//3687
f 3638//3638 3663//3663 3639//3639
f 3639//3639 3663//3663 3640//3640
f 3547//3547 3546//3546 3570//3570
f 3546//3546 3569//3569 3570//3570
f 3616//3616 3639//3639 3640//3640
f 3616//3616 3638//3638 3639//3639
f 3617//3617 3616//3616 3640//3640
f 4084//4084 4160//4160 4066//4066
f 3910//3910 3931//3931 3911//3911
f 3884//3884 3931//3931 3910//3910
f 3985//3985 3931//3931 4048//4048
f 4066//4066 4047//4047 3958//3958
f 4047//4047 3930//3930 3958//3958
f 4122//4122 4047//4047 4066//4066
f 3254//3254 3230//3230 3229//3229
f 3208//3208 3230//3230 3254//3254
f 3081//3081 3108//3108 3135//3135
f 3159//3159 3108//3108 3134//3134
f 3135//3135 3108//3108 3159//3159
f 3080//3080 3108//3108 3081//3081
f 3080//3080 3107//3107 3134//3134
f 3108//3108 3080//3080 3134//3134
f 3637//3637 3615//3615 3544//3544
f 3566//3566 3637//3637 3544//3544
f 3715//3715 3687//3687 3662//3662
f 3771//3771 3751//3751 3770//3770
f 3685//3685 3714//3714 3770//3770
f 3714//3714 3685//3685 3662//3662
f 3685//3685 3686//3686 3662//3662
f 3686//3686 3715//3715 3662//3662
f 3715//3715 3686//3686 3751//3751
f 3751//3751 3686//3686 3770//3770
f 3686//3686 3685//3685 3770//3770
f 3795//3795 3714//3714 3750//3750
f 3714//3714 3795//3795 3770//3770
f 3795//3795 3771//3771 3770//3770
f 3816//3816 3769//3769 3794//3794
f 3794//3794 3769//3769 3815//3815
f 5163//5163 5152//5152 5151//5151
f 5215//5215 5199//5199 5182//5182
f 5214//5214 5215//5215 5182//5182
f 5215//5215 5214//5214 5199//5199
f 4593//4593 4578//4578 4592//4592
f 4593//4593 4577//4577 4578//4578
f 4770//4770 4593//4593 4592//4592
f 4593//4593 4770//4770 4771//4771
f 4752//4752 4593//4593 4771//4771
f 4577//4577 4593//4593 4752//4752
f 4915//4915 4914//4914 4927//4927
f 4900//4900 4914//4914 4915//4915
f 4677//4677 4678//4678 4660//4660
f 4137//4137 4044//4044 4157//4157
f 4044//4044 4137//4137 4009//4009
f 3981//3981 4137//4137 4101//4101
f 4137//4137 3981//3981 4009//4009
f 3832//3832 3811//3811 3831//3831
f 3811//3811 3832//3832 3812//3812
f 3881//3881 3906//3906 3907//3907
f 3927//3927 3955//3955 4101//4101
f 4080//4080 4081//4081 4064//4064
f 4264//4264 4240//4240 4220//4220
f 3982//3982 4010//4010 4011//4011
f 4010//4010 3982//3982 3856//3856
f 4045//4045 4010//4010 3856//3856
f 3982//3982 3857//3857 3856//3856
f 3833//3833 3857//3857 3982//3982
f 3957//3957 3929//3929 3834//3834
f 3956//3956 3957//3957 3834//3834
f 3957//3957 3956//3956 4011//4011
f 3929//3929 3908//3908 3792//3792
f 3908//3908 3882//3882 3792//3792
f 3883//3883 3835//3835 3712//3712
f 4312//4312 4480//4480 4461//4461
f 4624//4624 4625//4625 4643//4643
f 4610//4610 4595//4595 4594//4594
f 4943//4943 4868//4868 4867//4867
f 4868//4868 4928//4928 4855//4855
f 4868//4868 4943//4943 4928//4928
f 4642//4642 4661//4661 4643//4643
f 4661//4661 4642//4642 4660//4660
f 4678//4678 4661//4661 4660//4660
f 4531//4531 4563//4563 4627//4627
f 4563//4563 4596//4596 4627//4627
f 4563//4563 4582//4582 4596//4596
f 4563//4563 4531//4531 4508//4508
f 4509//4509 4481//4481 4508//4508
f 4597//4597 4509//4509 4628//4628
f 4509//4509 4597//4597 4481//4481
f 4647//4647 4668//4668 4646//4646
f 4630//4630 4647//4647 4646//4646
f 4647//4647 4630//4630 4668//4668
f 4598//4598 4613//4613 4646//4646
f 4613//4613 4630//4630 4646//4646
f 4630//4630 4613//4613 4666//4666
f 4444//4444 4445//4445 4424//4424
f 4565//4565 4511//4511 4535//4535
f 4565//4565 4585//4585 4598//4598
f 4446//4446 4565//4565 4598//4598
f 4511//4511 4465//4465 4485//4485
f 4565//4565 4465//4465 4511//4511
f 4465//4465 4565//4565 4446//4446
f 4315//4315 4391//4391 4289//4289
f 4406//4406 4315//4315 4314//4314
f 4391//4391 4315//4315 4406//4406
f 4407//4407 4391//4391 4406//4406
f 4407//4407 4406//4406 4424//4424
f 4375//4375 4407//4407 4485//4485
f 4391//4391 4407//4407 4375//4375
f 4445//4445 4407//4407 4424//4424
f 4261//4261 4421//4421 4422//4422
f 4261//4261 4237//4237 4287//4287
f 4441//4441 4261//4261 4287//4287
f 4421//4421 4261//4261 4441//4441
f 4311//4311 4312//4312 4287//4287
f 4312//4312 4311//4311 4352//4352
f 4311//4311 4351//4351 4352//4352
f 4389//4389 4372//4372 4371//4371
f 4198//4198 4372//4372 4353//4353
f 4371//4371 4372//4372 4198//4198
f 4581//4581 4563//4563 4508//4508
f 4563//4563 4581//4581 4582//4582
f 4581//4581 4611//4611 4596//4596
f 4582//4582 4581//4581 4596//4596
f 4626//4626 4581//4581 4644//4644
f 4611//4611 4581//4581 4626//4626
f 4238//4238 4371//4371 4218//4218
f 4177//4177 4178//4178 4157//4157
f 4178//4178 4177//4177 4199//4199
f 4118//4118 4219//4219 4100//4100
f 4219//4219 4118//4118 4136//4136
f 3926//3926 3904//3904 3788//3788
f 5257//5257 5239//5239 5256//5256
f 5045//5045 5073//5073 5145//5145
f 5073//5073 5045//5045 5044//5044
f 5137//5137 5045//5045 5145//5145
f 5045//5045 4997//4997 5044//5044
f 4997//4997 5045//5045 5046//5046
f 5138//5138 5045//5045 5137//5137
f 5046//5046 5045//5045 5138//5138
f 4999//4999 5111//5111 4986//4986
f 5111//5111 4971//4971 4986//4986
f 5111//5111 5119//5119 5112//5112
f 5119//5119 5111//5111 4999//4999
f 5100//5100 5111//5111 5112//5112
f 4971//4971 5111//5111 5100//5100
f 5019//5019 5046//5046 5020//5020
f 4997//4997 5019//5019 5020//5020
f 5019//5019 4997//4997 5046//5046
f 5099//5099 5098//5098 5164//5164
f 5098//5098 5099//5099 5110//5110
f 5090//5090 5099//5099 5091//5091
f 5099//5099 5090//5090 5110//5110
f 5048//5048 4926//4926 5047//5047
f 4926//4926 5048//5048 4927//4927
f 5047//5047 5074//5074 5075//5075
f 5074//5074 5094//5094 5075//5075
f 4926//4926 5074//5074 5047//5047
f 5074//5074 4926//4926 4942//4942
f 4941//4941 5074//5074 4942//4942
f 5094//5094 5074//5074 4957//4957
f 5074//5074 4941//4941 4957//4957
f 4956//4956 4971//4971 5101//5101
f 4956//4956 5094//5094 4957//4957
f 3722//3722 3695//3695 3696//3696
f 3848//3848 4022//4022 4055//4055
f 3847//3847 3848//3848 3823//3823
f 3847//3847 3994//3994 4021//4021
f 3994//3994 3847//3847 3823//3823
f 4022//4022 3847//3847 4021//4021
f 3847//3847 4022//4022 3848//3848
f 4127//4127 4110//4110 4145//4145
f 3966//3966 3965//3965 3993//3993
f 3994//3994 3966//3966 3993//3993
f 4128//4128 3967//3967 3944//3944
f 4111//4111 4128//4128 3944//3944
f 4128//4128 4111//4111 4272//4272
f 2999//2999 3023//3023 2977//2977
f 3192//3192 3214//3214 3193//3193
f 2234//2234 2133//2133 2108//2108
f 3074//3074 3220//3220 3221//3221
f 3220//3220 3074//3074 3245//3245
f 2895//2895 2917//2917 3002//3002
f 2917//2917 2895//2895 2916//2916
f 3002//3002 2917//2917 3027//3027
f 2917//2917 2916//2916 3027//3027
f 3200//3200 3128//3128 3222//3222
f 3875//3875 3874//3874 3873//3873
f 3919//3919 3918//3918 3945//3945
f 3946//3946 3919//3919 3945//3945
f 3454//3454 3414//3414 3415//3415
f 3123//3123 3124//3124 3147//3147
f 3123//3123 3147//3147 3048//3048
f 3124//3124 3146//3146 3147//3147
f 3726//3726 3725//3725 3703//3703
f 3725//3725 3702//3702 3703//3703
f 4339//4339 4338//4338 4366//4366
f 4338//4338 4573//4573 4366//4366
f 4573//4573 4338//4338 4572//4572
f 4570//4570 4335//4335 4550//4550
f 4336//4336 4335//4335 4570//4570
f 4335//4335 4549//4549 4550//4550
f 4549//4549 4335//4335 4334//4334
f 3175//3175 3026//3026 3051//3051
f 3175//3175 3152//3152 3026//3026
f 3175//3175 3267//3267 3152//3152
f 3458//3458 3522//3522 3421//3421
f 3392//3392 3366//3366 3245//3245
f 3366//3366 3220//3220 3245//3245
f 3220//3220 3366//3366 3367//3367
f 3542//3542 3635//3635 3521//3521
f 3542//3542 3564//3564 3658//3658
f 3635//3635 3542//3542 3658//3658
f 3292//3292 3125//3125 3151//3151
f 3151//3151 3125//3125 2979//2979
f 3125//3125 3126//3126 2979//2979
f 3126//3126 3125//3125 3266//3266
f 3125//3125 3292//3292 3266//3266
f 3313//3313 3150//3150 3312//3312
f 3341//3341 3313//3313 3312//3312
f 3291//3291 3292//3292 3151//3151
f 3150//3150 3291//3291 3151//3151
f 3313//3313 3291//3291 3150//3150
f 3976//3976 3706//3706 3975//3975
f 3949//3949 3977//3977 3950//3950
f 3706//3706 3949//3949 3707//3707
f 3949//3949 3976//3976 3977//3977
f 3976//3976 3949//3949 3706//3706
f 4005//4005 3740//3740 4004//4004
f 4172//4172 4171//4171 4385//4385
f 4368//4368 4173//4173 4367//4367
f 4173//4173 4151//4151 4172//4172
f 4173//4173 4368//4368 4152//4152
f 4151//4151 4173//4173 4152//4152
f 4386//4386 4172//4172 4385//4385
f 4173//4173 4386//4386 4367//4367
f 4386//4386 4173//4173 4172//4172
f 4008//4008 3980//3980 3854//3854
f 3954//3954 3830//3830 3980//3980
f 3830//3830 3954//3954 3809//3809
f 3787//3787 3926//3926 3788//3788
f 4154//4154 4135//4135 4134//4134
f 3979//3979 4135//4135 4116//4116
f 4134//4134 3979//3979 3978//3978
f 4135//4135 3979//3979 4134//4134
f 4197//4197 4174//4174 4040//4040
f 4174//4174 4175//4175 4153//4153
f 4007//4007 4041//4041 3978//3978
f 4059//4059 4060//4060 4040//4040
f 4197//4197 4060//4060 4196//4196
f 4060//4060 4197//4197 4040//4040
f 4060//4060 4217//4217 4196//4196
f 4217//4217 4060//4060 4059//4059
f 3975//3975 3705//3705 3704//3704
f 3706//3706 3705//3705 3975//3975
f 3678//3678 3677//3677 3920//3920
f 3677//3677 3951//3951 3920//3920
f 4639//4639 4658//4658 4659//4659
f 4399//4399 4400//4400 4194//4194
f 4309//4309 4308//4308 4350//4350
f 4308//4308 4132//4132 4350//4350
f 4308//4308 4309//4309 4133//4133
f 4132//4132 4308//4308 4133//4133
f 4077//4077 4235//4235 4236//4236
f 4217//4217 4077//4077 4236//4236
f 4077//4077 4217//4217 4059//4059
f 4608//4608 4798//4798 4592//4592
f 726//726 727//727 744//744
f 444//444 445//445 303//303
f 445//445 444//444 411//411
f 303//303 412//412 287//287
f 412//412 275//275 287//287
f 412//412 413//413 275//275
f 445//445 412//412 303//303
f 412//412 445//445 411//411
f 787//787 760//760 759//759
f 743//743 726//726 744//744
f 1263//1263 1288//1288 1441//1441
f 1288//1288 1263//1263 1287//1287
f 1309//1309 1288//1288 1287//1287
f 1257//1257 1369//1369 1258//1258
f 1237//1237 1257//1257 1258//1258
f 1257//1257 1237//1237 1215//1215
f 1159//1159 1214//1214 1131//1131
f 1584//1584 1632//1632 1608//1608
f 1657//1657 1584//1584 1529//1529
f 1390//1390 1344//1344 1434//1434
f 1412//1412 1390//1390 1434//1434
f 1435//1435 1412//1412 1434//1434
f 934//934 999//999 1045//1045
f 999//999 1019//1019 1045//1045
f 846//846 865//865 820//820
f 846//846 782//782 844//844
f 784//784 801//801 785//785
f 801//801 784//784 820//820
f 758//758 784//784 785//785
f 593//593 784//784 758//758
f 742//742 702//702 725//725
f 742//742 802//802 702//702
f 758//758 742//742 725//725
f 801//801 821//821 802//802
f 821//821 974//974 935//935
f 802//802 821//821 935//935
f 1260//1260 1259//1259 1284//1284
f 1196//1196 1195//1195 1217//1217
f 1239//1239 1195//1195 1021//1021
f 1195//1195 1239//1239 1217//1217
f 1195//1195 1162//1162 1021//1021
f 1195//1195 1196//1196 1162//1162
f 1238//1238 1239//1239 1045//1045
f 1239//1239 1238//1238 1260//1260
f 1259//1259 1238//1238 1045//1045
f 1238//1238 1259//1259 1260//1260
f 1196//1196 1163//1163 1162//1162
f 1164//1164 1163//1163 1196//1196
f 1112//1112 1087//1087 1137//1137
f 589//589 630//630 590//590
f 589//589 590//590 525//525
f 613//613 589//589 525//525
f 630//630 589//589 612//612
f 589//589 613//613 612//612
f 574//574 575//575 560//560
f 574//574 543//543 573//573
f 543//543 574//574 560//560
f 574//574 573//573 592//592
f 575//575 574//574 592//592
f 543//543 526//526 525//525
f 525//525 526//526 393//393
f 526//526 507//507 393//393
f 526//526 560//560 507//507
f 526//526 543//543 560//560
f 699//699 664//664 723//723
f 724//724 699//699 723//723
f 799//799 699//699 724//724
f 799//799 724//724 723//723
f 757//757 799//799 723//723
f 799//799 757//757 781//781
f 799//799 843//843 844//844
f 782//782 799//799 844//844
f 595//595 596//596 578//578
f 594//594 595//595 577//577
f 596//596 595//595 615//615
f 595//595 594//594 615//615
f 314//314 316//316 302//302
f 334//334 314//314 333//333
f 528//528 381//381 527//527
f 381//381 347//347 346//346
f 356//356 366//366 355//355
f 1736//1736 1737//1737 1709//1709
f 1737//1737 1898//1898 1709//1709
f 1898//1898 1737//1737 1921//1921
f 1737//1737 1944//1944 1921//1921
f 1944//1944 1737//1737 1736//1736
f 1475//1475 1504//1504 1532//1532
f 1504//1504 1475//1475 1474//1474
f 1504//1504 1559//1559 1532//1532
f 1559//1559 1504//1504 1474//1474
f 1418//1418 1417//1417 1532//1532
f 1417//1417 1475//1475 1532//1532
f 1305//1305 1326//1326 1418//1418
f 1326//1326 1347//1347 1418//1418
f 1560//1560 1533//1533 1418//1418
f 1589//1589 1560//1560 1418//1418
f 1560//1560 1534//1534 1533//1533
f 1560//1560 1589//1589 1588//1588
f 1611//1611 1560//1560 1588//1588
f 1966//1966 1917//1917 1812//1812
f 1917//1917 1895//1895 1812//1812
f 1988//1988 2151//2151 2122//2122
f 1988//1988 2012//2012 2151//2151
f 2123//2123 1988//1988 2122//2122
f 1686//1686 1734//1734 1812//1812
f 1987//1987 2011//2011 1966//1966
f 1987//1987 1966//1966 1812//1812
f 1839//1839 1987//1987 1812//1812
f 2320//2320 2273//2273 2296//2296
f 2195//2195 2246//2246 2221//2221
f 2196//2196 2195//2195 2221//2221
f 2169//2169 2196//2196 2221//2221
f 2196//2196 2146//2146 2195//2195
f 2146//2146 2196//2196 2169//2169
f 3016//3016 3041//3041 3065//3065
f 2993//2993 3041//3041 3016//3016
f 2747//2747 2724//2724 2661//2661
f 2724//2724 2747//2747 2768//2768
f 2455//2455 2429//2429 2404//2404
f 2429//2429 2378//2378 2404//2404
f 2573//2573 2553//2553 2596//2596
f 2572//2572 2616//2616 2682//2682
f 2748//2748 2789//2789 2769//2769
f 2748//2748 2727//2727 2726//2726
f 2727//2727 2748//2748 2769//2769
f 2727//2727 2705//2705 2726//2726
f 2684//2684 2706//2706 2685//2685
f 2684//2684 2728//2728 2706//2706
f 1130//1130 1063//1063 1157//1157
f 1063//1063 1130//1130 1131//1131
f 1130//1130 1159//1159 1131//1131
f 1105//1105 1063//1063 1131//1131
f 1063//1063 1105//1105 1106//1106
f 1214//1214 1105//1105 1131//1131
f 1106//1106 1105//1105 1214//1214
f 1558//1558 1587//1587 1610//1610
f 1587//1587 1609//1609 1610//1610
f 1587//1587 1558//1558 1369//1369
f 1609//1609 1660//1660 1686//1686
f 2008//2008 2029//2029 2065//2065
f 1984//1984 2008//2008 2065//2065
f 2008//2008 2064//2064 2029//2029
f 2008//2008 2095//2095 2064//2064
f 1868//1868 1892//1892 1893//1893
f 1837//1837 1868//1868 1893//1893
f 1868//1868 1837//1837 1808//1808
f 1682//1682 1868//1868 1808//1808
f 1868//1868 1682//1682 1892//1892
f 1730//1730 1682//1682 1808//1808
f 1682//1682 1730//1730 1706//1706
f 1809//1809 1730//1730 1808//1808
f 1775//1775 1730//1730 1809//1809
f 1892//1892 1915//1915 1893//1893
f 1915//1915 1940//1940 1893//1893
f 1682//1682 1915//1915 1892//1892
f 1940//1940 1964//1964 1893//1893
f 1964//1964 1985//1985 2065//2065
f 1915//1915 1964//1964 1940//1940
f 1964//1964 1984//1984 1985//1985
f 1964//1964 1915//1915 1984//1984
f 971//971 1085//1085 1018//1018
f 1085//1085 1084//1084 1108//1108
f 1108//1108 1084//1084 1107//1107
f 1084//1084 1106//1106 1107//1107
f 1084//1084 1063//1063 1106//1106
f 1019//1019 998//998 1044//1044
f 999//999 998//998 1019//1019
f 998//998 934//934 841//841
f 998//998 999//999 934//934
f 781//781 840//840 841//841
f 32//32 106//106 48//48
f 17//17 15//15 16//16
f 15//15 25//25 16//16
f 27//27 17//17 26//26
f 28//28 27//27 26//26
f 17//17 27//27 30//30
f 27//27 28//28 30//30
f 89//89 202//202 101//101
f 202//202 221//221 101//101
f 88//88 202//202 89//89
f 249//249 202//202 220//220
f 249//249 250//250 224//224
f 429//429 452//452 430//430
f 383//383 368//368 239//239
f 368//368 240//240 239//239
f 240//240 368//368 369//369
f 368//368 371//371 369//369
f 192//192 180//180 179//179
f 180//180 169//169 179//179
f 161//161 162//162 152//152
f 152//152 162//162 153//153
f 162//162 290//290 153//153
f 304//304 305//305 171//171
f 305//305 160//160 171//171
f 160//160 305//305 161//161
f 162//162 288//288 290//290
f 288//288 162//162 161//161
f 288//288 289//289 290//290
f 478//478 707//707 708//708
f 730//730 729//729 705//705
f 270//270 247//247 211//211
f 191//191 178//178 177//177
f 178//178 191//191 192//192
f 190//190 191//191 177//177
f 191//191 335//335 192//192
f 338//338 317//317 192//192
f 317//317 180//180 192//192
f 318//318 317//317 373//373
f 317//317 338//338 373//373
f 337//337 192//192 336//336
f 337//337 338//338 192//192
f 337//337 336//336 373//373
f 338//338 337//337 373//373
f 348//348 190//190 188//188
f 384//384 348//348 359//359
f 70//70 57//57 69//69
f 58//58 57//57 70//70
f 69//69 57//57 56//56
f 57//57 58//58 56//56
f 60//60 59//59 70//70
f 61//61 60//60 70//70
f 59//59 60//60 44//44
f 63//63 62//62 64//64
f 63//63 61//61 62//62
f 43//43 63//63 64//64
f 44//44 63//63 43//43
f 60//60 63//63 44//44
f 63//63 60//60 61//61
f 134//134 61//61 149//149
f 61//61 134//134 62//62
f 62//62 134//134 64//64
f 134//134 136//136 64//64
f 137//137 138//138 64//64
f 136//136 137//137 64//64
f 137//137 242//242 138//138
f 147//147 148//148 70//70
f 146//146 147//147 70//70
f 116//116 117//117 46//46
f 45//45 116//116 46//46
f 116//116 45//45 115//115
f 212//212 91//91 211//211
f 263//263 262//262 238//238
f 262//262 263//263 287//287
f 275//275 262//262 287//287
f 262//262 383//383 238//238
f 262//262 382//382 383//383
f 677//677 678//678 676//676
f 636//636 678//678 677//677
f 416//416 678//678 417//417
f 678//678 636//636 417//417
f 938//938 984//984 939//939
f 984//984 938//938 983//983
f 645//645 428//428 426//426
f 295//295 402//402 297//297
f 295//295 294//294 402//402
f 282//282 281//281 293//293
f 294//294 282//282 293//293
f 295//295 282//282 294//294
f 323//323 339//339 340//340
f 280//280 259//259 258//258
f 259//259 280//280 281//281
f 258//258 259//259 143//143
f 259//259 150//150 143//143
f 259//259 281//281 157//157
f 150//150 259//259 157//157
f 150//150 151//151 145//145
f 151//151 150//150 157//157
f 151//151 158//158 145//145
f 158//158 151//151 157//157
f 404//404 405//405 389//389
f 404//404 388//388 535//535
f 404//404 389//389 388//388
f 536//536 404//404 535//535
f 405//405 404//404 536//536
f 486//486 502//502 361//361
f 502//502 376//376 361//361
f 376//376 502//502 516//516
f 502//502 515//515 516//516
f 502//502 486//486 515//515
f 236//236 352//352 360//360
f 352//352 236//236 351//351
f 485//485 352//352 351//351
f 352//352 486//486 360//360
f 352//352 485//485 486//486
f 468//468 469//469 438//438
f 468//468 438//438 437//437
f 554//554 468//468 437//437
f 468//468 554//554 566//566
f 567//567 468//468 566//566
f 468//468 567//567 469//469
f 1124//1124 964//964 1100//1100
f 964//964 1124//1124 1151//1151
f 1123//1123 1124//1124 1100//1100
f 1124//1124 1296//1296 1151//1151
f 1124//1124 1123//1123 1296//1296
f 1500//1500 1553//1553 1580//1580
f 1236//1236 1192//1192 1213//1213
f 1192//1192 1236//1236 1256//1256
f 1235//1235 1236//1236 1213//1213
f 1256//1256 1236//1236 1280//1280
f 1236//1236 1235//1235 1280//1280
f 836//836 966//966 859//859
f 1101//1101 1252//1252 1125//1125
f 1101//1101 1251//1251 1252//1252
f 1233//1233 1320//1320 1339//1339
f 1320//1320 1233//1233 1299//1299
f 1276//1276 1253//1253 1275//1275
f 1276//1276 1188//1188 1253//1253
f 1042//1042 1016//1016 1041//1041
f 1127//1127 1128//1128 1103//1103
f 1189//1189 1127//1127 1277//1277
f 1082//1082 1127//1127 1103//1103
f 861//861 860//860 881//881
f 861//861 838//838 860//860
f 860//860 837//837 797//797
f 838//838 837//837 860//860
f 893//893 1012//1012 1013//1013
f 1012//1012 893//893 990//990
f 1012//1012 1185//1185 1013//1013
f 1185//1185 1012//1012 1152//1152
f 3754//3754 3774//3774 3755//3755
f 3774//3774 3798//3798 3755//3755
f 3774//3774 3754//3754 3753//3753
f 3962//3962 3987//3987 3988//3988
f 3987//3987 4015//4015 3988//3988
f 3987//3987 4049//4049 4015//4015
f 3987//3987 3962//3962 3961//3961
f 3987//3987 3961//3961 4123//4123
f 4049//4049 3987//3987 4123//4123
f 3865//3865 3866//3866 3842//3842
f 3866//3866 3888//3888 3842//3842
f 3888//3888 3866//3866 3865//3865
f 3864//3864 3863//3863 3887//3887
f 3863//3863 3864//3864 3841//3841
f 3864//3864 3887//3887 3865//3865
f 3841//3841 3864//3864 3865//3865
f 3643//3643 3666//3666 3619//3619
f 3574//3574 3643//3643 3619//3619
f 3756//3756 3719//3719 3775//3775
f 3775//3775 3719//3719 3842//3842
f 4050//4050 4017//4017 4088//4088
f 4017//4017 3990//3990 3989//3989
f 3937//3937 3990//3990 3938//3938
f 3990//3990 3937//3937 3989//3989
f 3989//3989 3936//3936 3913//3913
f 3937//3937 3936//3936 3989//3989
f 3936//3936 3868//3868 3913//3913
f 3936//3936 3937//3937 3868//3868
f 3276//3276 3351//3351 3255//3255
f 3276//3276 3301//3301 3351//3351
f 3232//3232 3276//3276 3255//3255
f 3276//3276 3232//3232 3231//3231
f 3301//3301 3276//3276 3231//3231
f 2531//2531 2576//2576 2555//2555
f 2432//2432 2482//2482 2406//2406
f 1873//1873 2013//2013 1990//1990
f 2013//2013 1873//1873 1897//1897
f 2013//2013 1919//1919 2034//2034
f 1919//1919 2013//2013 1897//1897
f 2384//2384 2252//2252 2277//2277
f 2301//2301 2384//2384 2277//2277
f 2384//2384 2301//2301 2409//2409
f 2301//2301 2324//2324 2409//2409
f 2435//2435 2324//2324 2350//2350
f 2324//2324 2435//2435 2409//2409
f 2276//2276 2224//2224 2300//2300
f 2224//2224 2250//2250 2300//2300
f 2323//2323 2275//2275 2349//2349
f 2250//2250 2275//2275 2323//2323
f 2275//2275 2381//2381 2349//2349
f 2174//2174 2200//2200 2175//2175
f 2200//2200 2174//2174 2098//2098
f 2151//2151 2174//2174 2175//2175
f 3234//3234 3257//3257 3279//3279
f 3257//3257 3234//3234 3328//3328
f 2932//2932 2971//2971 2951//2951
f 3089//3089 3090//3090 3065//3065
f 3140//3140 3114//3114 3090//3090
f 3168//3168 3140//3140 3167//3167
f 3114//3114 3140//3140 3168//3168
f 3140//3140 3187//3187 3167//3167
f 2750//2750 2729//2729 2771//2771
f 2792//2792 2750//2750 2771//2771
f 2750//2750 2792//2792 2772//2772
f 2832//2832 2811//2811 2831//2831
f 2791//2791 2811//2811 2832//2832
f 2812//2812 2791//2791 2832//2832
f 2812//2812 2792//2792 2771//2771
f 2791//2791 2812//2812 2771//2771
f 2833//2833 2812//2812 2832//2832
f 2852//2852 2832//2832 2831//2831
f 2852//2852 2833//2833 2832//2832
f 2833//2833 2852//2852 2853//2853
f 3576//3576 3552//3552 3598//3598
f 3693//3693 3694//3694 3721//3721
f 2554//2554 2575//2575 2597//2597
f 2575//2575 2574//2574 2597//2597
f 2730//2730 2751//2751 2708//2708
f 2751//2751 2750//2750 2772//2772
f 2751//2751 2730//2730 2729//2729
f 2750//2750 2751//2751 2729//2729
f 2707//2707 2730//2730 2686//2686
f 2730//2730 2707//2707 2729//2729
f 2729//2729 2707//2707 2771//2771
f 2708//2708 2665//2665 2641//2641
f 2687//2687 2665//2665 2708//2708
f 2618//2618 2573//2573 2596//2596
f 2432//2432 2431//2431 2457//2457
f 2481//2481 2508//2508 2457//2457
f 2431//2431 2481//2481 2457//2457
f 2248//2248 2222//2222 2247//2247
f 2273//2273 2248//2248 2247//2247
f 4920//4920 4906//4906 4905//4905
f 4920//4920 4905//4905 4895//4895
f 4946//4946 4920//4920 4895//4895
f 4906//4906 4920//4920 4907//4907
f 4920//4920 4931//4931 4907//4907
f 4963//4963 4975//4975 4964//4964
f 4975//4975 4961//4961 5004//5004
f 4963//4963 4961//4961 4975//4975
f 4961//4961 5050//5050 5004//5004
f 4961//4961 4946//4946 5050//5050
f 4948//4948 4949//4949 4964//4964
f 4948//4948 4961//4961 4949//4949
f 4225//4225 4206//4206 4205//4205
f 4206//4206 4225//4225 4226//4226
f 4071//4071 4090//4090 4051//4051
f 4071//4071 4089//4089 4090//4090
f 4089//4089 4071//4071 4088//4088
f 4071//4071 4050//4050 4088//4088
f 4050//4050 4071//4071 4051//4051
f 4019//4019 4109//4109 4125//4125
f 3870//3870 4019//4019 3893//3893
f 3891//3891 4019//4019 3870//3870
f 4019//4019 3991//3991 3963//3963
f 4090//4090 4019//4019 4051//4051
f 4109//4109 4019//4019 4090//4090
f 4051//4051 4019//4019 3938//3938
f 4019//4019 3891//3891 3938//3938
f 3892//3892 3893//3893 3845//3845
f 3870//3870 3892//3892 3845//3845
f 3892//3892 3870//3870 3893//3893
f 4107//4107 4108//4108 4087//4087
f 4108//4108 4107//4107 4124//4124
f 4143//4143 4107//4107 4123//4123
f 4107//4107 4143//4143 4124//4124
f 4616//4616 4648//4648 4633//4633
f 4648//4648 4615//4615 4684//4684
f 4669//4669 4648//4648 4684//4684
f 4599//4599 4614//4614 4600//4600
f 4616//4616 4614//4614 4615//4615
f 4614//4614 4616//4616 4600//4600
f 4614//4614 4599//4599 4586//4586
f 4587//4587 4599//4599 4600//4600
f 4566//4566 4587//4587 4632//4632
f 4587//4587 4600//4600 4632//4632
f 4587//4587 4566//4566 4586//4586
f 4599//4599 4587//4587 4586//4586
f 4321//4321 4358//4358 4359//4359
f 4380//4380 4358//4358 4379//4379
f 4358//4358 4380//4380 4359//4359
f 4208//4208 4188//4188 4207//4207
f 4188//4188 4187//4187 4207//4207
f 4188//4188 4208//4208 4209//4209
f 4466//4466 4536//4536 4512//4512
f 4536//4536 4537//4537 4512//4512
f 4536//4536 4466//4466 4586//4586
f 4537//4537 4536//4536 4586//4586
f 3803//3803 3782//3782 3781//3781
f 3782//3782 3759//3759 3781//3781
f 3601//3601 3602//3602 3623//3623
f 3948//3948 3968//3968 3947//3947
f 3968//3968 3948//3948 3969//3969
f 4932//4932 4922//4922 4921//4921
f 4922//4922 4932//4932 4933//4933
f 4933//4933 4932//4932 4950//4950
f 4910//4910 4921//4921 4897//4897
f 4909//4909 4910//4910 4897//4897
f 4910//4910 4932//4932 4921//4921
f 3783//3783 3784//3784 3805//3805
f 4193//4193 4192//4192 4414//4414
f 4192//4192 4413//4413 4414//4414
f 4149//4149 4363//4363 4364//4364
f 4323//4323 4113//4113 4298//4298
f 4130//4130 4323//4323 4324//4324
f 4131//4131 4130//4130 4324//4324
f 4131//4131 4363//4363 4149//4149
f 4363//4363 4131//4131 4324//4324
f 4129//4129 4112//4112 4113//4113
f 4323//4323 4129//4129 4113//4113
f 4129//4129 4323//4323 4130//4130
f 4169//4169 4384//4384 4397//4397
f 4383//4383 4384//4384 4169//4169
f 4150//4150 4383//4383 4169//4169
f 4150//4150 4149//4149 4364//4364
f 4365//4365 4150//4150 4364//4364
f 4150//4150 4365//4365 4383//4383
f 4453//4453 4454//4454 4230//4230
f 4435//4435 4229//4229 4213//4213
f 4435//4435 4451//4451 4229//4229
f 4435//4435 4213//4213 4434//4434
f 4451//4451 4435//4435 4434//4434
f 4252//4252 4474//4474 4253//4253
f 4473//4473 4474//4474 4252//4252
f 4472//4472 4232//4232 4454//4454
f 4472//4472 4473//4473 4252//4252
f 4232//4232 4472//4472 4252//4252
f 4211//4211 4193//4193 4432//4432
f 4433//4433 4211//4211 4432//4432
f 4212//4212 4211//4211 4433//4433
f 5088//5088 5089//5089 5039//5039
f 5088//5088 5087//5087 5089//5089
f 5086//5086 5088//5088 5039//5039
f 5088//5088 5086//5086 5087//5087
f 5225//5225 5226//5226 5211//5211
f 5296//5296 5225//5225 5224//5224
f 5238//5238 5296//5296 5224//5224
f 5296//5296 5226//5226 5225//5225
f 5296//5296 5309//5309 5303//5303
f 5226//5226 5296//5296 5211//5211
f 5304//5304 5296//5296 5303//5303
f 5296//5296 5304//5304 5305//5305
f 5300//5300 5296//5296 5305//5305
f 5040//5040 5070//5070 5071//5071
f 5253//5253 5255//5255 5254//5254
f 5282//5282 5281//5281 5280//5280
f 5060//5060 5062//5062 5061//5061
f 5089//5089 5060//5060 5039//5039
f 5060//5060 5061//5061 5039//5039
f 5282//5282 5283//5283 5281//5281
f 5198//5198 5301//5301 5297//5297
f 5296//5296 5212//5212 5211//5211
f 5174//5174 5161//5161 5173//5173
f 5174//5174 5175//5175 5161//5161
f 5175//5175 5174//5174 5285//5285
f 5174//5174 5181//5181 5285//5285
f 5174//5174 5173//5173 5181//5181
f 4954//4954 4955//4955 4970//4970
f 4954//4954 4938//4938 4955//4955
f 4417//4417 4214//4214 4438//4438
f 4416//4416 4417//4417 4438//4438
f 4796//4796 4795//4795 4794//4794
f 4574//4574 4575//4575 4366//4366
f 4573//4573 4574//4574 4366//4366
f 4576//4576 4339//4339 4575//4575
f 4825//4825 4826//4826 4792//4792
f 5015//5015 5043//5043 5016//5016
f 4346//4346 4522//4522 4347//4347
f 4522//4522 4523//4523 4347//4347
f 4826//4826 4793//4793 4792//4792
f 4908//4908 4909//4909 4897//4897
f 4896//4896 4908//4908 4897//4897
f 4908//4908 4910//4910 4909//4909
f 4834//4834 4864//4864 4833//4833
f 4834//4834 4862//4862 4864//4864
f 5012//5012 5011//5011 5025//5025
f 5206//5206 5196//5196 5195//5195
f 5205//5205 5204//5204 5216//5216
f 5206//5206 5205//5205 5216//5216
f 5205//5205 5206//5206 5204//5204
f 5008//5008 4993//4993 5007//5007
f 4762//4762 4763//4763 4747//4747
f 4762//4762 4747//4747 4746//4746
f 5210//5210 5219//5219 5221//5221
f 5219//5219 5220//5220 5221//5221
f 5219//5219 5210//5210 5218//5218
f 5220//5220 5219//5219 5218//5218
f 4783//4783 4766//4766 4782//4782
f 5013//5013 5012//5012 5025//5025
f 5026//5026 5013//5013 5025//5025
f 5038//5038 5037//5037 5052//5052
f 5034//5034 5014//5014 5033//5033
f 5034//5034 5035//5035 5014//5014
f 5260//5260 5261//5261 5246//5246
f 5245//5245 5260//5260 5246//5246
f 4276//4276 4277//4277 4275//4275
f 4303//4303 4302//4302 4518//4518
f 4326//4326 4519//4519 4520//4520
f 4519//4519 4303//4303 4518//4518
f 4328//4328 4329//4329 4327//4327
f 4542//4542 4328//4328 4327//4327
f 4543//4543 4328//4328 4542//4542
f 4328//4328 4543//4543 4544//4544
f 4329//4329 4328//4328 4544//4544
f 4545//4545 4329//4329 4544//4544
f 4332//4332 4547//4547 4548//4548
f 4332//4332 4331//4331 4547//4547
f 4496//4496 4497//4497 4299//4299
f 4497//4497 4498//4498 4299//4299
f 4498//4498 4300//4300 4299//4299
f 4300//4300 4498//4498 4301//4301
f 4300//4300 4278//4278 4299//4299
f 5268//5268 5266//5266 5308//5308
f 5266//5266 5265//5265 5308//5308
f 5266//5266 5268//5268 5267//5267
f 5265//5265 5266//5266 5267//5267
f 4982//4982 4968//4968 4981//4981
f 4983//4983 4982//4982 4981//4981
f 4982//4982 4983//4983 4968//4968
f 5123//5123 5129//5129 5124//5124
f 5139//5139 5129//5129 5123//5123
f 5129//5129 5130//5130 5124//5124
f 5129//5129 5139//5139 5130//5130
f 4493//4493 4492//4492 4540//4540
f 4515//4515 4493//4493 4540//4540
f 4493//4493 4491//4491 4492//4492
f 4541//4541 4516//4516 4540//4540
f 4516//4516 4515//4515 4540//4540
f 4469//4469 4448//4448 4468//4468
f 4469//4469 4490//4490 4448//4448
f 4449//4449 4450//4450 4431//4431
f 4450//4450 4449//4449 4470//4470
f 4687//4687 4702//4702 4703//4703
f 4703//4703 4702//4702 4742//4742
f 4780//4780 4724//4724 4761//4761
f 4780//4780 4761//4761 4781//4781
f 4810//4810 4780//4780 4781//4781
f 4722//4722 4703//4703 4742//4742
f 4722//4722 4724//4724 4703//4703
f 2364//2364 2491//2491 2393//2393
f 2364//2364 2363//2363 2491//2491
f 2209//2209 2308//2308 2336//2336
f 2307//2307 2209//2209 2183//2183
f 2308//2308 2209//2209 2307//2307
f 3401//3401 3373//3373 3400//3400
f 3158//3158 3182//3182 3159//3159
f 3206//3206 3182//3182 3158//3158
f 3206//3206 3228//3228 3229//3229
f 3228//3228 3253//3253 3229//3229
f 3253//3253 3228//3228 3252//3252
f 3347//3347 3373//3373 3323//3323
f 2827//2827 2787//2787 2807//2807
f 2787//2787 2767//2767 2807//2807
f 2569//2569 2550//2550 2549//2549
f 2549//2549 2550//2550 2503//2503
f 2526//2526 2550//2550 2570//2570
f 2550//2550 2526//2526 2503//2503
f 2502//2502 2548//2548 2525//2525
f 2548//2548 2569//2569 2525//2525
f 2569//2569 2548//2548 2591//2591
f 2548//2548 2568//2568 2591//2591
f 2548//2548 2501//2501 2568//2568
f 2613//2613 2635//2635 2614//2614
f 2635//2635 2636//2636 2614//2614
f 2636//2636 2635//2635 2657//2657
f 2592//2592 2613//2613 2570//2570
f 2550//2550 2592//2592 2570//2570
f 2592//2592 2550//2550 2569//2569
f 2592//2592 2569//2569 2591//2591
f 2745//2745 2765//2765 2766//2766
f 2765//2765 2786//2786 2766//2766
f 2745//2745 2722//2722 2701//2701
f 2703//2703 2722//2722 2723//2723
f 2722//2722 2746//2746 2723//2723
f 2746//2746 2722//2722 2766//2766
f 2722//2722 2745//2745 2766//2766
f 2885//2885 2906//2906 2886//2886
f 2866//2866 2885//2885 2886//2886
f 2845//2845 2826//2826 2825//2825
f 2845//2845 2865//2865 2846//2846
f 2826//2826 2845//2845 2846//2846
f 2863//2863 2844//2844 2843//2843
f 2801//2801 2781//2781 2800//2800
f 2821//2821 2801//2801 2800//2800
f 2822//2822 2801//2801 2821//2821
f 2547//2547 2523//2523 2590//2590
f 2568//2568 2547//2547 2590//2590
f 2547//2547 2450//2450 2523//2523
f 3684//3684 3614//3614 3713//3713
f 3660//3660 3793//3793 3768//3768
f 3793//3793 3660//3660 3814//3814
f 3683//3683 3746//3746 3712//3712
f 3814//3814 3683//3683 3712//3712
f 3683//3683 3814//3814 3659//3659
f 3499//3499 3565//3565 3479//3479
f 3565//3565 3499//3499 3587//3587
f 3565//3565 3458//3458 3479//3479
f 3660//3660 3636//3636 3659//3659
f 3636//3636 3660//3660 3713//3713
f 3480//3480 3481//3481 3394//3394
f 3500//3500 3480//3480 3394//3394
f 3076//3076 3176//3176 3153//3153
f 3176//3176 3076//3076 3103//3103
f 3003//3003 3028//3028 3104//3104
f 3028//3028 3053//3053 3104//3104
f 3028//3028 2939//2939 2958//2958
f 3028//3028 3003//3003 2939//2939
f 3054//3054 3029//3029 2981//2981
f 3029//3029 3030//3030 2981//2981
f 2943//2943 2922//2922 2962//2962
f 3224//3224 3177//3177 3249//3249
f 3204//3204 3157//3157 3179//3179
f 3226//3226 3179//3179 3225//3225
f 3226//3226 3204//3204 3179//3179
f 2818//2818 2840//2840 2819//2819
f 2818//2818 2839//2839 2840//2840
f 2818//2818 2819//2819 2817//2817
f 2839//2839 2818//2818 2817//2817
f 2740//2740 2718//2718 2717//2717
f 2718//2718 2697//2697 2717//2717
f 2676//2676 2675//2675 2696//2696
f 2397//2397 2370//2370 2340//2340
f 2313//2313 2287//2287 2340//2340
f 2370//2370 2313//2313 2340//2340
f 2313//2313 2370//2370 2288//2288
f 2567//2567 2546//2546 2545//2545
f 2546//2546 2523//2523 2499//2499
f 2546//2546 2567//2567 2523//2523
f 2444//2444 2518//2518 2541//2541
f 2442//2442 2310//2310 2418//2418
f 2467//2467 2442//2442 2540//2540
f 2468//2468 2467//2467 2540//2540
f 2467//2467 2468//2468 2394//2394
f 2085//2085 2111//2111 2136//2136
f 2136//2136 2111//2111 2211//2211
f 2111//2111 2185//2185 2211//2211
f 2111//2111 2085//2085 2161//2161
f 2286//2286 2261//2261 2338//2338
f 2261//2261 2189//2189 2163//2163
f 2261//2261 2286//2286 2189//2189
f 2286//2286 2213//2213 2189//2189
f 2587//2587 2607//2607 2628//2628
f 2542//2542 2470//2470 2519//2519
f 2445//2445 2470//2470 2446//2446
f 2519//2519 2470//2470 2445//2445
f 2396//2396 2470//2470 2421//2421
f 2470//2470 2396//2396 2446//2446
f 2420//2420 2519//2519 2445//2445
f 2367//2367 2286//2286 2338//2338
f 2444//2444 2367//2367 2338//2338
f 2653//2653 2674//2674 2654//2654
f 2675//2675 2674//2674 2696//2696
f 2674//2674 2675//2675 2654//2654
f 2653//2653 2631//2631 2610//2610
f 2631//2631 2653//2653 2654//2654
f 2589//2589 2630//2630 2610//2610
f 2566//2566 2609//2609 2630//2630
f 2589//2589 2566//2566 2630//2630
f 2447//2447 2471//2471 2397//2397
f 2471//2471 2496//2496 2397//2397
f 1123//1123 1273//1273 1296//1296
f 1273//1273 1123//1123 1250//1250
f 1296//1296 1273//1273 1317//1317
f 1359//1359 1520//1520 1546//1546
f 1359//1359 1336//1336 1520//1520
f 1336//1336 1359//1359 1360//1360
f 1382//1382 1359//1359 1546//1546
f 1359//1359 1382//1382 1360//1360
f 1361//1361 1384//1384 1338//1338
f 1384//1384 1361//1361 1494//1494
f 1384//1384 1405//1405 1275//1275
f 1405//1405 1384//1384 1406//1406
f 1405//1405 1276//1276 1275//1275
f 1276//1276 1405//1405 1406//1406
f 1466//1466 1429//1429 1601//1601
f 1549//1549 1429//1429 1406//1406
f 1276//1276 1429//1429 1299//1299
f 1429//1429 1276//1276 1406//1406
f 1429//1429 1320//1320 1299//1299
f 1429//1429 1466//1466 1320//1320
f 1466//1466 1495//1495 1339//1339
f 1700//1700 1721//1721 1722//1722
f 1721//1721 1907//1907 1800//1800
f 1186//1186 1319//1319 1232//1232
f 1208//1208 1185//1185 1335//1335
f 1185//1185 1208//1208 1230//1230
f 1336//1336 1208//1208 1335//1335
f 1208//1208 1336//1336 1230//1230
f 1999//1999 2020//2020 2021//2021
f 2020//2020 2057//2057 2021//2021
f 2057//2057 2020//2020 2135//2135
f 1907//1907 1931//1931 1932//1932
f 1931//1931 1955//1955 1932//1932
f 1931//1931 1907//1907 2019//2019
f 1955//1955 1931//1931 2019//2019
f 1650//1650 1676//1676 1649//1649
f 1650//1650 1801//1801 1676//1676
f 1625//1625 1650//1650 1649//1649
f 2234//2234 2282//2282 2133//2133
f 2282//2282 2234//2234 2258//2258
f 2282//2282 2283//2283 2182//2182
f 2282//2282 2258//2258 2416//2416
f 2441//2441 2282//2282 2416//2416
f 2282//2282 2441//2441 2283//2283
f 2133//2133 2134//2134 2108//2108
f 2282//2282 2134//2134 2133//2133
f 2160//2160 2134//2134 2182//2182
f 2134//2134 2282//2282 2182//2182
f 1543//1543 1825//1825 1566//1566
f 1825//1825 1543//1543 1824//1824
f 1825//1825 1851//1851 1566//1566
f 1825//1825 1824//1824 2081//2081
f 1517//1517 1793//1793 1541//1541
f 1793//1793 1823//1823 1541//1541
f 1793//1793 1517//1517 1792//1792
f 2079//2079 1793//1793 1792//1792
f 1573//1573 1549//1549 1548//1548
f 1573//1573 1720//1720 1601//1601
f 1429//1429 1573//1573 1601//1601
f 1573//1573 1429//1429 1549//1549
f 1720//1720 1573//1573 1699//1699
f 1573//1573 1548//1548 1699//1699
f 1572//1572 1383//1383 1571//1571
f 1572//1572 1696//1696 1600//1600
f 1464//1464 1645//1645 1646//1646
f 1622//1622 1645//1645 1464//1464
f 1621//1621 1600//1600 1719//1719
f 1693//1693 1926//1926 1927//1927
f 1926//1926 2157//2157 1927//1927
f 1949//1949 1950//1950 1695//1695
f 1694//1694 1949//1949 1695//1695
f 1950//1950 1949//1949 2179//2179
f 1949//1949 1693//1693 1927//1927
f 1949//1949 1694//1694 1693//1693
f 1949//1949 2158//2158 2179//2179
f 2158//2158 1949//1949 1927//1927
f 1462//1462 1461//1461 1695//1695
f 1461//1461 1694//1694 1695//1695
f 1694//1694 1461//1461 1425//1425
f 1461//1461 1295//1295 1425//1425
f 1295//1295 1461//1461 1462//1462
f 1519//1519 1544//1544 1545//1545
f 1518//1518 1519//1519 1357//1357
f 1519//1519 1358//1358 1357//1357
f 1762//1762 1519//1519 1518//1518
f 1763//1763 1762//1762 1973//1973
f 1762//1762 1718//1718 1973//1973
f 1762//1762 1763//1763 1544//1544
f 1519//1519 1762//1762 1544//1544
f 1718//1718 1717//1717 1695//1695
f 1491//1491 1717//1717 1492//1492
f 1717//1717 1518//1518 1492//1492
f 1717//1717 1462//1462 1695//1695
f 1717//1717 1491//1491 1462//1462
f 1717//1717 1762//1762 1518//1518
f 1762//1762 1717//1717 1718//1718
f 1491//1491 1334//1334 1316//1316
f 1357//1357 1334//1334 1492//1492
f 1334//1334 1491//1491 1492//1492
f 1906//1906 2083//2083 1929//1929
f 1930//1930 1906//1906 1929//1929
f 1906//1906 1883//1883 2018//2018
f 1906//1906 1930//1930 1767//1767
f 1883//1883 1906//1906 1767//1767
f 1881//1881 1854//1854 2017//2017
f 1882//1882 1881//1881 2017//2017
f 1905//1905 2052//2052 2053//2053
f 1905//1905 1882//1882 2052//2052
f 2181//2181 2054//2054 2018//2018
f 2054//2054 1906//1906 2018//2018
f 2055//2055 2054//2054 2207//2207
f 2054//2054 2181//2181 2207//2207
f 2083//2083 2054//2054 2055//2055
f 1906//1906 2054//2054 2083//2083
f 1765//1765 1645//1645 1622//1622
f 1621//1621 1765//1765 1622//1622
f 1764//1764 1765//1765 1719//1719
f 1765//1765 1621//1621 1719//1719
f 1920//1920 1919//1919 1897//1897
f 1919//1919 1920//1920 1943//1943
f 1478//1478 1666//1666 1638//1638
f 1479//1479 1478//1478 1638//1638
f 1666//1666 1478//1478 1507//1507
f 1591//1591 1738//1738 1739//1739
f 1590//1590 1591//1591 1612//1612
f 1738//1738 1590//1590 1784//1784
f 1590//1590 1738//1738 1591//1591
f 1873//1873 1968//1968 1842//1842
f 1968//1968 1873//1873 1990//1990
f 1968//1968 1814//1814 1842//1842
f 1968//1968 1944//1944 1814//1814
f 763//763 762//762 789//789
f 358//358 372//372 359//359
f 370//370 358//358 206//206
f 348//348 358//358 359//359
f 358//358 348//348 188//188
f 206//206 358//358 207//207
f 358//358 188//188 207//207
f 670//670 634//634 633//633
f 579//579 600//600 580//580
f 619//619 597//597 618//618
f 598//598 597//597 619//619
f 1220//1220 1400//1400 1221//1221
f 806//806 788//788 600//600
f 1166//1166 1200//1200 1376//1376
f 1139//1139 1167//1167 1168//1168
f 1167//1167 1352//1352 1168//1168
f 1167//1167 1166//1166 1377//1377
f 1352//1352 1167//1167 1377//1377
f 1310//1310 1116//1116 1115//1115
f 1117//1117 1116//1116 1310//1310
f 619//619 850//850 824//824
f 849//849 850//850 619//619
f 1351//1351 1536//1536 1537//1537
f 1374//1374 1536//1536 1351//1351
f 1536//1536 1562//1562 1537//1537
f 1536//1536 1374//1374 1562//1562
f 1853//1853 1599//1599 1827//1827
f 1854//1854 1853//1853 2017//2017
f 1853//1853 1827//1827 2017//2017
f 1795//1795 1544//1544 1794//1794
f 2440//2440 2465//2465 2464//2464
f 2257//2257 2465//2465 2281//2281
f 2464//2464 2465//2465 2256//2256
f 2465//2465 2257//2257 2256//2256
f 2440//2440 2439//2439 2415//2415
f 2180//2180 2439//2439 2205//2205
f 2439//2439 2180//2180 2415//2415
f 2205//2205 2439//2439 2206//2206
f 2439//2439 2440//2440 2206//2206
f 1640//1640 1668//1668 1925//1925
f 1641//1641 1901//1901 1616//1616
f 1901//1901 1902//1902 1616//1616
f 1901//1901 1641//1641 1925//1925
f 1564//1564 1563//1563 1849//1849
f 1538//1538 1564//1564 1849//1849
f 1539//1539 1819//1819 1820//1820
f 1539//1539 1538//1538 1819//1819
f 1539//1539 1821//1821 1540//1540
f 1821//1821 1539//1539 1820//1820
f 1594//1594 1876//1876 1877//1877
f 1902//1902 1876//1876 1616//1616
f 1311//1311 1092//1092 1091//1091
f 1117//1117 1311//1311 1091//1091
f 1311//1311 1117//1117 1310//1310
f 1563//1563 1848//1848 1849//1849
f 1847//1847 1848//1848 1563//1563
f 1848//1848 1819//1819 1849//1849
f 1595//1595 1847//1847 1563//1563
f 2231//2231 2230//2230 2203//2203
f 2514//2514 2513//2513 2536//2536
f 1485//1485 1742//1742 1743//1743
f 1744//1744 1745//1745 1486//1486
f 1485//1485 1744//1744 1486//1486
f 1744//1744 1485//1485 1743//1743
f 2412//2412 2355//2355 2387//2387
f 1755//1755 2048//2048 1756//1756
f 1758//1758 2050//2050 1759//1759
f 2050//2050 1758//1758 2049//2049
f 1692//1692 1948//1948 1667//1667
f 1947//1947 1948//1948 1692//1692
f 1875//1875 1899//1899 1900//1900
f 1970//1970 1969//1969 1992//1992
f 2153//2153 2177//2177 2125//2125
f 2153//2153 2125//2125 1945//1945
f 1970//1970 2153//2153 1945//1945
f 2153//2153 1970//1970 1992//1992
f 1991//1991 2153//2153 1992//1992
f 2177//2177 2153//2153 1991//1991
f 2015//2015 1817//1817 1846//1846
f 1818//1818 1817//1817 2015//2015
f 1846//1846 1817//1817 1845//1845
f 1785//1785 1818//1818 2015//2015
f 1288//1288 1440//1440 1441//1441
f 1755//1755 1455//1455 1716//1716
f 1752//1752 1715//1715 1751//1751
f 1715//1715 1450//1450 1751//1751
f 1758//1758 1757//1757 2049//2049
f 2048//2048 1757//1757 1756//1756
f 1757//1757 2048//2048 2049//2049
f 1756//1756 1757//1757 1458//1458
f 1757//1757 1459//1459 1458//1458
f 1459//1459 1757//1757 1460//1460
f 1757//1757 1758//1758 1460//1460
f 51//51 113//113 37//37
f 113//113 38//38 37//37
f 38//38 113//113 39//39
f 231//231 123//123 230//230
f 109//109 51//51 50//50
f 108//108 109//109 50//50
f 402//402 403//403 310//310
f 403//403 435//435 310//310
f 401//401 403//403 402//402
f 436//436 466//466 324//324
f 466//466 325//325 324//324
f 480//480 680//680 681//681
f 680//680 480//480 651//651
f 454//454 480//480 455//455
f 480//480 452//452 651//651
f 480//480 454//454 452//452
f 480//480 456//456 455//455
f 480//480 481//481 456//456
f 460//460 481//481 686//686
f 460//460 462//462 461//461
f 459//459 460//460 461//461
f 481//481 460//460 459//459
f 687//687 460//460 686//686
f 460//460 687//687 462//462
f 41//41 40//40 52//52
f 53//53 41//41 52//52
f 165//165 172//172 75//75
f 172//172 173//173 75//75
f 172//172 165//165 307//307
f 182//182 340//340 258//258
f 182//182 323//323 340//340
f 78//78 182//182 132//132
f 323//323 182//182 322//322
f 182//182 133//133 132//132
f 133//133 182//182 258//258
f 308//308 321//321 322//322
f 292//292 308//308 307//307
f 308//308 172//172 307//307
f 172//172 308//308 173//173
f 72//72 65//65 66//66
f 71//71 72//72 66//66
f 72//72 77//77 78//78
f 164//164 163//163 291//291
f 163//163 164//164 74//74
f 374//374 385//385 375//375
f 467//467 351//351 342//342
f 467//467 485//485 351//351
f 466//466 467//467 342//342
f 485//485 467//467 484//484
f 467//467 466//466 484//484
f 1183//1183 1332//1332 1333//1333
f 1149//1149 1332//1332 1183//1183
f 1292//1292 1313//1313 1293//1293
f 1313//1313 1314//1314 1120//1120
f 1119//1119 1313//1313 1120//1120
f 1313//1313 1118//1118 1293//1293
f 1313//1313 1119//1119 1118//1118
f 1314//1314 1148//1148 1120//1120
f 1148//1148 1314//1314 1149//1149
f 922//922 1148//1148 1149//1149
f 1402//1402 1643//1643 1669//1669
f 1643//1643 1402//1402 1642//1642
f 1402//1402 1401//1401 1642//1642
f 1248//1248 1227//1227 1379//1379
f 1401//1401 1248//1248 1379//1379
f 1227//1227 1248//1248 1031//1031
f 1880//1880 1619//1619 1879//1879
f 1619//1619 1880//1880 1903//1903
f 2130//2130 1880//1880 1879//1879
f 2131//2131 1880//1880 2130//2130
f 1378//1378 1356//1356 1355//1355
f 1227//1227 1378//1378 1379//1379
f 1356//1356 1378//1378 1227//1227
f 1226//1226 1227//1227 1031//1031
f 1226//1226 1356//1356 1227//1227
f 1356//1356 1226//1226 1206//1206
f 1205//1205 1183//1183 1333//1333
f 1354//1354 1205//1205 1333//1333
f 1205//1205 1356//1356 1206//1206
f 1356//1356 1205//1205 1355//1355
f 1205//1205 1354//1354 1355//1355
f 905//905 906//906 768//768
f 906//906 905//905 922//922
f 904//904 905//905 889//889
f 904//904 1119//1119 1120//1120
f 1148//1148 904//904 1120//1120
f 888//888 904//904 889//889
f 1119//1119 904//904 888//888
f 905//905 904//904 922//922
f 904//904 1148//1148 922//922
f 791//791 790//790 810//810
f 656//656 568//568 556//556
f 692//692 656//656 655//655
f 555//555 656//656 556//556
f 656//656 537//537 655//655
f 656//656 555//555 537//537
f 656//656 693//693 568//568
f 693//693 656//656 692//692
f 1010//1010 856//856 833//833
f 1010//1010 1011//1011 856//856
f 1011//1011 1010//1010 1034//1034
f 1249//1249 1099//1099 1229//1229
f 1249//1249 1250//1250 1100//1100
f 1099//1099 1249//1249 1100//1100
f 1079//1079 1099//1099 910//910
f 1099//1099 1079//1079 1078//1078
f 1079//1079 910//910 909//909
f 1055//1055 1079//1079 909//909
f 1079//1079 1055//1055 1078//1078
f 391//391 406//406 407//407
f 406//406 439//439 407//407
f 829//829 652//652 622//622
f 654//654 653//653 852//852
f 653//653 829//829 852//852
f 653//653 652//652 829//829
f 623//623 520//520 519//519
f 537//537 520//520 655//655
f 520//520 623//623 655//655
f 520//520 406//406 391//391
f 406//406 520//520 537//537
f 520//520 391//391 390//390
f 519//519 520//520 390//390
f 809//809 808//808 851//851
f 827//827 809//809 851//851
f 809//809 601//601 808//808
f 2245//2245 2220//2220 2271//2271
f 2194//2194 2220//2220 2244//2244
f 2220//2220 2245//2245 2244//2244
f 3083//3083 3137//3137 3111//3111
f 3110//3110 3137//3137 3083//3083
f 3111//3111 3137//3137 3162//3162
f 3137//3137 3161//3161 3162//3162
f 3037//3037 3011//3011 3036//3036
f 3011//3011 3037//3037 3012//3012
f 3011//3011 3010//3010 3036//3036
f 2947//2947 2967//2967 2948//2948
f 2947//2947 2966//2966 2967//2967
f 2947//2947 2948//2948 2928//2928
f 2927//2927 2947//2947 2928//2928
f 2884//2884 2866//2866 2865//2865
f 2885//2885 2884//2884 2904//2904
f 2884//2884 2885//2885 2866//2866
f 3082//3082 3059//3059 3109//3109
f 3110//3110 3082//3082 3109//3109
f 3082//3082 3110//3110 3083//3083
f 2946//2946 2947//2947 2927//2927
f 2946//2946 2965//2965 2966//2966
f 2947//2947 2946//2946 2966//2966
f 2140//2140 2190//2190 2215//2215
f 2190//2190 2140//2140 2114//2114
f 2113//2113 2060//2060 2025//2025
f 2025//2025 2060//2060 2004//2004
f 2060//2060 2026//2026 2004//2004
f 2288//2288 2289//2289 2216//2216
f 2370//2370 2289//2289 2288//2288
f 2400//2400 2474//2474 2426//2426
f 2474//2474 2400//2400 2450//2450
f 2547//2547 2474//2474 2450//2450
f 2424//2424 2374//2374 2343//2343
f 2400//2400 2374//2374 2450//2450
f 2343//2343 2374//2374 2269//2269
f 2374//2374 2400//2400 2269//2269
f 2267//2267 2143//2143 2242//2242
f 2143//2143 2267//2267 2167//2167
f 2241//2241 2166//2166 2216//2216
f 2241//2241 2266//2266 2166//2166
f 2289//2289 2241//2241 2216//2216
f 2241//2241 2289//2289 2341//2341
f 2240//2240 2165//2165 2215//2215
f 2240//2240 2191//2191 2165//2165
f 2264//2264 2288//2288 2216//2216
f 2191//2191 2264//2264 2216//2216
f 2240//2240 2264//2264 2191//2191
f 2264//2264 2313//2313 2288//2288
f 2264//2264 2240//2240 2313//2313
f 1554//1554 1528//1528 1527//1527
f 1528//1528 1554//1554 1583//1583
f 1528//1528 1501//1501 1527//1527
f 1501//1501 1528//1528 1433//1433
f 1528//1528 1583//1583 1433//1433
f 1704//1704 1773//1773 1805//1805
f 1727//1727 1773//1773 1704//1704
f 1807//1807 1774//1774 1806//1806
f 2006//2006 1807//1807 1867//1867
f 1705//1705 1807//1807 1630//1630
f 1939//1939 1891//1891 1914//1914
f 1963//1963 1939//1939 1914//1914
f 1939//1939 2006//2006 1867//1867
f 1891//1891 1939//1939 1867//1867
f 2003//2003 1960//1960 1980//1980
f 1960//1960 2003//2003 1961//1961
f 1340//1340 1322//1322 1467//1467
f 1625//1625 1430//1430 1602//1602
f 1322//1322 1430//1430 1467//1467
f 1430//1430 1322//1322 1407//1407
f 1722//1722 1575//1575 1574//1574
f 1602//1602 1575//1575 1722//1722
f 1430//1430 1575//1575 1602//1602
f 1575//1575 1430//1430 1407//1407
f 1496//1496 1386//1386 1467//1467
f 1496//1496 1497//1497 1386//1386
f 1496//1496 1625//1625 1649//1649
f 1551//1551 1496//1496 1649//1649
f 1430//1430 1496//1496 1467//1467
f 1496//1496 1430//1430 1625//1625
f 1408//1408 1387//1387 1386//1386
f 1387//1387 1364//1364 1386//1386
f 2186//2186 2187//2187 2212//2212
f 2137//2137 2136//2136 2211//2211
f 2236//2236 2137//2137 2211//2211
f 2162//2162 2137//2137 2236//2236
f 1911//1911 1979//1979 2002//2002
f 1957//1957 1979//1979 1911//1911
f 2086//2086 1979//1979 2058//2058
f 1979//1979 2023//2023 2058//2058
f 1979//1979 1957//1957 2023//2023
f 1861//1861 1933//1933 1956//1956
f 1629//1629 1679//1679 1654//1654
f 1772//1772 1727//1727 1704//1704
f 1677//1677 1802//1802 1702//1702
f 1677//1677 1651//1651 1802//1802
f 1388//1388 1524//1524 1469//1469
f 1524//1524 1525//1525 1469//1469
f 1469//1469 1552//1552 1578//1578
f 1525//1525 1552//1552 1469//1469
f 1552//1552 1627//1627 1578//1578
f 1552//1552 1525//1525 1627//1627
f 2451//2451 2475//2475 2426//2426
f 2474//2474 2451//2451 2426//2426
f 2475//2475 2524//2524 2476//2476
f 2548//2548 2524//2524 2501//2501
f 2451//2451 2524//2524 2475//2475
f 2524//2524 2451//2451 2501//2501
f 2524//2524 2502//2502 2476//2476
f 2524//2524 2548//2548 2502//2502
f 2218//2218 2193//2193 2167//2167
f 2193//2193 2144//2144 2167//2167
f 2193//2193 2218//2218 2243//2243
f 4626//4626 4756//4756 4714//4714
f 4757//4757 4756//4756 4892//4892
f 4714//4714 4737//4737 4715//4715
f 4737//4737 4871//4871 4715//4715
f 4871//4871 4737//4737 4892//4892
f 4696//4696 4695//4695 4830//4830
f 4663//4663 4626//4626 4644//4644
f 4663//4663 4756//4756 4626//4626
f 4928//4928 4917//4917 4829//4829
f 4916//4916 4917//4917 4928//4928
f 4917//4917 4800//4800 4829//4829
f 4917//4917 4916//4916 4901//4901
f 4902//4902 4890//4890 4877//4877
f 4801//4801 4902//4902 4772//4772
f 4902//4902 4877//4877 4772//4772
f 4902//4902 4801//4801 4800//4800
f 4917//4917 4902//4902 4800//4800
f 4890//4890 4902//4902 4901//4901
f 4902//4902 4917//4917 4901//4901
f 4972//4972 4888//4888 4987//4987
f 4972//4972 4889//4889 4888//4888
f 4959//4959 4943//4943 4876//4876
f 4959//4959 4958//4958 4943//4943
f 4889//4889 4959//4959 4876//4876
f 4972//4972 4959//4959 4889//4889
f 4959//4959 4972//4972 4958//4958
f 3859//3859 3909//3909 3884//3884
f 3909//3909 3984//3984 3884//3884
f 4244//4244 4222//4222 4202//4202
f 4291//4291 4159//4159 4181//4181
f 4140//4140 4159//4159 4141//4141
f 4317//4317 4291//4291 4221//4221
f 4242//4242 4317//4317 4221//4221
f 4317//4317 4242//4242 4356//4356
f 4291//4291 4317//4317 4292//4292
f 4317//4317 4356//4356 4292//4292
f 4377//4377 4408//4408 4425//4425
f 4392//4392 4408//4408 4377//4377
f 4408//4408 4316//4316 4425//4425
f 4408//4408 4392//4392 4316//4316
f 4392//4392 4241//4241 4290//4290
f 4241//4241 4392//4392 4242//4242
f 4290//4290 4241//4241 4265//4265
f 4265//4265 4241//4241 4221//4221
f 4241//4241 4242//4242 4221//4221
f 3300//3300 3253//3253 3274//3274
f 3505//3505 3504//3504 3527//3527
f 3505//3505 3485//3485 3504//3504
f 3505//3505 3528//3528 3485//3485
f 3548//3548 3571//3571 3527//3527
f 3485//3485 3506//3506 3463//3463
f 3528//3528 3506//3506 3485//3485
f 3506//3506 3486//3486 3463//3463
f 3428//3428 3427//3427 3463//3463
f 3427//3427 3428//3428 3400//3400
f 3428//3428 3401//3401 3400//3400
f 3503//3503 3548//3548 3527//3527
f 3484//3484 3503//3503 3527//3527
f 3397//3397 3345//3345 3370//3370
f 3345//3345 3397//3397 3319//3319
f 3397//3397 3371//3371 3319//3319
f 3462//3462 3484//3484 3504//3504
f 3485//3485 3462//3462 3504//3504
f 3427//3427 3462//3462 3485//3485
f 3424//3424 3396//3396 3370//3370
f 3344//3344 3294//3294 3369//3369
f 3663//3663 3664//3664 3640//3640
f 3664//3664 3617//3617 3640//3640
f 3617//3617 3664//3664 3641//3641
f 3641//3641 3664//3664 3618//3618
f 3569//3569 3591//3591 3570//3570
f 3617//3617 3591//3591 3569//3569
f 3591//3591 3617//3617 3641//3641
f 3571//3571 3591//3591 3641//3641
f 3591//3591 3548//3548 3570//3570
f 3591//3591 3571//3571 3548//3548
f 3590//3590 3617//3617 3569//3569
f 3590//3590 3616//3616 3617//3617
f 3616//3616 3590//3590 3638//3638
f 3885//3885 3860//3860 3911//3911
f 3931//3931 3885//3885 3911//3911
f 3885//3885 3931//3931 3985//3985
f 4014//4014 3985//3985 4048//4048
f 3912//3912 3818//3818 3886//3886
f 4142//4142 4122//4122 4066//4066
f 4160//4160 4142//4142 4066//4066
f 4121//4121 4140//4140 4141//4141
f 4160//4160 4121//4121 4202//4202
f 4121//4121 4244//4244 4202//4202
f 4244//4244 4121//4121 4141//4141
f 4182//4182 4202//4202 4203//4203
f 4182//4182 4160//4160 4202//4202
f 4142//4142 4182//4182 4203//4203
f 4142//4142 4106//4106 4122//4122
f 4106//4106 4142//4142 4203//4203
f 4085//4085 3959//3959 3984//3984
f 3984//3984 3959//3959 3884//3884
f 3959//3959 3931//3931 3884//3884
f 3931//3931 3959//3959 4048//4048
f 3959//3959 4085//4085 4048//4048
f 4105//4105 4047//4047 4122//4122
f 4106//4106 4105//4105 4122//4122
f 4105//4105 4106//4106 4085//4085
f 4013//4013 4085//4085 3984//3984
f 4047//4047 4013//4013 3930//3930
f 4013//4013 4105//4105 4085//4085
f 4105//4105 4013//4013 4047//4047
f 4013//4013 3909//3909 3930//3930
f 3909//3909 4013//4013 3984//3984
f 3058//3058 3081//3081 3033//3033
f 3058//3058 3080//3080 3081//3081
f 3840//3840 3795//3795 3816//3816
f 3749//3749 3769//3769 3816//3816
f 3749//3749 3795//3795 3750//3750
f 3795//3795 3749//3749 3816//3816
f 5136//5136 5131//5131 5132//5132
f 5136//5136 5135//5135 5131//5131
f 5135//5135 5136//5136 5134//5134
f 5117//5117 5108//5108 5116//5116
f 4898//4898 4899//4899 4913//4913
f 4898//4898 4886//4886 4899//4899
f 4691//4691 4674//4674 4692//4692
f 4925//4925 4914//4914 4900//4900
f 4926//4926 4925//4925 4942//4942
f 4914//4914 4925//4925 4927//4927
f 4925//4925 4926//4926 4927//4927
f 4925//4925 4941//4941 4942//4942
f 4941//4941 4925//4925 4957//4957
f 3478//3478 3291//3291 3313//3313
f 4119//4119 4137//4137 4157//4157
f 4137//4137 4119//4119 4101//4101
f 3745//3745 3711//3711 3766//3766
f 4102//4102 3927//3927 4101//4101
f 4119//4119 4102//4102 4101//4101
f 4102//4102 4081//4081 4080//4080
f 3928//3928 4080//4080 4064//4064
f 3928//3928 4064//4064 3907//3907
f 3928//3928 4102//4102 4080//4080
f 4102//4102 3928//3928 3927//3927
f 3906//3906 3928//3928 3907//3907
f 3927//3927 3928//3928 3906//3906
f 3682//3682 3586//3586 3711//3711
f 3586//3586 3682//3682 3563//3563
f 3682//3682 3564//3564 3563//3563
f 3564//3564 3682//3682 3658//3658
f 3635//3635 3612//3612 3521//3521
f 3612//3612 3499//3499 3521//3521
f 3499//3499 3612//3612 3587//3587
f 3836//3836 3814//3814 3712//3712
f 3835//3835 3836//3836 3712//3712
f 3858//3858 3835//3835 3883//3883
f 3858//3858 3836//3836 3835//3835
f 4857//4857 4858//4858 4695//4695
f 4857//4857 4870//4870 4858//4858
f 4562//4562 4529//4529 4561//4561
f 4580//4580 4562//4562 4561//4561
f 4625//4625 4609//4609 4594//4594
f 4609//4609 4610//4610 4594//4594
f 4624//4624 4609//4609 4625//4625
f 4988//4988 5003//5003 5002//5002
f 4988//4988 4973//4973 4989//4989
f 5024//5024 4988//4988 5002//5002
f 4973//4973 4988//4988 5024//5024
f 4878//4878 4869//4869 4877//4877
f 4870//4870 4869//4869 4878//4878
f 4869//4869 4857//4857 4877//4877
f 4857//4857 4869//4869 4870//4870
f 4531//4531 4532//4532 4508//4508
f 4532//4532 4509//4509 4508//4508
f 4509//4509 4532//4532 4628//4628
f 4628//4628 4532//4532 4627//4627
f 4532//4532 4531//4531 4627//4627
f 4464//4464 4390//4390 4405//4405
f 4464//4464 4444//4444 4390//4390
f 4464//4464 4445//4445 4444//4444
f 4534//4534 4423//4423 4443//4443
f 4240//4240 4355//4355 4316//4316
f 4355//4355 4446//4446 4316//4316
f 4355//4355 4465//4465 4446//4446
f 4376//4376 4375//4375 4485//4485
f 4465//4465 4376//4376 4485//4485
f 4355//4355 4376//4376 4465//4465
f 4375//4375 4376//4376 4289//4289
f 4376//4376 4264//4264 4289//4289
f 4376//4376 4240//4240 4264//4264
f 4376//4376 4355//4355 4240//4240
f 4484//4484 4511//4511 4485//4485
f 4407//4407 4484//4484 4485//4485
f 4484//4484 4407//4407 4511//4511
f 4118//4118 4156//4156 4136//4136
f 4313//4313 4156//4156 4155//4155
f 4136//4136 4156//4156 4313//4313
f 3904//3904 3905//3905 3788//3788
f 5240//5240 5257//5257 5241//5241
f 5240//5240 5239//5239 5257//5257
f 5240//5240 5227//5227 5239//5239
f 5227//5227 5241//5241 5228//5228
f 5227//5227 5240//5240 5241//5241
f 5127//5127 5020//5020 5133//5133
f 5127//5127 5119//5119 4999//4999
f 5119//5119 5118//5118 5112//5112
f 5127//5127 5118//5118 5119//5119
f 5118//5118 5127//5127 5133//5133
f 4641//4641 4853//4853 4622//4622
f 4853//4853 4854//4854 4622//4622
f 5093//5093 4956//4956 5101//5101
f 4956//4956 5093//5093 5094//5094
f 5075//5075 5093//5093 5101//5101
f 5094//5094 5093//5093 5075//5075
f 3759//3759 3942//3942 3781//3781
f 4128//4128 4147//4147 3967//3967
f 4147//4147 4128//4128 4272//4272
f 3240//3240 3239//3239 3261//3261
f 3240//3240 3216//3216 3239//3239
f 2083//2083 2233//2233 2108//2108
f 2233//2233 2234//2234 2108//2108
f 2233//2233 2083//2083 2208//2208
f 2391//2391 2233//2233 2208//2208
f 2234//2234 2233//2233 2258//2258
f 2233//2233 2391//2391 2392//2392
f 2258//2258 2233//2233 2392//2392
f 3128//3128 3127//3127 3222//3222
f 3152//3152 3127//3127 3027//3027
f 3127//3127 3128//3128 3103//3103
f 3224//3224 3154//3154 3177//3177
f 3201//3201 3176//3176 3103//3103
f 3128//3128 3201//3201 3103//3103
f 3201//3201 3128//3128 3200//3200
f 3344//3344 3268//3268 3294//3294
f 3268//3268 3344//3344 3318//3318
f 4545//4545 4330//4330 4329//4329
f 4331//4331 4330//4330 4546//4546
f 4330//4330 4545//4545 4546//4546
f 4571//4571 4337//4337 4336//4336
f 4337//4337 4571//4571 4572//4572
f 4338//4338 4337//4337 4572//4572
f 3267//3267 3246//3246 3152//3152
f 3127//3127 3246//3246 3222//3222
f 3246//3246 3127//3127 3152//3152
f 3293//3293 3267//3267 3175//3175
f 3368//3368 3393//3393 3394//3394
f 3199//3199 3314//3314 3315//3315
f 3293//3293 3199//3199 3315//3315
f 3199//3199 3293//3293 3175//3175
f 3314//3314 3199//3199 3221//3221
f 3199//3199 3075//3075 3221//3221
f 3075//3075 3199//3199 3051//3051
f 3199//3199 3175//3175 3051//3051
f 3220//3220 3342//3342 3221//3221
f 3342//3342 3314//3314 3221//3221
f 3342//3342 3220//3220 3367//3367
f 4305//4305 4526//4526 4306//4306
f 3902//3902 3654//3654 3901//3901
f 3876//3876 3654//3654 3902//3902
f 4214//4214 4234//4234 4438//4438
f 4234//4234 4233//4233 4438//4438
f 4456//4456 4258//4258 4257//4257
f 4171//4171 4195//4195 4385//4385
f 4195//4195 4400//4400 4385//4385
f 4400//4400 4195//4195 4194//4194
f 4215//4215 4417//4417 4418//4418
f 4417//4417 4215//4215 4214//4214
f 4216//4216 4215//4215 4418//4418
f 4399//4399 4216//4216 4418//4418
f 4216//4216 4399//4399 4194//4194
f 3764//3764 3880//3880 3855//3855
f 3880//3880 3764//3764 3879//3879
f 3905//3905 3764//3764 3788//3788
f 3764//3764 3905//3905 3879//3879
f 4043//4043 4042//4042 4062//4062
f 4043//4043 4008//4008 4042//4042
f 4042//4042 3903//3903 4062//4062
f 3878//3878 3903//3903 4042//4042
f 3878//3878 3853//3853 3854//3854
f 3853//3853 3878//3878 4042//4042
f 3853//3853 4008//4008 3854//3854
f 4008//4008 3853//3853 4042//4042
f 3903//3903 4061//4061 4062//4062
f 4078//4078 4061//4061 3924//3924
f 4061//4061 3903//3903 3924//3924
f 3980//3980 3829//3829 3854//3854
f 3830//3830 3829//3829 3980//3980
f 4311//4311 4370//4370 4351//4351
f 3560//3560 3559//3559 3786//3786
f 3675//3675 3949//3949 3950//3950
f 3949//3949 3675//3675 3707//3707
f 4077//4077 4098//4098 4235//4235
f 4235//4235 4098//4098 4260//4260
f 4098//4098 4259//4259 4260//4260
f 4259//4259 4098//4098 4097//4097
f 4798//4798 4606//4606 4797//4797
f 4606//4606 4828//4828 4797//4797
f 4828//4828 4606//4606 4623//4623
f 1283//1283 1303//1303 1369//1369
f 1257//1257 1283//1283 1369//1369
f 1303//1303 1325//1325 1369//1369
f 1325//1325 1392//1392 1369//1369
f 1214//1214 1158//1158 1157//1157
f 1159//1159 1158//1158 1214//1214
f 1158//1158 1130//1130 1157//1157
f 1130//1130 1158//1158 1159//1159
f 1585//1585 1555//1555 1529//1529
f 1584//1584 1585//1585 1529//1529
f 1555//1555 1585//1585 1608//1608
f 1585//1585 1584//1584 1608//1608
f 1658//1658 1584//1584 1657//1657
f 1584//1584 1658//1658 1632//1632
f 1632//1632 1658//1658 1659//1659
f 1658//1658 1731//1731 1659//1659
f 1530//1530 1556//1556 1503//1503
f 1555//1555 1530//1530 1502//1502
f 1530//1530 1503//1503 1434//1434
f 1502//1502 1530//1530 1434//1434
f 1556//1556 1586//1586 1633//1633
f 1633//1633 1586//1586 1608//1608
f 1586//1586 1555//1555 1608//1608
f 1586//1586 1530//1530 1555//1555
f 1530//1530 1586//1586 1556//1556
f 1392//1392 1414//1414 1369//1369
f 1413//1413 1390//1390 1412//1412
f 1413//1413 1414//1414 1392//1392
f 1503//1503 1473//1473 1434//1434
f 1473//1473 1435//1435 1434//1434
f 1556//1556 1473//1473 1503//1503
f 1435//1435 1473//1473 1412//1412
f 1473//1473 1413//1413 1412//1412
f 1109//1109 1065//1065 1018//1018
f 1085//1085 1109//1109 1018//1018
f 1109//1109 1085//1085 1193//1193
f 1160//1160 1109//1109 1193//1193
f 1218//1218 1241//1241 1219//1219
f 974//974 975//975 935//935
f 865//865 845//845 844//844
f 845//845 846//846 844//844
f 846//846 845//845 865//865
f 800//800 846//846 820//820
f 846//846 800//800 782//782
f 784//784 800//800 820//820
f 865//865 883//883 1021//1021
f 917//917 842//842 934//934
f 741//741 742//742 758//758
f 742//742 741//741 802//802
f 801//801 741//741 758//758
f 741//741 801//801 802//802
f 1066//1066 1067//1067 1046//1046
f 1022//1022 821//821 1046//1046
f 1067//1067 1022//1022 1046//1046
f 1022//1022 1067//1067 1000//1000
f 1136//1136 1163//1163 1164//1164
f 1136//1136 1137//1137 1162//1162
f 1163//1163 1136//1136 1162//1162
f 1327//1327 1349//1349 1328//1328
f 1349//1349 1327//1327 1348//1348
f 1396//1396 1395//1395 1420//1420
f 799//799 819//819 843//843
f 917//917 819//819 842//842
f 842//842 819//819 781//781
f 819//819 799//799 781//781
f 799//799 665//665 699//699
f 699//699 665//665 664//664
f 665//665 782//782 666//666
f 665//665 799//799 782//782
f 630//630 665//665 666//666
f 665//665 630//630 664//664
f 576//576 614//614 577//577
f 594//594 614//614 615//615
f 614//614 594//594 577//577
f 442//442 366//366 493//493
f 595//595 509//509 577//577
f 509//509 545//545 527//527
f 381//381 509//509 527//527
f 301//301 303//303 302//302
f 316//316 301//301 302//302
f 301//301 316//316 443//443
f 301//301 444//444 303//303
f 444//444 301//301 443//443
f 315//315 316//316 314//314
f 315//315 334//334 475//475
f 334//334 315//315 314//314
f 315//315 475//475 443//443
f 316//316 315//315 443//443
f 334//334 474//474 475//475
f 510//510 529//529 511//511
f 510//510 528//528 529//529
f 510//510 381//381 528//528
f 356//356 345//345 366//366
f 345//345 381//381 346//346
f 1505//1505 1476//1476 1533//1533
f 1534//1534 1505//1505 1533//1533
f 1663//1663 1664//1664 1637//1637
f 1664//1664 1815//1815 1816//1816
f 1843//1843 1689//1689 1874//1874
f 1843//1843 1663//1663 1689//1689
f 1843//1843 1664//1664 1663//1663
f 1370//1370 1417//1417 1418//1418
f 1417//1417 1370//1370 1394//1394
f 1370//1370 1393//1393 1394//1394
f 1304//1304 1326//1326 1305//1305
f 1304//1304 1305//1305 1284//1284
f 1259//1259 1304//1304 1284//1284
f 1326//1326 1304//1304 1347//1347
f 1415//1415 1393//1393 1436//1436
f 1415//1415 1436//1436 1475//1475
f 1415//1415 1417//1417 1394//1394
f 1417//1417 1415//1415 1475//1475
f 1942//1942 1917//1917 1966//1966
f 2011//2011 1942//1942 1966//1966
f 1840//1840 1841//1841 1812//1812
f 1895//1895 1872//1872 1812//1812
f 1872//1872 1840//1840 1812//1812
f 1989//1989 1988//1988 2123//2123
f 1967//1967 1989//1989 2099//2099
f 1989//1989 2123//2123 2099//2099
f 1988//1988 1989//1989 2012//2012
f 1965//1965 1941//1941 1916//1916
f 1986//1986 1941//1941 1965//1965
f 2246//2246 2272//2272 2295//2295
f 2094//2094 2118//2118 2065//2065
f 2118//2118 2169//2169 2065//2065
f 2118//2118 2146//2146 2169//2169
f 3088//3088 3113//3113 3064//3064
f 3113//3113 3088//3088 2991//2991
f 3040//3040 3015//3015 3064//3064
f 3015//3015 3088//3088 3064//3064
f 3015//3015 3040//3040 2970//2970
f 2725//2725 2704//2704 2661//2661
f 2724//2724 2725//2725 2661//2661
f 2704//2704 2725//2725 2768//2768
f 2725//2725 2724//2724 2768//2768
f 2272//2272 2319//2319 2295//2295
f 2638//2638 2661//2661 2682//2682
f 2616//2616 2638//2638 2682//2682
f 2683//2683 2705//2705 2727//2727
f 2504//2504 2552//2552 2527//2527
f 1635//1635 1660//1660 1609//1609
f 1660//1660 1635//1635 1634//1634
f 1587//1587 1635//1635 1609//1609
f 1635//1635 1587//1587 1634//1634
f 1683//1683 1657//1657 1706//1706
f 1730//1730 1683//1683 1706//1706
f 1683//1683 1658//1658 1657//1657
f 1683//1683 1775//1775 1776//1776
f 1683//1683 1730//1730 1775//1775
f 1731//1731 1683//1683 1776//1776
f 1658//1658 1683//1683 1731//1731
f 971//971 996//996 1085//1085
f 840//840 839//839 863//863
f 780//780 757//757 722//722
f 779//779 780//780 722//722
f 757//757 780//780 781//781
f 107//107 108//108 48//48
f 106//106 107//107 48//48
f 107//107 106//106 120//120
f 103//103 32//32 31//31
f 103//103 31//31 101//101
f 201//201 202//202 88//88
f 201//201 87//87 200//200
f 201//201 88//88 87//87
f 220//220 201//201 200//200
f 202//202 201//201 220//220
f 221//221 222//222 224//224
f 202//202 222//222 221//221
f 249//249 222//222 202//202
f 169//169 170//170 171//171
f 180//180 170//170 169//169
f 170//170 304//304 171//171
f 304//304 170//170 318//318
f 170//170 317//317 318//318
f 317//317 170//170 180//180
f 305//305 319//319 373//373
f 304//304 319//319 305//305
f 319//319 318//318 373//373
f 319//319 304//304 318//318
f 289//289 306//306 373//373
f 288//288 306//306 289//289
f 306//306 305//305 373//373
f 305//305 306//306 161//161
f 306//306 288//288 161//161
f 549//549 530//530 373//373
f 530//530 531//531 373//373
f 531//531 532//532 373//373
f 478//478 499//499 707//707
f 499//499 730//730 705//705
f 116//116 208//208 117//117
f 278//278 289//289 373//373
f 289//289 278//278 290//290
f 290//290 278//278 153//153
f 349//349 348//348 384//384
f 349//349 191//191 190//190
f 348//348 349//349 190//190
f 135//135 134//134 149//149
f 134//134 135//135 136//136
f 92//92 91//91 212//212
f 20//20 92//92 22//22
f 382//382 277//277 276//276
f 262//262 277//277 382//382
f 277//277 275//275 276//276
f 277//277 262//262 275//275
f 418//418 637//637 638//638
f 637//637 418//418 417//417
f 636//636 637//637 417//417
f 675//675 414//414 451//451
f 1821//1821 1509//1509 1540//1540
f 646//646 429//429 428//428
f 645//645 646//646 428//428
f 452//452 646//646 647//647
f 429//429 646//646 452//452
f 643//643 425//425 642//642
f 644//644 645//645 426//426
f 644//644 426//426 425//425
f 643//643 644//644 425//425
f 943//943 1174//1174 944//944
f 1173//1173 1174//1174 943//943
f 1172//1172 1173//1173 943//943
f 942//942 1172//1172 943//943
f 296//296 282//282 295//295
f 175//175 296//296 297//297
f 296//296 295//295 297//297
f 166//166 296//296 175//175
f 282//282 296//296 281//281
f 281//281 296//296 157//157
f 296//296 166//166 157//157
f 1652//1652 1677//1677 1702//1702
f 1724//1724 1652//1652 1702//1702
f 1526//1526 1500//1500 1469//1469
f 1526//1526 1553//1553 1500//1500
f 965//965 836//836 928//928
f 965//965 966//966 836//836
f 1056//1056 965//965 928//928
f 965//965 1056//1056 1057//1057
f 966//966 965//965 1057//1057
f 1080//1080 1057//1057 1036//1036
f 1037//1037 1038//1038 1014//1014
f 1037//1037 1101//1101 1125//1125
f 992//992 1080//1080 1101//1101
f 992//992 966//966 1057//1057
f 1080//1080 992//992 1057//1057
f 992//992 1037//1037 1014//1014
f 1037//1037 992//992 1101//1101
f 967//967 930//930 1058//1058
f 1233//1233 1254//1254 1082//1082
f 1127//1127 1254//1254 1277//1277
f 1254//1254 1127//1127 1082//1082
f 1254//1254 1385//1385 1277//1277
f 1254//1254 1363//1363 1385//1385
f 1211//1211 1233//1233 1082//1082
f 1211//1211 1082//1082 1059//1059
f 1015//1015 1102//1102 1126//1126
f 1126//1126 1102//1102 1209//1209
f 1298//1298 1276//1276 1299//1299
f 1276//1276 1298//1298 1188//1188
f 1190//1190 1155//1155 1189//1189
f 1155//1155 1127//1127 1189//1189
f 1127//1127 1155//1155 1128//1128
f 1061//1061 969//969 994//994
f 1016//1016 1061//1061 994//994
f 969//969 1061//1061 932//932
f 1061//1061 1016//1016 1042//1042
f 1061//1061 1083//1083 1062//1062
f 1083//1083 1061//1061 1042//1042
f 838//838 931//931 932//932
f 837//837 816//816 797//797
f 778//778 816//816 756//756
f 797//797 816//816 778//778
f 1151//1151 991//991 990//990
f 991//991 1012//1012 990//990
f 991//991 1151//1151 1152//1152
f 1012//1012 991//991 1152//1152
f 3797//3797 3774//3774 3753//3753
f 3774//3774 3797//3797 3798//3798
f 3863//3863 3797//3797 3753//3753
f 3798//3798 3797//3797 3819//3819
f 3797//3797 3863//3863 3819//3819
f 3433//3433 3488//3488 3489//3489
f 3468//3468 3488//3488 3433//3433
f 3376//3376 3432//3432 3403//3403
f 3432//3432 3433//3433 3403//3403
f 3432//3432 3468//3468 3433//3433
f 3691//3691 3719//3719 3756//3756
f 4018//4018 4050//4050 4051//4051
f 4050//4050 4018//4018 4017//4017
f 4018//4018 4051//4051 3938//3938
f 3990//3990 4018//4018 3938//3938
f 4018//4018 3990//3990 4017//4017
f 2069//2069 2070//2070 1943//1943
f 1919//1919 2070//2070 2034//2034
f 2070//2070 1919//1919 1943//1943
f 2380//2380 2458//2458 2433//2433
f 2458//2458 2380//2380 2406//2406
f 2482//2482 2458//2458 2406//2406
f 2384//2384 2351//2351 2252//2252
f 2351//2351 2226//2226 2252//2252
f 2226//2226 2351//2351 2227//2227
f 2201//2201 2351//2351 2325//2325
f 2227//2227 2351//2351 2201//2201
f 2199//2199 2224//2224 2276//2276
f 2199//2199 2251//2251 2173//2173
f 2199//2199 2276//2276 2251//2251
f 2322//2322 2407//2407 2381//2381
f 2380//2380 2322//2322 2348//2348
f 2407//2407 2322//2322 2380//2380
f 2460//2460 2435//2435 2350//2350
f 2383//2383 2460//2460 2350//2350
f 2460//2460 2382//2382 2484//2484
f 2460//2460 2383//2383 2382//2382
f 3211//3211 3168//3168 3188//3188
f 3211//3211 3234//3234 3168//3168
f 3472//3472 3492//3492 3512//3512
f 2849//2849 2869//2869 2888//2888
f 2829//2829 2869//2869 2849//2849
f 2888//2888 2908//2908 2970//2970
f 2869//2869 2908//2908 2888//2888
f 2992//2992 2969//2969 2991//2991
f 2950//2950 2969//2969 2970//2970
f 2969//2969 2992//2992 2970//2970
f 2642//2642 2620//2620 2641//2641
f 2665//2665 2642//2642 2641//2641
f 2643//2643 2642//2642 2665//2665
f 2620//2620 2642//2642 2598//2598
f 2642//2642 2643//2643 2621//2621
f 2528//2528 2504//2504 2527//2527
f 2480//2480 2506//2506 2507//2507
f 2222//2222 2197//2197 2170//2170
f 4931//4931 4930//4930 4946//4946
f 4930//4930 4920//4920 4946//4946
f 4920//4920 4930//4930 4931//4931
f 4949//4949 4962//4962 4964//4964
f 4962//4962 4963//4963 4964//4964
f 4961//4961 4962//4962 4949//4949
f 4962//4962 4961//4961 4963//4963
f 4947//4947 4931//4931 4946//4946
f 4947//4947 4948//4948 4931//4931
f 4961//4961 4947//4947 4946//4946
f 4948//4948 4947//4947 4961//4961
f 4164//4164 4144//4144 4163//4163
f 4164//4164 4163//4163 4185//4185
f 4164//4164 4206//4206 4226//4226
f 4164//4164 4185//4185 4205//4205
f 4206//4206 4164//4164 4205//4205
f 3939//3939 4019//4019 3963//3963
f 4020//4020 4019//4019 4052//4052
f 4019//4019 4020//4020 3991//3991
f 4086//4086 4087//4087 4069//4069
f 4086//4086 4107//4107 4087//4087
f 4086//4086 4069//4069 4123//4123
f 4107//4107 4086//4086 4123//4123
f 4633//4633 4649//4649 4650//4650
f 4648//4648 4649//4649 4633//4633
f 4649//4649 4669//4669 4650//4650
f 4649//4649 4648//4648 4669//4669
f 4631//4631 4616//4616 4615//4615
f 4648//4648 4631//4631 4615//4615
f 4631//4631 4648//4648 4616//4616
f 4358//4358 4295//4295 4379//4379
f 4092//4092 4091//4091 4110//4110
f 4127//4127 4092//4092 4110//4110
f 3991//3991 3964//3964 3963//3963
f 4187//4187 4186//4186 4165//4165
f 4186//4186 4188//4188 4166//4166
f 4188//4188 4186//4186 4187//4187
f 4276//4276 4255//4255 4475//4475
f 4255//4255 4276//4276 4275//4275
f 4192//4192 4191//4191 4413//4413
f 4398//4398 4191//4191 4170//4170
f 4413//4413 4191//4191 4398//4398
f 4590//4590 4604//4604 4591//4591
f 4451//4451 4452//4452 4230//4230
f 4452//4452 4453//4453 4230//4230
f 5237//5237 5238//5238 5236//5236
f 5237//5237 5296//5296 5238//5238
f 5254//5254 5235//5235 5236//5236
f 5255//5255 5235//5235 5254//5254
f 5235//5235 5237//5237 5236//5236
f 5237//5237 5235//5235 5296//5296
f 5252//5252 5254//5254 5251//5251
f 5252//5252 5253//5253 5254//5254
f 5250//5250 5252//5252 5251//5251
f 5283//5283 5248//5248 5247//5247
f 5248//5248 5283//5283 5282//5282
f 5213//5213 5212//5212 5296//5296
f 5152//5152 5153//5153 5151//5151
f 4307//4307 4500//4500 4279//4279
f 4500//4500 4280//4280 4279//4279
f 4280//4280 4500//4500 4501//4501
f 4748//4748 4749//4749 4750//4750
f 4769//4769 4748//4748 4768//4768
f 4769//4769 4749//4749 4748//4748
f 4969//4969 4954//4954 4970//4970
f 4767//4767 4769//4769 4768//4768
f 4796//4796 4767//4767 4795//4795
f 4845//4845 4846//4846 4847//4847
f 4845//4845 4844//4844 4843//4843
f 4844//4844 4842//4842 4843//4843
f 4551//4551 4552//4552 4341//4341
f 4551//4551 4576//4576 4552//4552
f 4576//4576 4551//4551 4339//4339
f 4558//4558 4346//4346 4557//4557
f 4558//4558 4522//4522 4346//4346
f 4305//4305 4525//4525 4526//4526
f 4524//4524 4525//4525 4304//4304
f 4525//4525 4305//4305 4304//4304
f 4348//4348 4524//4524 4304//4304
f 4523//4523 4348//4348 4347//4347
f 4524//4524 4348//4348 4523//4523
f 5196//5196 5208//5208 5210//5210
f 5207//5207 5206//5206 5217//5217
f 5207//5207 5196//5196 5206//5206
f 5208//5208 5207//5207 5217//5217
f 5207//5207 5208//5208 5196//5196
f 5013//5013 5028//5028 5029//5029
f 5028//5028 5013//5013 5026//5026
f 5028//5028 5026//5026 5027//5027
f 5244//5244 5258//5258 5245//5245
f 5243//5243 5244//5244 5234//5234
f 5244//5244 5245//5245 5234//5234
f 5244//5244 5243//5243 5308//5308
f 5258//5258 5244//5244 5308//5308
f 5259//5259 5260//5260 5245//5245
f 5258//5258 5259//5259 5245//5245
f 5260//5260 5259//5259 5261//5261
f 5261//5261 5259//5259 5308//5308
f 5259//5259 5258//5258 5308//5308
f 4494//4494 4276//4276 4475//4475
f 4474//4474 4494//4494 4475//4475
f 4277//4277 4495//4495 4496//4496
f 4276//4276 4495//4495 4277//4277
f 4494//4494 4495//4495 4276//4276
f 4325//4325 4326//4326 4327//4327
f 4325//4325 4519//4519 4326//4326
f 4519//4519 4325//4325 4303//4303
f 4333//4333 4332//4332 4548//4548
f 4549//4549 4333//4333 4548//4548
f 4333//4333 4549//4549 4334//4334
f 4382//4382 4395//4395 4272//4272
f 4396//4396 4395//4395 4382//4382
f 4487//4487 4469//4469 4468//4468
f 4412//4412 4431//4431 4272//4272
f 4395//4395 4412//4412 4272//4272
f 4412//4412 4396//4396 4411//4411
f 4412//4412 4395//4395 4396//4396
f 4430//4430 4449//4449 4431//4431
f 4412//4412 4430//4430 4431//4431
f 4430//4430 4412//4412 4411//4411
f 4619//4619 4634//4634 4636//4636
f 4618//4618 4619//4619 4636//4636
f 4686//4686 4687//4687 4653//4653
f 4670//4670 4686//4686 4653//4653
f 4686//4686 4702//4702 4687//4687
f 4723//4723 4722//4722 4742//4742
f 4722//4722 4723//4723 4724//4724
f 4724//4724 4743//4743 4761//4761
f 4743//4743 4760//4760 4761//4761
f 4723//4723 4743//4743 4724//4724
f 4760//4760 4743//4743 4742//4742
f 4743//4743 4723//4723 4742//4742
f 2364//2364 2210//2210 2363//2363
f 2363//2363 2210//2210 2336//2336
f 2210//2210 2209//2209 2336//2336
f 2209//2209 2210//2210 2183//2183
f 3227//3227 3204//3204 3251//3251
f 3273//3273 3322//3322 3323//3323
f 3322//3322 3347//3347 3323//3323
f 3373//3373 3372//3372 3400//3400
f 3347//3347 3372//3372 3373//3373
f 3270//3270 3250//3250 3225//3225
f 3250//3250 3226//3226 3225//3225
f 2634//2634 2635//2635 2613//2613
f 2592//2592 2634//2634 2613//2613
f 2635//2635 2634//2634 2657//2657
f 2721//2721 2701//2701 2700//2700
f 2721//2721 2745//2745 2701//2701
f 2786//2786 2785//2785 2806//2806
f 2765//2765 2785//2785 2786//2786
f 2806//2806 2785//2785 2825//2825
f 2702//2702 2680//2680 2701//2701
f 2722//2722 2702//2702 2701//2701
f 2680//2680 2702//2702 2659//2659
f 2702//2702 2703//2703 2659//2659
f 2702//2702 2722//2722 2703//2703
f 2924//2924 2903//2903 2902//2902
f 2946//2946 2926//2926 2965//2965
f 2926//2926 2946//2946 2927//2927
f 2987//2987 3035//3035 3010//3010
f 2885//2885 2905//2905 2906//2906
f 2905//2905 2927//2927 2928//2928
f 2906//2906 2905//2905 2928//2928
f 2905//2905 2885//2885 2904//2904
f 2926//2926 2905//2905 2904//2904
f 2905//2905 2926//2926 2927//2927
f 2964//2964 2944//2944 2963//2963
f 2944//2944 2924//2924 2963//2963
f 3661//3661 3614//3614 3684//3684
f 3614//3614 3661//3661 3588//3588
f 3661//3661 3566//3566 3588//3588
f 3661//3661 3637//3637 3566//3566
f 3481//3481 3459//3459 3394//3394
f 3459//3459 3368//3368 3394//3394
f 3459//3459 3422//3422 3343//3343
f 3368//3368 3459//3459 3343//3343
f 3522//3522 3543//3543 3523//3523
f 3458//3458 3543//3543 3522//3522
f 3565//3565 3543//3543 3458//3458
f 3613//3613 3614//3614 3588//3588
f 3614//3614 3613//3613 3713//3713
f 3613//3613 3636//3636 3713//3713
f 2921//2921 2898//2898 2897//2897
f 2982//2982 2960//2960 2920//2920
f 2982//2982 2940//2940 3004//3004
f 2982//2982 2920//2920 2940//2940
f 2880//2880 2881//2881 2861//2861
f 2880//2880 2901//2901 2881//2881
f 3371//3371 3296//3296 3319//3319
f 3346//3346 3296//3296 3371//3371
f 3271//3271 3297//3297 3251//3251
f 3204//3204 3271//3271 3251//3251
f 3226//3226 3271//3271 3204//3204
f 3271//3271 3250//3250 3297//3297
f 3250//3250 3271//3271 3226//3226
f 2986//2986 2985//2985 3008//3008
f 2986//2986 2964//2964 2963//2963
f 2985//2985 2986//2986 2963//2963
f 2741//2741 2740//2740 2761//2761
f 2741//2741 2718//2718 2740//2740
f 2741//2741 2761//2761 2762//2762
f 2611//2611 2632//2632 2590//2590
f 2567//2567 2611//2611 2590//2590
f 2492//2492 2419//2419 2394//2394
f 2419//2419 2285//2285 2394//2394
f 2419//2419 2444//2444 2338//2338
f 2493//2493 2420//2420 2395//2395
f 2284//2284 2259//2259 2418//2418
f 2135//2135 2284//2284 2161//2161
f 2184//2184 2111//2111 2161//2161
f 2111//2111 2184//2184 2185//2185
f 2366//2366 2467//2467 2394//2394
f 2285//2285 2366//2366 2394//2394
f 2365//2365 2310//2310 2442//2442
f 2467//2467 2365//2365 2442//2442
f 2366//2366 2365//2365 2467//2467
f 2365//2365 2366//2366 2236//2236
f 2212//2212 2237//2237 2086//2086
f 2139//2139 2060//2060 2113//2113
f 2060//2060 2139//2139 2164//2164
f 2213//2213 2139//2139 2189//2189
f 2139//2139 2213//2213 2239//2239
f 2139//2139 2113//2113 2188//2188
f 2189//2189 2139//2139 2188//2188
f 2564//2564 2542//2542 2607//2607
f 2587//2587 2564//2564 2607//2607
f 2651//2651 2608//2608 2628//2628
f 2608//2608 2587//2587 2628//2628
f 2587//2587 2608//2608 2565//2565
f 2608//2608 2609//2609 2565//2565
f 2420//2420 2339//2339 2395//2395
f 2339//2339 2262//2262 2239//2239
f 2367//2367 2368//2368 2286//2286
f 2339//2339 2368//2368 2395//2395
f 2544//2544 2521//2521 2565//2565
f 2609//2609 2588//2588 2565//2565
f 2566//2566 2588//2588 2609//2609
f 2588//2588 2544//2544 2565//2565
f 2544//2544 2588//2588 2566//2566
f 2522//2522 2472//2472 2545//2545
f 2522//2522 2497//2497 2472//2472
f 2546//2546 2522//2522 2545//2545
f 2497//2497 2522//2522 2449//2449
f 2423//2423 2497//2497 2449//2449
f 2315//2315 2423//2423 2449//2449
f 2423//2423 2315//2315 2290//2290
f 1337//1337 1319//1319 1465//1465
f 1494//1494 1337//1337 1465//1465
f 1361//1361 1337//1337 1494//1494
f 1319//1319 1337//1337 1338//1338
f 1337//1337 1361//1361 1338//1338
f 1495//1495 1647//1647 1648//1648
f 1647//1647 1829//1829 1648//1648
f 1829//1829 1647//1647 1799//1799
f 1647//1647 1798//1798 1799//1799
f 1624//1624 1466//1466 1623//1623
f 1624//1624 1495//1495 1466//1466
f 1624//1624 1647//1647 1495//1495
f 1798//1798 1624//1624 1623//1623
f 1647//1647 1624//1624 1798//1798
f 1522//1522 1495//1495 1648//1648
f 1495//1495 1522//1522 1339//1339
f 1721//1721 1768//1768 1722//1722
f 1768//1768 1721//1721 1800//1800
f 1801//1801 1768//1768 1800//1800
f 1650//1650 1768//1768 1801//1801
f 1768//1768 1625//1625 1722//1722
f 1768//1768 1650//1650 1625//1625
f 1721//1721 1884//1884 1907//1907
f 1884//1884 1858//1858 1976//1976
f 1858//1858 1884//1884 1700//1700
f 1884//1884 1721//1721 1700//1700
f 1998//1998 1884//1884 1976//1976
f 1907//1907 1884//1884 1998//1998
f 1209//1209 1187//1187 1232//1232
f 1187//1187 1186//1186 1232//1232
f 1102//1102 1187//1187 1209//1209
f 1186//1186 1153//1153 1319//1319
f 1297//1297 1153//1153 1125//1125
f 1153//1153 1037//1037 1125//1125
f 1037//1037 1153//1153 1038//1038
f 1038//1038 1153//1153 1058//1058
f 1153//1153 1186//1186 1058//1058
f 2020//2020 2110//2110 2135//2135
f 2284//2284 2110//2110 2109//2109
f 2110//2110 2284//2284 2135//2135
f 2110//2110 1999//1999 2109//2109
f 2110//2110 2020//2020 1999//1999
f 1825//1825 1850//1850 1851//1851
f 1850//1850 2106//2106 2129//2129
f 1850//1850 2105//2105 2106//2106
f 1852//1852 1850//1850 2129//2129
f 1851//1851 1850//1850 1852//1852
f 1823//1823 2080//2080 2081//2081
f 1793//1793 2080//2080 1823//1823
f 2080//2080 1793//1793 2079//2079
f 2358//2358 2080//2080 2079//2079
f 1600//1600 1697//1697 1719//1719
f 1696//1696 1697//1697 1600//1600
f 1644//1644 1671//1671 1546//1546
f 1926//1926 1670//1670 1669//1669
f 1670//1670 1926//1926 1693//1693
f 1424//1424 1670//1670 1425//1425
f 1670//1670 1694//1694 1425//1425
f 1694//1694 1670//1670 1693//1693
f 1670//1670 1402//1402 1669//1669
f 1402//1402 1670//1670 1424//1424
f 1903//1903 1904//1904 1669//1669
f 1904//1904 1926//1926 1669//1669
f 1904//1904 2131//2131 2156//2156
f 2157//2157 1904//1904 2156//2156
f 1926//1926 1904//1904 2157//2157
f 1880//1880 1904//1904 1903//1903
f 1904//1904 1880//1880 2131//2131
f 1855//1855 1828//1828 1797//1797
f 1797//1797 1828//1828 1674//1674
f 1828//1828 1698//1698 1674//1674
f 1698//1698 1856//1856 1720//1720
f 1828//1828 1856//1856 1698//1698
f 1856//1856 1828//1828 1855//1855
f 1883//1883 1856//1856 2018//2018
f 1856//1856 1766//1766 1720//1720
f 1856//1856 1883//1883 1766//1766
f 1997//1997 2159//2159 2018//2018
f 1856//1856 1997//1997 2018//2018
f 2159//2159 1997//1997 2132//2132
f 1997//1997 1974//1974 2132//2132
f 1928//1928 2053//2053 2082//2082
f 1928//1928 1905//1905 2053//2053
f 1928//1928 2082//2082 1951//1951
f 1796//1796 1855//1855 1797//1797
f 1765//1765 1796//1796 1645//1645
f 1796//1796 1797//1797 1646//1646
f 1645//1645 1796//1796 1646//1646
f 372//372 357//357 371//371
f 358//358 357//357 372//372
f 357//357 370//370 371//371
f 357//357 358//358 370//370
f 617//617 619//619 618//618
f 599//599 598//598 619//619
f 599//599 579//579 598//598
f 599//599 619//619 600//600
f 579//579 599//599 600//600
f 1400//1400 1375//1375 1221//1221
f 1375//1375 1400//1400 1376//1376
f 1243//1243 1399//1399 1220//1220
f 1399//1399 1400//1400 1220//1220
f 805//805 600//600 826//826
f 806//806 805//805 826//826
f 805//805 806//806 600//600
f 806//806 807//807 788//788
f 788//788 807//807 789//789
f 1200//1200 1199//1199 1376//1376
f 1375//1375 1199//1199 1221//1221
f 1199//1199 1375//1375 1376//1376
f 1599//1599 1826//1826 1827//1827
f 1827//1827 1826//1826 1996//1996
f 1826//1826 1995//1995 1996//1996
f 1995//1995 1826//1826 1794//1794
f 1826//1826 1795//1795 1794//1794
f 1826//1826 1570//1570 1795//1795
f 2488//2488 2440//2440 2489//2489
f 2488//2488 2465//2465 2440//2440
f 2281//2281 2488//2488 2489//2489
f 2465//2465 2488//2488 2281//2281
f 1352//1352 1353//1353 1168//1168
f 1330//1330 1353//1353 1352//1352
f 1353//1353 1140//1140 1168//1168
f 1353//1353 1331//1331 1140//1140
f 1353//1353 1330//1330 1331//1331
f 1876//1876 1617//1617 1616//1616
f 1617//1617 1876//1876 1594//1594
f 1595//1595 1878//1878 1847//1847
f 1878//1878 1594//1594 1877//1877
f 1878//1878 1595//1595 1594//1594
f 2073//2073 1875//1875 1900//1900
f 2231//2231 2255//2255 2230//2230
f 2513//2513 2537//2537 2536//2536
f 2355//2355 2353//2353 2387//2387
f 1787//1787 1511//1511 1822//1822
f 2413//2413 2412//2412 2387//2387
f 2357//2357 2358//2358 2078//2078
f 2105//2105 2359//2359 2360//2360
f 2357//2357 2359//2359 2358//2358
f 1948//1948 1924//1924 1667//1667
f 1668//1668 1924//1924 1925//1925
f 1924//1924 1668//1668 1667//1667
f 1421//1421 1614//1614 1615//1615
f 1614//1614 1421//1421 1439//1439
f 1614//1614 1439//1439 1438//1438
f 1639//1639 1614//1614 1438//1438
f 1712//1712 1741//1741 1713//1713
f 1481//1481 1440//1440 1288//1288
f 1481//1481 1309//1309 1480//1480
f 1481//1481 1288//1288 1309//1309
f 1454//1454 1453//1453 1716//1716
f 1455//1455 1454//1454 1716//1716
f 1456//1456 1755//1755 1756//1756
f 1456//1456 1455//1455 1755//1755
f 1457//1457 1456//1456 1756//1756
f 1715//1715 1451//1451 1450//1450
f 1451//1451 1752//1752 1452//1452
f 1451//1451 1715//1715 1752//1752
f 120//120 228//228 229//229
f 226//226 228//228 120//120
f 250//250 225//225 224//224
f 226//226 225//225 250//250
f 225//225 226//226 120//120
f 111//111 112//112 51//51
f 112//112 113//113 51//51
f 126//126 127//127 128//128
f 127//127 126//126 235//235
f 126//126 112//112 235//235
f 112//112 126//126 113//113
f 114//114 40//40 39//39
f 113//113 114//114 39//39
f 126//126 114//114 113//113
f 40//40 114//114 128//128
f 114//114 126//126 128//128
f 125//125 123//123 231//231
f 125//125 231//231 233//233
f 234//234 125//125 233//233
f 125//125 234//234 235//235
f 112//112 125//125 235//235
f 125//125 112//112 111//111
f 107//107 121//121 108//108
f 121//121 107//107 120//120
f 121//121 120//120 229//229
f 110//110 111//111 51//51
f 109//109 110//110 51//51
f 110//110 109//109 123//123
f 434//434 403//403 401//401
f 403//403 434//434 435//435
f 341//341 466//466 342//342
f 466//466 341//341 325//325
f 325//325 341//341 183//183
f 341//341 184//184 183//183
f 341//341 342//342 184//184
f 682//682 480//480 681//681
f 481//481 683//683 684//684
f 480//480 683//683 481//481
f 683//683 682//682 684//684
f 682//682 683//683 480//480
f 42//42 53//53 54//54
f 42//42 41//41 53//53
f 42//42 54//54 55//55
f 13//13 14//14 12//12
f 14//14 13//13 25//25
f 15//15 14//14 25//25
f 77//77 174//174 78//78
f 174//174 182//182 78//78
f 76//76 174//174 77//77
f 174//174 76//76 75//75
f 173//173 174//174 75//75
f 308//308 320//320 321//321
f 320//320 308//308 292//292
f 73//73 76//76 77//77
f 72//72 73//73 77//77
f 76//76 73//73 74//74
f 73//73 72//72 71//71
f 73//73 163//163 74//74
f 163//163 73//73 71//71
f 156//156 71//71 155//155
f 156//156 163//163 71//71
f 156//156 155//155 291//291
f 163//163 156//156 291//291
f 387//387 386//386 401//401
f 386//386 385//385 401//401
f 385//385 386//386 375//375
f 386//386 293//293 375//375
f 386//386 387//387 293//293
f 809//809 602//602 601//601
f 602//602 827//827 603//603
f 602//602 809//809 827//827
f 1314//1314 1315//1315 1149//1149
f 1315//1315 1332//1332 1149//1149
f 1332//1332 1315//1315 1333//1333
f 1402//1402 1271//1271 1401//1401
f 1271//1271 1248//1248 1401//1401
f 1248//1248 1271//1271 1272//1272
f 1271//1271 1402//1402 1424//1424
f 1271//1271 1424//1424 1294//1294
f 1272//1272 1271//1271 1294//1294
f 770//770 769//769 768//768
f 790//790 770//770 768//768
f 923//923 790//790 768//768
f 906//906 923//923 768//768
f 923//923 906//906 922//922
f 923//923 960//960 790//790
f 790//790 960//960 810//810
f 960//960 986//986 810//810
f 854//854 831//831 855//855
f 986//986 811//811 810//810
f 811//811 791//791 810//810
f 831//831 811//811 830//830
f 908//908 1098//1098 924//924
f 1098//1098 908//908 1097//1097
f 874//874 1076//1076 890//890
f 1054//1054 1076//1076 873//873
f 1076//1076 874//874 873//873
f 1381//1381 1380//1380 1545//1545
f 1380//1380 1519//1519 1545//1545
f 1519//1519 1380//1380 1358//1358
f 1427//1427 1599//1599 1620//1620
f 1427//1427 1273//1273 1250//1250
f 585//585 693//693 716//716
f 586//586 585//585 606//606
f 585//585 716//716 606//606
f 490//490 585//585 586//586
f 585//585 490//490 489//489
f 988//988 989//989 813//813
f 989//989 832//832 813//813
f 989//989 988//988 1150//1150
f 832//832 989//989 833//833
f 989//989 1010//1010 833//833
f 555//555 538//538 537//537
f 538//538 406//406 537//537
f 538//538 555//555 439//439
f 406//406 538//538 439//439
f 689//689 713//713 690//690
f 871//871 713//713 853//853
f 714//714 713//713 715//715
f 713//713 654//654 853//853
f 713//713 689//689 654//654
f 715//715 713//713 889//889
f 713//713 888//888 889//889
f 3184//3184 3208//3208 3162//3162
f 3161//3161 3184//3184 3162//3162
f 3184//3184 3161//3161 3208//3208
f 3136//3136 3137//3137 3110//3110
f 3136//3136 3161//3161 3137//3137
f 3136//3136 3110//3110 3109//3109
f 3135//3135 3136//3136 3109//3109
f 3183//3183 3230//3230 3208//3208
f 3161//3161 3183//3183 3208//3208
f 3182//3182 3183//3183 3159//3159
f 2988//2988 3011//3011 3012//3012
f 2988//2988 3012//3012 2989//2989
f 2966//2966 2988//2988 2989//2989
f 2965//2965 2988//2988 2966//2966
f 2987//2987 2988//2988 2965//2965
f 3011//3011 2988//2988 3010//3010
f 2988//2988 2987//2987 3010//3010
f 3060//3060 3082//3082 3083//3083
f 3061//3061 3060//3060 3083//3083
f 3035//3035 3060//3060 3061//3061
f 2190//2190 2214//2214 2215//2215
f 2313//2313 2214//2214 2287//2287
f 2214//2214 2240//2240 2215//2215
f 2240//2240 2214//2214 2313//2313
f 2263//2263 2190//2190 2164//2164
f 2262//2262 2263//2263 2239//2239
f 2263//2263 2214//2214 2190//2190
f 2263//2263 2139//2139 2239//2239
f 2139//2139 2263//2263 2164//2164
f 2287//2287 2263//2263 2262//2262
f 2214//2214 2263//2263 2287//2287
f 2190//2190 2088//2088 2164//2164
f 2088//2088 2060//2060 2164//2164
f 2088//2088 2190//2190 2114//2114
f 2026//2026 2088//2088 2114//2114
f 2060//2060 2088//2088 2026//2026
f 2314//2314 2370//2370 2397//2397
f 2314//2314 2289//2289 2370//2370
f 2289//2289 2314//2314 2341//2341
f 2314//2314 2397//2397 2422//2422
f 2341//2341 2314//2314 2422//2422
f 2374//2374 2425//2425 2450//2450
f 2425//2425 2374//2374 2424//2424
f 2450//2450 2425//2425 2523//2523
f 2425//2425 2424//2424 2523//2523
f 2291//2291 2373//2373 2399//2399
f 2342//2342 2373//2373 2291//2291
f 2373//2373 2498//2498 2399//2399
f 2268//2268 2342//2342 2291//2291
f 2342//2342 2268//2268 2267//2267
f 2268//2268 2291//2291 2317//2317
f 2167//2167 2268//2268 2317//2317
f 2267//2267 2268//2268 2167//2167
f 2241//2241 2265//2265 2266//2266
f 2290//2290 2265//2265 2371//2371
f 2266//2266 2265//2265 2290//2290
f 2265//2265 2341//2341 2371//2371
f 2265//2265 2241//2241 2341//2341
f 1864//1864 1727//1727 1863//1863
f 1864//1864 1773//1773 1727//1727
f 1729//1729 1728//1728 1774//1774
f 1807//1807 1729//1729 1774//1774
f 1728//1728 1729//1729 1705//1705
f 1729//1729 1807//1807 1705//1705
f 1867//1867 1836//1836 1806//1806
f 1836//1836 1807//1807 1806//1806
f 1959//1959 2024//2024 1980//1980
f 2024//2024 1959//1959 1935//1935
f 1959//1959 1958//1958 1935//1935
f 1407//1407 1321//1321 1385//1385
f 1322//1322 1321//1321 1407//1407
f 1523//1523 1496//1496 1551//1551
f 1496//1496 1523//1523 1497//1497
f 1497//1497 1523//1523 1386//1386
f 1523//1523 1408//1408 1386//1386
f 1408//1408 1523//1523 1431//1431
f 1468//1468 1523//1523 1551//1551
f 1523//1523 1468//1468 1431//1431
f 1387//1387 1278//1278 1364//1364
f 1278//1278 1255//1255 1340//1340
f 1364//1364 1278//1278 1340//1340
f 1255//1255 1278//1278 1279//1279
f 1278//1278 1301//1301 1279//1279
f 1278//1278 1408//1408 1301//1301
f 1278//1278 1387//1387 1408//1408
f 2001//2001 1979//1979 2086//2086
f 1979//1979 2001//2001 2002//2002
f 2112//2112 2001//2001 2086//2086
f 2001//2001 2112//2112 2002//2002
f 1831//1831 1933//1933 1861//1861
f 1831//1831 1861//1861 1702//1702
f 1802//1802 1831//1831 1702//1702
f 1629//1629 1605//1605 1678//1678
f 1580//1580 1605//1605 1581//1581
f 1581//1581 1605//1605 1654//1654
f 1605//1605 1629//1629 1654//1654
f 1703//1703 1629//1629 1678//1678
f 1629//1629 1703//1703 1679//1679
f 1703//1703 1725//1725 1770//1770
f 1703//1703 1678//1678 1725//1725
f 1804//1804 1834//1834 1727//1727
f 1772//1772 1804//1804 1727//1727
f 1834//1834 1804//1804 1833//1833
f 1804//1804 1832//1832 1833//1833
f 1499//1499 1388//1388 1468//1468
f 1499//1499 1524//1524 1388//1388
f 1499//1499 1468//1468 1498//1498
f 1603//1603 1499//1499 1498//1498
f 1499//1499 1603//1603 1525//1525
f 1524//1524 1499//1499 1525//1525
f 2451//2451 2500//2500 2501//2501
f 2500//2500 2451//2451 2474//2474
f 2500//2500 2474//2474 2547//2547
f 2501//2501 2500//2500 2568//2568
f 2500//2500 2547//2547 2568//2568
f 1939//1939 1983//1983 2006//2006
f 1983//1983 1939//1939 1963//1963
f 4736//4736 4756//4756 4757//4757
f 4736//4736 4757//4757 4892//4892
f 4737//4737 4736//4736 4892//4892
f 4756//4756 4736//4736 4714//4714
f 4736//4736 4737//4737 4714//4714
f 4774//4774 4803//4803 4775//4775
f 4756//4756 4774//4774 4775//4775
f 4663//4663 4774//4774 4756//4756
f 4662//4662 4802//4802 4803//4803
f 4774//4774 4662//4662 4803//4803
f 4662//4662 4774//4774 4663//4663
f 4662//4662 4663//4663 4644//4644
f 4266//4266 4159//4159 4291//4291
f 4159//4159 4266//4266 4141//4141
f 4266//4266 4291//4291 4292//4292
f 3253//3253 3275//3275 3254//3254
f 3300//3300 3275//3275 3253//3253
f 3208//3208 3275//3275 3162//3162
f 3275//3275 3208//3208 3254//3254
f 3506//3506 3593//3593 3486//3486
f 3428//3428 3429//3429 3401//3401
f 3429//3429 3349//3349 3401//3401
f 3429//3429 3428//3428 3463//3463
f 3320//3320 3346//3346 3321//3321
f 3297//3297 3320//3320 3321//3321
f 3296//3296 3320//3320 3270//3270
f 3320//3320 3296//3296 3346//3346
f 3320//3320 3250//3250 3270//3270
f 3250//3250 3320//3320 3297//3297
f 3503//3503 3526//3526 3548//3548
f 3526//3526 3547//3547 3570//3570
f 3548//3548 3526//3526 3570//3570
f 3425//3425 3397//3397 3370//3370
f 3397//3397 3425//3425 3461//3461
f 3396//3396 3425//3425 3370//3370
f 3425//3425 3396//3396 3461//3461
f 3462//3462 3426//3426 3484//3484
f 3426//3426 3427//3427 3398//3398
f 3426//3426 3462//3462 3427//3427
f 3502//3502 3396//3396 3424//3424
f 3716//3716 3664//3664 3663//3663
f 3716//3716 3663//3663 3687//3687
f 3715//3715 3716//3716 3687//3687
f 3752//3752 3716//3716 3715//3715
f 3773//3773 3772//3772 3818//3818
f 3772//3772 3773//3773 3752//3752
f 3615//3615 3589//3589 3544//3544
f 3589//3589 3567//3567 3544//3544
f 3460//3460 3482//3482 3525//3525
f 3460//3460 3502//3502 3424//3424
f 3502//3502 3460//3460 3525//3525
f 3482//3482 3545//3545 3525//3525
f 3567//3567 3524//3524 3544//3544
f 3524//3524 3566//3566 3544//3544
f 3860//3860 3861//3861 3839//3839
f 3861//3861 3932//3932 3839//3839
f 3885//3885 3861//3861 3860//3860
f 3932//3932 3933//3933 3839//3839
f 3933//3933 3912//3912 3886//3886
f 3933//3933 3932//3932 3912//3912
f 3932//3932 3960//3960 3912//3912
f 4104//4104 4160//4160 4084//4084
f 4104//4104 4121//4121 4160//4160
f 4121//4121 4104//4104 4140//4140
f 4161//4161 4142//4142 4160//4160
f 4182//4182 4161//4161 4160//4160
f 4161//4161 4182//4182 4142//4142
f 4068//4068 4014//4014 4048//4048
f 4068//4068 3960//3960 4014//4014
f 3960//3960 4068//4068 4106//4106
f 3862//3862 3816//3816 3839//3839
f 3862//3862 3840//3840 3816//3816
f 3862//3862 3933//3933 3886//3886
f 3933//3933 3862//3862 3839//3839
f 3818//3818 3862//3862 3886//3886
f 3840//3840 3862//3862 3818//3818
f 3795//3795 3817//3817 3771//3771
f 3840//3840 3817//3817 3795//3795
f 3817//3817 3840//3840 3818//3818
f 4911//4911 4912//4912 4913//4913
f 4707//4707 4708//4708 4709//4709
f 4502//4502 4280//4280 4501//4501
f 4502//4502 4503//4503 4476//4476
f 4457//4457 4258//4258 4456//4456
f 5109//5109 5098//5098 5110//5110
f 5108//5108 5109//5109 5110//5110
f 5098//5098 5109//5109 5164//5164
f 5109//5109 5117//5117 5164//5164
f 5109//5109 5108//5108 5117//5117
f 3498//3498 3313//3313 3341//3341
f 3498//3498 3478//3478 3313//3313
f 4083//4083 4159//4159 4140//4140
f 4755//4755 4734//4734 4754//4754
f 4734//4734 4735//4735 4754//4754
f 4734//4734 4755//4755 4877//4877
f 4857//4857 4734//4734 4877//4877
f 4734//4734 4712//4712 4735//4735
f 4712//4712 4734//4734 4857//4857
f 4564//4564 4584//4584 4666//4666
f 4564//4564 4481//4481 4584//4584
f 4481//4481 4564//4564 4463//4463
f 4403//4403 4389//4389 4371//4371
f 4403//4403 4404//4404 4389//4389
f 4238//4238 4403//4403 4371//4371
f 4403//4403 4238//4238 4237//4237
f 4403//4403 4261//4261 4422//4422
f 4261//4261 4403//4403 4237//4237
f 3787//3787 3925//3925 3926//3926
f 3954//3954 3925//3925 3809//3809
f 3925//3925 3787//3787 3809//3809
f 5127//5127 4998//4998 5020//5020
f 4998//4998 5127//5127 4999//4999
f 4998//4998 4997//4997 5020//5020
f 4997//4997 4998//4998 4999//4999
f 4854//4854 4827//4827 4622//4622
f 4622//4622 4827//4827 4623//4623
f 4827//4827 4828//4828 4623//4623
f 4853//4853 4852//4852 4866//4866
f 4639//4639 4852//4852 4640//4640
f 4852//4852 4641//4641 4640//4640
f 4852//4852 4853//4853 4641//4641
f 4866//4866 4852//4852 4659//4659
f 4852//4852 4639//4639 4659//4659
f 4865//4865 4659//4659 4657//4657
f 4865//4865 4866//4866 4659//4659
f 4676//4676 4865//4865 4657//4657
f 3966//3966 3943//3943 3965//3965
f 3943//3943 3966//3966 3803//3803
f 3943//3943 3803//3803 3781//3781
f 3942//3942 3943//3943 3781//3781
f 3996//3996 4189//4189 4023//4023
f 3098//3098 3070//3070 3097//3097
f 3309//3309 3288//3288 3308//3308
f 3408//3408 3409//3409 3384//3384
f 3053//3053 3130//3130 3104//3104
f 3129//3129 3130//3130 3053//3053
f 3223//3223 3295//3295 3269//3269
f 3052//3052 3129//3129 3053//3053
f 3052//3052 3076//3076 3153//3153
f 3129//3129 3052//3052 3153//3153
f 3052//3052 3028//3028 2958//2958
f 3028//3028 3052//3052 3053//3053
f 3203//3203 3154//3154 3224//3224
f 3155//3155 3203//3203 3178//3178
f 3154//3154 3203//3203 3155//3155
f 3605//3605 3625//3625 3604//3604
f 3557//3557 3581//3581 3582//3582
f 3101//3101 3122//3122 3123//3123
f 3071//3071 3101//3101 3048//3048
f 3101//3101 3123//3123 3048//3048
f 3679//3679 3680//3680 3497//3497
f 4256//4256 4281//4281 4282//4282
f 4502//4502 4281//4281 4280//4280
f 4280//4280 4281//4281 4279//4279
f 4281//4281 4476//4476 4282//4282
f 4281//4281 4502//4502 4476//4476
f 4005//4005 3741//3741 3740//3740
f 4006//4006 3741//3741 4005//4005
f 3653//3653 3900//3900 3901//3901
f 3654//3654 3653//3653 3901//3901
f 3628//3628 3654//3654 3876//3876
f 3629//3629 3628//3628 3877//3877
f 3628//3628 3876//3876 3877//3877
f 3678//3678 3921//3921 3922//3922
f 3921//3921 3678//3678 3920//3920
f 3744//3744 3855//3855 3710//3710
f 3744//3744 3764//3764 3855//3855
f 3365//3365 3498//3498 3341//3341
f 3365//3365 3341//3341 3312//3312
f 3787//3787 3810//3810 3809//3809
f 3810//3810 3787//3787 3788//3788
f 3952//3952 3979//3979 4116//4116
f 3952//3952 4116//4116 4099//4099
f 3923//3923 4078//4078 3924//3924
f 4078//4078 3923//3923 4099//4099
f 3923//3923 3952//3952 4099//4099
f 3952//3952 3923//3923 3953//3953
f 3496//3496 3679//3679 3497//3497
f 3679//3679 3496//3496 3709//3709
f 3708//3708 3517//3517 3743//3743
f 3762//3762 3538//3538 3560//3560
f 3538//3538 3762//3762 3763//3763
f 3762//3762 3742//3742 3763//3763
f 3763//3763 3742//3742 3743//3743
f 3608//3608 3828//3828 3807//3807
f 3808//3808 3785//3785 3807//3807
f 3584//3584 3785//3785 3786//3786
f 3558//3558 3584//3584 3786//3786
f 3559//3559 3558//3558 3786//3786
f 3677//3677 3676//3676 3951//3951
f 3951//3951 3676//3676 3950//3950
f 3676//3676 3675//3675 3950//3950
f 4608//4608 4607//4607 4798//4798
f 4607//4607 4606//4606 4798//4798
f 4606//4606 4607//4607 4623//4623
f 1282//1282 1257//1257 1215//1215
f 1282//1282 1283//1283 1257//1257
f 1282//1282 1215//1215 1108//1108
f 1282//1282 1108//1108 1107//1107
f 1214//1214 1282//1282 1107//1107
f 1282//1282 1214//1214 1344//1344
f 1303//1303 1282//1282 1344//1344
f 1283//1283 1282//1282 1303//1303
f 1325//1325 1368//1368 1392//1392
f 1391//1391 1413//1413 1392//1392
f 1413//1413 1391//1391 1390//1390
f 1368//1368 1391//1391 1392//1392
f 1390//1390 1391//1391 1344//1344
f 1391//1391 1368//1368 1344//1344
f 1473//1473 1531//1531 1413//1413
f 1413//1413 1531//1531 1414//1414
f 1216//1216 1194//1194 1193//1193
f 1194//1194 1160//1160 1193//1193
f 1133//1133 1134//1134 1110//1110
f 1109//1109 1133//1133 1110//1110
f 1133//1133 1109//1109 1132//1132
f 1134//1134 1133//1133 1216//1216
f 1133//1133 1194//1194 1216//1216
f 1086//1086 1109//1109 1110//1110
f 1109//1109 1086//1086 1065//1065
f 1113//1113 1114//1114 1089//1089
f 1114//1114 1090//1090 1089//1089
f 900//900 802//802 919//919
f 900//900 919//919 935//935
f 1197//1197 1218//1218 1219//1219
f 1198//1198 1197//1197 1219//1219
f 800//800 783//783 782//782
f 783//783 800//800 784//784
f 783//783 784//784 593//593
f 783//783 593//593 592//592
f 666//666 783//783 592//592
f 782//782 783//783 666//666
f 899//899 864//864 843//843
f 883//883 864//864 899//899
f 843//843 864//864 844//844
f 864//864 865//865 844//844
f 864//864 883//883 865//865
f 883//883 918//918 1021//1021
f 918//918 883//883 899//899
f 918//918 917//917 934//934
f 918//918 1020//1020 1021//1021
f 1020//1020 918//918 934//934
f 1112//1112 1088//1088 1087//1087
f 1088//1088 1066//1066 1087//1087
f 1088//1088 1112//1112 1164//1164
f 821//821 1023//1023 974//974
f 1022//1022 1023//1023 821//821
f 1023//1023 1022//1022 1000//1000
f 1112//1112 1111//1111 1164//1164
f 1111//1111 1136//1136 1164//1164
f 1111//1111 1112//1112 1137//1137
f 1136//1136 1111//1111 1137//1137
f 1395//1395 1419//1419 1420//1420
f 1420//1420 1419//1419 1437//1437
f 898//898 819//819 917//917
f 898//898 918//918 899//899
f 918//918 898//898 917//917
f 898//898 899//899 843//843
f 819//819 898//898 843//843
f 700//700 593//593 725//725
f 700//700 576//576 593//593
f 409//409 410//410 366//366
f 442//442 409//409 366//366
f 473//473 442//442 493//493
f 576//576 473//473 593//593
f 492//492 473//473 493//493
f 473//473 492//492 593//593
f 409//409 473//473 410//410
f 473//473 409//409 442//442
f 366//366 395//395 355//355
f 561//561 595//595 578//578
f 561//561 509//509 595//595
f 545//545 561//561 578//578
f 347//347 332//332 333//333
f 332//332 334//334 333//333
f 332//332 474//474 334//334
f 381//381 495//495 347//347
f 495//495 332//332 347//347
f 332//332 495//495 474//474
f 474//474 495//495 511//511
f 495//495 510//510 511//511
f 510//510 495//495 381//381
f 345//345 367//367 381//381
f 367//367 345//345 356//356
f 367//367 356//356 355//355
f 380//380 367//367 355//355
f 381//381 367//367 380//380
f 1505//1505 1477//1477 1476//1476
f 1782//1782 1944//1944 1736//1736
f 1814//1814 1782//1782 1781//1781
f 1944//1944 1782//1782 1814//1814
f 1613//1613 1664//1664 1816//1816
f 1613//1613 1590//1590 1612//1612
f 1613//1613 1612//1612 1637//1637
f 1664//1664 1613//1613 1637//1637
f 1844//1844 1843//1843 1874//1874
f 1664//1664 1844//1844 1815//1815
f 1843//1843 1844//1844 1664//1664
f 1285//1285 1307//1307 1286//1286
f 1285//1285 1286//1286 1261//1261
f 1347//1347 1346//1346 1418//1418
f 1346//1346 1370//1370 1418//1418
f 1370//1370 1346//1346 1393//1393
f 1393//1393 1416//1416 1394//1394
f 1416//1416 1415//1415 1394//1394
f 1415//1415 1416//1416 1393//1393
f 2174//2174 2068//2068 2098//2098
f 2068//2068 2151//2151 2033//2033
f 2068//2068 2174//2174 2151//2151
f 1813//1813 1779//1779 1812//1812
f 1841//1841 1813//1813 1812//1812
f 1779//1779 1813//1813 1780//1780
f 1917//1917 1918//1918 1895//1895
f 1942//1942 1918//1918 1917//1917
f 1872//1872 1918//1918 1840//1840
f 1918//1918 1942//1942 2011//2011
f 1918//1918 1841//1841 1840//1840
f 1918//1918 1813//1813 1841//1841
f 1811//1811 1839//1839 1812//1812
f 2031//2031 2067//2067 2011//2011
f 3064//3064 3139//3139 3166//3166
f 3113//3113 3139//3139 3064//3064
f 3088//3088 3014//3014 2991//2991
f 3015//3015 3014//3014 3088//3088
f 3014//3014 2992//2992 2991//2991
f 2992//2992 3014//3014 2970//2970
f 3014//3014 3015//3015 2970//2970
f 2376//2376 2319//2319 2272//2272
f 2345//2345 2376//2376 2377//2377
f 2319//2319 2376//2376 2345//2345
f 2376//2376 2403//2403 2377//2377
f 2376//2376 2428//2428 2403//2403
f 2478//2478 2528//2528 2454//2454
f 2528//2528 2478//2478 2504//2504
f 2428//2428 2478//2478 2454//2454
f 2376//2376 2478//2478 2428//2428
f 2552//2552 2595//2595 2572//2572
f 2504//2504 2595//2595 2552//2552
f 2595//2595 2616//2616 2572//2572
f 2595//2595 2638//2638 2616//2616
f 1064//1064 996//996 995//995
f 996//996 1064//1064 1085//1085
f 1064//1064 1084//1084 1085//1085
f 1064//1064 995//995 1017//1017
f 1063//1063 1064//1064 1017//1017
f 1084//1084 1064//1064 1063//1063
f 996//996 970//970 995//995
f 995//995 970//970 1017//1017
f 970//970 996//996 971//971
f 882//882 970//970 971//971
f 1043//1043 1065//1065 1044//1044
f 998//998 1043//1043 1044//1044
f 916//916 840//840 863//863
f 840//840 916//916 841//841
f 916//916 998//998 841//841
f 916//916 1043//1043 998//998
f 798//798 780//780 779//779
f 780//780 798//798 781//781
f 882//882 798//798 779//779
f 105//105 106//106 32//32
f 103//103 105//105 32//32
f 106//106 105//105 120//120
f 221//221 102//102 101//101
f 102//102 103//103 101//101
f 102//102 221//221 224//224
f 223//223 249//249 224//224
f 222//222 223//223 224//224
f 223//223 222//222 249//249
f 550//550 530//530 549//549
f 548//548 550//550 549//549
f 530//530 550//550 531//531
f 513//513 512//512 747//747
f 512//512 532//532 747//747
f 512//512 513//513 373//373
f 532//532 512//512 373//373
f 479//479 478//478 708//708
f 707//707 706//706 705//705
f 706//706 499//499 705//705
f 499//499 706//706 707//707
f 730//730 496//496 729//729
f 496//496 728//728 729//729
f 210//210 270//270 211//211
f 91//91 210//210 211//211
f 208//208 118//118 117//117
f 117//117 118//118 18//18
f 245//245 208//208 116//116
f 154//154 147//147 146//146
f 278//278 154//154 153//153
f 154//154 69//69 153//153
f 154//154 146//146 69//69
f 191//191 350//350 335//335
f 349//349 350//350 191//191
f 335//335 350//350 384//384
f 350//350 349//349 384//384
f 264//264 135//135 149//149
f 148//148 264//264 149//149
f 135//135 267//267 136//136
f 267//267 137//137 136//136
f 93//93 212//212 94//94
f 93//93 92//92 212//212
f 95//95 93//93 94//94
f 93//93 23//23 22//22
f 92//92 93//93 22//22
f 23//23 93//93 24//24
f 93//93 95//95 24//24
f 674//674 675//675 451//451
f 1511//1511 1510//1510 1822//1822
f 1510//1510 1821//1821 1822//1822
f 1510//1510 1509//1509 1821//1821
f 946//946 1176//1176 947//947
f 945//945 1176//1176 946//946
f 1443//1443 1746//1746 1444//1444
f 1443//1443 1442//1442 1745//1745
f 1746//1746 1443//1443 1745//1745
f 1742//1742 1483//1483 1789//1789
f 980//980 981//981 982//982
f 940//940 1170//1170 941//941
f 1171//1171 942//942 941//941
f 1171//1171 1172//1172 942//942
f 1170//1170 1171//1171 941//941
f 1553//1553 1653//1653 1580//1580
f 1678//1678 1653//1653 1724//1724
f 1653//1653 1652//1652 1724//1724
f 1653//1653 1605//1605 1580//1580
f 1605//1605 1653//1653 1678//1678
f 1526//1526 1628//1628 1553//1553
f 1628//1628 1653//1653 1553//1553
f 1653//1653 1628//1628 1652//1652
f 1101//1101 1231//1231 1251//1251
f 1080//1080 1231//1231 1101//1101
f 1231//1231 1080//1080 1036//1036
f 1230//1230 1231//1231 1036//1036
f 1231//1231 1230//1230 1360//1360
f 1251//1251 1231//1231 1360//1360
f 929//929 1038//1038 1058//1058
f 930//930 929//929 1058//1058
f 1038//1038 895//895 1014//1014
f 929//929 895//895 1038//1038
f 896//896 895//895 912//912
f 895//895 929//929 912//912
f 1362//1362 1233//1233 1339//1339
f 1362//1362 1254//1254 1233//1233
f 1254//1254 1362//1362 1363//1363
f 1522//1522 1362//1362 1339//1339
f 1362//1362 1522//1522 1363//1363
f 1040//1040 1211//1211 1059//1059
f 1211//1211 1040//1040 1188//1188
f 1081//1081 967//967 1058//1058
f 1081//1081 1187//1187 1102//1102
f 1186//1186 1081//1081 1058//1058
f 1187//1187 1081//1081 1186//1186
f 993//993 1102//1102 1015//1015
f 1210//1210 1211//1211 1188//1188
f 1298//1298 1210//1210 1188//1188
f 1210//1210 1298//1298 1299//1299
f 1233//1233 1210//1210 1299//1299
f 1211//1211 1210//1210 1233//1233
f 1155//1155 1212//1212 1234//1234
f 1212//1212 1155//1155 1190//1190
f 1212//1212 1340//1340 1234//1234
f 1212//1212 1322//1322 1340//1340
f 1322//1322 1212//1212 1190//1190
f 897//897 931//931 838//838
f 897//897 861//861 881//881
f 861//861 897//897 838//838
f 913//913 897//897 881//881
f 817//817 816//816 837//837
f 817//817 837//837 838//838
f 817//817 739//739 756//756
f 816//816 817//817 756//756
f 739//739 817//817 721//721
f 721//721 817//817 663//663
f 817//817 838//838 663//663
f 3489//3489 3508//3508 3509//3509
f 3488//3488 3508//3508 3489//3489
f 3508//3508 3531//3531 3509//3509
f 3508//3508 3468//3468 3531//3531
f 3508//3508 3488//3488 3468//3468
f 2603//2603 2514//2514 2536//2536
f 2603//2603 2669//2669 2691//2691
f 2509//2509 2432//2432 2457//2457
f 2509//2509 2482//2482 2432//2432
f 2599//2599 2642//2642 2621//2621
f 2642//2642 2599//2599 2598//2598
f 2599//2599 2576//2576 2598//2598
f 2576//2576 2599//2599 2555//2555
f 2599//2599 2577//2577 2555//2555
f 2120//2120 2149//2149 2172//2172
f 2275//2275 2299//2299 2381//2381
f 2299//2299 2322//2322 2381//2381
f 2299//2299 2275//2275 2250//2250
f 2811//2811 2851//2851 2831//2831
f 2851//2851 2871//2871 2831//2831
f 3437//3437 3406//3406 3380//3380
f 3117//3117 3118//3118 3094//3094
f 3068//3068 3117//3117 3094//3094
f 3212//3212 3142//3142 3189//3189
f 3379//3379 3282//3282 3281//3281
f 3259//3259 3379//3379 3281//3281
f 3470//3470 3491//3491 3471//3471
f 3436//3436 3470//3470 3471//3471
f 2931//2931 2950//2950 2970//2970
f 2908//2908 2931//2931 2970//2970
f 2931//2931 2969//2969 2950//2950
f 2931//2931 2908//2908 2869//2869
f 4126//4126 4164//4164 4226//4226
f 4164//4164 4126//4126 4144//4144
f 4144//4144 4126//4126 4125//4125
f 4126//4126 4019//4019 4125//4125
f 4320//4320 4358//4358 4321//4321
f 4320//4320 4295//4295 4358//4358
f 4320//4320 4321//4321 4269//4269
f 4295//4295 4320//4320 4269//4269
f 4268//4268 4294//4294 4269//4269
f 4294//4294 4295//4295 4269//4269
f 4295//4295 4294//4294 4379//4379
f 3964//3964 3992//3992 4054//4054
f 3992//3992 4020//4020 4052//4052
f 4020//4020 3992//3992 3991//3991
f 3992//3992 3964//3964 3991//3991
f 3940//3940 3939//3939 3963//3963
f 4146//4146 4186//4186 4166//4166
f 4186//4186 4146//4146 4165//4165
f 4165//4165 4146//4146 4145//4145
f 4146//4146 4127//4127 4145//4145
f 4127//4127 4146//4146 4166//4166
f 3804//3804 3782//3782 3803//3803
f 3966//3966 3804//3804 3803//3803
f 3804//3804 3994//3994 3823//3823
f 3804//3804 3966//3966 3994//3994
f 4254//4254 4474//4474 4475//4475
f 4255//4255 4254//4254 4475//4475
f 4474//4474 4254//4254 4253//4253
f 4254//4254 4255//4255 4253//4253
f 4568//4568 4569//4569 4591//4591
f 4569//4569 4590//4590 4591//4591
f 5301//5301 5197//5197 5300//5300
f 5198//5198 5197//5197 5301//5301
f 5197//5197 5296//5296 5300//5300
f 5197//5197 5213//5213 5296//5296
f 4526//4526 4499//4499 4306//4306
f 4499//4499 4307//4307 4306//4306
f 4499//4499 4500//4500 4307//4307
f 4340//4340 4551//4551 4341//4341
f 4551//4551 4340//4340 4339//4339
f 4340//4340 4338//4338 4339//4339
f 5209//5209 5217//5217 5218//5218
f 5209//5209 5208//5208 5217//5217
f 5210//5210 5209//5209 5218//5218
f 5208//5208 5209//5209 5210//5210
f 4514//4514 4602//4602 4603//4603
f 4601//4601 4602//4602 4514//4514
f 4588//4588 4589//4589 4514//4514
f 4589//4589 4601//4601 4514//4514
f 4567//4567 4588//4588 4514//4514
f 4469//4469 4489//4489 4490//4490
f 4487//4487 4489//4489 4469//4469
f 4489//4489 4487//4487 4488//4488
f 4634//4634 4635//4635 4636//4636
f 4635//4635 4651//4651 4636//4636
f 4651//4651 4635//4635 4634//4634
f 4652//4652 4670//4670 4653//4653
f 4652//4652 4651//4651 4670//4670
f 4636//4636 4652//4652 4653//4653
f 4651//4651 4652//4652 4636//4636
f 2235//2235 2210//2210 2364//2364
f 2259//2259 2235//2235 2393//2393
f 2235//2235 2364//2364 2393//2393
f 3205//3205 3227//3227 3228//3228
f 3205//3205 3157//3157 3204//3204
f 3227//3227 3205//3205 3204//3204
f 3298//3298 3322//3322 3273//3273
f 3322//3322 3298//3298 3347//3347
f 3399//3399 3427//3427 3400//3400
f 3372//3372 3399//3399 3400//3400
f 3427//3427 3399//3399 3398//3398
f 3399//3399 3372//3372 3398//3398
f 2744//2744 2765//2765 2745//2745
f 2721//2721 2744//2744 2745//2745
f 2744//2744 2764//2764 2765//2765
f 2785//2785 2805//2805 2825//2825
f 2805//2805 2785//2785 2804//2804
f 2805//2805 2845//2845 2825//2825
f 2784//2784 2785//2785 2765//2765
f 2785//2785 2784//2784 2804//2804
f 2764//2764 2784//2784 2765//2765
f 2863//2863 2864//2864 2844//2844
f 2805//2805 2864//2864 2845//2845
f 2864//2864 2804//2804 2844//2844
f 2864//2864 2805//2805 2804//2804
f 2882//2882 2863//2863 2902//2902
f 2903//2903 2882//2882 2902//2902
f 2882//2882 2864//2864 2863//2863
f 2925//2925 2903//2903 2924//2924
f 2903//2903 2925//2925 2904//2904
f 2925//2925 2926//2926 2904//2904
f 2656//2656 2655//2655 2677//2677
f 2678//2678 2656//2656 2677//2677
f 2656//2656 2678//2678 2634//2634
f 2720//2720 2721//2721 2700//2700
f 2941//2941 2921//2921 2897//2897
f 2920//2920 2941//2941 2897//2897
f 2960//2960 2941//2941 2920//2920
f 3078//3078 3055//3055 3105//3105
f 3156//3156 3078//3078 3105//3105
f 3156//3156 3131//3131 3178//3178
f 3131//3131 3156//3156 3105//3105
f 3005//3005 3006//3006 2983//2983
f 3032//3032 3006//3006 3005//3005
f 3006//3006 2961//2961 2983//2983
f 3006//3006 2984//2984 2961//2961
f 2899//2899 2943//2943 2923//2923
f 2899//2899 2922//2922 2943//2943
f 2987//2987 3009//3009 3035//3035
f 3009//3009 2986//2986 3008//3008
f 2518//2518 2443//2443 2492//2492
f 2443//2443 2419//2419 2492//2492
f 2444//2444 2443//2443 2518//2518
f 2419//2419 2443//2443 2444//2444
f 2311//2311 2419//2419 2338//2338
f 2419//2419 2311//2311 2285//2285
f 2237//2237 2311//2311 2338//2338
f 2311//2311 2237//2237 2212//2212
f 2187//2187 2311//2311 2212//2212
f 2311//2311 2187//2187 2285//2285
f 2420//2420 2494//2494 2519//2519
f 2493//2493 2494//2494 2420//2420
f 2494//2494 2563//2563 2519//2519
f 2563//2563 2494//2494 2541//2541
f 2494//2494 2493//2493 2541//2541
f 2469//2469 2367//2367 2444//2444
f 2469//2469 2444//2444 2541//2541
f 2493//2493 2469//2469 2541//2541
f 2469//2469 2368//2368 2367//2367
f 2469//2469 2493//2493 2395//2395
f 2368//2368 2469//2469 2395//2395
f 2310//2310 2309//2309 2418//2418
f 2309//2309 2284//2284 2418//2418
f 2184//2184 2309//2309 2185//2185
f 2284//2284 2309//2309 2161//2161
f 2309//2309 2184//2184 2161//2161
f 2260//2260 2366//2366 2285//2285
f 2366//2366 2260//2260 2236//2236
f 2187//2187 2260//2260 2285//2285
f 2260//2260 2187//2187 2186//2186
f 2162//2162 2260//2260 2186//2186
f 2260//2260 2162//2162 2236//2236
f 2365//2365 2337//2337 2310//2310
f 2309//2309 2337//2337 2185//2185
f 2337//2337 2309//2309 2310//2310
f 2185//2185 2337//2337 2211//2211
f 2337//2337 2236//2236 2211//2211
f 2337//2337 2365//2365 2236//2236
f 2261//2261 2238//2238 2338//2338
f 2238//2238 2237//2237 2338//2338
f 2238//2238 2261//2261 2163//2163
f 2138//2138 2238//2238 2163//2163
f 2112//2112 2238//2238 2138//2138
f 2238//2238 2112//2112 2086//2086
f 2237//2237 2238//2238 2086//2086
f 2495//2495 2470//2470 2542//2542
f 2564//2564 2495//2495 2542//2542
f 2495//2495 2471//2471 2447//2447
f 2495//2495 2447//2447 2421//2421
f 2470//2470 2495//2495 2421//2421
f 2629//2629 2651//2651 2652//2652
f 2629//2629 2608//2608 2651//2651
f 2609//2609 2629//2629 2652//2652
f 2608//2608 2629//2629 2609//2609
f 2369//2369 2339//2339 2420//2420
f 2369//2369 2445//2445 2396//2396
f 2369//2369 2420//2420 2445//2445
f 2262//2262 2369//2369 2396//2396
f 2339//2339 2369//2369 2262//2262
f 2368//2368 2312//2312 2286//2286
f 2312//2312 2368//2368 2339//2339
f 2312//2312 2213//2213 2286//2286
f 2213//2213 2312//2312 2239//2239
f 2312//2312 2339//2339 2239//2239
f 2497//2497 2398//2398 2472//2472
f 2423//2423 2398//2398 2497//2497
f 2472//2472 2398//2398 2448//2448
f 2398//2398 2371//2371 2422//2422
f 2448//2448 2398//2398 2422//2422
f 2398//2398 2290//2290 2371//2371
f 2398//2398 2423//2423 2290//2290
f 1675//1675 1550//1550 1648//1648
f 1550//1550 1522//1522 1648//1648
f 1550//1550 1675//1675 1574//1574
f 1522//1522 1550//1550 1363//1363
f 1550//1550 1407//1407 1363//1363
f 1575//1575 1550//1550 1574//1574
f 1550//1550 1575//1575 1407//1407
f 1318//1318 1153//1153 1297//1297
f 1153//1153 1318//1318 1319//1319
f 1428//1428 1318//1318 1297//1297
f 1319//1319 1318//1318 1465//1465
f 1318//1318 1428//1428 1465//1465
f 2104//2104 1825//1825 2081//2081
f 2104//2104 2359//2359 2105//2105
f 2104//2104 1850//1850 1825//1825
f 1850//1850 2104//2104 2105//2105
f 2080//2080 2104//2104 2081//2081
f 2104//2104 2080//2080 2358//2358
f 2359//2359 2104//2104 2358//2358
f 1423//1423 1243//1243 1242//1242
f 1423//1423 1399//1399 1243//1243
f 1570//1570 1569//1569 1795//1795
f 1544//1544 1569//1569 1545//1545
f 1795//1795 1569//1569 1544//1544
f 1569//1569 1381//1381 1545//1545
f 1922//1922 2101//2101 1923//1923
f 2101//2101 1899//1899 1923//1923
f 2101//2101 1946//1946 2125//2125
f 2101//2101 1922//1922 1946//1946
f 1899//1899 2101//2101 1900//1900
f 2101//2101 2073//2073 1900//1900
f 2037//2037 2015//2015 1846//1846
f 2255//2255 2254//2254 2280//2280
f 1993//1993 1740//1740 1786//1786
f 1993//1993 1785//1785 2015//2015
f 1785//1785 1993//1993 1786//1786
f 2354//2354 2353//2353 2355//2355
f 2044//2044 1752//1752 1751//1751
f 2437//2437 2463//2463 2438//2438
f 2463//2463 2412//2412 2438//2438
f 2603//2603 2463//2463 2514//2514
f 2463//2463 2603//2603 2412//2412
f 2514//2514 2463//2463 2486//2486
f 2463//2463 2487//2487 2486//2486
f 2463//2463 2462//2462 2487//2487
f 2388//2388 2359//2359 2357//2357
f 2388//2388 2440//2440 2389//2389
f 2440//2440 2388//2388 2489//2489
f 2359//2359 2388//2388 2360//2360
f 2106//2106 2388//2388 2389//2389
f 2105//2105 2388//2388 2106//2106
f 2388//2388 2105//2105 2360//2360
f 2051//2051 2357//2357 2078//2078
f 2357//2357 2051//2051 2050//2050
f 2051//2051 1790//1790 1761//1761
f 1790//1790 2051//2051 2078//2078
f 1760//1760 2051//2051 1761//1761
f 2051//2051 1760//1760 1759//1759
f 2050//2050 2051//2051 1759//1759
f 227//227 226//226 250//250
f 227//227 228//228 226//226
f 228//228 227//227 229//229
f 121//121 122//122 108//108
f 122//122 109//109 108//108
f 109//109 122//122 123//123
f 122//122 121//121 229//229
f 230//230 122//122 229//229
f 123//123 122//122 230//230
f 125//125 124//124 123//123
f 124//124 110//110 123//123
f 124//124 125//125 111//111
f 110//110 124//124 111//111
f 435//435 500//500 436//436
f 434//434 500//500 435//435
f 466//466 500//500 484//484
f 500//500 466//466 436//436
f 500//500 653//653 654//654
f 653//653 500//500 652//652
f 689//689 500//500 654//654
f 652//652 500//500 622//622
f 500//500 689//689 690//690
f 500//500 501//501 484//484
f 714//714 500//500 690//690
f 500//500 715//715 501//501
f 500//500 714//714 715//715
f 182//182 181//181 322//322
f 174//174 181//181 182//182
f 181//181 308//308 322//322
f 308//308 181//181 173//173
f 181//181 174//174 173//173
f 1033//1033 1053//1053 1054//1054
f 1033//1033 873//873 855//855
f 1033//1033 1054//1054 873//873
f 831//831 1033//1033 855//855
f 771//771 790//790 791//791
f 771//771 770//770 790//790
f 1008//1008 1009//1009 830//830
f 1009//1009 1226//1226 1031//1031
f 1009//1009 1008//1008 1226//1226
f 987//987 1008//1008 830//830
f 987//987 811//811 986//986
f 811//811 987//987 830//830
f 987//987 1205//1205 1206//1206
f 987//987 986//986 1205//1205
f 1226//1226 987//987 1206//1206
f 1008//1008 987//987 1226//1226
f 503//503 584//584 604//604
f 584//584 503//503 487//487
f 567//567 584//584 487//487
f 584//584 567//567 583//583
f 961//961 1122//1122 1150//1150
f 925//925 1122//1122 961//961
f 1122//1122 925//925 924//924
f 1098//1098 1122//1122 924//924
f 1121//1121 1122//1122 1098//1098
f 1122//1122 1121//1121 1150//1150
f 1097//1097 1077//1077 1054//1054
f 1077//1077 1076//1076 1054//1054
f 1077//1077 908//908 907//907
f 908//908 1077//1077 1097//1097
f 891//891 1077//1077 907//907
f 1077//1077 891//891 890//890
f 1076//1076 1077//1077 890//890
f 1493//1493 1644//1644 1520//1520
f 1644//1644 1493//1493 1620//1620
f 1493//1493 1520//1520 1317//1317
f 1249//1249 1426//1426 1250//1250
f 1426//1426 1427//1427 1250//1250
f 1184//1184 989//989 1150//1150
f 989//989 1184//1184 1010//1010
f 1010//1010 1184//1184 1034//1034
f 1184//1184 1207//1207 1034//1034
f 1228//1228 1055//1055 1034//1034
f 1207//1207 1228//1228 1034//1034
f 1078//1078 1228//1228 1229//1229
f 1055//1055 1228//1228 1078//1078
f 1228//1228 1249//1249 1229//1229
f 693//693 569//569 568//568
f 585//585 569//569 693//693
f 439//439 569//569 470//470
f 569//569 489//489 470//470
f 569//569 585//585 489//489
f 556//556 569//569 439//439
f 568//568 569//569 556//556
f 691//691 714//714 690//690
f 713//713 691//691 690//690
f 691//691 713//713 714//714
f 872//872 713//713 871//871
f 713//713 872//872 888//888
f 888//888 872//872 1118//1118
f 3230//3230 3207//3207 3229//3229
f 3183//3183 3207//3207 3230//3230
f 3207//3207 3183//3183 3182//3182
f 3207//3207 3206//3206 3229//3229
f 3207//3207 3182//3182 3206//3206
f 3160//3160 3135//3135 3159//3159
f 3183//3183 3160//3160 3159//3159
f 3160//3160 3136//3136 3135//3135
f 3136//3136 3160//3160 3161//3161
f 3160//3160 3183//3183 3161//3161
f 2373//2373 2372//2372 2498//2498
f 2372//2372 2315//2315 2449//2449
f 2372//2372 2373//2373 2342//2342
f 1773//1773 1835//1835 1805//1805
f 1864//1864 1835//1835 1773//1773
f 1835//1835 1890//1890 1805//1805
f 1911//1911 1889//1889 1863//1863
f 1889//1889 1864//1864 1863//1863
f 1889//1889 1911//1911 1935//1935
f 1958//1958 1889//1889 1935//1935
f 1807//1807 1866//1866 1867//1867
f 1866//1866 1836//1836 1867//1867
f 1836//1836 1866//1866 1807//1807
f 1385//1385 1300//1300 1277//1277
f 1321//1321 1300//1300 1385//1385
f 1300//1300 1189//1189 1277//1277
f 1300//1300 1190//1190 1189//1189
f 1300//1300 1322//1322 1190//1190
f 1300//1300 1321//1321 1322//1322
f 1831//1831 1909//1909 1933//1933
f 1933//1933 1909//1909 2021//2021
f 1909//1909 1802//1802 1908//1908
f 1909//1909 1831//1831 1802//1802
f 1909//1909 1885//1885 2021//2021
f 1909//1909 1908//1908 1885//1885
f 1832//1832 1771//1771 1803//1803
f 1804//1804 1771//1771 1832//1832
f 1771//1771 1804//1804 1772//1772
f 1771//1771 1772//1772 1704//1704
f 1803//1803 1726//1726 1770//1770
f 1726//1726 1703//1703 1770//1770
f 1771//1771 1726//1726 1803//1803
f 1703//1703 1726//1726 1679//1679
f 1726//1726 1704//1704 1679//1679
f 1726//1726 1771//1771 1704//1704
f 2006//2006 2007//2007 2028//2028
f 1983//1983 2007//2007 2006//2006
f 4802//4802 4679//4679 4830//4830
f 4679//4679 4696//4696 4830//4830
f 4243//4243 4244//4244 4141//4141
f 4266//4266 4243//4243 4141//4141
f 4243//4243 4266//4266 4292//4292
f 4222//4222 4243//4243 4292//4292
f 4244//4244 4243//4243 4222//4222
f 3374//3374 3373//3373 3401//3401
f 3349//3349 3374//3374 3401//3401
f 3374//3374 3324//3324 3373//3373
f 3324//3324 3374//3374 3349//3349
f 3325//3325 3275//3275 3300//3300
f 3275//3275 3325//3325 3349//3349
f 3325//3325 3324//3324 3349//3349
f 3593//3593 3549//3549 3571//3571
f 3505//3505 3549//3549 3528//3528
f 3549//3549 3506//3506 3528//3528
f 3549//3549 3593//3593 3506//3506
f 3549//3549 3505//3505 3527//3527
f 3571//3571 3549//3549 3527//3527
f 3592//3592 3571//3571 3641//3641
f 3592//3592 3593//3593 3571//3571
f 3592//3592 3641//3641 3618//3618
f 3593//3593 3592//3592 3618//3618
f 3464//3464 3275//3275 3349//3349
f 3429//3429 3464//3464 3349//3349
f 3486//3486 3464//3464 3463//3463
f 3464//3464 3429//3429 3463//3463
f 3396//3396 3483//3483 3461//3461
f 3502//3502 3483//3483 3396//3396
f 3717//3717 3716//3716 3752//3752
f 3773//3773 3717//3717 3752//3752
f 3717//3717 3773//3773 3818//3818
f 3423//3423 3460//3460 3424//3424
f 3568//3568 3545//3545 3567//3567
f 3545//3545 3568//3568 3525//3525
f 3589//3589 3568//3568 3567//3567
f 3501//3501 3545//3545 3482//3482
f 3545//3545 3501//3501 3567//3567
f 3501//3501 3524//3524 3567//3567
f 3317//3317 3316//3316 3343//3343
f 3422//3422 3317//3317 3343//3343
f 3395//3395 3317//3317 3422//3422
f 3316//3316 3317//3317 3294//3294
f 3294//3294 3317//3317 3369//3369
f 3317//3317 3395//3395 3369//3369
f 3986//3986 3885//3885 3985//3985
f 3986//3986 3861//3861 3885//3885
f 3861//3861 3986//3986 3932//3932
f 3986//3986 3960//3960 3932//3932
f 4014//4014 3986//3986 3985//3985
f 3960//3960 3986//3986 4014//4014
f 4106//4106 4067//4067 4085//4085
f 4068//4068 4067//4067 4106//4106
f 4085//4085 4067//4067 4048//4048
f 4067//4067 4068//4068 4048//4048
f 3817//3817 3796//3796 3771//3771
f 3771//3771 3796//3796 3751//3751
f 3772//3772 3796//3796 3818//3818
f 3796//3796 3817//3817 3818//3818
f 3796//3796 3715//3715 3751//3751
f 3796//3796 3752//3752 3715//3715
f 3796//3796 3772//3772 3752//3752
f 4940//4940 4923//4923 4939//4939
f 4478//4478 4283//4283 4282//4282
f 4233//4233 4437//4437 4438//4438
f 4437//4437 4416//4416 4438//4438
f 3633//3633 3790//3790 3765//3765
f 3365//3365 3520//3520 3498//3498
f 3520//3520 3541//3541 3519//3519
f 3520//3520 3365//3365 3541//3541
f 3420//3420 3392//3392 3266//3266
f 3292//3292 3420//3420 3266//3266
f 3457//3457 3420//3420 3292//3292
f 4159//4159 4082//4082 4181//4181
f 4083//4083 4082//4082 4159//4159
f 4104//4104 4046//4046 4140//4140
f 4120//4120 4139//4139 4201//4201
f 4138//4138 4139//4139 4120//4120
f 4201//4201 4139//4139 4221//4221
f 4713//4713 4857//4857 4695//4695
f 4713//4713 4712//4712 4857//4857
f 4696//4696 4713//4713 4695//4695
f 4564//4564 4533//4533 4463//4463
f 4533//4533 4564//4564 4534//4534
f 4533//4533 4443//4443 4463//4463
f 4533//4533 4534//4534 4443//4443
f 4534//4534 4510//4510 4423//4423
f 4510//4510 4482//4482 4423//4423
f 4464//4464 4483//4483 4445//4445
f 4483//4483 4464//4464 4405//4405
f 4423//4423 4483//4483 4405//4405
f 4482//4482 4483//4483 4423//4423
f 4023//4023 4210//4210 4057//4057
f 4167//4167 3996//3996 3995//3995
f 4167//4167 4147//4147 4272//4272
f 3357//3357 3358//3358 3335//3335
f 3439//3439 3440//3440 3407//3407
f 3439//3439 3473//3473 3440//3440
f 3223//3223 3248//3248 3295//3295
f 3295//3295 3248//3248 3318//3318
f 3248//3248 3268//3268 3318//3318
f 3268//3268 3248//3248 3247//3247
f 3177//3177 3202//3202 3249//3249
f 3223//3223 3202//3202 3177//3177
f 3202//3202 3269//3269 3249//3249
f 3202//3202 3223//3223 3269//3269
f 3898//3898 3897//3897 3875//3875
f 3897//3897 3874//3874 3875//3875
f 3972//3972 3997//3997 3998//3998
f 3997//3997 3972//3972 3971//3971
f 3973//3973 3741//3741 4006//4006
f 3973//3973 3974//3974 3704//3704
f 3741//3741 3973//3973 3704//3704
f 3653//3653 3652//3652 3900//3900
f 3652//3652 3678//3678 3922//3922
f 3900//3900 3652//3652 3922//3922
f 3365//3365 3364//3364 3541//3541
f 3455//3455 3609//3609 3610//3610
f 3496//3496 3518//3518 3709//3709
f 3518//3518 3708//3708 3709//3709
f 3708//3708 3518//3518 3517//3517
f 3761//3761 3560//3560 3786//3786
f 3761//3761 3762//3762 3560//3560
f 3785//3785 3761//3761 3786//3786
f 3761//3761 3785//3785 3808//3808
f 3539//3539 3538//3538 3763//3763
f 3517//3517 3539//3539 3743//3743
f 3539//3539 3763//3763 3743//3743
f 3608//3608 3607//3607 3828//3828
f 3607//3607 3606//3606 3827//3827
f 3828//3828 3607//3607 3827//3827
f 3583//3583 3608//3608 3807//3807
f 3785//3785 3583//3583 3807//3807
f 3583//3583 3785//3785 3584//3584
f 1368//1368 1345//1345 1344//1344
f 1345//1345 1368//1368 1325//1325
f 1345//1345 1303//1303 1344//1344
f 1345//1345 1325//1325 1303//1303
f 1557//1557 1473//1473 1556//1556
f 1557//1557 1531//1531 1473//1473
f 1557//1557 1556//1556 1633//1633
f 1531//1531 1557//1557 1633//1633
f 1194//1194 1161//1161 1160//1160
f 1133//1133 1161//1161 1194//1194
f 1161//1161 1133//1133 1132//1132
f 1109//1109 1161//1161 1132//1132
f 1161//1161 1109//1109 1160//1160
f 1023//1023 1001//1001 974//974
f 1001//1001 1023//1023 1000//1000
f 1001//1001 975//975 974//974
f 975//975 1001//1001 1000//1000
f 1371//1371 1372//1372 1396//1396
f 1372//1372 1371//1371 1348//1348
f 702//702 701//701 725//725
f 701//701 700//700 725//725
f 631//631 614//614 576//576
f 700//700 631//631 576//576
f 614//614 631//631 615//615
f 509//509 494//494 577//577
f 494//494 576//576 577//577
f 494//494 473//473 576//576
f 473//473 494//494 410//410
f 509//509 544//544 545//545
f 544//544 561//561 545//545
f 561//561 544//544 509//509
f 1783//1783 1613//1613 1816//1816
f 1613//1613 1783//1783 1590//1590
f 1784//1784 1783//1783 1816//1816
f 1590//1590 1783//1783 1784//1784
f 1044//1044 1135//1135 1045//1045
f 1065//1065 1135//1135 1044//1044
f 1086//1086 1135//1135 1065//1065
f 1134//1134 1135//1135 1110//1110
f 1135//1135 1086//1086 1110//1110
f 1896//1896 1872//1872 1895//1895
f 1918//1918 1896//1896 1895//1895
f 1896//1896 1918//1918 1872//1872
f 2032//2032 2068//2068 2033//2033
f 1660//1660 1685//1685 1686//1686
f 1685//1685 1660//1660 1634//1634
f 1684//1684 1685//1685 1634//1634
f 1941//1941 1894//1894 1916//1916
f 1870//1870 1810//1810 1777//1777
f 1810//1810 1811//1811 1777//1777
f 1732//1732 1684//1684 1777//1777
f 2010//2010 1987//1987 1839//1839
f 1987//1987 2010//2010 2011//2011
f 2010//2010 2031//2031 2011//2011
f 997//997 971//971 1018//1018
f 997//997 972//972 971//971
f 1065//1065 997//997 1018//1018
f 972//972 997//997 1065//1065
f 972//972 973//973 971//971
f 973//973 882//882 971//971
f 916//916 973//973 1043//1043
f 973//973 972//972 1065//1065
f 1043//1043 973//973 1065//1065
f 862//862 882//882 915//915
f 862//862 916//916 863//863
f 916//916 862//862 915//915
f 862//862 798//798 882//882
f 839//839 862//862 863//863
f 818//818 840//840 781//781
f 798//798 818//818 781//781
f 818//818 839//839 840//840
f 818//818 862//862 839//839
f 862//862 818//818 798//798
f 105//105 104//104 120//120
f 104//104 105//105 103//103
f 102//102 104//104 103//103
f 104//104 102//102 224//224
f 225//225 104//104 224//224
f 104//104 225//225 120//120
f 745//745 762//762 763//763
f 745//745 550//550 762//762
f 550//550 745//745 531//531
f 745//745 532//532 531//531
f 745//745 746//746 747//747
f 532//532 745//745 747//747
f 479//479 446//446 447//447
f 446//446 709//709 671//671
f 709//709 446//446 708//708
f 446//446 479//479 708//708
f 499//499 497//497 730//730
f 497//497 496//496 730//730
f 496//496 514//514 728//728
f 514//514 513//513 747//747
f 728//728 514//514 747//747
f 513//513 514//514 373//373
f 514//514 496//496 373//373
f 477//477 499//499 478//478
f 477//477 476//476 499//499
f 210//210 209//209 270//270
f 209//209 118//118 208//208
f 209//209 210//210 91//91
f 90//90 20//20 19//19
f 90//90 92//92 20//20
f 92//92 90//90 91//91
f 119//119 19//19 18//18
f 118//118 119//119 18//18
f 119//119 90//90 19//19
f 90//90 119//119 91//91
f 119//119 209//209 91//91
f 209//209 119//119 118//118
f 246//246 245//245 270//270
f 245//245 246//246 208//208
f 209//209 246//246 270//270
f 246//246 209//209 208//208
f 243//243 268//268 269//269
f 268//268 243//243 242//242
f 244//244 116//116 115//115
f 244//244 245//245 116//116
f 244//244 243//243 269//269
f 242//242 244//244 138//138
f 243//243 244//244 242//242
f 270//270 244//244 269//269
f 245//245 244//244 270//270
f 137//137 241//241 242//242
f 267//267 241//241 137//137
f 241//241 268//268 242//242
f 241//241 267//267 268//268
f 264//264 265//265 135//135
f 450//450 674//674 451//451
f 1141//1141 949//949 948//948
f 1175//1175 1176//1176 945//945
f 1174//1174 1175//1175 944//944
f 1175//1175 945//945 944//944
f 1177//1177 948//948 947//947
f 1176//1176 1177//1177 947//947
f 1177//1177 1141//1141 948//948
f 1484//1484 1742//1742 1485//1485
f 1484//1484 1483//1483 1742//1742
f 1604//1604 1526//1526 1469//1469
f 1604//1604 1628//1628 1526//1526
f 1652//1652 1604//1604 1677//1677
f 1628//1628 1604//1604 1652//1652
f 880//880 896//896 879//879
f 880//880 895//895 896//896
f 880//880 879//879 859//859
f 966//966 880//880 859//859
f 992//992 880//880 966//966
f 880//880 992//992 1014//1014
f 895//895 880//880 1014//1014
f 1040//1040 1154//1154 1188//1188
f 1154//1154 1126//1126 1209//1209
f 1188//1188 1154//1154 1253//1253
f 1154//1154 1209//1209 1253//1253
f 1039//1039 1015//1015 1126//1126
f 1154//1154 1039//1039 1126//1126
f 1039//1039 1154//1154 1040//1040
f 968//968 1081//1081 1102//1102
f 993//993 968//968 1102//1102
f 1081//1081 968//968 967//967
f 968//968 930//930 967//967
f 931//931 914//914 913//913
f 914//914 897//897 913//913
f 897//897 914//914 931//931
f 2508//2508 2532//2532 2457//2457
f 2532//2532 2509//2509 2457//2457
f 3406//3406 3438//3438 3472//3472
f 3437//3437 3438//3438 3406//3406
f 3553//3553 3533//3533 3577//3577
f 3553//3553 3577//3577 3599//3599
f 3170//3170 3212//3212 3235//3235
f 3170//3170 3142//3142 3212//3212
f 3305//3305 3332//3332 3333//3333
f 3332//3332 3305//3305 3436//3436
f 3379//3379 3405//3405 3282//3282
f 3405//3405 3305//3305 3282//3282
f 3305//3305 3405//3405 3436//3436
f 3354//3354 3379//3379 3259//3259
f 3354//3354 3237//3237 3331//3331
f 3237//3237 3354//3354 3259//3259
f 3354//3354 3405//3405 3379//3379
f 2379//2379 2405//2405 2347//2347
f 4072//4072 4092//4092 4127//4127
f 4072//4072 4127//4127 4166//4166
f 4092//4092 4072//4072 4091//4091
f 4053//4053 3992//3992 4052//4052
f 3992//3992 4053//4053 4054//4054
f 4053//4053 4072//4072 4054//4054
f 4091//4091 4053//4053 4052//4052
f 4072//4072 4053//4053 4091//4091
f 3914//3914 3940//3940 3893//3893
f 3940//3940 3914//3914 3939//3939
f 4019//4019 3914//3914 3893//3893
f 3939//3939 3914//3914 4019//4019
f 3941//3941 3964//3964 3845//3845
f 3893//3893 3941//3941 3845//3845
f 3940//3940 3941//3941 3893//3893
f 3964//3964 3941//3941 3963//3963
f 3941//3941 3940//3940 3963//3963
f 4342//4342 4553//4553 4343//4343
f 4552//4552 4553//4553 4342//4342
f 5213//5213 5189//5189 5212//5212
f 5189//5189 5197//5197 5198//5198
f 5197//5197 5189//5189 5213//5213
f 4836//4836 4837//4837 4819//4819
f 4835//4835 4836//4836 4819//4819
f 4840//4840 4839//4839 4842//4842
f 4841//4841 4840//4840 4842//4842
f 4602//4602 4617//4617 4603//4603
f 4617//4617 4618//4618 4603//4603
f 4617//4617 4619//4619 4618//4618
f 4619//4619 4617//4617 4634//4634
f 4617//4617 4651//4651 4634//4634
f 4617//4617 4602//4602 4601//4601
f 4539//4539 4567//4567 4514//4514
f 4567//4567 4539//4539 4538//4538
f 4490//4490 4539//4539 4514//4514
f 4538//4538 4539//4539 4490//4490
f 4567//4567 4513//4513 4488//4488
f 4513//4513 4567//4567 4538//4538
f 4513//4513 4489//4489 4488//4488
f 4513//4513 4538//4538 4490//4490
f 4489//4489 4513//4513 4490//4490
f 3181//3181 3228//3228 3206//3206
f 3181//3181 3205//3205 3228//3228
f 3181//3181 3206//3206 3158//3158
f 3133//3133 3181//3181 3158//3158
f 3157//3157 3181//3181 3133//3133
f 3272//3272 3273//3273 3252//3252
f 3272//3272 3298//3298 3273//3273
f 3228//3228 3272//3272 3252//3252
f 3227//3227 3272//3272 3228//3228
f 3272//3272 3227//3227 3251//3251
f 3298//3298 3272//3272 3251//3251
f 2883//2883 2882//2882 2903//2903
f 2882//2882 2883//2883 2864//2864
f 2883//2883 2884//2884 2865//2865
f 2845//2845 2883//2883 2865//2865
f 2864//2864 2883//2883 2845//2845
f 2884//2884 2883//2883 2904//2904
f 2883//2883 2903//2903 2904//2904
f 2925//2925 2945//2945 2926//2926
f 2926//2926 2945//2945 2965//2965
f 2945//2945 2944//2944 2964//2964
f 2944//2944 2945//2945 2924//2924
f 2945//2945 2925//2925 2924//2924
f 2763//2763 2783//2783 2764//2764
f 2783//2783 2803//2803 2804//2804
f 2783//2783 2784//2784 2764//2764
f 2784//2784 2783//2783 2804//2804
f 2804//2804 2824//2824 2844//2844
f 2803//2803 2824//2824 2804//2804
f 2844//2844 2824//2824 2843//2843
f 2802//2802 2824//2824 2803//2803
f 2783//2783 2802//2802 2803//2803
f 2655//2655 2612//2612 2632//2632
f 2612//2612 2568//2568 2632//2632
f 2568//2568 2612//2612 2591//2591
f 2698//2698 2678//2678 2677//2677
f 2698//2698 2719//2719 2678//2678
f 2743//2743 2763//2763 2764//2764
f 2744//2744 2743//2743 2764//2764
f 2743//2743 2744//2744 2721//2721
f 2720//2720 2743//2743 2721//2721
f 2742//2742 2720//2720 2719//2719
f 2743//2743 2742//2742 2763//2763
f 2742//2742 2743//2743 2720//2720
f 2719//2719 2699//2699 2678//2678
f 2720//2720 2699//2699 2719//2719
f 2634//2634 2699//2699 2657//2657
f 2678//2678 2699//2699 2634//2634
f 2657//2657 2699//2699 2700//2700
f 2699//2699 2720//2720 2700//2700
f 2922//2922 2942//2942 2962//2962
f 2942//2942 2984//2984 2962//2962
f 2984//2984 2942//2942 2961//2961
f 3007//3007 3006//3006 3032//3032
f 3006//3006 3007//3007 2984//2984
f 2880//2880 2900//2900 2901//2901
f 2901//2901 2900//2900 2923//2923
f 2900//2900 2899//2899 2923//2923
f 3009//3009 3034//3034 3035//3035
f 3034//3034 3060//3060 3035//3035
f 3034//3034 3009//3009 3008//3008
f 3082//3082 3034//3034 3059//3059
f 3060//3060 3034//3034 3082//3082
f 3034//3034 3008//3008 3033//3033
f 3034//3034 3081//3081 3059//3059
f 3081//3081 3034//3034 3033//3033
f 2543//2543 2564//2564 2587//2587
f 2543//2543 2587//2587 2565//2565
f 2521//2521 2543//2543 2565//2565
f 2496//2496 2543//2543 2521//2521
f 1671//1671 1547//1547 1546//1546
f 1672//1672 1547//1547 1671//1671
f 1547//1547 1571//1571 1546//1546
f 1547//1547 1572//1572 1571//1571
f 1572//1572 1547//1547 1696//1696
f 1547//1547 1672//1672 1696//1696
f 1422//1422 1423//1423 1242//1242
f 1264//1264 1422//1422 1242//1242
f 1422//1422 1263//1263 1441//1441
f 1422//1422 1264//1264 1263//1263
f 2037//2037 2036//2036 2073//2073
f 1875//1875 2036//2036 1845//1845
f 2073//2073 2036//2036 1875//1875
f 2036//2036 1846//1846 1845//1845
f 2036//2036 2037//2037 1846//1846
f 1713//1713 1971//1971 1972//1972
f 1741//1741 1971//1971 1713//1713
f 2040//2040 2041//2041 1747//1747
f 2328//2328 2356//2356 2355//2355
f 2040//2040 2328//2328 2041//2041
f 2328//2328 2040//2040 2356//2356
f 2044//2044 2043//2043 2330//2330
f 2043//2043 2044//2044 1751//1751
f 1750//1750 2043//2043 1751//1751
f 2043//2043 1750//1750 1749//1749
f 2045//2045 1754//1754 1753//1753
f 1754//1754 2045//2045 2046//2046
f 1752//1752 2045//2045 1753//1753
f 2044//2044 2045//2045 1752//1752
f 2332//2332 2047//2047 2046//2046
f 2047//2047 2332//2332 2048//2048
f 2047//2047 2048//2048 1755//1755
f 2047//2047 1716//1716 2046//2046
f 2047//2047 1755//1755 1716//1716
f 2048//2048 2333//2333 2049//2049
f 2332//2332 2333//2333 2048//2048
f 2333//2333 2388//2388 2357//2357
f 2333//2333 2332//2332 2355//2355
f 1032//1032 831//831 830//830
f 1032//1032 1033//1033 831//831
f 1009//1009 1032//1032 830//830
f 1032//1032 1009//1009 1031//1031
f 1033//1033 1032//1032 1053//1053
f 1248//1248 1032//1032 1031//1031
f 1463//1463 1427//1427 1620//1620
f 1493//1493 1463//1463 1620//1620
f 1427//1427 1463//1463 1273//1273
f 1273//1273 1463//1463 1317//1317
f 1463//1463 1493//1493 1317//1317
f 1427//1427 1598//1598 1599//1599
f 1426//1426 1598//1598 1427//1427
f 1598//1598 1426//1426 1570//1570
f 1598//1598 1826//1826 1599//1599
f 1598//1598 1570//1570 1826//1826
f 1426//1426 1403//1403 1570//1570
f 1569//1569 1403//1403 1381//1381
f 1403//1403 1569//1569 1570//1570
f 2473//2473 2372//2372 2449//2449
f 2372//2372 2473//2473 2498//2498
f 2522//2522 2473//2473 2449//2449
f 2473//2473 2522//2522 2546//2546
f 2498//2498 2473//2473 2499//2499
f 2473//2473 2546//2546 2499//2499
f 2372//2372 2316//2316 2315//2315
f 2316//2316 2372//2372 2342//2342
f 2315//2315 2316//2316 2242//2242
f 2316//2316 2267//2267 2242//2242
f 2316//2316 2342//2342 2267//2267
f 1865//1865 1864//1864 1936//1936
f 1865//1865 1835//1835 1864//1864
f 1835//1835 1865//1865 1890//1890
f 1960//1960 1865//1865 1936//1936
f 1865//1865 1961//1961 1890//1890
f 1865//1865 1960//1960 1961//1961
f 1912//1912 1889//1889 1958//1958
f 1959//1959 1912//1912 1958//1958
f 1864//1864 1912//1912 1936//1936
f 1889//1889 1912//1912 1864//1864
f 1912//1912 1960//1960 1936//1936
f 1960//1960 1912//1912 1980//1980
f 1912//1912 1959//1959 1980//1980
f 4662//4662 4680//4680 4802//4802
f 4680//4680 4679//4679 4802//4802
f 4680//4680 4662//4662 4644//4644
f 3373//3373 3348//3348 3323//3323
f 3348//3348 3324//3324 3323//3323
f 3324//3324 3348//3348 3373//3373
f 3323//3323 3299//3299 3274//3274
f 3324//3324 3299//3299 3323//3323
f 3299//3299 3300//3300 3274//3274
f 3299//3299 3325//3325 3300//3300
f 3325//3325 3299//3299 3324//3324
f 3716//3716 3688//3688 3664//3664
f 3717//3717 3688//3688 3716//3716
f 3664//3664 3688//3688 3618//3618
f 3688//3688 3818//3818 3618//3618
f 3688//3688 3717//3717 3818//3818
f 4924//4924 4912//4912 4911//4911
f 4478//4478 4455//4455 4283//4283
f 4455//4455 4256//4256 4283//4283
f 4256//4256 4455//4455 4257//4257
f 4455//4455 4456//4456 4257//4257
f 4503//4503 4477//4477 4476//4476
f 4476//4476 4477//4477 4282//4282
f 4477//4477 4478//4478 4282//4282
f 4436//4436 4437//4437 4233//4233
f 4258//4258 4436//4436 4233//4233
f 4457//4457 4436//4436 4258//4258
f 3790//3790 3657//3657 3789//3789
f 3633//3633 3657//3657 3790//3790
f 3634//3634 3765//3765 3766//3766
f 3634//3634 3633//3633 3765//3765
f 4082//4082 4103//4103 4181//4181
f 4103//4103 4201//4201 4181//4181
f 4103//4103 4120//4120 4201//4201
f 4065//4065 4083//4083 4140//4140
f 4046//4046 4065//4065 4140//4140
f 4012//4012 4084//4084 3983//3983
f 4012//4012 4104//4104 4084//4084
f 4012//4012 4046//4046 4104//4104
f 4158//4158 4180//4180 4265//4265
f 4158//4158 4139//4139 4138//4138
f 4158//4158 4265//4265 4221//4221
f 4139//4139 4158//4158 4221//4221
f 4179//4179 4290//4290 4265//4265
f 4180//4180 4179//4179 4265//4265
f 4189//4189 4190//4190 4023//4023
f 4190//4190 4210//4210 4023//4023
f 4228//4228 4058//4058 4057//4057
f 4210//4210 4228//4228 4057//4057
f 4058//4058 4228//4228 4075//4075
f 4493//4493 4471//4471 4491//4491
f 4471//4471 4450//4450 4470//4470
f 4168//4168 4189//4189 3996//3996
f 4167//4167 4168//4168 3996//3996
f 4189//4189 4168//4168 4272//4272
f 4168//4168 4167//4167 4272//4272
f 3967//3967 4148//4148 3995//3995
f 4148//4148 4167//4167 3995//3995
f 4147//4147 4148//4148 3967//3967
f 4167//4167 4148//4148 4147//4147
f 3516//3516 3536//3536 3537//3537
f 3099//3099 3101//3101 3071//3071
f 3099//3099 3100//3100 3101//3101
f 3419//3419 3455//3455 3610//3610
f 3585//3585 3419//3419 3610//3610
f 3631//3631 3632//3632 3609//3609
f 3680//3680 3655//3655 3497//3497
f 3455//3455 3477//3477 3609//3609
f 3477//3477 3631//3631 3609//3609
f 701//701 667//667 700//700
f 667//667 631//631 700//700
f 667//667 701//701 702//702
f 667//667 702//702 615//615
f 631//631 667//667 615//615
f 494//494 394//394 410//410
f 394//394 494//494 395//395
f 410//410 394//394 366//366
f 394//394 395//395 366//366
f 494//494 397//397 395//395
f 397//397 494//494 509//509
f 397//397 381//381 380//380
f 397//397 509//509 381//381
f 1894//1894 1869//1869 1916//1916
f 1869//1869 1870//1870 1777//1777
f 1869//1869 1894//1894 1870//1870
f 1838//1838 1810//1810 1870//1870
f 1811//1811 1838//1838 1839//1839
f 1810//1810 1838//1838 1811//1811
f 1811//1811 1778//1778 1777//1777
f 1778//1778 1732//1732 1777//1777
f 1778//1778 1811//1811 1812//1812
f 1707//1707 1685//1685 1684//1684
f 1732//1732 1707//1707 1684//1684
f 1707//1707 1734//1734 1686//1686
f 1685//1685 1707//1707 1686//1686
f 933//933 916//916 915//915
f 933//933 973//973 916//916
f 882//882 933//933 915//915
f 973//973 933//933 882//882
f 745//745 764//764 746//746
f 764//764 745//745 763//763
f 476//476 498//498 499//499
f 498//498 497//497 499//499
f 139//139 115//115 138//138
f 244//244 139//139 138//138
f 139//139 244//244 115//115
f 266//266 267//267 135//135
f 265//265 266//266 135//135
f 267//267 266//266 268//268
f 266//266 265//265 268//268
f 450//450 449//449 448//448
f 1006//1006 1007//1007 978//978
f 978//978 1007//1007 979//979
f 1007//1007 1225//1225 979//979
f 1201//1201 980//980 979//979
f 1225//1225 1201//1201 979//979
f 1201//1201 981//981 980//980
f 1223//1223 1006//1006 1005//1005
f 1513//1513 1788//1788 1789//1789
f 950//950 951//951 921//921
f 1579//1579 1469//1469 1578//1578
f 1579//1579 1604//1604 1469//1469
f 1651//1651 1579//1579 1578//1578
f 1677//1677 1579//1579 1651//1651
f 1604//1604 1579//1579 1677//1677
f 2603//2603 2647//2647 2669//2669
f 2625//2625 2647//2647 2603//2603
f 2577//2577 2556//2556 2555//2555
f 2532//2532 2556//2556 2577//2577
f 2556//2556 2531//2531 2555//2555
f 2531//2531 2556//2556 2508//2508
f 2556//2556 2532//2532 2508//2508
f 3304//3304 3213//3213 3280//3280
f 3213//3213 3237//3237 3236//3236
f 3213//3213 3304//3304 3330//3330
f 3331//3331 3213//3213 3330//3330
f 3237//3237 3213//3213 3331//3331
f 3116//3116 3169//3169 3189//3189
f 3142//3142 3116//3116 3189//3189
f 3169//3169 3116//3116 3141//3141
f 3116//3116 3093//3093 3141//3141
f 4820//4820 4851//4851 4821//4821
f 4820//4820 4821//4821 4822//4822
f 4851//4851 4820//4820 4850//4850
f 5189//5189 5180//5180 5190//5190
f 5190//5190 5180//5180 5181//5181
f 5180//5180 5189//5189 5198//5198
f 5181//5181 5180//5180 5285//5285
f 5180//5180 5290//5290 5285//5285
f 5290//5290 5180//5180 5293//5293
f 4838//4838 4837//4837 4839//4839
f 4840//4840 4838//4838 4839//4839
f 3205//3205 3180//3180 3157//3157
f 3180//3180 3181//3181 3157//3157
f 3181//3181 3180//3180 3205//3205
f 2782//2782 2783//2783 2763//2763
f 2782//2782 2802//2802 2783//2783
f 2824//2824 2823//2823 2843//2843
f 2802//2802 2823//2823 2824//2824
f 2656//2656 2633//2633 2655//2655
f 2633//2633 2612//2612 2655//2655
f 2633//2633 2656//2656 2634//2634
f 2633//2633 2634//2634 2592//2592
f 2633//2633 2592//2592 2591//2591
f 2612//2612 2633//2633 2591//2591
f 3079//3079 3005//3005 3031//3031
f 3056//3056 3079//3079 3031//3031
f 3106//3106 3079//3079 3056//3056
f 3132//3132 3056//3056 3055//3055
f 3132//3132 3106//3106 3056//3056
f 3078//3078 3132//3132 3055//3055
f 3156//3156 3132//3132 3078//3078
f 2520//2520 2495//2495 2564//2564
f 2543//2543 2520//2520 2564//2564
f 2520//2520 2543//2543 2496//2496
f 2471//2471 2520//2520 2496//2496
f 2495//2495 2520//2520 2471//2471
f 1994//1994 1971//1971 1741//1741
f 1740//1740 1994//1994 1741//1741
f 1993//1993 1994//1994 1740//1740
f 2328//2328 2329//2329 2041//2041
f 2043//2043 2329//2329 2330//2330
f 2329//2329 2331//2331 2330//2330
f 2331//2331 2044//2044 2330//2330
f 2331//2331 2045//2045 2044//2044
f 2331//2331 2332//2332 2046//2046
f 2045//2045 2331//2331 2046//2046
f 2331//2331 2329//2329 2328//2328
f 2332//2332 2331//2331 2355//2355
f 2331//2331 2328//2328 2355//2355
f 2334//2334 2050//2050 2049//2049
f 2333//2333 2334//2334 2049//2049
f 2334//2334 2357//2357 2050//2050
f 2334//2334 2333//2333 2357//2357
f 3789//3789 3656//3656 3812//3812
f 3657//3657 3656//3656 3789//3789
f 3656//3656 3681//3681 3812//3812
f 3611//3611 3634//3634 3766//3766
f 3711//3711 3611//3611 3766//3766
f 3586//3586 3611//3611 3711//3711
f 4179//4179 4200//4200 4290//4290
f 4290//4290 4200//4200 4316//4316
f 4240//4240 4200//4200 4220//4220
f 4200//4200 4240//4240 4316//4316
f 4075//4075 4250//4250 4076//4076
f 4228//4228 4250//4250 4075//4075
f 3441//3441 3442//3442 3409//3409
f 3442//3442 3441//3441 3474//3474
f 3541//3541 3391//3391 3540//3540
f 3364//3364 3391//3391 3541//3541
f 3476//3476 3655//3655 3631//3631
f 3477//3477 3476//3476 3631//3631
f 3655//3655 3476//3476 3497//3497
f 396//396 397//397 380//380
f 397//397 396//396 395//395
f 396//396 380//380 355//355
f 395//395 396//396 355//355
f 1838//1838 1871//1871 1839//1839
f 1871//1871 1838//1838 1870//1870
f 1894//1894 1871//1871 1870//1870
f 1871//1871 1941//1941 1839//1839
f 1871//1871 1894//1894 1941//1941
f 1778//1778 1733//1733 1732//1732
f 1707//1707 1733//1733 1734//1734
f 1733//1733 1707//1707 1732//1732
f 1734//1734 1733//1733 1812//1812
f 1733//1733 1778//1778 1812//1812
f 279//279 265//265 264//264
f 279//279 154//154 278//278
f 154//154 279//279 147//147
f 147//147 279//279 148//148
f 279//279 264//264 148//148
f 981//981 1202//1202 982//982
f 1201//1201 1202//1202 981//981
f 1004//1004 1222//1222 1005//1005
f 1222//1222 1223//1223 1005//1005
f 1029//1029 1222//1222 1004//1004
f 1007//1007 1224//1224 1225//1225
f 1224//1224 1007//1007 1006//1006
f 1223//1223 1224//1224 1006//1006
f 1513//1513 1512//1512 1788//1788
f 1787//1787 1512//1512 1511//1511
f 1512//1512 1787//1787 1788//1788
f 1483//1483 1482//1482 1789//1789
f 1482//1482 1513//1513 1789//1789
f 1142//1142 949//949 1141//1141
f 1142//1142 950//950 949//949
f 2581//2581 2560//2560 2582//2582
f 2560//2560 2603//2603 2536//2536
f 2560//2560 2581//2581 2603//2603
f 2756//2756 2735//2735 2755//2755
f 3213//3213 3191//3191 3280//3280
f 3191//3191 3213//3213 3170//3170
f 3091//3091 3018//3018 3066//3066
f 3044//3044 3067//3067 3093//3093
f 3067//3067 3115//3115 3141//3141
f 3093//3093 3067//3067 3141//3141
f 4345//4345 4556//4556 4557//4557
f 4344//4344 4556//4556 4345//4345
f 3057//3057 3032//3032 3005//3005
f 3079//3079 3057//3057 3005//3005
f 2329//2329 2042//2042 2041//2041
f 2042//2042 2329//2329 2043//2043
f 2042//2042 1749//1749 2041//2041
f 2042//2042 2043//2043 1749//1749
f 3478//3478 3456//3456 3291//3291
f 3291//3291 3456//3456 3292//3292
f 3456//3456 3457//3457 3292//3292
f 4273//4273 4095//4095 4076//4076
f 4273//4273 4096//4096 4095//4095
f 3561//3561 3419//3419 3585//3585
f 3561//3561 3391//3391 3419//3419
f 3391//3391 3561//3561 3540//3540
f 982//982 1203//1203 983//983
f 1202//1202 1203//1203 982//982
f 1028//1028 1246//1246 1029//1029
f 1246//1246 1222//1222 1029//1029
f 950//950 1143//1143 951//951
f 1142//1142 1143//1143 950//950
f 1143//1143 952//952 951//951
f 1178//1178 1142//1142 1141//1141
f 1177//1177 1178//1178 1141//1141
f 1178//1178 1143//1143 1142//1142
f 3190//3190 3170//3170 3235//3235
f 3190//3190 3191//3191 3170//3170
f 3258//3258 3190//3190 3235//3235
f 3280//3280 3190//3190 3258//3258
f 3191//3191 3190//3190 3280//3280
f 3043//3043 3067//3067 3044//3044
f 3043//3043 3018//3018 3091//3091
f 3018//3018 3043//3043 3044//3044
f 3043//3043 3091//3091 3092//3092
f 3115//3115 3043//3043 3092//3092
f 3067//3067 3043//3043 3115//3115
f 4553//4553 4554//4554 4343//4343
f 4250//4250 4251//4251 4076//4076
f 4251//4251 4273//4273 4076//4076
f 4096//4096 4297//4297 4112//4112
f 4112//4112 4297//4297 4298//4298
f 3561//3561 3562//3562 3540//3540
f 1204//1204 984//984 983//983
f 1203//1203 1204//1204 983//983
f 1245//1245 1027//1027 1026//1026
f 1027//1027 1245//1245 1028//1028
f 1245//1245 1246//1246 1028//1028
f 1179//1179 953//953 952//952
f 1143//1143 1179//1179 952//952
f 956//956 955//955 1145//1145
f 2973//2973 2953//2953 2952//2952
f 4555//4555 4556//4556 4344//4344
f 4555//4555 4344//4344 4343//4343
f 4554//4554 4555//4555 4343//4343
f 4273//4273 4274//4274 4096//4096
f 4274//4274 4297//4297 4096//4096
f 1204//1204 1169//1169 984//984
f 984//984 1169//1169 939//939
f 1169//1169 940//940 939//939
f 1169//1169 1170//1170 940//940
f 1052//1052 1244//1244 1026//1026
f 1244//1244 1245//1245 1026//1026
f 1244//1244 1052//1052 1051//1051
f 1144//1144 954//954 953//953
f 955//955 1144//1144 1145//1145
f 1144//1144 955//955 954//954
f 1050//1050 1267//1267 1051//1051
f 1267//1267 1244//1244 1051//1051
f 1179//1179 1180//1180 953//953
f 1180//1180 1144//1144 953//953
f 2952//2952 2934//2934 2910//2910
f 2953//2953 2934//2934 2952//2952
f 2852//2852 2872//2872 2853//2853
f 2872//2872 2852//2852 2831//2831
f 1266//1266 1050//1050 1049//1049
f 1266//1266 1267//1267 1050//1050
f 1072//1072 1266//1266 1049//1049
f 2934//2934 2911//2911 2910//2910
f 2911//2911 2934//2934 2891//2891
f 2911//2911 2890//2890 2910//2910
f 2911//2911 2891//2891 2890//2890
f 1071//1071 1265//1265 1072//1072
f 1265//1265 1266//1266 1072//1072
f 1265//1265 1071//1071 1070//1070
f 1093//1093 1290//1290 1070//1070
f 1290//1290 1265//1265 1070//1070
f 1289//1289 1093//1093 1092//1092
f 1289//1289 1290//1290 1093//1093
f 1289//1289 1311//1311 1312//1312
f 1311//1311 1289//1289 1092//1092
