# Created by Open3D 
# object name: iith-low-slope
# number of vertices: 5308
# number of triangles: 6953
v -25.226 -6.63714 0.101526 0.548156 0.731189 0.395451
vn -0.0736293 -0.0136705 0.997192
v -25.2249 -6.4954 0.10327 0.550582 0.733384 0.395797
vn 0.0111905 -0.00302331 0.999933
v -25.2485 -6.30723 0.104084 0.551715 0.734409 0.395959
vn 0.0103752 -0.00545983 0.999931
v -25.2564 -6.13029 0.105595 0.553818 0.736311 0.39626
vn 0.0100596 -0.0123098 0.999874
v -25.2571 -5.91965 0.107805 0.556892 0.739092 0.396699
vn 0.0101156 -0.00647779 0.999928
v -25.2821 -5.66482 0.108967 0.558509 0.740556 0.39693
vn 0.00929875 -0.00483482 0.999945
v -25.3085 -5.48512 0.1092 0.558833 0.740849 0.396976
vn 0.00740108 -0.00456632 0.999962
v -25.3099 -5.3015 0.110828 0.561098 0.742898 0.3973
vn 0.00826581 -0.0109188 0.999906
v -25.291 -5.11058 0.113618 0.56498 0.746411 0.397854
vn 0.0103028 -0.00843493 0.999911
v -25.2895 -4.92968 0.115246 0.567245 0.74846 0.398178
vn 0.0102098 -0.00388699 0.99994
v -25.2894 -4.69864 0.117107 0.569833 0.750802 0.398548
vn 0.0120851 -0.00858845 0.99989
v -25.3073 -4.47046 0.117804 0.570804 0.75168 0.398686
vn -0.0625026 -0.00770896 0.998015
v -25.2766 -4.32855 0.120595 0.574686 0.755192 0.399241
vn 0.011912 -0.0136951 0.999835
v -25.2786 -4.12218 0.121874 0.576466 0.756803 0.399495
vn -0.0578952 -0.00655117 0.998301
v -25.2591 -3.87718 0.124549 0.580187 0.760169 0.400027
vn -0.0582025 -0.00604031 0.998287
v -25.2422 -3.71551 0.126467 0.582856 0.762584 0.400408
vn -0.0569264 -0.00562701 0.998363
v -25.2306 -3.50908 0.12827 0.585363 0.764853 0.400766
vn -0.0850479 -0.00202513 0.996375
v -25.0329 -7.8682 0.0960606 0.540553 0.724309 0.394365
vn 0.00745325 -0.00353737 0.999966
v -25.048 -7.68072 0.097921 0.543141 0.726651 0.394734
vn 0.0111087 -0.00200104 0.999936
v -25.0863 -7.50178 0.0982698 0.543626 0.72709 0.394804
vn 0.0110648 -0.00307019 0.999934
v -25.1328 -7.31774 0.0981535 0.543464 0.726944 0.394781
vn -0.0599347 -0.013675 0.998109
v -25.1392 -7.08802 0.100828 0.547185 0.73031 0.395312
vn 0.0114201 -0.00268427 0.999931
v -25.176 -6.8603 0.101642 0.548318 0.731335 0.395474
vn 0.00997603 -0.00230708 0.999948
v -25.1951 -6.72502 0.102223 0.549126 0.732067 0.395589
vn 0.0117691 -0.00405103 0.999923
v -25.1989 -3.95312 0.127572 0.584393 0.763975 0.400628
vn 0.0121863 -0.0124871 0.999848
v -25.1987 -3.4152 0.130595 0.588599 0.76778 0.401228
vn 0.0119468 -0.00955604 0.999883
v -25.1981 -3.27872 0.131293 0.58957 0.768658 0.401367
vn -0.0623854 -0.00397601 0.998044
v -25.16 -3.09875 0.134316 0.593776 0.772464 0.401968
vn 0.0109679 -0.0137413 0.999845
v -25.1154 -2.90761 0.137688 0.598467 0.776708 0.402638
vn 0.0113196 -0.0147508 0.999827
v -25.1583 -2.73621 0.135828 0.595879 0.774366 0.402268
vn -0.0666263 -0.00259266 0.997775
v -25.0674 -2.48063 0.141932 0.604372 0.782051 0.403482
vn 0.0118315 -0.0105861 0.999874
v -25.0638 -2.28004 0.142688 0.605423 0.783002 0.403632
vn 0.00940799 -0.0106836 0.999899
v -25.0726 -2.10483 0.142572 0.605262 0.782856 0.403609
vn -0.0574179 -0.00197645 0.998348
v -25.1144 -1.92617 0.140479 0.60235 0.780221 0.403193
vn -0.0686532 -0.000568258 0.99764
v -25.0072 -1.11817 0.147339 0.611894 0.788857 0.404556
vn -0.0604663 -0.000174223 0.99817
v -25.0351 -0.851063 0.145595 0.609468 0.786661 0.40421
vn -0.0648405 0.000364506 0.997896
v -25.0381 -0.671463 0.145246 0.608982 0.786222 0.40414
vn 0.00835067 0.0157038 0.999842
v -25.0479 -0.491608 0.144432 0.60785 0.785197 0.403979
vn 0.00169296 0.00296893 0.999994
v -25.0464 -0.311877 0.1442 0.607526 0.784905 0.403932
vn 0.010127 0.000672207 0.999948
v -25.049 -0.0689987 0.143502 0.606556 0.784027 0.403794
vn 0.00795466 -0.00218216 0.999966
v -25.0437 0.128754 0.14327 0.606232 0.783734 0.403747
vn -0.0583757 0.00320757 0.99829
v -25.0017 0.535893 0.144316 0.607688 0.785051 0.403955
vn -0.06052 0.00408836 0.998159
v -24.8154 -8.85805 0.0926885 0.535861 0.720065 0.393694
vn 0.00693439 0.00168987 0.999975
v -24.8738 -8.73235 0.0915257 0.534243 0.718601 0.393463
vn -0.0936054 -0.0233485 0.995336
v -24.9063 -8.52405 0.0930954 0.536427 0.720577 0.393775
vn 0.00821992 0.00106006 0.999966
v -24.9469 -8.31829 0.0940838 0.537803 0.721821 0.393972
vn 0.00974696 -0.00142672 0.999951
v -24.9851 -8.11465 0.0950722 0.539178 0.723065 0.394168
vn 0.0100386 -0.0024731 0.999947
v -24.9832 -1.74313 0.148386 0.61335 0.790174 0.404764
vn 0.0101467 -0.00856484 0.999912
v -24.9763 -1.49658 0.149025 0.61424 0.790979 0.404891
vn 0.00405555 -0.00688154 0.999968
v -24.9391 -1.29497 0.151293 0.617394 0.793833 0.405342
vn 0.0120142 -0.00485611 0.999916
v -24.9387 -0.986485 0.151293 0.617394 0.793833 0.405342
vn 0.0108164 0.00649122 0.99992
v -24.9999 0.308566 0.145246 0.608982 0.786222 0.40414
vn 0.00910732 -0.0039727 0.999951
v -24.9996 0.445746 0.144781 0.608335 0.785637 0.404048
vn 0.00847981 -3.34963e-05 0.999964
v -24.978 0.687297 0.145072 0.60874 0.786002 0.404106
vn 0.00843932 -0.00416784 0.999956
v -24.9556 0.93771 0.145246 0.608982 0.786222 0.40414
vn 0.00716628 -0.00731041 0.999948
v -24.6114 -10.4075 0.0754793 0.511919 0.698403 0.390274
vn -0.055768 -0.0203134 0.998237
v -24.6158 -10.2544 0.07827 0.515801 0.701916 0.390829
vn -0.0539194 -0.0195616 0.998354
v -24.6366 -10.1125 0.0798979 0.518066 0.703965 0.391152
vn -0.0561045 -0.0194966 0.998235
v -24.6901 -9.88571 0.0812932 0.520008 0.705721 0.39143
vn -0.0928757 -0.0244432 0.995378
v -24.7173 -9.69981 0.08327 0.522758 0.708209 0.391823
vn -0.061953 -0.0191286 0.997896
v -24.7242 -9.50775 0.0864095 0.527126 0.712161 0.392447
vn 0.00941884 -0.00580108 0.999939
v -24.7266 -9.31258 0.0897816 0.531817 0.716406 0.393117
vn 0.0110663 -0.00999536 0.999889
v -24.7839 -9.13783 0.0896653 0.531655 0.716259 0.393094
vn -0.0599581 -0.0181394 0.998036
v -24.7833 -8.99153 0.0922234 0.535214 0.719479 0.393602
vn 0.0100382 -0.00845658 0.999914
v -24.7255 2.12054 0.151293 0.617394 0.793833 0.405342
vn -0.00652374 -0.0155765 0.999857
v -24.6657 2.25222 0.153734 0.620792 0.796907 0.405827
vn 6.01059e-05 -0.00609505 0.999981
v -24.4955 -10.9092 0.0715259 0.506419 0.693426 0.389488
vn -0.0558298 -0.0207677 0.998224
v -24.4964 -10.7056 0.0757119 0.512242 0.698696 0.39032
vn 0.00418099 -0.00374672 0.999984
v -24.5186 -10.5208 0.07827 0.515801 0.701916 0.390829
vn 0.00763997 -0.00581 0.999954
v -24.5998 -10.0004 0.0840838 0.52389 0.709234 0.391984
vn 0.00911514 -0.00545401 0.999944
v -24.1097 3.99054 0.168502 0.641337 0.815495 0.408762
vn 0.00308908 -0.0102147 0.999943
v -24.0847 4.16598 0.167804 0.640366 0.814617 0.408624
vn -0.0710908 0.0153426 0.997352
v -24.0173 4.28691 0.17013 0.643601 0.817544 0.409086
vn 0.00254815 -0.0131732 0.99991
v -23.8907 4.49614 0.174626 0.649857 0.823204 0.40998
vn 0.00319729 -0.017971 0.999833
v -23.7652 4.72101 0.178734 0.655573 0.828375 0.410796
vn 0.00832758 -0.0107792 0.999907
v -23.7192 4.86669 0.179316 0.656381 0.829107 0.410912
vn 0.00653819 -0.0100188 0.999928
v -23.623 5.0922 0.181525 0.659455 0.831888 0.411351
vn 0.00586782 -0.0122064 0.999908
v -23.5706 5.21428 0.182688 0.661073 0.833352 0.411582
vn 0.00713543 -0.0148444 0.999864
v -23.2016 -5.20055 0.0912741 0.533893 0.718285 0.393413
vn 0.0102399 -0.00953759 0.999902
v -23.2084 -5.07322 0.0921696 0.535139 0.719412 0.393591
vn 0.0100533 -0.00548706 0.999934
v -23.2291 -4.90546 0.0925533 0.535673 0.719895 0.393668
vn 0.00988531 -0.00013548 0.999951
v -23.2723 -4.67914 0.0919777 0.534872 0.71917 0.393553
vn 0.0105157 -0.00258924 0.999941
v -23.2778 -4.46892 0.0935126 0.537008 0.721102 0.393858
vn 0.0100254 -0.0100584 0.999899
v -23.2822 -4.27798 0.0948557 0.538876 0.722793 0.394125
vn 0.0129905 -0.0176341 0.99976
v -23.2565 -4.14734 0.097542 0.542614 0.726174 0.394659
vn 0.00941712 -0.0114402 0.99989
v -23.2441 -3.91298 0.1001 0.546173 0.729394 0.395168
vn 0.0110901 -0.0101927 0.999887
v -23.238 -3.70314 0.101955 0.548753 0.731729 0.395536
vn 0.0116602 -0.00939486 0.999888
v -23.2158 -3.47542 0.104833 0.552757 0.735352 0.396108
vn 0.010724 -0.0131901 0.999855
v -23.2116 -3.30474 0.106112 0.554537 0.736962 0.396362
vn 0.0107242 -0.0143718 0.999839
v -23.0217 -7.27687 0.074901 0.511114 0.697675 0.390159
vn 0.0105743 -0.000632496 0.999944
v -23.0278 -7.10672 0.0772035 0.514318 0.700573 0.390617
vn 0.0106113 -0.00166995 0.999942
v -23.0863 -6.90146 0.0766919 0.513606 0.699929 0.390515
vn 0.0112085 -0.00146764 0.999936
v -23.132 -6.67235 0.0772034 0.514318 0.700573 0.390617
vn 0.0117547 -0.00379322 0.999924
v -23.131 -6.47877 0.0800176 0.518233 0.704115 0.391176
vn 0.012325 -0.00789575 0.999893
v -23.1694 -6.34992 0.079378 0.517343 0.70331 0.391049
vn 0.0111027 -0.00764722 0.999909
v -23.1529 -6.10957 0.0835992 0.523216 0.708624 0.391888
vn 0.011827 -0.0121647 0.999856
v -23.158 -5.89837 0.0859657 0.526508 0.711603 0.392358
vn 0.0114454 -0.0122664 0.999859
v -23.1773 -5.66684 0.0875646 0.528733 0.713615 0.392676
vn 0.0103144 -0.00606309 0.999928
v -23.1868 -5.47703 0.0891636 0.530957 0.715628 0.392994
vn 0.0104332 -0.00735546 0.999919
v -23.1953 -5.28523 0.0907624 0.533182 0.71764 0.393312
vn 0.00983105 -0.00596727 0.999934
v -23.1788 -3.09148 0.109353 0.559045 0.741041 0.397006
vn 0.0105556 -0.0152398 0.999828
v -23.1353 -2.88178 0.113148 0.564325 0.745818 0.397761
vn 0.00426067 -0.019698 0.999797
v -23.1349 -2.71054 0.113915 0.565393 0.746784 0.397913
vn 0.0110069 -0.0136041 0.999847
v -23.0587 -2.47798 0.119671 0.573401 0.75403 0.399057
vn 0.00623436 -0.0169511 0.999837
v -23.0579 -2.33989 0.120183 0.574113 0.754674 0.399159
vn 0.00623121 -0.0112758 0.999917
v -23.0584 -2.04523 0.12095 0.575181 0.75564 0.399312
vn 0.00902758 -0.00806627 0.999927
v -23.0519 -1.87919 0.121718 0.576248 0.756606 0.399464
vn 0.00244886 -0.00631559 0.999977
v -23.0393 -1.75453 0.122741 0.577672 0.757894 0.399667
vn 0.0113663 -0.00625819 0.999916
v -23.0141 -1.22247 0.124788 0.58052 0.76047 0.400074
vn 0.0114423 -0.0030386 0.99993
v -23.0061 -1.09226 0.1253 0.581232 0.761114 0.400176
vn 0.0107364 -0.000871608 0.999942
v -23.0079 -0.848341 0.125044 0.580876 0.760792 0.400125
vn 0.0115864 0.00318518 0.999928
v -23.0178 -0.728234 0.124276 0.579808 0.759826 0.399973
vn 0.00941924 0.00388997 0.999948
v -23.0272 -0.500326 0.123317 0.578473 0.758618 0.399782
vn 0.00989919 0.00830117 0.999917
v -23.0159 -0.359958 0.123765 0.579096 0.759182 0.399871
vn 0.00876345 -0.000869345 0.999961
v -22.8079 -8.05516 0.074901 0.511114 0.697675 0.390159
vn 0.00834429 0.00505807 0.999952
v -22.8641 -7.89355 0.074304 0.510284 0.696923 0.390041
vn 0.0106853 0.000308811 0.999943
v -22.9233 -7.66614 0.0745812 0.510669 0.697272 0.390096
vn 0.0105631 -0.00100126 0.999944
v -22.961 -7.47726 0.0754127 0.511826 0.698319 0.390261
vn 0.0109501 8.01283e-06 0.99994
v -22.9867 -7.39572 0.0751568 0.51147 0.697997 0.39021
vn 0.0110956 -0.001995 0.999936
v -22.8779 -2.16634 0.132207 0.590841 0.769809 0.401549
vn 0.0110716 -0.00551036 0.999924
v -22.9812 -1.67464 0.126579 0.583011 0.762724 0.40043
vn 0.00958016 0.00651754 0.999933
v -22.9543 -1.48532 0.128497 0.585681 0.76514 0.400812
vn 0.00937791 -0.00843213 0.99992
v -22.9498 -1.34814 0.128881 0.586214 0.765622 0.400888
vn 0.0105151 -0.00319882 0.99994
v -22.9817 -1.01803 0.126835 0.583367 0.763046 0.400481
vn -0.0633919 0.000294738 0.997989
v -22.961 -0.935649 0.128114 0.585147 0.764656 0.400735
vn 0.00934445 0.00313891 0.999951
v -22.973 -0.278783 0.126323 0.582655 0.762402 0.400379
vn 0.00546851 -0.00691907 0.999961
v -22.938 -0.11212 0.128114 0.585147 0.764656 0.400735
vn 0.00558456 -0.00545932 0.99997
v -22.9856 0.0962432 0.124404 0.579986 0.759987 0.399998
vn 0.00800079 -0.00397752 0.99996
v -22.9643 0.258622 0.125172 0.581053 0.760953 0.40015
vn 0.00715894 -0.0016785 0.999973
v -22.9214 0.483519 0.126962 0.583545 0.763207 0.400506
vn 0.00614882 -0.00907569 0.99994
v -22.8628 0.703841 0.129649 0.587282 0.766589 0.40104
vn 0.0050222 -0.00909096 0.999946
v -22.916 6.55558 0.197106 0.681133 0.851501 0.414448
vn 0.00427997 -0.015543 0.99987
v -22.8206 6.61525 0.201292 0.686957 0.85677 0.41528
vn 0.00447284 -0.0179845 0.999828
v -22.6194 -9.11402 0.065947 0.498657 0.686404 0.38838
vn 0.0109493 -0.0115281 0.999874
v -22.6067 -8.92646 0.0705519 0.505064 0.6922 0.389295
vn 0.013218 -0.0050752 0.9999
v -22.6291 -8.75589 0.0725986 0.507911 0.694777 0.389702
vn 0.0127961 -0.0120406 0.999846
v -22.667 -8.52233 0.074837 0.511025 0.697594 0.390146
vn 0.0132178 -0.00371337 0.999906
v -22.7197 -8.31515 0.0755406 0.512004 0.69848 0.390286
vn 0.0120868 -0.000238241 0.999927
v -22.7684 -8.13256 0.0759243 0.512538 0.698963 0.390363
vn 0.0125563 0.00671814 0.999899
v -22.7086 1.46888 0.134765 0.594401 0.773029 0.402057
vn 0.00470204 -0.00932977 0.999945
v -22.6617 1.69481 0.136044 0.59618 0.774639 0.402311
vn 0.00649293 -0.00307716 0.999974
v -22.6517 1.83841 0.135533 0.595469 0.773995 0.40221
vn 0.00383928 -0.00642749 0.999972
v -22.7378 6.72421 0.20385 0.690515 0.85999 0.415788
vn 0.00732183 -0.0150354 0.99986
v -22.7167 6.89709 0.201757 0.687604 0.857356 0.415372
vn -0.0552462 0.0190359 0.998291
v -22.6609 7.0629 0.201641 0.687442 0.857209 0.415349
vn -0.0593148 0.022988 0.997975
v -22.4389 -9.82137 0.0615979 0.492606 0.68093 0.387515
vn 0.0101242 -0.0052906 0.999935
v -22.4789 -9.69612 0.0619816 0.49314 0.681413 0.387591
vn 0.00988487 -0.0028356 0.999947
v -22.5108 -9.52682 0.0637724 0.495632 0.683667 0.387947
vn 0.0104074 -0.0025211 0.999943
v -22.5721 -9.29994 0.0649237 0.497233 0.685116 0.388176
vn 0.0108874 -0.00483437 0.999929
v -22.5118 7.14248 0.208269 0.696663 0.865552 0.416666
vn 0.00668569 -0.0140691 0.999879
v -22.4603 7.2611 0.208734 0.69731 0.866138 0.416759
vn -0.0554717 0.0205069 0.99825
v -22.2426 -10.2485 0.0635166 0.495276 0.683345 0.387897
vn 0.00285619 0.00567568 0.99998
v -22.3242 -10.0725 0.0627491 0.494208 0.682379 0.387744
vn 0.0060432 0.00348724 0.999976
v -22.399 -9.89375 0.0623653 0.493674 0.681895 0.387668
vn 0.005705 0.00649598 0.999963
v -22.2761 3.17876 0.145766 0.609705 0.786876 0.404244
vn 0.0036918 -0.00823334 0.999959
v -22.2372 3.2958 0.146789 0.611129 0.788164 0.404447
vn 0.00439833 -0.0147865 0.999881
v -22.3859 7.37096 0.210595 0.699898 0.868479 0.417128
vn 0.0039391 -0.0181058 0.999828
v -22.3471 7.49167 0.210246 0.699413 0.86804 0.417059
vn -0.0581412 0.0227356 0.998049
v -22.2417 7.68346 0.21199 0.701839 0.870236 0.417406
vn -0.0561465 0.0222109 0.998175
v -22.0099 -10.7083 0.0662028 0.499013 0.686726 0.38843
vn 0.00905186 0.00472573 0.999948
v -22.0858 -10.5306 0.0660749 0.498835 0.686565 0.388405
vn 0.00867392 0.00260553 0.999959
v -22.1686 -10.3533 0.0654353 0.497945 0.68576 0.388278
vn 0.00571442 0.00841241 0.999948
v -22.1691 3.44415 0.14922 0.61451 0.791224 0.40493
vn 0.0041839 -0.0156021 0.99987
v -22.0868 3.63468 0.151906 0.618248 0.794605 0.405464
vn 0.00478709 -0.0130291 0.999904
v -22.0131 3.82426 0.153953 0.621095 0.797181 0.405871
vn 0.00610433 -0.012941 0.999898
v -22.0872 7.84817 0.216873 0.708634 0.876383 0.418376
vn -0.000898823 -0.0181434 0.999835
v -22.055 8.10989 0.21292 0.703134 0.871407 0.417591
vn -0.0547235 0.022019 0.998259
v -22.0289 8.27773 0.210595 0.699898 0.868479 0.417128
vn -0.0568314 0.0231898 0.998114
v -21.8489 -11.2407 0.0621095 0.493318 0.681573 0.387617
vn -0.0589873 -0.0262163 0.997914
v -21.8574 -11.1034 0.0651794 0.497589 0.685438 0.388227
vn 0.00912891 -0.000558659 0.999958
v -21.9237 -10.9042 0.0663733 0.49925 0.686941 0.388464
vn 0.0100447 0.00135709 0.999949
v -21.9823 3.94412 0.154208 0.621451 0.797503 0.405922
vn 0.00533581 -0.0112758 0.999922
v -21.9274 4.11551 0.155168 0.622786 0.798711 0.406112
vn 0.00502527 -0.00976261 0.99994
v -21.8634 4.32686 0.155999 0.623942 0.799757 0.406277
vn 0.00787911 -0.0125049 0.999891
v -21.9692 7.93897 0.221292 0.714781 0.881945 0.419254
vn 0.00620338 -0.0108467 0.999922
v -21.9735 8.44545 0.20978 0.698766 0.867455 0.416967
vn -0.0553923 0.0236925 0.998184
v -21.6439 -12.0687 0.0515565 0.478636 0.66829 0.385519
vn -0.0578379 -0.0281332 0.99793
v -21.6887 -11.6863 0.0595512 0.489759 0.678353 0.387108
vn -0.0581843 -0.0275048 0.997927
v -21.7443 -11.5244 0.0607024 0.49136 0.679802 0.387337
vn -0.0582077 -0.0268596 0.997943
v -21.7814 -11.3519 0.0631328 0.494742 0.682862 0.38782
vn 0.00238466 0.0100485 0.999947
v -21.7543 4.50115 0.160092 0.629637 0.80491 0.407091
vn 0.000920496 -0.0120284 0.999927
v -21.7015 4.65847 0.16086 0.630705 0.805876 0.407244
vn 0.00475007 -0.0145161 0.999883
v -21.6978 8.51078 0.223036 0.717208 0.884141 0.419601
vn 0.00729117 -0.0038689 0.999966
v -21.6733 8.68629 0.220246 0.713325 0.880628 0.419046
vn 0.00570678 0.00577614 0.999967
v -21.7759 8.91705 0.209315 0.698119 0.866869 0.416874
vn -0.0534128 0.0236109 0.998293
v -21.6958 9.07412 0.20978 0.698766 0.867455 0.416967
vn -0.0523688 0.0239961 0.998339
v -21.6363 9.22652 0.209199 0.697957 0.866723 0.416851
vn -0.0515983 0.0240198 0.998379
v -21.4226 -12.7048 0.0458643 0.470717 0.661125 0.384388
vn 0.00867401 -0.011789 0.999893
v -21.4848 -12.5411 0.0471434 0.472496 0.662735 0.384642
vn -0.0573782 -0.0288929 0.997934
v -21.4737 -12.2965 0.054861 0.483234 0.672449 0.386176
vn 0.0100568 -0.0194481 0.99976
v -21.482 -11.8239 0.0677377 0.501148 0.688658 0.388735
vn 0.0102566 -0.0205544 0.999736
v -21.4794 -11.7276 0.0705519 0.505064 0.6922 0.389295
vn 0.00990372 0.00257979 0.999948
v -21.4037 -6.28505 0.0584124 0.488174 0.67692 0.386882
vn 0.00188323 -0.00495744 0.999986
v -21.4259 -6.08741 0.0599471 0.49031 0.678852 0.387187
vn 0.009853 -0.0136542 0.999858
v -21.4238 -5.21159 0.0722243 0.50739 0.694306 0.389627
vn 0.00783081 -0.00755106 0.999941
v -21.4246 -5.0943 0.0736194 0.509331 0.696062 0.389904
vn -0.000447583 -0.00937002 0.999956
v -21.438 -4.70172 0.0772466 0.514378 0.700627 0.390625
vn 0.00692639 -0.00637837 0.999956
v -21.4246 -4.48046 0.0805253 0.518939 0.704754 0.391277
vn 0.00177908 -0.0105486 0.999943
v -21.444 -4.07587 0.0831062 0.52253 0.708003 0.39179
vn 0.00421218 -0.00820557 0.999957
v -21.4438 -3.91892 0.0845013 0.524471 0.709759 0.392067
vn 0.00475929 -0.00953821 0.999943
v -21.4373 -3.70286 0.0867336 0.527576 0.712569 0.392511
vn 0.00352101 -0.0146412 0.999887
v -21.4029 -3.5234 0.0905004 0.532817 0.717311 0.39326
vn -0.0055817 -0.0154722 0.999865
v -21.5707 9.34756 0.209664 0.698604 0.867308 0.416943
vn 0.00506314 0.00353043 0.999981
v -21.4774 9.50766 0.210536 0.699817 0.868406 0.417117
vn -0.052174 0.0254552 0.998314
v -21.2142 -13.2829 0.0401081 0.462708 0.653879 0.383244
vn 0.00835377 -0.0109776 0.999905
v -21.2585 -13.1107 0.0429222 0.466624 0.657421 0.383803
vn 0.00740963 -0.00929465 0.999929
v -21.3542 -12.937 0.0427943 0.466446 0.65726 0.383778
vn 0.00464852 -0.00537438 0.999975
v -21.2142 -7.2501 0.0546456 0.482934 0.672178 0.386133
vn 0.0103418 0.00038587 0.999946
v -21.242 -7.11802 0.0552036 0.48371 0.672881 0.386244
vn 0.00587393 -0.00536145 0.999968
v -21.2706 -6.88176 0.0575056 0.486913 0.675778 0.386702
vn 0.00181522 -0.00746311 0.999971
v -21.3079 -6.66672 0.0586915 0.488563 0.677271 0.386938
vn -0.0200517 -0.00584095 0.999782
v -21.3687 -6.45969 0.0579939 0.487592 0.676393 0.386799
vn 0.00580057 -0.00138896 0.999982
v -21.3661 -5.91289 0.0666438 0.499626 0.687281 0.388518
vn -0.0685784 -0.0144624 0.997541
v -21.3848 -5.66173 0.0689456 0.502829 0.690178 0.388976
vn 0.00484334 -0.0118674 0.999918
v -21.2456 -5.45652 0.0812926 0.520007 0.70572 0.39143
vn -0.0681821 -0.0133046 0.997584
v -21.3201 -5.31168 0.0780837 0.515542 0.701681 0.390792
vn -0.0684782 -0.0127998 0.99757
v -21.2733 -4.86827 0.0867336 0.527576 0.712569 0.392511
vn -0.0683205 -0.0109236 0.997604
v -21.3575 -4.79942 0.0817111 0.520589 0.706247 0.391513
vn -0.0688218 -0.0112199 0.997566
v -21.3399 -4.29323 0.0882681 0.529711 0.714501 0.392816
vn -0.0682475 -0.0102501 0.997616
v -21.302 -4.17444 0.092035 0.534952 0.719242 0.393565
vn -0.0672911 -0.00846278 0.997697
v -21.3772 -3.40396 0.0931511 0.536505 0.720647 0.393786
vn 0.004085 -0.0215323 0.99976
v -21.3208 -3.28386 0.0978946 0.543104 0.726618 0.394729
vn -0.0696554 -0.00651982 0.99755
v -21.2479 -3.16311 0.103754 0.551256 0.733994 0.395894
vn -0.0699875 -0.00598007 0.99753
v -21.2708 -2.91438 0.103615 0.551062 0.733818 0.395866
vn 0.00192448 -0.0123432 0.999922
v -21.3159 -2.49358 0.102499 0.549509 0.732413 0.395644
vn 0.00788383 -0.0120158 0.999897
v -21.341 -2.27167 0.101592 0.548248 0.731272 0.395464
vn 0.0122449 0.000267544 0.999925
v -21.3177 -2.057 0.103894 0.55145 0.734169 0.395921
vn -0.0682043 -0.0031811 0.997666
v -21.3413 -1.90209 0.102638 0.549703 0.732589 0.395672
vn 0.0184162 -0.00389295 0.999823
v -21.3331 -1.73267 0.103545 0.550965 0.73373 0.395852
vn 0.0147946 0.00125438 0.99989
v -21.3084 -1.47998 0.105614 0.553844 0.736335 0.396263
vn 0.0136107 -0.00974765 0.99986
v -21.274 -1.26942 0.108149 0.55737 0.739526 0.396767
vn 0.0110334 -0.00559262 0.999923
v -21.219 -1.06091 0.111985 0.562708 0.744355 0.39753
vn -0.068724 0.000711223 0.997635
v -21.2296 -0.907909 0.111148 0.561544 0.743301 0.397363
vn 0.00340007 -0.00478148 0.999983
v -21.2346 -0.734732 0.11059 0.560767 0.742599 0.397252
vn 0.000395978 0.0061617 0.999981
v -21.2526 -0.566813 0.109056 0.558632 0.740667 0.396947
vn 0.00452412 -0.00434002 0.99998
v -21.3073 9.68696 0.214858 0.70583 0.873846 0.417976
vn -0.00224374 -0.0108647 0.999938
v -21.2357 9.84262 0.214548 0.705399 0.873456 0.417914
vn -0.0522845 0.0263287 0.998285
v -21.0257 -13.8806 0.0316657 0.450963 0.643252 0.381566
vn 0.0063731 -0.00808974 0.999947
v -21.0762 -13.7021 0.0346078 0.455056 0.646956 0.382151
vn 0.00909597 -0.0118075 0.999889
v -21.1336 -13.5107 0.0374858 0.45906 0.650578 0.382723
vn 0.0085631 -0.00934346 0.99992
v -21.0113 -8.2679 0.0476699 0.473229 0.663398 0.384747
vn 0.0125601 -0.00271702 0.999917
v -21.0333 -8.18714 0.0479489 0.473617 0.663749 0.384802
vn 0.01351 -0.00287679 0.999905
v -21.0618 -7.87098 0.0526923 0.480216 0.66972 0.385745
vn -0.0672766 -0.0208409 0.997517
v -21.1297 -7.70625 0.0514833 0.478534 0.668198 0.385505
vn 0.00770233 -0.00305057 0.999966
v -21.1484 -7.48282 0.0546456 0.482934 0.672178 0.386133
vn 0.00410604 -0.00618102 0.999972
v -21.1419 -7.31627 0.0582729 0.48798 0.676744 0.386854
vn -0.067119 -0.0187549 0.997569
v -21.1989 -5.79721 0.079758 0.517872 0.703789 0.391125
vn -0.065404 -0.0156855 0.997736
v -21.1653 -4.93249 0.0934301 0.536893 0.720998 0.393842
vn -0.0680468 -0.0116115 0.997615
v -21.1791 -3.08 0.109056 0.558632 0.740667 0.396947
vn -0.0674388 -0.00746936 0.997695
v -21.1607 -2.71411 0.112334 0.563193 0.744794 0.397599
vn -0.0688855 -0.00435334 0.997615
v -21.0296 -0.457407 0.124402 0.579983 0.759984 0.399998
vn -0.0684295 0.00230424 0.997653
v -21.123 -0.284717 0.117426 0.570278 0.751204 0.398611
vn -0.0700194 0.00277344 0.997542
v -21.1313 -0.112774 0.11631 0.568725 0.749799 0.398389
vn 0.00274121 -0.0109398 0.999936
v -21.1235 0.101787 0.116031 0.568337 0.749448 0.398334
vn 0.00270757 -0.00312384 0.999991
v -21.079 0.299983 0.118263 0.571443 0.752258 0.398778
vn 0.000341008 -0.00708628 0.999975
v -21.0617 0.470447 0.118612 0.571928 0.752697 0.398847
vn 0.00560795 -0.00400969 0.999976
v -21.0375 0.636419 0.11938 0.572995 0.753662 0.398999
vn 0.00477591 -0.00868035 0.999951
v -21.0742 5.93044 0.176466 0.652416 0.82552 0.410345
vn -0.00222444 -0.0188834 0.999819
v -21.0341 6.0455 0.176593 0.652594 0.825681 0.410371
vn 0.000896535 -0.016167 0.999869
v -21.1021 9.94258 0.21885 0.711384 0.878871 0.418769
vn -0.00554812 -0.0155911 0.999863
v -21.0107 10.1068 0.219199 0.711869 0.87931 0.418838
vn -0.0514565 0.026825 0.998315
v -20.8457 -14.2796 0.0284679 0.446514 0.639227 0.380931
vn 0.0026859 -0.0042051 0.999988
v -20.9677 -14.0964 0.0278282 0.445624 0.638422 0.380803
vn -0.058347 -0.0353595 0.99767
v -20.8196 -8.89183 0.046205 0.471191 0.661554 0.384456
vn 0.0116897 -0.00466549 0.999921
v -20.8788 -8.65813 0.0477398 0.473326 0.663486 0.384761
vn 0.0101423 9.21739e-05 0.999949
v -20.9397 -8.4959 0.0473909 0.472841 0.663046 0.384692
vn 0.00668066 0.00587725 0.99996
v -20.9865 -8.38136 0.0468329 0.472064 0.662344 0.384581
vn 0.0143373 -0.00424621 0.999888
v -20.9652 -8.086 0.0546456 0.482934 0.672178 0.386133
vn -0.0655658 -0.0213324 0.99762
v -20.9531 -7.91199 0.0591101 0.489145 0.677798 0.387021
vn -0.066373 -0.0200898 0.997593
v -20.9362 -7.33992 0.0716662 0.506614 0.693603 0.389516
vn -0.0651643 -0.017366 0.997723
v -20.8617 1.38135 0.126355 0.5827 0.762443 0.400386
vn 0.00374807 -0.0079795 0.999961
v -20.8679 10.2496 0.222687 0.716723 0.883701 0.419532
vn -0.0518362 0.0278485 0.998267
v -20.8573 14.956 0.232791 0.730779 0.896419 0.42154
vn -0.0407771 0.0308627 0.998692
v -20.8104 15.0383 0.232163 0.729905 0.895628 0.421415
vn -0.0420947 0.0321124 0.998597
v -20.6305 -14.6847 0.0264851 0.443755 0.636731 0.380536
vn 0.0076753 -0.00809659 0.999938
v -20.6979 -14.4932 0.0293633 0.44776 0.640354 0.381109
vn 0.0081601 -0.00767127 0.999937
v -20.7752 -14.3911 0.0285957 0.446692 0.639388 0.380956
vn -0.00107947 0.00344565 0.999993
v -20.6243 -9.32172 0.0485768 0.474491 0.664539 0.384927
vn -0.00686797 -7.09395e-05 0.999976
v -20.7407 -9.07398 0.0470421 0.472356 0.662607 0.384622
vn 0.00701999 0.00391574 0.999968
v -20.6141 6.0235 0.20256 0.688721 0.858366 0.415532
vn -0.00765162 -0.0245582 0.999669
v -20.7591 6.36776 0.186571 0.666475 0.83824 0.412354
vn -0.00461861 -0.0155151 0.999869
v -20.6692 6.45993 0.190025 0.67128 0.842587 0.41304
vn -0.0604871 0.0219082 0.997929
v -20.6978 10.3309 0.229199 0.725782 0.891898 0.420826
vn -0.0011693 -0.0128262 0.999917
v -20.6812 10.5118 0.225013 0.719958 0.886629 0.419994
vn -0.0517927 0.0286136 0.998248
v -20.6959 15.159 0.233105 0.731216 0.896814 0.421602
vn -0.0405544 0.0313323 0.998686
v -20.4593 -15.0699 0.0223278 0.437972 0.631498 0.37971
vn -0.0549939 -0.0359968 0.997838
v -20.5394 -14.9141 0.0234792 0.439573 0.632947 0.379939
vn 0.00415327 -0.00502759 0.999979
v -20.4166 -9.81717 0.0493441 0.475558 0.665505 0.38508
vn 0.00635652 0.00592106 0.999962
v -20.4337 -9.69542 0.0514368 0.47847 0.668139 0.385496
vn -0.0630847 -0.0250889 0.997693
v -20.5379 -9.54429 0.0485767 0.474491 0.664539 0.384927
vn 0.00527748 0.00692289 0.999962
v -20.4798 2.89954 0.1364 0.596675 0.775087 0.402382
vn 0.00375201 -0.00946803 0.999948
v -20.4239 3.06002 0.138074 0.599004 0.777194 0.402715
vn 0.00295076 -0.00816782 0.999962
v -20.5595 6.17066 0.202816 0.689077 0.858689 0.415582
vn 0.0129335 -0.00131505 0.999915
v -20.5099 6.55121 0.197636 0.681869 0.852167 0.414553
vn 0.0122116 0.00445085 0.999916
v -20.488 6.73435 0.194885 0.678043 0.848705 0.414006
vn 0.00906606 0.00792813 0.999927
v -20.4815 6.87856 0.192007 0.674039 0.845083 0.413434
vn 0.00393434 -0.0161819 0.999861
v -20.4066 7.03702 0.192839 0.675196 0.846129 0.413599
vn 0.00898309 -0.00810382 0.999927
v -20.4934 10.6534 0.230594 0.727723 0.893654 0.421103
vn 0.000136736 -0.0116377 0.999932
v -20.5786 15.3342 0.232372 0.730196 0.895892 0.421457
vn -0.0407013 0.0315038 0.998675
v -20.4856 15.4403 0.232791 0.730779 0.896419 0.42154
vn -0.0494498 0.0431117 0.997846
v -20.2462 -15.4562 0.0198975 0.43459 0.628439 0.379227
vn 0.0101418 -0.00822336 0.999915
v -20.3446 -15.3145 0.0197696 0.434413 0.628278 0.379202
vn -0.0554897 -0.0372486 0.997764
v -20.3792 -15.173 0.0229675 0.438862 0.632303 0.379837
vn 0.0075704 -0.00510527 0.999958
v -20.2422 -10.2966 0.0475305 0.473035 0.663222 0.384719
vn 0.00805716 0.00373727 0.999961
v -20.3207 -10.0962 0.0480188 0.473714 0.663837 0.384816
vn -0.00676089 -0.00507817 0.999964
v -20.3689 -9.92229 0.0496231 0.475946 0.665856 0.385135
vn -0.0198235 -0.0114963 0.999737
v -20.3978 3.16779 0.138353 0.599393 0.777546 0.40277
vn 0.00304578 -0.0132006 0.999908
v -20.2416 3.47737 0.144492 0.607933 0.785273 0.40399
vn 0.000442046 -0.0138711 0.999904
v -20.3603 7.14395 0.193095 0.675552 0.846451 0.41365
vn 0.00992208 -0.0107589 0.999893
v -20.2375 7.28399 0.19706 0.681068 0.851443 0.414438
vn 0.00631462 -0.00981128 0.999932
v -20.3811 10.7795 0.232687 0.730635 0.896289 0.421519
vn -0.0022449 -0.0135392 0.999906
v -20.2704 10.9084 0.234548 0.733223 0.898631 0.421889
vn -0.00230157 -0.0147661 0.999888
v -20.3019 15.5341 0.237291 0.737041 0.902084 0.422434
vn -0.0408678 0.0323268 0.998641
v -20.0591 -15.8653 0.014781 0.427472 0.621999 0.37821
vn -0.0553657 -0.0380067 0.997743
v -20.1222 -15.6958 0.017723 0.431565 0.625702 0.378795
vn 0.00987522 -0.0059696 0.999933
v -20.1811 -15.5724 0.0191299 0.433523 0.627473 0.379075
vn 0.00714409 -0.00537748 0.99996
v -20.0612 -10.7072 0.0473444 0.472776 0.662988 0.384682
vn -0.00255984 1.96481e-05 0.999997
v -20.1382 -10.4682 0.0493441 0.475558 0.665505 0.38508
vn -0.00948179 -0.00468221 0.999944
v -20.1543 -10.3927 0.0504603 0.477111 0.66691 0.385302
vn -0.0638311 -0.0277555 0.997575
v -20.1941 3.54331 0.146724 0.611038 0.788082 0.404434
vn -0.0659101 0.0137358 0.997731
v -20.1258 3.67947 0.149235 0.614532 0.791243 0.404933
vn -0.0703306 0.0168882 0.997381
v -20.0701 3.87825 0.149793 0.615309 0.791946 0.405044
vn 0.000934641 -0.011675 0.999931
v -20.0036 4.03066 0.151747 0.618026 0.794404 0.405432
vn 0.00193026 -0.00800193 0.999966
v -20.1685 7.51217 0.195589 0.679022 0.849591 0.414146
vn 0.0111699 -0.00676043 0.999915
v -20.0749 7.72826 0.195717 0.6792 0.849752 0.414171
vn 0.0096996 -0.00950424 0.999908
v -20.1734 10.996 0.236873 0.736459 0.901558 0.422351
vn 0.00173283 -0.0114256 0.999933
v -20.0939 11.0959 0.23792 0.737915 0.902875 0.422559
vn -0.00331163 -0.017694 0.999838
v -20.0345 11.2076 0.237571 0.737429 0.902436 0.42249
vn -0.05038 0.030444 0.998266
v -20.1409 15.5849 0.242211 0.743885 0.908277 0.423412
vn -0.0402073 0.0320039 0.998679
v -20.0821 15.7115 0.240432 0.741409 0.906037 0.423058
vn -0.0401259 0.0327705 0.998657
v -20.0011 15.8263 0.239908 0.740681 0.905378 0.422954
vn -0.0414847 0.034112 0.998557
v -19.8442 -16.2521 0.0114551 0.422845 0.617812 0.377549
vn 0.00741397 -0.00269759 0.999969
v -19.9424 -16.1038 0.0119668 0.423557 0.618456 0.377651
vn -0.0524716 -0.0378926 0.997903
v -19.9917 -15.9807 0.0140133 0.426404 0.621032 0.378058
vn 0.00987999 -0.00679885 0.999928
v -19.8133 -11.453 0.0404152 0.463136 0.654266 0.383305
vn 0.00554117 -0.0126795 0.999904
v -19.8735 -11.2865 0.0418104 0.465077 0.656022 0.383582
vn -0.0351723 -0.022161 0.999136
v -19.9227 -11.1128 0.0440425 0.468182 0.658832 0.384026
vn -0.00698473 -0.0128437 0.999893
v -19.9761 -10.9592 0.0452982 0.469929 0.660412 0.384276
vn -0.00832653 -0.0109845 0.999905
v -19.9528 4.13288 0.153421 0.620355 0.796512 0.405765
vn -0.0689392 0.0179202 0.99746
v -19.9249 4.27933 0.152723 0.619385 0.795634 0.405626
vn -0.00267433 -0.0212009 0.999772
v -19.9638 7.91626 0.197444 0.681602 0.851926 0.414515
vn 0.00886633 -0.0095424 0.999915
v -19.8643 8.06572 0.199362 0.684272 0.854341 0.414896
vn 0.00667012 -0.013354 0.999889
v -19.8931 11.2721 0.242687 0.744547 0.908876 0.423507
vn 0.000463271 -0.0150402 0.999887
v -19.901 15.9254 0.240641 0.741701 0.9063 0.4231
vn -0.0497854 0.0451216 0.99774
v -19.6175 -16.6352 0.0083851 0.418574 0.613948 0.376939
vn 0.0216416 0.00105729 0.999765
v -19.7119 -16.4806 0.00953645 0.420176 0.615397 0.377168
vn -0.0498567 -0.0376837 0.998045
v -19.7778 -16.3689 0.0104318 0.421421 0.616524 0.377346
vn -0.0084921 0.0186368 0.99979
v -19.6361 -11.8592 0.0384621 0.460419 0.651807 0.382917
vn 0.00447716 -0.0106168 0.999934
v -19.7252 -11.6791 0.0387411 0.460807 0.652158 0.382972
vn 0.00821099 -0.0164453 0.999831
v -19.7826 -11.5316 0.0398572 0.462359 0.653563 0.383194
vn -4.92396e-05 -0.00742233 0.999972
v -19.7189 8.29734 0.201665 0.687475 0.857239 0.415354
vn 0.00571107 -0.00420043 0.999975
v -19.624 8.44782 0.203072 0.689433 0.85901 0.415633
vn 0.00404213 -0.0109788 0.999932
v -19.7189 11.4908 0.244664 0.747298 0.911364 0.4239
vn 0.00138507 -0.0155202 0.999879
v -19.7276 16.0235 0.244304 0.746797 0.910912 0.423828
vn -0.0396258 0.0327575 0.998677
v -19.4843 -16.8672 0.00608265 0.415371 0.61105 0.376482
vn 0.032869 0.0365517 0.998791
v -19.5535 -16.7517 0.007106 0.416794 0.612338 0.376685
vn 0.0870131 0.040083 0.9954
v -19.4284 -12.2455 0.0384621 0.460419 0.651807 0.382917
vn -0.0611421 -0.0337805 0.997557
v -19.4879 -12.1867 0.0367879 0.458089 0.6497 0.382584
vn 0.00358525 -0.00649634 0.999972
v -19.5703 -11.9581 0.0392992 0.461583 0.652861 0.383083
vn -0.061621 -0.0329561 0.997555
v -19.575 8.55047 0.203072 0.689433 0.85901 0.415633
vn 0.00126395 -0.0113125 0.999935
v -19.475 8.69064 0.204905 0.691983 0.861318 0.415998
vn 0.000192803 -0.0153815 0.999882
v -19.4871 11.6743 0.2504 0.755278 0.918585 0.42504
vn -0.00173403 -0.0230689 0.999732
v -19.5887 16.15 0.245561 0.748545 0.912493 0.424078
vn -0.0403303 0.0347018 0.998584
v -19.4658 16.2898 0.245665 0.748691 0.912625 0.424099
vn -0.0438161 0.0410704 0.998195
v -19.3015 -19.128 0.0792002 0.517096 0.703086 0.391014
vn -0.0421385 -0.0389793 0.998351
v -19.232 -18.816 0.0943164 0.538126 0.722114 0.394018
vn 0.0762631 0.0360702 0.996435
v -19.2603 -16.8556 0.0178509 0.431743 0.625863 0.37882
vn -0.0502579 -0.0393499 0.997961
v -19.2371 -12.916 0.0268825 0.444308 0.637231 0.380615
vn 0.00652043 -0.0104985 0.999924
v -19.3201 -12.71 0.0291148 0.447414 0.640041 0.381059
vn 0.00673098 -0.0123757 0.999901
v -19.3631 -12.5261 0.0328815 0.452654 0.644783 0.381808
vn 0.00480876 -0.0131222 0.999902
v -19.2955 -12.3044 0.0446006 0.468959 0.659534 0.384137
vn -0.0603765 -0.0339544 0.997598
v -19.3297 -12.0099 0.0524134 0.479828 0.669368 0.38569
vn -0.0612039 -0.0333144 0.997569
v -19.3852 -10.2164 0.104591 0.552421 0.735047 0.39606
vn 0.0064209 0.000136019 0.999979
v -19.3162 5.35936 0.172116 0.646364 0.820044 0.409481
vn 0.0118259 -0.0214478 0.9997
v -19.2796 5.50333 0.171371 0.645329 0.819107 0.409333
vn 0.0159476 -0.00992543 0.999824
v -19.3024 8.89612 0.208956 0.697619 0.866417 0.416803
vn 0.00576433 -0.0130758 0.999898
v -19.244 9.04173 0.208061 0.696373 0.86529 0.416625
vn 0.0022763 -0.0118942 0.999927
v -19.2878 11.8666 0.254082 0.760401 0.92322 0.425772
vn -0.00129778 -0.0219725 0.999758
v -19.2638 16.36 0.251213 0.756409 0.919608 0.425201
vn -0.0394131 0.0344281 0.99863
v -19.0442 -17.0821 0.0196417 0.434235 0.628117 0.379176
vn -0.0502659 -0.0403044 0.997922
v -19.0331 -16.8502 0.0294912 0.447938 0.640515 0.381134
vn -0.00985606 0.0263441 0.999604
v -19.0505 -13.3198 0.0234876 0.439585 0.632958 0.379941
vn 0.00368554 -0.000849739 0.999993
v -19.1637 -13.108 0.0244178 0.440879 0.634129 0.380126
vn 0.00664044 -0.00688944 0.999954
v -19.174 -11.8362 0.0677598 0.501179 0.688686 0.38874
vn -0.0611614 -0.031019 0.997646
v -19.1407 5.68833 0.176394 0.652317 0.825429 0.410331
vn -0.0654076 0.0227875 0.997598
v -19.1033 5.88558 0.174278 0.649373 0.822766 0.40991
vn 0.0117375 -0.00875936 0.999893
v -19.0582 6.04283 0.173511 0.648305 0.8218 0.409758
vn 0.014675 0.00118397 0.999892
v -19.1465 9.16933 0.209851 0.698864 0.867544 0.416981
vn 0.00637981 -0.012394 0.999903
v -19.0552 9.29546 0.211259 0.700822 0.869315 0.41726
vn 0.00190443 -0.0118798 0.999928
v -19.1813 11.9559 0.256408 0.763637 0.926147 0.426234
vn 0.00383094 -0.0175577 0.999839
v -19.0863 12.0373 0.258385 0.766387 0.928636 0.426627
vn -0.0047374 -0.0260636 0.999649
v -19.0887 16.4523 0.254876 0.761506 0.924219 0.425929
vn -0.0409682 0.0386697 0.998412
v -18.8997 -19.6994 0.0738515 0.509654 0.696354 0.389951
vn 0.0590993 0.0461541 0.997185
v -18.8112 -17.6405 0.0083851 0.418574 0.613948 0.376939
vn 0.0297337 -0.00219077 0.999555
v -18.9044 -17.4546 0.0114552 0.422845 0.617812 0.377549
vn 0.0212956 0.0212026 0.999548
v -18.9651 -17.306 0.0145251 0.427116 0.621676 0.378159
vn -0.0506319 -0.0409462 0.997878
v -18.9343 -17.1608 0.0219441 0.437438 0.631015 0.379634
vn -0.0491421 -0.0406087 0.997966
v -18.8218 -13.8411 0.0175351 0.431304 0.625465 0.378758
vn 0.00478265 -0.00220115 0.999986
v -18.9018 -13.7045 0.0180002 0.431951 0.626051 0.37885
vn 0.00963523 -0.00958436 0.999908
v -18.9643 -13.5066 0.0217205 0.437127 0.630734 0.37959
vn 0.00966703 -0.0105278 0.999898
v -18.9322 6.11335 0.180068 0.657428 0.830054 0.411061
vn -0.0645053 0.0240323 0.997628
v -18.9264 6.32628 0.175185 0.650634 0.823907 0.410091
vn 0.00831475 -0.0061265 0.999947
v -18.8409 6.46976 0.177138 0.653352 0.826366 0.410479
vn 0.00199253 -0.0104253 0.999944
v -18.9598 9.37254 0.214328 0.705093 0.87318 0.41787
vn 0.00743796 -0.0187012 0.999797
v -18.8835 9.48601 0.21516 0.70625 0.874226 0.418036
vn 0.00116112 -0.0160978 0.99987
v -18.9239 12.1476 0.262629 0.772291 0.933978 0.42747
vn 0.00558509 -0.0189006 0.999806
v -18.8244 12.3052 0.262222 0.771725 0.933466 0.427389
vn -0.0481728 0.0331865 0.998288
v -18.898 16.5493 0.258906 0.767112 0.929292 0.42673
vn -0.0404317 0.0379952 0.99846
v -18.6651 -18.0922 -0.00338303 0.402201 0.599135 0.3746
vn 0.0752877 0.0180774 0.996998
v -18.7321 -17.8014 0.0055709 0.414659 0.610405 0.37638
vn 0.0076918 -0.0239202 0.999684
v -18.6432 -14.2051 0.0139078 0.426257 0.620899 0.378037
vn -0.0579967 -0.0392557 0.997545
v -18.7191 -14.0652 0.0149309 0.427681 0.622187 0.37824
vn 0.00784484 -0.00599161 0.999951
v -18.7842 -13.9135 0.0169771 0.430527 0.624763 0.378647
vn 0.00839684 -0.00777534 0.999935
v -18.6124 -5.89979 0.0220342 0.437563 0.631129 0.379652
vn 0.0100107 -0.0073227 0.999923
v -18.6552 -5.66424 0.0230918 0.439035 0.63246 0.379862
vn 0 0 0
v -18.6623 -5.4521 0.0263465 0.443563 0.636557 0.380509
vn 0.0103923 -0.0126051 0.999867
v -18.6704 -5.29742 0.0283805 0.446392 0.639117 0.380913
vn 0.0102541 -0.00853233 0.999911
v -18.6848 -5.14008 0.0298451 0.44843 0.640961 0.381204
vn 0.00980055 -0.0101311 0.999901
v -18.7262 -4.90562 0.030252 0.448996 0.641473 0.381285
vn -0.0755968 -0.0150676 0.997025
v -18.719 -4.69419 0.0339946 0.454203 0.646184 0.382029
vn 0.00962645 -0.0103049 0.999901
v -18.7077 -4.53505 0.0371679 0.458618 0.650178 0.38266
vn 0.0102378 -0.0212708 0.999721
v -18.6862 -4.29991 0.0420498 0.46541 0.656323 0.38363
vn 0.0109402 -0.014595 0.999834
v -18.7096 -4.12555 0.0423752 0.465863 0.656733 0.383695
vn 0.00928722 -0.00720576 0.999931
v -18.7224 -3.92005 0.0437585 0.467787 0.658474 0.38397
vn 0.00953848 -0.0098826 0.999906
v -18.7166 -3.69602 0.0466876 0.471862 0.662161 0.384552
vn 0.00937691 -0.0120812 0.999883
v -18.723 -3.49052 0.0482336 0.474013 0.664107 0.384859
vn 0.00808753 -0.00857255 0.999931
v -18.75 -3.3074 0.0477453 0.473334 0.663493 0.384762
vn -0.0772274 -0.00872054 0.996975
v -18.7406 -3.14876 0.0498608 0.476277 0.666155 0.385182
vn 0.00738332 -0.00936982 0.999929
v -18.717 -2.94569 0.0533595 0.481145 0.670559 0.385878
vn 0.00491115 -0.0300996 0.999535
v -18.7061 -2.70876 0.0558817 0.484654 0.673734 0.386379
vn -0.0784511 -0.00671473 0.996895
v -18.6634 -2.50174 0.0606009 0.491219 0.679674 0.387317
vn -0.0803088 -0.0057657 0.996753
v -18.6592 -2.34892 0.06174 0.492804 0.681108 0.387543
vn -0.0815152 -0.00465674 0.996661
v -18.6096 -2.06069 0.0670287 0.500162 0.687766 0.388595
vn -0.0811984 -0.00392473 0.99669
v -18.742 6.5839 0.180626 0.658204 0.830756 0.411172
vn -0.0637223 0.0255915 0.997639
v -18.7088 6.73005 0.178952 0.655875 0.828649 0.410839
vn -0.00336791 -0.00341919 0.999988
v -18.6427 6.87965 0.179231 0.656263 0.829 0.410895
vn 0.00118037 0.00221585 0.999997
v -18.7099 9.70074 0.21823 0.710521 0.878091 0.418646
vn 0.00565231 -0.0156398 0.999862
v -18.622 9.85391 0.218294 0.71061 0.878171 0.418659
vn 0.000892934 -0.0143383 0.999897
v -18.7379 12.3458 0.265013 0.775608 0.936978 0.427944
vn 0.00696905 -0.0180671 0.999812
v -18.6695 12.4745 0.263966 0.774152 0.935661 0.427736
vn -0.0470982 0.033162 0.99834
v -18.6829 16.6943 0.262099 0.771554 0.933311 0.427365
vn -0.039553 0.0370939 0.998529
v -18.4802 -18.3178 -0.00408663 0.401222 0.598249 0.37446
vn 0.0592125 0.0493737 0.997024
v -18.4485 -14.6874 0.00595555 0.415194 0.61089 0.376456
vn 0.0101786 -0.00684695 0.999925
v -18.5286 -14.472 0.0100014 0.420822 0.615982 0.37726
vn 0.0102899 -0.00910457 0.999906
v -18.5999 -14.3258 0.0116756 0.423152 0.61809 0.377593
vn 0.0094942 -0.00766911 0.999926
v -18.4145 -7.10316 0.0113753 0.422734 0.617712 0.377533
vn 0.0124237 -0.0139122 0.999826
v -18.4783 -6.90373 0.0111313 0.422394 0.617404 0.377485
vn -0.0819321 -0.0250017 0.996324
v -18.5172 -6.67804 0.0132467 0.425338 0.620067 0.377905
vn -0.074508 -0.0211616 0.996996
v -18.5638 -6.46052 0.0143859 0.426922 0.621501 0.378132
vn -0.074508 -0.0211616 0.996996
v -18.5679 -6.30032 0.0174777 0.431224 0.625393 0.378746
vn 0.0102825 -0.0139733 0.999849
v -18.581 -6.12344 0.0200814 0.434846 0.62867 0.379264
vn 0.0111922 -0.0127199 0.999856
v -18.4798 -2.20394 0.0770365 0.514085 0.700363 0.390584
vn 0.00764372 -0.0218743 0.999732
v -18.5782 -1.87583 0.0702019 0.504577 0.69176 0.389225
vn -0.0805604 -0.00298425 0.996745
v -18.5187 -1.67238 0.075572 0.512048 0.698519 0.390293
vn -0.0797461 -0.00268447 0.996812
v -18.5344 -1.48832 0.0745956 0.510689 0.69729 0.390098
vn -0.0817679 -0.00111121 0.996651
v -18.503 -1.20991 0.0773621 0.514538 0.700773 0.390648
vn -0.0814013 -0.000128962 0.996681
v -18.5306 -1.07424 0.0750838 0.511369 0.697905 0.390196
vn -0.0817544 0.000580231 0.996652
v -18.5132 -0.806347 0.076223 0.512953 0.699339 0.390422
vn -0.081354 0.0013095 0.996684
v -18.5221 -0.673737 0.0752465 0.511595 0.69811 0.390228
vn -0.0810679 0.0023488 0.996706
v -18.4451 -0.50702 0.0811047 0.519745 0.705484 0.391392
vn 0.00759773 0.0120845 0.999898
v -18.503 -0.288776 0.0756534 0.512161 0.698622 0.390309
vn -0.0808939 0.0034263 0.996717
v -18.4846 -0.0716304 0.0762229 0.512953 0.699339 0.390422
vn 0.00831284 0.00423993 0.999956
v -18.4449 0.144686 0.0783384 0.515897 0.702002 0.390842
vn 0.00725428 -0.0117421 0.999905
v -18.4078 0.322168 0.0802911 0.518613 0.70446 0.39123
vn 0.00736747 -0.0105148 0.999918
v -18.4034 0.425752 0.0799655 0.51816 0.70405 0.391166
vn 0.00686395 -0.009814 0.999928
v -18.5677 7.06715 0.178952 0.655875 0.828649 0.410839
vn 0.000942449 -0.00511993 0.999986
v -18.4202 7.35945 0.180207 0.657622 0.830229 0.411089
vn 0.00429286 -0.010013 0.999941
v -18.5322 9.93415 0.220724 0.713991 0.88123 0.419142
vn 0.010502 -0.0160248 0.999816
v -18.4607 10.0506 0.220916 0.714258 0.881472 0.41918
vn 0.00581651 -0.0149986 0.999871
v -18.5072 12.6402 0.266059 0.777064 0.938296 0.428152
vn 0.00702202 -0.015713 0.999852
v -18.5151 16.7955 0.264925 0.775486 0.936868 0.427927
vn -0.0381723 0.0358946 0.998626
v -18.4515 16.9185 0.262936 0.772719 0.934365 0.427531
vn -0.040591 0.039573 0.998392
v -18.2251 -18.2987 0.0088968 0.419286 0.614592 0.377041
vn -0.047123 -0.0431038 0.997959
v -18.2247 -15.1036 0.0016306 0.409177 0.605445 0.375597
vn 0.00816262 -0.00399275 0.999959
v -18.3281 -14.8961 0.0043279 0.412929 0.608841 0.376133
vn 0.00986641 -0.00647736 0.99993
v -18.2666 -7.83948 0.00397115 0.412433 0.608392 0.376062
vn -0.0769219 -0.0273406 0.996662
v -18.3032 -7.70386 0.00478495 0.413565 0.609416 0.376224
vn -0.074677 -0.025817 0.996874
v -18.3392 -7.53123 0.0065206 0.41598 0.611601 0.376569
vn 0.00990978 0.00111767 0.99995
v -18.3895 -7.3471 0.00730713 0.417074 0.612591 0.376725
vn 0.0111433 -0.00937136 0.999894
v -18.2791 -1.33533 0.0955876 0.539895 0.723714 0.394271
vn 0.0122592 -0.0106409 0.999868
v -18.354 -0.942409 0.0894039 0.531292 0.71593 0.393042
vn 0.008264 0.0104462 0.999911
v -18.2765 0.977982 0.0858239 0.526311 0.711424 0.39233
vn 0.00902301 -0.00758041 0.999931
v -18.2573 1.07459 0.0864748 0.527216 0.712243 0.392459
vn 0.0103521 -0.0124386 0.999869
v -18.3477 7.24746 0.18802 0.668492 0.840064 0.412642
vn -0.0633928 0.0284836 0.997582
v -18.3377 7.49307 0.181602 0.659563 0.831986 0.411366
vn -0.0034412 -0.0107445 0.999936
v -18.2119 7.66106 0.184672 0.663833 0.835849 0.411976
vn 0.00107205 -0.00993895 0.99995
v -18.2929 10.2603 0.223283 0.717551 0.884451 0.41965
vn 0.005999 -0.0159917 0.999854
v -18.2009 10.4079 0.22341 0.717729 0.884612 0.419676
vn -0.000564172 -0.0198504 0.999803
v -18.3744 12.7451 0.268733 0.780784 0.941662 0.428683
vn 0.003285 -0.0216407 0.99976
v -18.2787 12.8281 0.270361 0.783049 0.943711 0.429007
vn 0.00644777 -0.0193732 0.999792
v -18.2955 16.9665 0.267123 0.778544 0.939635 0.428363
vn -0.0379334 0.0361754 0.998625
v -18.0105 -18.8306 -0.0041505 0.401134 0.598169 0.374448
vn -0.0462678 -0.0434738 0.997983
v -18.0778 -18.7707 -0.0046622 0.400422 0.597524 0.374346
vn 0.0726796 0.0237213 0.997073
v -18.0121 -17.304 0.061342 0.49225 0.680607 0.387464
vn -0.0481173 -0.0419971 0.997958
v -18.0915 -15.2957 0.0010726 0.4084 0.604743 0.375486
vn -0.000185475 0.0139341 0.999903
v -18.016 -8.54101 0.00315758 0.411301 0.607368 0.3759
vn 0.0217469 0.00647918 0.999743
v -18.0998 -8.31309 0.0034831 0.411754 0.607777 0.375965
vn 0.0216169 0.00164776 0.999765
v -18.1738 -8.10037 0.00388985 0.41232 0.608289 0.376046
vn -0.0756677 -0.0276746 0.996749
v -18.1933 -7.92123 0.0073886 0.417187 0.612693 0.376741
vn 0.0112764 -0.0018603 0.999935
v -18.1506 7.04634 0.206296 0.693918 0.863069 0.416274
vn 0.0197243 -0.00782696 0.999775
v -18.0402 7.66047 0.195554 0.678973 0.849547 0.414139
vn 0.0188665 0.0141114 0.999722
v -18.0509 7.94704 0.186206 0.665968 0.837781 0.412281
vn 0.000803131 -0.0136869 0.999906
v -18.0676 10.5094 0.227248 0.723067 0.889442 0.420438
vn 0.0065097 -0.0202433 0.999774
v -18.1867 12.9083 0.271873 0.785152 0.945614 0.429307
vn 0.00539775 -0.0203622 0.999778
v -18.0847 13.0372 0.272106 0.785476 0.945907 0.429354
vn -0.0476167 0.0369615 0.998182
v -18.1414 17.066 0.269321 0.781602 0.942402 0.4288
vn -0.0385817 0.0381646 0.998526
v -17.8808 -19.0732 -0.0088834 0.394549 0.592211 0.373507
vn -0.00384782 -0.0140343 0.999894
v -17.9893 -18.9342 -0.0077321 0.396151 0.59366 0.373736
vn 0.0618052 0.0263205 0.997741
v -17.9448 -17.0205 0.0764361 0.51325 0.699607 0.390464
vn 0.0144598 0.0615808 0.997997
v -17.8482 -15.6464 -0.0003225 0.406459 0.602987 0.375208
vn 0.0201438 0.00194761 0.999795
v -17.9222 -15.4692 0.00316525 0.411312 0.607377 0.375902
vn -0.0525326 -0.04133 0.997764
v -17.8222 -9.0691 0.00144893 0.408924 0.605217 0.375561
vn 0.0290761 0.0100923 0.999526
v -17.8946 -8.86826 0.002344 0.410169 0.606343 0.375738
vn 0.0305672 0.00755992 0.999504
v -17.9614 -8.68908 0.0028322 0.410848 0.606958 0.375835
vn 0.0258614 0.0063974 0.999645
v -17.9764 7.79417 0.195554 0.678973 0.849547 0.414139
vn -0.0625284 0.0303471 0.997582
v -17.9353 8.09257 0.18895 0.669785 0.841234 0.412826
vn -0.000447201 -0.0126996 0.999919
v -17.8389 8.24715 0.190113 0.671403 0.842698 0.413058
vn 0.00648851 -0.00530906 0.999965
v -17.992 10.5962 0.228399 0.724669 0.890891 0.420667
vn 0.00293433 -0.0206588 0.999782
v -17.9003 10.6976 0.22987 0.726716 0.892743 0.420959
vn 0.011355 -0.0143943 0.999832
v -17.8057 10.8426 0.229934 0.726805 0.892823 0.420972
vn 0.00789162 -0.017761 0.999811
v -17.947 13.1387 0.274896 0.788951 0.949051 0.42985
vn 0.00429599 -0.0203982 0.999783
v -17.8576 13.225 0.275943 0.79 0.95 0.43
vn 0.000665223 -0.0175574 0.999846
v -17.9678 17.1552 0.272566 0.786116 0.946486 0.429445
vn -0.0369254 0.0366102 0.998647
v -17.8569 17.2927 0.271624 0.784806 0.9453 0.429258
vn -0.0382983 0.0382455 0.998534
v -17.7893 -20.366 0.0924559 0.535538 0.719772 0.393648
vn 0.0783529 0.0926397 0.992612
v -17.6153 -19.4438 -0.0133605 0.38832 0.586575 0.372617
vn 0.0433859 0.0764555 0.996129
v -17.6695 -16.0188 -0.0067401 0.397531 0.594909 0.373933
vn -0.00187976 0.0661533 0.997808
v -17.7496 -15.8721 -0.00469393 0.400378 0.597484 0.37434
vn 0.0213385 -0.00699999 0.999748
v -17.7995 -15.702 -4.36e-05 0.406847 0.603338 0.375264
vn -0.0524768 -0.041715 0.99775
v -17.6347 -9.45903 0.0026694 0.410622 0.606753 0.375803
vn 0.0460911 0.020073 0.998736
v -17.7029 -9.31854 0.0022626 0.410056 0.606241 0.375722
vn 0.0210321 0.0185747 0.999606
v -17.7716 -9.17435 0.0018558 0.40949 0.605729 0.375641
vn 0.0195232 0.00918828 0.999767
v -17.617 3.06725 0.109908 0.559818 0.74174 0.397117
vn 0.000759874 -0.0368896 0.999319
v -17.7982 8.34855 0.189415 0.670432 0.84182 0.412919
vn 0.0108119 -0.00284833 0.999937
v -17.7344 8.51581 0.18795 0.668394 0.839976 0.412628
vn 0.00759567 -0.0126643 0.999891
v -17.6187 8.69695 0.189136 0.670044 0.841469 0.412863
vn 0.00919196 -0.0158871 0.999832
v -17.7351 10.9321 0.230574 0.727694 0.893628 0.421099
vn 0.013627 -0.0141764 0.999807
v -17.6528 11.0599 0.230446 0.727517 0.893467 0.421074
vn 0.0100972 -0.0171938 0.999801
v -17.7571 13.3049 0.277687 0.79 0.95 0.43
vn 0.0108079 -0.0138534 0.999846
v -17.6658 13.465 0.276059 0.79 0.95 0.43
vn -0.0467602 0.0370359 0.998219
v -17.7501 17.3796 0.272357 0.785825 0.946223 0.429404
vn -0.0409262 0.0422787 0.998267
v -17.613 17.442 0.275078 0.789514 0.949561 0.429931
vn -0.036104 0.0365402 0.99868
v -17.4788 -19.4981 -0.0096509 0.393481 0.591245 0.373354
vn 0.0523797 0.0760074 0.995731
v -17.4249 -16.459 -0.0131577 0.388602 0.586831 0.372657
vn 0.113412 0.0400491 0.992741
v -17.4509 -16.3193 -0.00827475 0.395396 0.592977 0.373628
vn 0.0534987 0.0150134 0.998455
v -17.4812 -16.0509 0.00204915 0.409759 0.605972 0.37568
vn -0.0529873 -0.0437048 0.997638
v -17.4059 -10.0479 -0.00091065 0.405641 0.602247 0.375092
vn -0.0700445 -0.0349915 0.99693
v -17.4576 -9.91865 -9.7e-05 0.406773 0.603271 0.375253
vn 0.0520672 0.00585397 0.998626
v -17.5171 -9.73316 0.00201848 0.409716 0.605934 0.375674
vn 0.0486486 0.0127368 0.998735
v -17.5352 -9.57146 0.0062494 0.415603 0.611259 0.376515
vn 0.00509328 0.014777 0.999878
v -17.5868 3.16116 0.110559 0.560723 0.742559 0.397246
vn -0.0781393 0.018604 0.996769
v -17.5516 3.28408 0.110993 0.561327 0.743105 0.397332
vn -0.0818328 0.0235615 0.996368
v -17.4951 8.79458 0.193461 0.676061 0.846912 0.413723
vn -0.0601378 0.0325871 0.997658
v -17.444 8.95264 0.191229 0.672956 0.844103 0.413279
vn 0.008294 -0.0174821 0.999813
v -17.572 11.1445 0.231725 0.729296 0.895077 0.421328
vn 0.00786292 -0.0207323 0.999754
v -17.4841 11.2242 0.233516 0.731788 0.897332 0.421684
vn 0.00347805 -0.0249024 0.999684
v -17.5089 13.6279 0.277222 0.79 0.95 0.43
vn 0.0110394 -0.0131079 0.999853
v -17.5286 17.5579 0.273822 0.787864 0.948067 0.429695
vn -0.03633 0.0374196 0.998639
v -17.433 17.6558 0.273613 0.787572 0.947804 0.429653
vn -0.0405036 0.0434209 0.998235
v -17.2945 -19.5033 -0.0015922 0.404693 0.601389 0.374956
vn -0.0453144 -0.0451182 0.997953
v -17.3355 -16.5457 -0.0123207 0.389767 0.587884 0.372824
vn 0.0494362 0.0569164 0.997154
v -17.271 -10.319 -0.000964883 0.405566 0.602178 0.375081
vn 0.0236458 0.0254276 0.999397
v -17.3796 -10.1506 -0.0027006 0.403151 0.599994 0.374736
vn 0.0513634 0.0217689 0.998443
v -17.3976 3.38035 0.121299 0.575665 0.756078 0.399381
vn -0.00235715 -0.0399171 0.9992
v -17.2703 3.51518 0.128622 0.585853 0.765296 0.400836
vn 0.0104162 -0.00752258 0.999917
v -17.2799 9.1509 0.194368 0.677323 0.848054 0.413903
vn 0.00802785 -0.0152067 0.999852
v -17.2172 9.26508 0.194159 0.677032 0.847791 0.413862
vn 0.0101228 -0.0163311 0.999815
v -17.3593 11.3245 0.236458 0.735881 0.901035 0.422269
vn 0.00826668 -0.0233547 0.999693
v -17.2617 11.4432 0.237225 0.736949 0.902001 0.422421
vn 0.00792819 -0.0182637 0.999802
v -17.3969 13.7424 0.278036 0.79 0.95 0.43
vn 0.0121211 -0.0119015 0.999856
v -17.2689 13.9021 0.277803 0.79 0.95 0.43
vn 0.00795441 -0.0159279 0.999842
v -17.2813 17.751 0.275497 0.79 0.95 0.43
vn -0.0371085 0.0394529 0.998532
v -17.1196 -19.8391 -0.0092671 0.394015 0.591728 0.373431
vn 0.0612179 0.0496811 0.996887
v -17.1686 -19.6953 -0.0047901 0.400244 0.597363 0.374321
vn -0.0445163 -0.0460891 0.997945
v -17.1887 -19.523 0.0022451 0.410032 0.606219 0.375719
vn -0.0441687 -0.0456616 0.99798
v -17.1177 -17.6961 0.0873088 0.528377 0.713293 0.392625
vn 0.00667951 -0.0136481 0.999885
v -17.1407 -17.5446 0.0928091 0.536029 0.720217 0.393718
vn 0.0676505 0.0773274 0.994708
v -17.104 -16.5612 -0.0007411 0.405877 0.60246 0.375125
vn -0.0529011 -0.0451678 0.997578
v -17.0203 -10.8322 -0.0023752 0.403604 0.600403 0.374801
vn -0.0715377 -0.0390579 0.996673
v -17.081 -10.7071 -0.00188695 0.404283 0.601018 0.374898
vn -0.071815 -0.0383653 0.99668
v -17.1654 -10.533 -0.00131747 0.405075 0.601735 0.375011
vn -0.0716789 -0.0374701 0.996724
v -17.0183 4.61768 0.122926 0.57793 0.758127 0.399704
vn 0.00508323 0.0016059 0.999986
v -17.1366 9.33923 0.196391 0.680137 0.850601 0.414305
vn -0.0601001 0.0353003 0.997568
v -17.0517 9.45463 0.197367 0.681496 0.85183 0.414499
vn 0.00677732 -0.0215106 0.999746
v -17.1585 11.5577 0.238377 0.73855 0.90345 0.42265
vn 0.0085766 -0.0205245 0.999753
v -17.0627 11.6772 0.238888 0.739262 0.904094 0.422752
vn 0.00453978 -0.0209711 0.99977
v -17.0738 14.0599 0.280516 0.79 0.95 0.43
vn 0.00648815 -0.0181507 0.999814
v -17.1166 17.8716 0.276805 0.79 0.95 0.43
vn -0.036889 0.0399742 0.99852
v -16.8119 -20.2959 -0.0171978 0.382982 0.581745 0.371855
vn 0.0794566 0.00450913 0.996828
v -16.8738 -20.163 -0.0136163 0.387964 0.586253 0.372566
vn 0.0634411 0.0252997 0.997665
v -16.8427 -19.925 -0.0010806 0.405405 0.602033 0.375058
vn -0.0430692 -0.0468219 0.997974
v -16.8166 -19.7083 0.0101759 0.421065 0.616202 0.377295
vn 0.0210868 -0.024725 0.999472
v -16.9065 -18.523 0.0604466 0.491005 0.67948 0.387286
vn 0.0109584 -0.0266812 0.999584
v -16.8705 -17.1224 -0.0145528 0.386661 0.585075 0.37238
vn 0.114791 0.0787753 0.990261
v -16.9583 -16.9235 -0.0098095 0.393261 0.591045 0.373323
vn 0.0664055 0.0895732 0.993764
v -16.9236 -16.7824 -0.0014386 0.404907 0.601582 0.374987
vn -0.0519758 -0.0463961 0.99757
v -16.8316 -11.2106 -0.0040025 0.40134 0.598355 0.374477
vn -0.0702112 -0.0403829 0.996714
v -16.8665 -11.1494 -0.0040025 0.40134 0.598355 0.374477
vn -0.0713181 -0.0400701 0.996648
v -16.9437 -10.9519 -0.0016158 0.40466 0.601359 0.374951
vn -0.0710763 -0.0393155 0.996696
v -16.9204 -10.6229 0.0129213 0.424885 0.619658 0.377841
vn 0.00442952 0.000270733 0.99999
v -16.9491 4.74692 0.12496 0.580759 0.760687 0.400108
vn 0.0100294 -0.013522 0.999858
v -16.8811 4.89348 0.126343 0.582684 0.762428 0.400383
vn 0.0106475 -0.0118219 0.999873
v -16.8256 5.05784 0.126181 0.582457 0.762223 0.400351
vn 0.011563 -0.0074208 0.999906
v -16.9609 9.56621 0.198762 0.683437 0.853586 0.414777
vn 0.0100596 -0.018663 0.999775
v -16.8416 9.72552 0.200018 0.685184 0.855166 0.415026
vn 0.0119373 -0.0173917 0.999777
v -16.9329 11.7669 0.242214 0.743889 0.90828 0.423413
vn 0.00650311 -0.0233851 0.999705
v -16.8512 11.844 0.243493 0.745669 0.909891 0.423667
vn 0.00557483 -0.0241598 0.999693
v -16.9488 14.1659 0.281989 0.79 0.95 0.43
vn 0.0105883 -0.0146055 0.999837
v -16.8757 14.2645 0.281408 0.79 0.95 0.43
vn 0.00630292 -0.0161063 0.99985
v -16.9368 17.9852 0.278846 0.79 0.95 0.43
vn -0.0350356 0.0384259 0.998647
v -16.871 18.1021 0.276648 0.789806 0.949824 0.429972
vn -0.0391959 0.0427232 0.998318
v -16.6941 -20.4354 -0.0187329 0.380846 0.579813 0.371549
vn 0.0742128 0.0717861 0.994655
v -16.7773 -20.3923 -0.0202678 0.37871 0.577881 0.371244
vn 0.105601 0.0783232 0.991319
v -16.6331 -17.3536 -0.0132971 0.388408 0.586655 0.37263
vn 0.100905 0.0864134 0.991136
v -16.6208 -17.1174 -0.00143865 0.404906 0.601582 0.374987
vn -0.0508629 -0.0468943 0.997604
v -16.6247 -11.6946 -0.0095353 0.393642 0.59139 0.373377
vn 0 0 0
v -16.6891 -11.512 -0.00636212 0.398057 0.595385 0.374008
vn -0.0686466 -0.0405446 0.996817
v -16.7769 -11.3193 -0.0045721 0.400547 0.597638 0.374364
vn -0.0691599 -0.0405133 0.996783
v -16.7588 -11.0079 0.0093412 0.419904 0.615151 0.377129
vn 0.00497789 -0.00500677 0.999975
v -16.7703 5.17579 0.127157 0.583816 0.763452 0.400545
vn 0.00864565 -0.0141564 0.999862
v -16.6953 5.3213 0.128784 0.58608 0.765501 0.400869
vn 0.0115834 -0.00881169 0.999894
v -16.6381 5.47217 0.128784 0.58608 0.765501 0.400869
vn 0.0168377 -0.0116439 0.99979
v -16.7044 9.91672 0.200995 0.686543 0.856396 0.41522
vn 0.0143787 -0.014476 0.999792
v -16.7624 11.9227 0.245028 0.747804 0.911823 0.423972
vn 0.00942785 -0.0219557 0.999714
v -16.6641 12.0393 0.24554 0.748516 0.912467 0.424074
vn 0.00910622 -0.0185708 0.999786
v -16.7792 14.3945 0.280594 0.79 0.95 0.43
vn -0.0424676 0.0377836 0.998383
v -16.6839 14.4708 0.281757 0.79 0.95 0.43
vn -0.0429072 0.0388158 0.998325
v -16.7678 18.1983 0.276543 0.79 0.95 0.43
vn -0.0359715 0.0400566 0.99855
v -16.6594 18.2819 0.277067 0.79 0.95 0.43
vn -0.0343487 0.0382825 0.998676
v -16.5469 -20.4067 -0.0110579 0.391524 0.589474 0.373075
vn -0.0426802 -0.0473923 0.997964
v -16.4836 -17.4397 -0.00980945 0.393261 0.591045 0.373323
vn 0.0562142 0.10926 0.992422
v -16.534 -16.277 0.0423685 0.465853 0.656724 0.383693
vn -0.0505745 -0.0452833 0.997693
v -16.4406 -12.057 -0.0123831 0.38968 0.587806 0.372811
vn -0.0704539 -0.0450604 0.996497
v -16.534 -11.8879 -0.011488 0.390925 0.588932 0.372989
vn -0.0654976 -0.0414532 0.996991
v -16.5812 -11.7965 -0.0108372 0.391831 0.589752 0.373119
vn 0 0 0
v -16.4144 -5.06005 0.00713835 0.416839 0.612378 0.376691
vn 0.00969142 -0.0062462 0.999934
v -16.4331 -4.92559 0.00816078 0.418262 0.613665 0.376895
vn 0.0105821 -0.0104185 0.99989
v -16.4445 -4.6939 0.0115998 0.423046 0.617994 0.377578
vn 0.0101437 -0.00948087 0.999904
v -16.4695 -4.4831 0.0131487 0.425201 0.619944 0.377886
vn 0.0110652 -0.0148657 0.999828
v -16.4805 -4.29047 0.0154414 0.428391 0.62283 0.378342
vn 0.0121316 -0.0165798 0.999789
v -16.4697 -4.08339 0.0197787 0.434425 0.628289 0.379204
vn 0.0109295 -0.0127676 0.999859
v -16.4703 -3.89992 0.0224742 0.438175 0.631682 0.379739
vn 0.00971533 -0.0119758 0.999881
v -16.4705 -3.70161 0.0252626 0.442055 0.635192 0.380294
vn 0.00950287 -0.0138322 0.999859
v -16.4692 -3.48929 0.0281437 0.446063 0.638819 0.380866
vn 0.00912668 -0.0128041 0.999876
v -16.4581 -3.31049 0.0313038 0.45046 0.642797 0.381494
vn 0.00799791 -0.00908575 0.999927
v -16.462 -3.10869 0.0331627 0.453046 0.645137 0.381864
vn 0.00755248 -0.0261185 0.99963
v -16.443 -2.92978 0.0366946 0.45796 0.649582 0.382566
vn 0.0144441 -0.0150359 0.999783
v -16.4405 -2.7049 0.0389253 0.461063 0.65239 0.383009
vn 0.0157884 -0.0117914 0.999806
v -16.4297 -2.51005 0.0414348 0.464554 0.655549 0.383508
vn 0.0152433 -0.0141913 0.999783
v -16.4119 -2.26812 0.0446878 0.46908 0.659644 0.384154
vn 0.0147574 -0.00991665 0.999842
v -16.4127 -2.04447 0.0458031 0.470632 0.661048 0.384376
vn 0.0174538 -0.0191895 0.999664
v -16.5962 5.55835 0.129435 0.586985 0.76632 0.400998
vn 0.0161453 -0.0217502 0.999633
v -16.5346 5.65745 0.131144 0.589362 0.768471 0.401337
vn 0.0142943 -0.0214852 0.999667
v -16.4488 5.80923 0.133015 0.591966 0.770826 0.401709
vn 0.0122111 -0.0208866 0.999707
v -16.5744 10.0888 0.202111 0.688095 0.857801 0.415442
vn 0.0125356 -0.014888 0.999811
v -16.4598 10.2479 0.202669 0.688872 0.858503 0.415553
vn 0.00902963 -0.0204857 0.999749
v -16.5746 12.1168 0.247075 0.750651 0.914399 0.424379
vn 0.00828022 -0.0247476 0.999659
v -16.4716 12.2523 0.246947 0.750474 0.914238 0.424353
vn 0.0103788 -0.0127686 0.999865
v -16.5562 14.5475 0.284257 0.79 0.95 0.43
vn 0.00549056 -0.0161632 0.999854
v -16.411 14.6628 0.285943 0.79 0.95 0.43
vn 0.00759464 -0.016871 0.999829
v -16.57 18.3799 0.276334 0.79 0.95 0.43
vn -0.0357433 0.0402096 0.998552
v -16.477 18.4879 0.275287 0.789369 0.949429 0.42991
vn -0.0337703 0.0392016 0.998661
v -16.4242 18.6289 0.271519 0.78466 0.945169 0.429237
vn -0.0434821 0.0491433 0.997845
v -16.2435 -20.6689 -0.0108021 0.391879 0.589796 0.373126
vn -0.0428544 -0.0495091 0.997854
v -16.2164 -20.433 0.0017336 0.40932 0.605575 0.375617
vn -0.0310501 0.023274 0.999247
v -16.303 -20.3352 0.0027568 0.410743 0.606863 0.37582
vn 0.0127733 -0.00119112 0.999918
v -16.3406 -17.4685 -0.0039498 0.401413 0.598421 0.374488
vn -0.0505243 -0.0480003 0.997569
v -16.2433 -12.4571 -0.0166954 0.38368 0.582378 0.371954
vn -0.0694325 -0.045333 0.996556
v -16.3144 -12.2695 -0.0131153 0.388661 0.586884 0.372666
vn -0.0696578 -0.0453253 0.996541
v -16.3618 -12.1599 -0.011488 0.390925 0.588932 0.372989
vn -0.068022 -0.0433873 0.99674
v -16.2174 -6.46147 -0.00912685 0.39421 0.591905 0.373459
vn 0.0124064 -0.0105321 0.999868
v -16.2533 -6.28032 -0.0073608 0.396667 0.594128 0.37381
vn 0 0 0
v -16.268 -6.12547 -0.00457257 0.400546 0.597637 0.374364
vn 0 0 0
v -16.3155 -5.91491 -0.00345727 0.402098 0.599041 0.374585
vn 0.0118253 -0.0156123 0.999808
v -16.3337 -5.66898 0.0009111 0.408176 0.60454 0.375454
vn 0.0110157 -0.0122949 0.999864
v -16.3378 -5.46578 0.0052795 0.414253 0.610039 0.376322
vn -0.0949834 -0.0229216 0.995215
v -16.3609 -5.2973 0.0069525 0.416581 0.612144 0.376654
vn -0.0915066 -0.0218463 0.995565
v -16.3967 -5.18153 0.006209 0.415546 0.611209 0.376507
vn 0.00934573 -0.00987745 0.999908
v -16.389 -1.91043 0.0485914 0.474511 0.664558 0.38493
vn -0.092102 -0.00447662 0.99574
v -16.3896 -1.7345 0.0491491 0.475287 0.66526 0.385041
vn 0.0215868 -0.0118853 0.999696
v -16.3694 -1.47583 0.0516277 0.478735 0.668379 0.385534
vn 0.0219637 -0.0142376 0.999657
v -16.3395 -1.27232 0.0546328 0.482916 0.672162 0.386131
vn 0.0205858 -0.00946492 0.999743
v -16.3384 -1.0815 0.0547258 0.483045 0.672279 0.386149
vn 0.0181327 0.00534055 0.999821
v -16.3067 -0.904536 0.057514 0.486925 0.675789 0.386704
vn 0.0149393 -0.010586 0.999832
v -16.2987 -0.726788 0.0578858 0.487442 0.676257 0.386777
vn 0.0138241 0.00501802 0.999892
v -16.3156 -0.490291 0.0555623 0.484209 0.673332 0.386316
vn 0.0120607 0.0121551 0.999853
v -16.294 -0.301999 0.0567705 0.48589 0.674853 0.386556
vn 0.00868579 -0.00338632 0.999957
v -16.2511 -0.0951513 0.0596518 0.489899 0.67848 0.387128
vn 0.00872988 -0.00784658 0.999931
v -16.3946 5.93009 0.133341 0.592419 0.771236 0.401774
vn 0.0263456 -0.0157519 0.999529
v -16.3195 6.08747 0.133992 0.593324 0.772055 0.401903
vn 0.0242198 -0.0215698 0.999474
v -16.2012 6.26461 0.137084 0.597626 0.775947 0.402518
vn -0.0751976 0.0329884 0.996623
v -16.3325 10.3549 0.205878 0.693336 0.862542 0.416191
vn -0.0577831 0.0387888 0.997575
v -16.2392 10.4877 0.206017 0.69353 0.862718 0.416219
vn 0.0107674 -0.0207249 0.999727
v -16.319 12.3458 0.250912 0.755991 0.91923 0.425142
vn 0.0056468 -0.0255194 0.999658
v -16.248 12.4347 0.250912 0.75599 0.919229 0.425141
vn 0.011613 -0.0130809 0.999847
v -16.3365 14.7602 0.285245 0.79 0.95 0.43
vn -0.0430478 0.0404879 0.998252
v -16.315 18.7121 0.271938 0.785243 0.945696 0.42932
vn -0.0335092 0.0392235 0.998668
v -16.2097 18.8068 0.271729 0.784951 0.945432 0.429279
vn -0.0342467 0.0403502 0.998599
v -16.0708 -20.744 -0.0072205 0.396862 0.594304 0.373837
vn -0.041294 -0.04828 0.99798
v -16.1302 -17.6939 -0.0043684 0.40083 0.597894 0.374404
vn 0.0716979 0.0270756 0.997059
v -16.1577 -17.5145 0.0030258 0.411118 0.607202 0.375874
vn -0.0495845 -0.0486808 0.997583
v -16.1199 -17.3699 0.0119546 0.42354 0.618441 0.377649
vn -0.0490117 -0.0470974 0.997687
v -16.0815 -12.7119 -0.0174276 0.382662 0.581456 0.371809
vn 0 0 0
v -16.1675 -12.5772 -0.0170209 0.383228 0.581968 0.37189
vn -0.0647009 -0.0435473 0.996954
v -16.0195 -7.4059 -0.0201871 0.378823 0.577982 0.37126
vn 0.0107484 0.0023196 0.99994
v -16.0588 -7.30192 -0.0202801 0.378693 0.577865 0.371242
vn 0.0139495 -0.00533818 0.999888
v -16.095 -7.11593 -0.0175847 0.382443 0.581258 0.371778
vn 0.0115169 -0.00103391 0.999933
v -16.1469 -6.91173 -0.0159117 0.384771 0.583364 0.37211
vn 0.012366 -0.00991667 0.999874
v -16.1828 -6.65892 -0.0116363 0.390719 0.588746 0.37296
vn 0.0129063 -0.0130454 0.999832
v -16.144 0.771997 0.0623471 0.493649 0.681873 0.387664
vn 0.0103367 -0.0037408 0.99994
v -16.1419 0.856586 0.0616036 0.492614 0.680937 0.387516
vn 0.00955158 -0.013018 0.99987
v -16.0328 1.22475 0.0671802 0.500373 0.687956 0.388625
vn 0.00887009 -0.0177721 0.999803
v -16.198 6.15784 0.140826 0.602833 0.780659 0.403262
vn 0.00813131 -0.014433 0.999863
v -16.1626 6.35663 0.136921 0.597399 0.775742 0.402486
vn 0.0229905 -0.0266741 0.99938
v -16.0692 6.49613 0.139145 0.600494 0.778542 0.402928
vn 0.0236149 -0.00216582 0.999719
v -16.0594 10.6889 0.208249 0.696636 0.865527 0.416662
vn 0.011297 -0.0217489 0.9997
v -16.1981 12.5407 0.249121 0.753499 0.916975 0.424786
vn 0.00857799 -0.0137272 0.999869
v -16.1043 12.6553 0.249121 0.753499 0.916975 0.424786
vn 0.0130956 -0.0105883 0.999858
v -16.1466 14.8882 0.288152 0.79 0.95 0.43
vn 0.00755866 -0.0152197 0.999856
v -16.0427 15.0422 0.286291 0.79 0.95 0.43
vn -0.0423229 0.0405984 0.998279
v -16.1061 18.8965 0.271624 0.784806 0.9453 0.429258
vn -0.0470078 0.0566282 0.997288
v -15.8066 -21.3296 -0.0251287 0.371948 0.571762 0.370278
vn 0.0501495 0.0420489 0.997856
v -15.8471 -21.0374 -0.012337 0.389744 0.587864 0.372821
vn -0.0408817 -0.0494379 0.99794
v -15.8969 -20.8864 -0.0069646 0.397218 0.594626 0.373888
vn -0.0410582 -0.0487215 0.997968
v -15.9202 -17.8909 -0.00367085 0.401801 0.598772 0.374543
vn 0.0151302 0.0343906 0.999294
v -15.8319 -13.1162 -0.0197871 0.379379 0.578486 0.37134
vn -0.066314 -0.0482115 0.996633
v -15.9453 -12.9385 -0.0188923 0.380624 0.579612 0.371518
vn -0.0711948 -0.0504629 0.996185
v -15.8308 -7.91659 -0.0211165 0.37753 0.576812 0.371076
vn 0.0113357 -0.00226363 0.999933
v -15.9085 -7.6572 -0.018886 0.380633 0.57962 0.371519
vn 0.00928493 0.0022113 0.999954
v -15.9926 -7.48879 -0.0205589 0.378305 0.577514 0.371186
vn 0.0110195 0.000280037 0.999939
v -15.92 1.47592 0.0740581 0.509942 0.696614 0.389992
vn 0 0 0
v -15.928 6.70327 0.142454 0.605097 0.782707 0.403585
vn 0.00396122 -0.0245964 0.99969
v -15.8373 6.80023 0.145708 0.609625 0.786804 0.404232
vn -0.00910735 -0.0372014 0.999266
v -15.9047 10.8849 0.20904 0.697735 0.866523 0.416819
vn 0.011611 -0.0240379 0.999644
v -15.9941 12.766 0.250017 0.754745 0.918102 0.424964
vn 0.00638317 -0.0175926 0.999825
v -15.8665 12.8617 0.252319 0.757948 0.921001 0.425421
vn 0.00610879 -0.0174203 0.99983
v -15.9533 15.1253 0.28664 0.79 0.95 0.43
vn 0.0127461 -0.00806068 0.999886
v -15.8649 15.2037 0.287105 0.79 0.95 0.43
vn 0.00665738 -0.012069 0.999905
v -15.9078 19.0437 0.272304 0.785752 0.946157 0.429393
vn -0.0372997 0.0463 0.998231
v -15.7759 -21.1637 -0.0156629 0.385117 0.583677 0.37216
vn -0.0402658 -0.0492618 0.997974
v -15.6142 -18.0123 0.005258 0.414223 0.610011 0.376318
vn -0.048304 -0.0503134 0.997565
v -15.7355 -17.9666 0.00163065 0.409177 0.605446 0.375597
vn -0.0489582 -0.0489878 0.997599
v -15.6482 -13.4228 -0.0225536 0.37553 0.575004 0.37079
vn -0.0626617 -0.0465265 0.99695
v -15.7633 -13.2643 -0.0223908 0.375757 0.575208 0.370822
vn -0.066314 -0.0482115 0.996633
v -15.6178 -8.4757 -0.0233473 0.374426 0.574004 0.370632
vn 0.0074035 0.00911461 0.999931
v -15.6598 -8.29129 -0.0200013 0.379081 0.578216 0.371297
vn -0.0844872 -0.0366613 0.99575
v -15.771 -8.08724 -0.022046 0.376236 0.575642 0.370891
vn 0.0103105 0.000903206 0.999946
v -15.6799 6.92216 0.152868 0.619587 0.795816 0.405655
vn -0.0154797 -0.0417378 0.999009
v -15.6064 7.07792 0.152543 0.619133 0.795406 0.40559
vn -0.0731245 0.0367343 0.996646
v -15.7218 11.0579 0.212156 0.70207 0.870445 0.417439
vn 0.0117709 -0.0230654 0.999665
v -15.7841 12.9857 0.251168 0.756346 0.919552 0.425192
vn 0.00752544 -0.0162693 0.999839
v -15.659 13.0753 0.25347 0.75955 0.92245 0.42565
vn 0.0081665 -0.0161644 0.999836
v -15.7754 15.3414 0.285129 0.79 0.95 0.43
vn -0.0408724 0.0408748 0.998328
v -15.6583 15.4515 0.285361 0.79 0.95 0.43
vn -0.0398498 0.0404764 0.998386
v -15.7683 19.1253 0.273613 0.787572 0.947804 0.429653
vn -0.0327074 0.0406373 0.998638
v -15.6642 19.2142 0.273403 0.787281 0.94754 0.429612
vn -0.0345514 0.0435241 0.998455
v -15.4425 -21.311 -0.009523 0.393659 0.591406 0.37338
vn -0.0402437 -0.0498123 0.997947
v -15.5914 -18.1064 0.0016306 0.409177 0.605445 0.375597
vn 0.0173581 0.00864779 0.999812
v -15.4156 -13.8242 -0.0274355 0.368738 0.568858 0.36982
vn -0.061056 -0.0482576 0.996967
v -15.4844 -13.7013 -0.0256997 0.371153 0.571043 0.370165
vn -0.061056 -0.0482576 0.996967
v -15.575 -13.5462 -0.0238554 0.373719 0.573365 0.370531
vn 0 0 0
v -15.4352 -8.8012 -0.0205589 0.378305 0.577514 0.371186
vn 0.00680527 0.0123782 0.9999
v -15.4825 -8.68602 -0.0200012 0.379081 0.578216 0.371297
vn -0.0859935 -0.0400452 0.995491
v -15.5357 -8.57524 -0.0201871 0.378823 0.577982 0.37126
vn -0.0841479 -0.037801 0.995736
v -15.5684 2.56141 0.0868843 0.527786 0.712759 0.392541
vn 0.00333837 -0.0363604 0.999333
v -15.5214 2.69973 0.0881856 0.529597 0.714397 0.3928
vn 0.017291 -0.012492 0.999772
v -15.4578 2.90782 0.0893009 0.531148 0.715801 0.393021
vn 0.0175295 -0.0124141 0.999769
v -15.5781 6.99237 0.15775 0.626378 0.801961 0.406625
vn 0.0137619 -0.0158778 0.999779
v -15.5987 7.14561 0.15059 0.616417 0.792948 0.405202
vn -0.0729529 0.0370258 0.996648
v -15.4873 7.29969 0.152868 0.619586 0.795816 0.405655
vn -0.0697915 0.036475 0.996895
v -15.5969 11.1874 0.21369 0.704205 0.872376 0.417744
vn 0.0062804 -0.0271685 0.999611
v -15.4847 11.2585 0.216899 0.70867 0.876415 0.418381
vn 0.00302452 -0.0316937 0.999493
v -15.5513 13.1796 0.254238 0.760618 0.923416 0.425803
vn 0.00644617 -0.0177934 0.999821
v -15.4447 13.2872 0.25475 0.761329 0.92406 0.425904
vn 0.00791422 -0.0151545 0.999854
v -15.518 15.5465 0.287105 0.79 0.95 0.43
vn 0.00566188 -0.0118291 0.999914
v -15.4415 15.6369 0.286408 0.79 0.95 0.43
vn -0.0406448 0.0428144 0.998256
v -15.4771 19.3029 0.275863 0.79 0.95 0.43
vn -0.0330142 0.0420402 0.99857
v -15.2592 -21.9518 -0.0345943 0.358779 0.559847 0.368397
vn -0.0398294 -0.0528151 0.99781
v -15.3609 -21.7925 -0.0305011 0.364473 0.565 0.36921
vn -0.0397449 -0.0504893 0.997933
v -15.2543 -21.2874 -0.0008247 0.405761 0.602355 0.375109
vn -0.0393129 -0.0504288 0.997954
v -15.2225 -19.0348 -0.0285041 0.367252 0.567513 0.369607
vn -0.00675632 0.0334789 0.999417
v -15.3416 -18.8929 -0.0266904 0.369775 0.569796 0.369968
vn 0.0330939 -0.0229971 0.999188
v -15.3569 -18.5166 -0.00799575 0.395784 0.593328 0.373683
vn 0.00945413 -0.0332821 0.999401
v -15.3916 -18.3727 -0.0022757 0.403742 0.600528 0.37482
vn -0.047959 -0.0508151 0.997556
v -15.2282 -14.0402 -0.0264591 0.370097 0.570087 0.370014
vn -0.0660959 -0.0532226 0.996393
v -15.3364 -13.921 -0.0272728 0.368965 0.569063 0.369852
vn -0.0638467 -0.0510068 0.996655
v -15.2414 -9.06879 -0.0151682 0.385805 0.5843 0.372258
vn 0.00319861 0.0123021 0.999919
v -15.347 -8.91403 -0.0176776 0.382314 0.581141 0.371759
vn -0.0804827 -0.0380717 0.996029
v -15.3175 7.53468 0.156041 0.624001 0.799811 0.406286
vn 0.0143362 -0.0121906 0.999823
v -15.2267 7.70151 0.15596 0.623888 0.799708 0.40627
vn -0.0706901 0.0397433 0.996706
v -15.3472 11.3544 0.220387 0.713522 0.880806 0.419075
vn 0.0110713 -0.0269334 0.999576
v -15.2782 11.4357 0.220666 0.71391 0.881157 0.41913
vn 0.00718581 -0.023151 0.999706
v -15.3091 13.3658 0.25782 0.7656 0.927924 0.426514
vn 0.00742662 -0.0175655 0.999818
v -15.2323 13.5028 0.255517 0.762397 0.925026 0.426057
vn 0.00659762 -0.0170266 0.999833
v -15.3091 15.6804 0.289896 0.79 0.95 0.43
vn 0.0036113 -0.0135768 0.999901
v -15.2103 15.8063 0.288501 0.79 0.95 0.43
vn 0.0106871 -0.00456307 0.999932
v -15.2602 19.5045 0.27452 0.788835 0.948946 0.429834
vn -0.0307407 0.0410593 0.998684
v -15.0839 -21.955 -0.0279427 0.368033 0.56822 0.369719
vn -0.0386706 -0.0514163 0.997928
v -15.0314 -20.5195 0.0465038 0.471607 0.66193 0.384515
vn -0.0156709 0.0163274 0.999744
v -15.0332 -18.9467 -0.0151109 0.385885 0.584372 0.372269
vn -0.046265 -0.0517737 0.997587
v -15.0167 -17.8546 0.0420894 0.465465 0.656373 0.383638
vn -0.0463656 -0.051139 0.997615
v -15.0555 -17.6638 0.0499022 0.476335 0.666208 0.385191
vn -0.0196362 -0.0179905 0.999645
v -15.0671 -14.3242 -0.0310155 0.363758 0.564352 0.369108
vn -0.0617946 -0.0521356 0.996726
v -15.1624 -14.1478 -0.0278423 0.368172 0.568346 0.369739
vn -0.0614422 -0.0510283 0.996805
v -15.0171 -9.48939 -0.0144246 0.38684 0.585236 0.372406
vn 0.0132816 0.000653039 0.999912
v -15.0743 -9.33404 -0.0124418 0.389598 0.587732 0.3728
vn 0.00814305 0.00610678 0.999948
v -15.1456 -9.17587 -0.0116363 0.390719 0.588746 0.37296
vn -0.0832715 -0.0416518 0.995656
v -15.0693 3.98181 0.0961788 0.540717 0.724458 0.394388
vn 0.0148242 -0.00594161 0.999872
v -15.0286 4.09983 0.0963028 0.54089 0.724614 0.394413
vn 0.00651285 -0.0115491 0.999912
v -15.1383 7.79761 0.158401 0.627284 0.802781 0.406755
vn 0.00783522 -0.0187804 0.999793
v -15.0615 7.95124 0.157587 0.626152 0.801757 0.406593
vn 0.0104556 -0.00771168 0.999916
v -15.1695 11.5305 0.22248 0.716434 0.88344 0.419491
vn 0.013014 -0.0242444 0.999621
v -15.0655 11.6243 0.224014 0.718569 0.885372 0.419796
vn 0.0141798 -0.0188618 0.999722
v -15.1074 13.5903 0.257564 0.765244 0.927602 0.426463
vn 0.00461697 -0.0184079 0.99982
v -15.1046 15.9343 0.287222 0.79 0.95 0.43
vn 0.00919124 -0.0055174 0.999943
v -15.151 19.7378 0.268274 0.780146 0.941084 0.428592
vn -0.0329774 0.042356 0.998558
v -15.0712 19.8604 0.265658 0.776505 0.93779 0.428072
vn -0.0428015 0.0523203 0.997713
v -14.9018 -21.9324 -0.0197563 0.379422 0.578525 0.371346
vn -0.0385796 -0.0509075 0.997958
v -14.9538 -20.5618 0.0475271 0.47303 0.663218 0.384719
vn 0.0222145 0.0317018 0.99925
v -14.86 -18.9343 -0.0064611 0.397919 0.59526 0.373988
vn -0.0454189 -0.0514635 0.997642
v -14.9787 -17.6983 0.0518554 0.479052 0.668666 0.385579
vn 0.0351108 0.0261135 0.999042
v -14.8354 -14.6396 -0.0332937 0.360588 0.561484 0.368655
vn -0.0625673 -0.0534577 0.996608
v -14.9157 -14.4772 -0.0296323 0.365682 0.566093 0.369383
vn -0.0617946 -0.0521356 0.996726
v -14.8209 -9.8377 -0.013867 0.387615 0.585938 0.372516
vn 0.0127233 -0.000870461 0.999919
v -14.8696 -9.74159 -0.0134953 0.388133 0.586406 0.37259
vn 0.0104245 0.00571397 0.999929
v -14.9542 -9.59455 -0.013867 0.387615 0.585938 0.372516
vn 0.00845148 0.00863166 0.999927
v -14.9428 4.2746 0.0985954 0.544079 0.7275 0.394868
vn 0.00756699 -0.0105497 0.999916
v -14.8371 4.52498 0.0999895 0.546019 0.729255 0.395146
vn 0.00694147 -0.00540451 0.999961
v -14.8067 4.62138 0.0995247 0.545372 0.72867 0.395053
vn 0.0089008 -0.00933798 0.999917
v -14.9684 8.08061 0.158808 0.62785 0.803293 0.406836
vn 0.00877152 -0.00991328 0.999912
v -14.8729 8.29749 0.156367 0.624454 0.80022 0.406351
vn 0.0111318 -0.00322681 0.999933
v -14.9312 11.7625 0.22513 0.720121 0.886777 0.420017
vn 0.0102907 -0.0228197 0.999687
v -14.8403 11.8467 0.226247 0.721674 0.888181 0.420239
vn 0.0127139 -0.0242072 0.999626
v -14.9378 13.6884 0.261145 0.770227 0.932111 0.427175
vn -0.00218276 -0.0226004 0.999742
v -14.846 13.8073 0.260122 0.768804 0.930823 0.426972
vn 0.00676706 -0.0126946 0.999897
v -14.9247 16.0929 0.287454 0.79 0.95 0.43
vn 0.00457636 -0.00997513 0.99994
v -14.9976 19.9153 0.265658 0.776505 0.93779 0.428072
vn -0.0300662 0.0408722 0.998712
v -14.9082 20.026 0.263773 0.773884 0.935419 0.427698
vn -0.0441038 0.0572166 0.997387
v -14.6497 -21.8963 -0.0082439 0.395439 0.593016 0.373634
vn -0.0381378 -0.0517418 0.997932
v -14.6873 -21.7888 -0.0041505 0.401134 0.598169 0.374448
vn -0.0381801 -0.0508737 0.997975
v -14.7066 -21.0875 0.0308981 0.449895 0.642286 0.381414
vn 0.0197048 -0.0016427 0.999804
v -14.7507 -20.8661 0.0403639 0.463064 0.654201 0.383295
vn 0.0292828 -0.00397054 0.999563
v -14.6363 -19.6284 -0.0332475 0.360652 0.561543 0.368665
vn 0.0137903 0.0622236 0.997967
v -14.6667 -19.5408 -0.0298993 0.36531 0.565757 0.36933
vn 0.0303818 0.021914 0.999298
v -14.6402 -19.2448 -0.0128787 0.38899 0.587182 0.372713
vn -0.045366 -0.0532107 0.997552
v -14.7667 -19.0815 -0.0099489 0.393067 0.59087 0.373295
vn -0.0458846 -0.0531273 0.997533
v -14.6708 -14.8769 -0.0360059 0.356815 0.55807 0.368116
vn -0.0572369 -0.0511043 0.997052
v -14.7809 -14.7324 -0.0349211 0.358324 0.559436 0.368332
vn -0.0572369 -0.0511043 0.997052
v -14.7019 -10.0659 -0.0147344 0.386409 0.584846 0.372344
vn 0.0122429 -0.00117707 0.999924
v -14.7737 -9.91774 -0.0136811 0.387874 0.586172 0.372553
vn 0.0106365 0.00174846 0.999942
v -14.7775 4.3656 0.110306 0.560372 0.742241 0.397196
vn -0.0221797 0.000392473 0.999754
v -14.7506 4.7382 0.100547 0.546795 0.729957 0.395256
vn 0.0056882 -0.0127846 0.999902
v -14.669 4.90596 0.101941 0.548734 0.731712 0.395533
vn 0.00322486 -0.0195942 0.999803
v -14.7376 8.53772 0.155418 0.623133 0.799025 0.406162
vn -0.0656393 0.040901 0.997005
v -14.6208 8.66433 0.157913 0.626605 0.802166 0.406658
vn 0.00798673 -0.0102546 0.999916
v -14.7382 11.9487 0.227084 0.722839 0.889235 0.420406
vn 0.0127834 -0.0197387 0.999723
v -14.6334 12.0465 0.2282 0.724392 0.89064 0.420627
vn 0.00796624 -0.0303045 0.999509
v -14.6869 13.8677 0.264727 0.77521 0.936619 0.427887
vn 0.00368567 -0.0181712 0.999828
v -14.7096 16.284 0.287493 0.79 0.95 0.43
vn -0.00050386 -0.0124037 0.999923
v -14.7387 20.1052 0.265658 0.776505 0.93779 0.428072
vn -0.0299735 0.0409864 0.99871
v -14.6387 20.2019 0.264611 0.775049 0.936473 0.427864
vn -0.0326546 0.0455162 0.99843
v -14.4728 -22.1097 -0.012593 0.389388 0.587542 0.37277
vn -0.0376029 -0.05211 0.997933
v -14.5679 -21.9368 -0.0072205 0.396862 0.594304 0.373837
vn -0.0374325 -0.0512717 0.997983
v -14.4837 -19.5682 -0.0232026 0.374627 0.574187 0.370661
vn -0.0443028 -0.0538804 0.997564
v -14.5508 -19.2734 -0.0103675 0.392484 0.590343 0.373212
vn -0.043549 -0.0522489 0.997684
v -14.4684 -15.0973 -0.0358432 0.357041 0.558275 0.368149
vn 0 0 0
v -14.5798 -14.9883 -0.0365483 0.35606 0.557388 0.368009
vn 0 0 0
v -14.4091 -10.6725 -0.020559 0.378305 0.577514 0.371186
vn -0.0780852 -0.049491 0.995717
v -14.4637 -10.5004 -0.0164074 0.384081 0.58274 0.372012
vn -0.0762115 -0.0481779 0.995927
v -14.5653 -10.2975 -0.0147035 0.386452 0.584885 0.37235
vn 0 0 0
v -14.5422 5.1182 0.105473 0.553648 0.736158 0.396235
vn 0.00159234 -0.0221598 0.999753
v -14.4142 5.29358 0.11012 0.560113 0.742007 0.397159
vn 0.00333825 -0.0133142 0.999906
v -14.5441 8.76786 0.158564 0.62751 0.802985 0.406787
vn 0.0126659 -0.00541566 0.999905
v -14.4583 8.91092 0.157967 0.62668 0.802234 0.406669
vn 0.0136788 -0.00521814 0.999893
v -14.5624 12.1463 0.227363 0.723227 0.889586 0.420461
vn 0.00678037 -0.0164807 0.999841
v -14.4219 12.2814 0.228479 0.72478 0.890991 0.420683
vn 0.00516552 -0.0177396 0.999829
v -14.5842 13.972 0.264727 0.77521 0.936619 0.427887
vn 0.00736743 -0.0113408 0.999909
v -14.4967 14.097 0.263021 0.772838 0.934472 0.427548
vn 0.0063603 -0.0114914 0.999914
v -14.5411 16.3976 0.288966 0.79 0.95 0.43
vn -0.0380002 0.0442171 0.998299
v -14.4151 16.4377 0.291989 0.79 0.95 0.43
vn 0.000804158 -0.0126403 0.99992
v -14.4942 20.3077 0.264471 0.774854 0.936297 0.427836
vn -0.0297139 0.0424612 0.998656
v -14.3193 -22.2814 -0.0157908 0.384939 0.583516 0.372134
vn -0.0367287 -0.0533997 0.997898
v -14.2905 -19.5664 -0.0145528 0.386661 0.585075 0.37238
vn -0.0432464 -0.0532599 0.997644
v -14.2744 -15.337 -0.0376061 0.354588 0.556056 0.367798
vn 0 0 0
v -14.2082 -11.0207 -0.0224178 0.375719 0.575174 0.370817
vn -0.0737648 -0.0491363 0.996064
v -14.2782 -10.9176 -0.0226037 0.375461 0.57494 0.37078
vn -0.077573 -0.0500663 0.995729
v -14.3466 -10.7618 -0.0200942 0.378952 0.578099 0.371279
vn -0.0769742 -0.0492358 0.995817
v -14.3349 5.46064 0.110678 0.560889 0.742709 0.39727
vn 0.000707563 -0.00350069 0.999994
v -14.252 5.65904 0.11012 0.560113 0.742007 0.397159
vn 0.0071835 -0.0190991 0.999792
v -14.3286 9.11457 0.157425 0.625926 0.801552 0.406561
vn 0.0107229 -0.00899457 0.999902
v -14.2366 9.24403 0.157587 0.626152 0.801756 0.406593
vn 0.00915899 -0.0104113 0.999904
v -14.3148 12.3678 0.230013 0.726915 0.892923 0.420988
vn 0.00231045 -0.0198512 0.9998
v -14.3655 14.1779 0.265239 0.775922 0.937263 0.427989
vn 0.00977921 -0.0110037 0.999892
v -14.2609 14.3086 0.263896 0.774054 0.935572 0.427722
vn 0.00428936 -0.0146047 0.999884
v -14.3102 16.4955 0.293384 0.79 0.95 0.43
vn 0.0048038 -0.011463 0.999923
v -14.2405 16.6013 0.291291 0.79 0.95 0.43
vn -0.0377694 0.0446851 0.998287
v -14.291 20.4983 0.262378 0.771942 0.933662 0.42742
vn -0.0362611 0.0508195 0.998049
v -14.0965 -19.8196 -0.0198544 0.379286 0.578401 0.371327
vn 0.0183265 0.051131 0.998524
v -14.1748 -19.7215 -0.0179011 0.382003 0.58086 0.371715
vn -0.0438858 -0.0544955 0.997549
v -14.0135 -15.6348 -0.039152 0.352438 0.55411 0.367491
vn 0.0461439 0.0171516 0.998788
v -14.1129 -15.5058 -0.0376061 0.354588 0.556056 0.367798
vn 0 0 0
v -14.0279 -11.2935 -0.0226966 0.375331 0.574823 0.370762
vn -0.0734033 -0.0495477 0.996071
v -14.135 -11.159 -0.0239049 0.37365 0.573303 0.370521
vn -0.0734033 -0.0495477 0.996071
v -14.17 5.77487 0.112537 0.563475 0.745049 0.397639
vn -0.00827263 -0.00520865 0.999952
v -14.1113 5.90755 0.112165 0.562958 0.744581 0.397565
vn 0.014938 -0.0182095 0.999723
v -14.0211 6.05243 0.113838 0.565286 0.746687 0.397898
vn 0.014622 -0.0202263 0.999688
v -14.156 9.34455 0.158238 0.627058 0.802576 0.406723
vn 0.00793516 -0.0120355 0.999896
v -14.0782 9.44306 0.158726 0.627737 0.80319 0.40682
vn 0.00359593 -0.0154934 0.999874
v -14.1921 12.3991 0.234896 0.733708 0.899069 0.421958
vn 0.0104493 -0.0275681 0.999565
v -14.079 12.4924 0.236291 0.735649 0.900826 0.422236
vn 0.0119674 -0.0265315 0.999576
v -14.0602 14.4516 0.266134 0.777168 0.93839 0.428167
vn 0.00871455 -0.0124103 0.999885
v -14.1221 16.7103 0.290826 0.79 0.95 0.43
vn -0.0362565 0.043653 0.998389
v -14.1356 20.5968 0.262727 0.772427 0.934101 0.42749
vn -0.0288932 0.042191 0.998692
v -14.0729 20.6683 0.261471 0.77068 0.93252 0.42724
vn -0.0307572 0.0449672 0.998515
v -13.9114 -22.0877 0.0094085 0.419998 0.615236 0.377143
vn -0.0368988 -0.0522575 0.997952
v -13.8846 -21.8872 0.0209209 0.436014 0.629727 0.379431
vn 0.0202661 0.00442903 0.999785
v -13.9136 -20.0523 -0.0247838 0.372427 0.572196 0.370347
vn 0.0442038 0.0223817 0.998772
v -13.9331 -19.8164 -0.0125997 0.389379 0.587533 0.372768
vn -0.0426721 -0.0547289 0.997589
v -13.9403 -15.7371 -0.0407793 0.350174 0.552062 0.367168
vn 0.0343125 0.0262296 0.999067
v -13.8518 -11.5097 -0.0208068 0.37796 0.577202 0.371137
vn -0.0698901 -0.0514741 0.996226
v -13.8094 -2.00835 0.0801656 0.518439 0.704302 0.391206
vn -0.102978 -0.00599039 0.994666
v -13.9435 6.14151 0.116627 0.569165 0.750197 0.398452
vn -0.0104184 -0.00783244 0.999915
v -13.8529 6.31791 0.116688 0.569251 0.750275 0.398464
vn 0.0166122 -0.0138011 0.999767
v -13.9947 9.54121 0.15954 0.628869 0.804215 0.406981
vn 0.0154946 -0.00578659 0.999863
v -13.8733 9.72174 0.158726 0.627737 0.80319 0.40682
vn 0.00919628 -0.0222399 0.99971
v -13.9845 12.5995 0.236012 0.735261 0.900474 0.42218
vn -0.000852857 -0.022104 0.999755
v -13.9001 12.6598 0.237408 0.737202 0.90223 0.422457
vn 0.0120228 -0.024592 0.999625
v -13.891 14.5987 0.266646 0.77788 0.939034 0.428269
vn 0.00624206 -0.0122622 0.999905
v -13.9731 16.7862 0.292919 0.79 0.95 0.43
vn 0.00562633 -0.0104768 0.999929
v -13.865 16.8456 0.294198 0.79 0.95 0.43
vn -0.00154684 -0.0163134 0.999866
v -13.9682 20.7601 0.260529 0.769369 0.931334 0.427053
vn -0.0515548 0.0707353 0.996162
v -13.8609 20.8482 0.259796 0.76835 0.930412 0.426907
vn -0.0613073 0.0846736 0.994521
v -13.7364 -22.1081 0.014717 0.427383 0.621918 0.378198
vn -0.0363058 -0.0529102 0.997939
v -13.7336 -20.1618 -0.0232026 0.374627 0.574187 0.370661
vn 0.00721884 -0.0154157 0.999855
v -13.7347 -15.9396 -0.040725 0.350249 0.55213 0.367178
vn 0.02903 0.0294338 0.999145
v -13.6319 -11.8683 -0.0239049 0.37365 0.573303 0.370521
vn -0.0698901 -0.0514741 0.996226
v -13.7269 -11.7447 -0.0241837 0.373262 0.572952 0.370466
vn -0.0698901 -0.0514741 0.996226
v -13.6249 -4.43515 0.0632442 0.494897 0.683002 0.387842
vn -0.105795 -0.0245042 0.994086
v -13.6372 -4.30687 0.0649578 0.497281 0.685159 0.388183
vn 0.0308522 -0.00721081 0.999498
v -13.6454 -4.12847 0.0680636 0.501602 0.689068 0.3888
vn 0.0320268 -0.0106388 0.99943
v -13.6671 -3.92729 0.0699914 0.504284 0.691495 0.389183
vn 0.0313698 -0.00705501 0.999483
v -13.6941 -3.68734 0.0717763 0.506767 0.693742 0.389538
vn 0.0304967 -0.00393147 0.999527
v -13.7227 -3.47164 0.0725617 0.50786 0.69473 0.389694
vn 0.0295365 -0.0031306 0.999559
v -13.74 -3.27107 0.073954 0.509797 0.696483 0.389971
vn 0.0299319 -0.00289502 0.999548
v -13.7511 -3.09555 0.0753819 0.511783 0.69828 0.390255
vn 0.0297965 -0.00216274 0.999554
v -13.7796 -2.91983 0.0747036 0.51084 0.697426 0.39012
vn 0.0288075 -0.00288388 0.999581
v -13.7787 -2.71538 0.077274 0.514416 0.700662 0.390631
vn 0.0305204 -0.00467731 0.999523
v -13.7824 -2.50104 0.0791303 0.516998 0.702998 0.391
vn 0.0319369 -0.00457957 0.999479
v -13.7877 -2.26065 0.080701 0.519184 0.704976 0.391312
vn 0.0320481 -0.00548386 0.999471
v -13.7973 -2.10908 0.0808082 0.519333 0.705111 0.391333
vn 0.0309301 -0.00359086 0.999515
v -13.7979 -1.88609 0.0820933 0.521121 0.706728 0.391589
vn 0.0307891 -0.00736645 0.999499
v -13.7915 -1.70679 0.0835927 0.523207 0.708616 0.391887
vn 0.0308005 -0.00960412 0.999479
v -13.7894 -1.5058 0.0844494 0.524399 0.709694 0.392057
vn 0.0307945 0.000348028 0.999526
v -13.7922 -1.29076 0.0844851 0.524448 0.709739 0.392064
vn 0.0318787 -0.0071282 0.999466
v -13.7686 -1.05213 0.0870198 0.527975 0.712929 0.392568
vn 0.032723 -0.011777 0.999395
v -13.7405 -0.851643 0.0896972 0.5317 0.7163 0.3931
vn 0.0358749 -0.00531761 0.999342
v -13.7159 -0.676405 0.0918034 0.53463 0.718951 0.393519
vn 0.0382678 -0.0167729 0.999127
v -13.6914 -0.503699 0.0936598 0.537213 0.721288 0.393888
vn 0.0389004 -0.00713297 0.999218
v -13.6903 -0.315765 0.0926959 0.535872 0.720074 0.393696
vn 0.0368042 -0.00661784 0.999301
v -13.7123 6.51137 0.119911 0.573734 0.754331 0.399105
vn 0.00859063 -0.0208958 0.999745
v -13.6886 9.90117 0.161873 0.632114 0.807151 0.407445
vn 0.00768062 -0.0197778 0.999775
v -13.6136 10.0021 0.161656 0.631812 0.806877 0.407402
vn 0.0159428 -0.0162084 0.999742
v -13.7957 12.7517 0.238245 0.738367 0.903284 0.422624
vn 0.009893 -0.0240766 0.999661
v -13.6435 12.8724 0.239989 0.740793 0.905479 0.42297
vn 0.0107318 -0.0242201 0.999649
v -13.7317 14.702 0.26865 0.780668 0.941557 0.428667
vn 0.00301728 -0.0166733 0.999856
v -13.6187 14.8003 0.26882 0.780905 0.941771 0.428701
vn 0.00290921 -0.0128769 0.999913
v -13.7255 16.9266 0.295594 0.79 0.95 0.43
vn -0.00164647 -0.0158973 0.999872
v -13.6276 17.0015 0.29571 0.79 0.95 0.43
vn 0.000368087 -0.0125897 0.999921
v -13.7339 20.9444 0.25922 0.767549 0.929687 0.426793
vn -0.0533371 0.0766625 0.995629
v -13.5025 -23.5959 -0.0565958 0.328169 0.532153 0.364024
vn -0.0359883 -0.0539916 0.997893
v -13.4865 -23.1396 -0.0313964 0.363228 0.563873 0.369033
vn -0.0349921 -0.0537635 0.99794
v -13.4378 -22.252 0.0178509 0.431743 0.625863 0.37882
vn -0.00550343 0.0110293 0.999924
v -13.5606 -22.1886 0.0168275 0.430319 0.624575 0.378617
vn 0.00480283 -0.00598841 0.999971
v -13.436 -16.2649 -0.0430574 0.347004 0.549194 0.366715
vn 0.0345707 0.0258269 0.999068
v -13.5144 -16.1232 -0.0390435 0.352589 0.554247 0.367513
vn -0.0557456 -0.0590439 0.996698
v -13.4549 -12.1452 -0.0264144 0.370159 0.570144 0.370023
vn 0 0 0
v -13.5663 -11.9555 -0.0239049 0.37365 0.573303 0.370521
vn 0 0 0
v -13.4122 -5.64991 0.0510352 0.477911 0.667634 0.385416
vn -0.102589 -0.0329986 0.994176
v -13.435 -5.5211 0.0528201 0.480394 0.66988 0.385771
vn 0.0241677 0.00472034 0.999697
v -13.4698 -5.34554 0.0546764 0.482977 0.672217 0.38614
vn 0.028214 -0.0119136 0.999531
v -13.4908 -5.12038 0.0591745 0.489235 0.677879 0.387034
vn 0.0282695 -0.00392375 0.999593
v -13.5488 -4.90251 0.0592459 0.489334 0.677969 0.387048
vn 0.0275444 -0.00218465 0.999618
v -13.5742 -4.70308 0.0618877 0.493009 0.681294 0.387573
vn 0.0292026 -0.00488891 0.999562
v -13.598 -4.53406 0.0636727 0.495493 0.683541 0.387928
vn 0.0291646 0.000620984 0.999574
v -13.5978 0.541752 0.0943024 0.538106 0.722096 0.394015
vn 0.0359348 -0.00575061 0.999338
v -13.5732 6.68554 0.123566 0.57882 0.758933 0.399831
vn -0.00462073 -0.0240998 0.999699
v -13.4512 6.81129 0.12778 0.584682 0.764236 0.400669
vn -0.00238131 -0.0128016 0.999915
v -13.526 10.1145 0.161574 0.631699 0.806775 0.407386
vn 0.0150772 -0.0168043 0.999745
v -13.4356 10.2227 0.161818 0.632038 0.807082 0.407434
vn 0.0105532 -0.0202036 0.99974
v -13.5272 12.9716 0.240895 0.742055 0.906621 0.423151
vn 0.00894026 -0.0195012 0.99977
v -13.4349 13.0327 0.24243 0.744189 0.908552 0.423456
vn 0.0112401 -0.0275648 0.999557
v -13.4895 14.898 0.26963 0.782032 0.942791 0.428862
vn 0.00396805 -0.0144749 0.999887
v -13.5092 17.1058 0.295167 0.79 0.95 0.43
vn 0.00692362 -0.00687944 0.999952
v -13.4965 21.1252 0.257982 0.765826 0.928128 0.426547
vn -0.0423055 0.0629106 0.997122
v -13.2088 -23.9055 -0.0635031 0.318559 0.523458 0.362651
vn -0.0334429 -0.0544714 0.997955
v -13.3287 -23.4932 -0.0450834 0.344186 0.546644 0.366312
vn -0.0333988 -0.0539707 0.997984
v -13.2729 -22.3233 0.0198975 0.43459 0.628439 0.379227
vn -0.00974061 0.0128869 0.99987
v -13.2256 -20.7283 -0.0340846 0.359488 0.560489 0.368498
vn 0.0349253 0.015362 0.999272
v -13.2444 -20.4718 -0.0202729 0.378703 0.577874 0.371243
vn -0.0411917 -0.0564445 0.997556
v -13.2252 -16.4055 -0.0398029 0.351532 0.553291 0.367362
vn -0.0522125 -0.0586831 0.99691
v -13.3488 -16.3352 -0.0424066 0.34791 0.550013 0.366844
vn -0.0550021 -0.0594157 0.996717
v -13.2322 -12.4629 -0.0285521 0.367185 0.567453 0.369598
vn 0 0 0
v -13.3429 -12.3104 -0.0277156 0.368349 0.568506 0.369764
vn 0 0 0
v -13.2151 -6.28768 0.0488932 0.474931 0.664937 0.38499
vn 0.0281732 0.00136775 0.999602
v -13.2682 -6.09644 0.050464 0.477116 0.666915 0.385302
vn 0.0289252 -0.00482505 0.99957
v -13.3272 -5.89078 0.0516777 0.478805 0.668442 0.385544
vn 0.0258957 0.000249871 0.999665
v -13.3697 -5.74324 0.0523203 0.479699 0.669251 0.385671
vn 0.0244137 0.00142259 0.999701
v -13.3361 6.95389 0.130475 0.588432 0.767629 0.401205
vn -0.00339809 -0.0140604 0.999895
v -13.2325 7.08894 0.132427 0.591148 0.770086 0.401593
vn 0.000162562 -0.0108439 0.999941
v -13.3118 10.3443 0.163364 0.634189 0.809028 0.407741
vn 0.0070222 -0.0221577 0.99973
v -13.2327 10.4226 0.164259 0.635434 0.810155 0.407919
vn 0.00946405 -0.0307214 0.999483
v -13.3275 13.1454 0.242081 0.743704 0.908114 0.423386
vn 0.0120439 -0.0202129 0.999723
v -13.2112 13.2541 0.242291 0.743996 0.908377 0.423428
vn 0.011021 -0.0171869 0.999792
v -13.2845 15.0947 0.268735 0.780787 0.941664 0.428684
vn 0.00499926 -0.0117623 0.999918
v -13.2968 17.2669 0.295245 0.79 0.95 0.43
vn -0.00228275 -0.010716 0.99994
v -13.2911 21.2795 0.256865 0.764272 0.926723 0.426325
vn -0.0308183 0.0488483 0.998331
v -13.0951 -24.0678 -0.0686197 0.311441 0.517018 0.361634
vn -0.0333212 -0.0565534 0.997843
v -13.1423 -22.3661 0.0221999 0.437794 0.631337 0.379685
vn -0.0464417 -0.00993054 0.998872
v -13.0333 -20.7493 -0.0275275 0.36861 0.568743 0.369801
vn -0.0400965 -0.0568014 0.99758
v -13.0114 -19.6014 0.0384621 0.460419 0.651807 0.382917
vn -0.0421422 -0.0555725 0.997565
v -13.0653 -19.4665 0.0437636 0.467794 0.658481 0.383971
vn 0.0290299 0.0130303 0.999494
v -13.0571 -16.6879 -0.0477766 0.340439 0.543254 0.365777
vn 0.0359323 0.015464 0.999235
v -13.184 -16.5237 -0.0446848 0.34474 0.547146 0.366391
vn 0.0365865 0.0216275 0.999096
v -13.0511 -12.718 -0.0306899 0.364211 0.564762 0.369173
vn -0.0665013 -0.057447 0.996131
v -13.1592 -12.5647 -0.0292956 0.36615 0.566517 0.36945
vn 0 0 0
v -13.0476 -6.82756 0.0446093 0.468971 0.659545 0.384139
vn 0.030141 0.00107071 0.999545
v -13.0953 -6.68069 0.0457874 0.47061 0.661028 0.384373
vn 0.0299807 -0.000458954 0.99955
v -13.1451 -6.50566 0.0476795 0.473242 0.66341 0.384749
vn 0.0304536 -0.00351605 0.99953
v -13.1833 -6.38474 0.0484649 0.474335 0.664398 0.384905
vn 0.0281751 0.002032 0.999601
v -13.1628 2.08626 0.111295 0.561748 0.743486 0.397393
vn 0.0341549 -0.0128426 0.999334
v -13.163 7.16246 0.134472 0.593992 0.77266 0.401999
vn -0.0100402 -0.00730459 0.999923
v -13.0964 7.30974 0.132613 0.591406 0.77032 0.401629
vn 0.0107725 0.00199439 0.99994
v -13.0155 7.46958 0.131126 0.589337 0.768448 0.401334
vn 0.00974292 -0.00759582 0.999924
v -13.1 10.5171 0.167568 0.640038 0.81432 0.408577
vn 0.00571218 -0.0235111 0.999707
v -13.1154 13.3511 0.242011 0.743607 0.908026 0.423372
vn 0.0136537 -0.00743285 0.999879
v -13.0187 13.4014 0.244104 0.746519 0.91066 0.423788
vn 0.0101937 -0.0234512 0.999673
v -13.1465 15.1634 0.271123 0.784108 0.94467 0.429158
vn 0.00400993 -0.0123947 0.999915
v -13.0534 15.2559 0.270419 0.78313 0.943784 0.429019
vn 0.00659948 -0.0108403 0.999919
v -13.1847 17.3464 0.295477 0.79 0.95 0.43
vn -0.00287832 -0.0085079 0.99996
v -13.0765 17.4378 0.294954 0.79 0.95 0.43
vn 0.00228658 -0.00304506 0.999993
v -13.1202 21.385 0.256865 0.764273 0.926723 0.426325
vn -0.0252625 0.0428934 0.99876
v -13.0519 21.4594 0.2554 0.762234 0.924878 0.426033
vn -0.0264678 0.0441934 0.998672
v -12.9394 -21.0848 -0.0430832 0.346968 0.549162 0.36671
vn 0.0399542 0.0193309 0.999015
v -12.9478 -20.8454 -0.0296202 0.365699 0.566108 0.369386
vn -0.200735 -0.0770401 0.976612
v -12.8978 -19.7175 0.0366485 0.457895 0.649524 0.382556
vn -0.049217 -0.0171309 0.998641
v -12.8912 -16.8677 -0.0498921 0.337495 0.540591 0.365356
vn 0.0361232 0.0215567 0.999115
v -12.8254 -13.0163 -0.0328275 0.361237 0.562071 0.368748
vn -0.0665013 -0.057447 0.996131
v -12.9332 -12.9024 -0.0334472 0.360374 0.561291 0.368625
vn -0.0665013 -0.057447 0.996131
v -12.8321 -7.40678 0.040968 0.463905 0.654962 0.383415
vn 0.0272181 0.00767186 0.9996
v -12.876 -7.29843 0.0415036 0.46465 0.655636 0.383521
vn 0.0293902 0.0030286 0.999563
v -12.9385 -7.09737 0.0441096 0.468276 0.658916 0.384039
vn 0.0297947 0.00452673 0.999546
v -12.9977 -6.94565 0.0446807 0.46907 0.659635 0.384153
vn 0.0283102 0.00959753 0.999553
v -12.9211 7.57691 0.133171 0.592182 0.771022 0.40174
vn -0.0783616 0.0499649 0.995672
v -12.845 7.72629 0.131498 0.589855 0.768916 0.401408
vn 0.0114778 -0.00292609 0.99993
v -12.9235 10.6703 0.170334 0.643886 0.817802 0.409127
vn 0.00880554 -0.0239363 0.999675
v -12.9464 13.5341 0.240756 0.741861 0.906445 0.423123
vn 0.00739221 -0.015069 0.999859
v -12.8013 13.6294 0.242709 0.744578 0.908904 0.423511
vn 0.00105775 -0.0181425 0.999835
v -12.888 15.3785 0.271123 0.784109 0.94467 0.429158
vn -0.000583057 -0.0155561 0.999879
v -12.9025 17.5763 0.294431 0.79 0.95 0.43
vn -0.000748528 -0.00512636 0.999987
v -12.8039 17.64 0.29478 0.79 0.95 0.43
vn -0.0339604 0.0479923 0.99827
v -12.9526 21.5635 0.253411 0.759467 0.922375 0.425638
vn -0.033731 0.0529575 0.998027
v -12.8056 21.6787 0.252155 0.757719 0.920794 0.425388
vn -0.0279158 0.0480595 0.998454
v -12.7721 -24.162 -0.0632474 0.318915 0.52378 0.362702
vn -0.0325399 -0.0565113 0.997872
v -12.7139 -23.7005 -0.0358735 0.356999 0.558237 0.368143
vn -0.0329236 -0.0546607 0.997962
v -12.6894 -21.3218 -0.0470594 0.341436 0.544157 0.365919
vn -0.059782 0.0284839 0.997805
v -12.6576 -17.0694 -0.0500548 0.337269 0.540386 0.365324
vn -0.0540152 -0.063827 0.996498
v -12.7527 -16.9577 -0.048102 0.339986 0.542844 0.365712
vn -0.0511133 -0.0590191 0.996947
v -12.6707 -13.2143 -0.0343147 0.359168 0.560199 0.368453
vn 0 0 0
v -12.7484 -13.1156 -0.0335711 0.360202 0.561135 0.3686
vn 0 0 0
v -12.6317 -7.82456 0.040968 0.463905 0.654962 0.383415
vn 0.026011 0.0117285 0.999593
v -12.6939 -7.71339 0.0402541 0.462912 0.654063 0.383273
vn 0.0244761 0.0138321 0.999605
v -12.77 -7.54898 0.0405397 0.463309 0.654422 0.38333
vn 0.0275541 0.0077351 0.99959
v -12.7733 3.34991 0.114222 0.56582 0.747171 0.397974
vn 0.0279456 -0.0141437 0.999509
v -12.6976 3.50492 0.116507 0.568999 0.750047 0.398428
vn 0.0159754 -0.0187285 0.999697
v -12.6516 3.62069 0.117007 0.569694 0.750676 0.398528
vn -0.00691881 -0.00152534 0.999975
v -12.7478 7.91304 0.12936 0.58688 0.766225 0.400983
vn 0.0131126 -0.004595 0.999903
v -12.667 8.01201 0.130382 0.588303 0.767512 0.401186
vn 0.00474581 -0.0134848 0.999898
v -12.7869 10.7875 0.172396 0.646754 0.820397 0.409536
vn 0.00699848 -0.015107 0.999861
v -12.7097 10.8817 0.171962 0.64615 0.81985 0.40945
vn 0.0132788 -0.0274327 0.999535
v -12.6696 13.692 0.245639 0.748654 0.912592 0.424093
vn 0.00494823 -0.0240551 0.999698
v -12.7321 15.4498 0.273873 0.787628 0.947854 0.429661
vn -0.00349726 -0.0179802 0.999832
v -12.6862 17.687 0.296524 0.79 0.95 0.43
vn 0.0043069 -0.00257597 0.999987
v -12.6427 21.7625 0.252678 0.758447 0.921452 0.425492
vn -0.0262638 0.0452634 0.99863
v -12.4333 -23.7635 -0.0302453 0.364829 0.565322 0.369261
vn -0.0320676 -0.0553888 0.99795
v -12.4952 -23.5099 -0.0182212 0.381558 0.580457 0.371651
vn 0.0281719 -0.0464918 0.998521
v -12.4895 -21.427 -0.0455247 0.343572 0.546089 0.366225
vn -0.0357476 -0.0537869 0.997912
v -12.4711 -17.2988 -0.054774 0.330703 0.534446 0.364386
vn 0.0473136 0.0271969 0.99851
v -12.5584 -17.1651 -0.0508684 0.336137 0.539362 0.365162
vn -0.0499988 -0.0615107 0.996853
v -12.4688 -13.4463 -0.0350583 0.358133 0.559263 0.368305
vn -0.067936 -0.0638397 0.995645
v -12.5724 -13.3284 -0.0346864 0.35865 0.559731 0.368379
vn -0.0625088 -0.0580365 0.996356
v -12.4303 -8.29113 0.0370055 0.458392 0.649974 0.382627
vn 0.0291163 -1.52828e-05 0.999576
v -12.5021 -8.0908 0.0403255 0.463011 0.654153 0.383287
vn 0.0278367 0.00668012 0.99959
v -12.5811 -7.94541 0.0399684 0.462514 0.653703 0.383216
vn 0.0262931 0.0089812 0.999614
v -12.5857 3.72552 0.119791 0.573568 0.754181 0.399081
vn 0.034325 -0.0167937 0.99927
v -12.5208 3.91209 0.11922 0.572774 0.753462 0.398968
vn 0.0349405 -0.0166922 0.99925
v -12.4321 4.11399 0.120113 0.574015 0.754585 0.399145
vn 0.0363329 -0.0139773 0.999242
v -12.5715 8.1005 0.132985 0.591923 0.770788 0.401703
vn -0.000363721 -0.0168922 0.999857
v -12.4529 8.24244 0.134348 0.59382 0.772504 0.401974
vn 0.010252 -0.00664469 0.999925
v -12.5857 10.9806 0.174023 0.649018 0.822445 0.40986
vn 0.008851 -0.0232284 0.999691
v -12.464 11.0826 0.17565 0.651282 0.824493 0.410183
vn 0.00656631 -0.0262514 0.999634
v -12.5417 13.7579 0.24815 0.752148 0.915753 0.424593
vn 0.00257657 -0.0236881 0.999716
v -12.5213 15.5439 0.277582 0.79 0.95 0.43
vn -0.0033283 -0.0163945 0.99986
v -12.5081 17.8517 0.294605 0.79 0.95 0.43
vn -0.0332392 0.0479611 0.998296
v -12.4753 21.8381 0.25362 0.759758 0.922638 0.42568
vn -0.0259676 0.0453154 0.998635
v -12.2123 -24.2935 -0.0527583 0.333508 0.536983 0.364787
vn -0.030909 -0.0558385 0.997961
v -12.2361 -24.1474 -0.0453392 0.34383 0.546322 0.366261
vn -0.0311097 -0.0557135 0.997962
v -12.202 -23.91 -0.0310126 0.363762 0.564356 0.369109
vn 0.0298145 -0.0115144 0.999489
v -12.2543 -23.7262 -0.0224423 0.375685 0.575144 0.370812
vn 0.0260656 0.0166889 0.999521
v -12.3284 -22.0613 0.0667144 0.499725 0.68737 0.388532
vn 0.0567585 0.0141046 0.998288
v -12.2965 -21.5165 -0.0434785 0.346418 0.548664 0.366631
vn 0.0456771 -0.046912 0.997854
v -12.2245 -17.502 -0.0550994 0.330251 0.534036 0.364322
vn -0.0502448 -0.063545 0.996713
v -12.3346 -17.381 -0.0529839 0.333194 0.536699 0.364742
vn -0.0502384 -0.0623844 0.996787
v -12.287 -13.6756 -0.0374747 0.354771 0.556222 0.367824
vn -0.0698608 -0.0658979 0.995378
v -12.3782 -13.5312 -0.0343147 0.359168 0.560199 0.368453
vn -0.067936 -0.0638397 0.995645
v -12.2344 -8.67076 0.035399 0.456157 0.647952 0.382308
vn 0.0280714 0.00779113 0.999576
v -12.3107 -8.51946 0.0363629 0.457498 0.649165 0.3825
vn 0.0267209 0.00916761 0.999601
v -12.3774 -8.39414 0.0366842 0.457945 0.649569 0.382564
vn 0.0267208 0.00839008 0.999608
v -12.3539 4.3359 0.118756 0.572128 0.752878 0.398875
vn 0.0163395 -0.00923842 0.999824
v -12.2783 4.49238 0.119577 0.57327 0.753911 0.399039
vn 0.00239976 -0.0102983 0.999944
v -12.2059 4.60666 0.121719 0.57625 0.756607 0.399464
vn 0.0112484 -0.0185325 0.999765
v -12.3831 8.33005 0.134844 0.59451 0.773128 0.402073
vn -0.0726685 0.0542421 0.99588
v -12.2929 8.50664 0.131807 0.590285 0.769306 0.401469
vn 0.0073215 -0.010488 0.999918
v -12.3294 11.1704 0.178742 0.655584 0.828385 0.410798
vn 0.00804381 -0.0149393 0.999856
v -12.2429 11.2609 0.178742 0.655584 0.828385 0.410798
vn 0.0114336 -0.022693 0.999677
v -12.3005 13.9006 0.251708 0.757097 0.920231 0.4253
vn 0.00735634 -0.0231323 0.999705
v -12.2869 15.6368 0.282123 0.79 0.95 0.43
vn -0.00841573 -0.0178641 0.999805
v -12.331 17.9505 0.29571 0.79 0.95 0.43
vn 0.00498964 -0.00342114 0.999982
v -12.226 18.084 0.292687 0.79 0.95 0.43
vn -0.0328688 0.0484692 0.998284
v -12.2856 21.9328 0.254196 0.760559 0.923363 0.425794
vn -0.0247246 0.0450154 0.99868
v -12.0286 -24.7311 -0.0716898 0.307169 0.513153 0.361024
vn -0.0322893 -0.0572821 0.997836
v -12.1479 -24.4638 -0.0603053 0.323008 0.527483 0.363287
vn -0.0310143 -0.0561792 0.997939
v -12.0526 -21.9156 -0.0580809 0.326103 0.530283 0.363729
vn 0.347934 0.047841 0.936298
v -12.0577 -21.7625 -0.049152 0.338525 0.541523 0.365504
vn 0.0791276 0.0113884 0.996799
v -12.0774 -21.5551 -0.0375724 0.354635 0.556099 0.367805
vn -0.0627132 -0.212594 0.975126
v -12.1944 -21.3719 0.108671 0.558096 0.740182 0.396871
vn -0.239553 -0.145641 0.959898
v -12.1148 -17.6033 -0.0560758 0.328892 0.532807 0.364127
vn -0.0499944 -0.0647307 0.99665
v -12.1991 -17.5931 -0.0596559 0.323912 0.528301 0.363416
vn 0.0354653 0.034565 0.998773
v -12.1025 -13.8895 -0.0391478 0.352443 0.554116 0.367492
vn 0 0 0
v -12.0369 -9.03561 0.0334713 0.453475 0.645525 0.381925
vn -0.0919429 -0.057535 0.994101
v -12.1017 -8.90344 0.034923 0.455495 0.647352 0.382214
vn 0.0260161 0.0127384 0.99958
v -12.0034 -2.32462 0.0225294 0.438252 0.631752 0.37975
vn 0.0303339 -0.00527108 0.999526
v -12.0042 -2.10334 0.024718 0.441297 0.634507 0.380185
vn 0.0298876 -0.0052979 0.999539
v -12.0074 -1.93685 0.0256861 0.442644 0.635725 0.380378
vn 0.0305996 -0.00884797 0.999493
v -12.0126 -1.27546 0.0278327 0.44563 0.638427 0.380804
vn 0.0318095 -0.00162493 0.999493
v -12.007 -1.05574 0.0285061 0.446567 0.639275 0.380938
vn 0.0337051 -0.00213919 0.99943
v -12.0188 -0.722973 0.0260228 0.443112 0.636149 0.380445
vn 0.0360829 -0.00549726 0.999334
v -12.0023 -0.557923 0.0272434 0.444811 0.637686 0.380687
vn 0.0372404 -0.00803678 0.999274
v -12.1237 4.75605 0.123076 0.578138 0.758315 0.399734
vn 0.000388157 -0.0118499 0.99993
v -12.0439 4.88215 0.125075 0.580919 0.760831 0.400131
vn 0.00992252 -0.0230996 0.999684
v -12.0708 8.72708 0.135835 0.595889 0.774376 0.40227
vn 0.00428949 -0.0132764 0.999903
v -12.1525 11.3455 0.17923 0.656263 0.829 0.410895
vn 0.00824991 -0.0265775 0.999613
v -12.0226 11.4356 0.181617 0.659583 0.832004 0.411369
vn 0.00665139 -0.0265073 0.999626
v -12.1131 14.0543 0.25201 0.757518 0.920611 0.42536
vn 0.0111481 -0.017037 0.999793
v -12.0627 15.7324 0.285961 0.79 0.95 0.43
vn -0.00858378 -0.0179181 0.999803
v -12.1172 18.1396 0.293501 0.79 0.95 0.43
vn -0.0323876 0.0497817 0.998235
v -12.1195 22.1517 0.248387 0.752477 0.91605 0.42464
vn -0.0280259 0.0515875 0.998275
v -11.8687 -25.0289 -0.0837137 0.290441 0.498018 0.358634
vn -0.032808 -0.0580868 0.997772
v -11.8924 -24.8629 -0.0750155 0.302542 0.508967 0.360363
vn -0.0299832 -0.0564949 0.997953
v -11.9429 -24.7591 -0.0706664 0.308593 0.514441 0.361228
vn -0.0300651 -0.0560226 0.997977
v -11.8733 -22.1068 -0.0630104 0.319245 0.524078 0.362749
vn 0.208868 0.163734 0.96414
v -11.9967 -21.9872 -0.0603132 0.322997 0.527474 0.363285
vn 0.131155 0.097512 0.986554
v -11.8197 -17.8638 -0.058354 0.325723 0.52994 0.363675
vn 0.0352958 0.0300622 0.998925
v -11.9005 -17.7103 -0.052333 0.334099 0.537519 0.364871
vn -0.0491576 -0.064708 0.996693
v -11.9403 -17.4965 -0.0404539 0.350626 0.552471 0.367232
vn -0.0486312 -0.0631206 0.99682
v -11.8849 -14.1139 -0.0397674 0.351581 0.553336 0.367369
vn 0 0 0
v -11.8606 -9.32378 0.0329001 0.45268 0.644806 0.381811
vn 0.0300794 0.00555751 0.999532
v -11.9615 -9.12835 0.0350777 0.45571 0.647547 0.382244
vn 0.0264674 0.0113438 0.999585
v -11.8213 -4.09167 0.0097342 0.420451 0.615646 0.377207
vn 0.0306872 -0.00386103 0.999522
v -11.8401 -3.92371 0.0120912 0.42373 0.618613 0.377676
vn 0.0318313 -0.00933048 0.99945
v -11.8593 -3.71913 0.0150655 0.427868 0.622357 0.378267
vn 0.0310632 -0.00755264 0.999489
v -11.8844 -3.47969 0.0176891 0.431518 0.625659 0.378788
vn 0.0301497 -0.00568403 0.999529
v -11.9024 -3.25673 0.0202986 0.435149 0.628944 0.379307
vn 0.0292218 -0.00442773 0.999563
v -11.9256 -3.09594 0.0205933 0.435558 0.629315 0.379365
vn 0.0291884 -0.000218345 0.999574
v -11.9475 -2.93053 0.0208457 0.43591 0.629633 0.379416
vn 0.0303573 -0.00409295 0.999531
v -11.9617 -2.6893 0.0229783 0.438877 0.632317 0.37984
vn 0.0296413 -0.00166099 0.999559
v -11.9888 -2.48915 0.0223611 0.438018 0.63154 0.379717
vn 0.0300654 -6.5921e-05 0.999548
v -11.9746 -2.21224 0.0274118 0.445045 0.637898 0.380721
vn -0.123724 -0.0102815 0.992263
v -11.9965 -1.71606 0.0285061 0.446567 0.639275 0.380938
vn 0.0305531 -0.00858664 0.999496
v -11.9932 -1.49509 0.0298529 0.448441 0.64097 0.381206
vn 0.0303661 0.00264131 0.999535
v -11.9932 -0.891252 0.0299371 0.448558 0.641076 0.381223
vn -0.12699 0.00372518 0.991897
v -11.9173 0.120533 0.0314524 0.450666 0.642984 0.381524
vn 0.0364869 -0.00799934 0.999302
v -11.8959 5.0963 0.12927 0.586755 0.766111 0.400965
vn 0.0110478 -0.0289219 0.999521
v -11.9098 8.8864 0.138437 0.59951 0.777652 0.402787
vn 0.00105966 -0.0167161 0.99986
v -11.8562 11.5552 0.184275 0.663281 0.835349 0.411897
vn 0.00583623 -0.0250306 0.99967
v -11.9729 14.1571 0.252754 0.758553 0.921548 0.425508
vn 0.00191247 -0.0252438 0.999679
v -11.8577 14.2629 0.252126 0.757679 0.920758 0.425383
vn 5.37361e-05 -0.0140721 0.999901
v -11.9114 15.8106 0.287752 0.79 0.95 0.43
vn 0.00357608 -0.00982833 0.999945
v -11.9493 18.1783 0.296989 0.79 0.95 0.43
vn 0.00186608 -0.00744557 0.999971
v -11.8466 18.2425 0.297105 0.79 0.95 0.43
vn 0.00594394 -0.00543122 0.999968
v -11.981 22.1886 0.250166 0.754952 0.91829 0.424993
vn -0.0246007 0.0451621 0.998677
v -11.8566 22.251 0.250375 0.755244 0.918554 0.425035
vn -0.0254064 0.0480888 0.99852
v -11.6999 -22.3133 -0.0692418 0.310575 0.516235 0.361511
vn 0.135769 -0.0389118 0.989976
v -11.6908 -22.1381 -0.0583599 0.325715 0.529932 0.363674
vn -0.0354871 -0.0594144 0.997602
v -11.6856 -18.0501 -0.0640495 0.317799 0.52277 0.362543
vn 0.0489953 0.0244244 0.9985
v -11.7417 -17.9419 -0.0596559 0.323912 0.528301 0.363416
vn -0.0464321 -0.0638335 0.99688
v -11.6023 -14.4391 -0.043609 0.346237 0.5485 0.366605
vn -0.0620317 -0.0674118 0.995795
v -11.7027 -14.3143 -0.0415024 0.349168 0.551152 0.367024
vn -0.0596023 -0.0647717 0.996119
v -11.6295 -9.6984 0.0311151 0.450197 0.642559 0.381457
vn 0.0306773 0.0117165 0.999461
v -11.7403 -9.53813 0.0309723 0.449998 0.642379 0.381428
vn 0.0309541 0.00721411 0.999495
v -11.6396 -4.9081 0.00523062 0.414185 0.609977 0.376312
vn 0.027564 -0.00226846 0.999617
v -11.6899 -4.68936 0.00691426 0.416527 0.612096 0.376647
vn 0.0284034 0.000627812 0.999596
v -11.7301 -4.48184 0.00897655 0.419397 0.614692 0.377057
vn 0.028992 -0.00426413 0.999571
v -11.77 -4.29947 0.00984642 0.420607 0.615787 0.37723
vn 0.0290084 0.00141264 0.999578
v -11.7374 5.3157 0.133714 0.592938 0.771706 0.401848
vn 0.0150034 -0.0229509 0.999624
v -11.6417 5.48311 0.134357 0.593832 0.772515 0.401976
vn 0.0104515 -0.012401 0.999868
v -11.7108 9.09623 0.140441 0.602297 0.780173 0.403185
vn 0.000573677 -0.00375861 0.999993
v -11.7142 11.6395 0.187448 0.667696 0.839344 0.412528
vn 0.00267908 -0.0223438 0.999747
v -11.6983 14.3693 0.253312 0.759329 0.92225 0.425618
vn -0.0103519 -0.023771 0.999664
v -11.7366 15.9153 0.288967 0.79 0.95 0.43
vn 0.0113283 -0.0121206 0.999862
v -11.6529 16.0139 0.286984 0.79 0.95 0.43
vn 0.00157358 -0.0032055 0.999994
v -11.7155 18.3294 0.29695 0.79 0.95 0.43
vn 0.00929968 -0.0015402 0.999956
v -11.6856 22.3146 0.251631 0.756991 0.920135 0.425284
vn -0.0241319 0.0452288 0.998685
v -11.5716 -24.6528 -0.0535258 0.33244 0.536017 0.364634
vn -0.00509597 0.020116 0.999785
v -11.5223 -22.525 -0.0758456 0.301388 0.507922 0.360198
vn 0.0189869 0.0132673 0.999732
v -11.4818 -22.1079 -0.049152 0.338525 0.541523 0.365504
vn -0.0340411 -0.0597676 0.997632
v -11.522 -18.1662 -0.0638868 0.318025 0.522975 0.362575
vn -0.0458328 -0.0641693 0.996886
v -11.4554 -14.6059 -0.0458397 0.343133 0.545692 0.366162
vn -0.0612749 -0.0679007 0.995809
v -11.5141 -14.5203 -0.043609 0.346237 0.5485 0.366605
vn -0.0606777 -0.0667834 0.995921
v -11.4199 -10.0442 0.0279022 0.445727 0.638515 0.380818
vn 0.0291914 0.0118589 0.999503
v -11.5276 -9.86585 0.0297229 0.44826 0.640807 0.38118
vn 0.0298728 0.0128563 0.999471
v -11.4295 -5.71253 -0.00221917 0.403821 0.6006 0.374832
vn 0.0294403 -0.00398662 0.999559
v -11.4778 -5.46533 0.00274738 0.41073 0.606851 0.375819
vn 0.0285198 -0.00581297 0.999576
v -11.5228 -5.2913 0.0045572 0.413248 0.609129 0.376178
vn 0.0264706 -0.00170887 0.999648
v -11.5593 -5.13939 0.0061987 0.415532 0.611196 0.376505
vn 0.0240614 0.00529798 0.999696
v -11.5684 5.59627 0.135428 0.595322 0.773863 0.402189
vn -0.0028165 -0.0155909 0.999874
v -11.4736 5.71094 0.138284 0.599296 0.777458 0.402757
vn 0.00686039 -0.0281786 0.999579
v -11.5345 9.30257 0.140606 0.602527 0.780381 0.403218
vn -0.000573559 -0.0058668 0.999983
v -11.426 9.43096 0.14042 0.602268 0.780147 0.403181
vn 0.0074181 -0.015265 0.999856
v -11.5946 11.7554 0.187367 0.667583 0.839242 0.412512
vn 0.00911436 -0.0214531 0.999728
v -11.4715 11.8492 0.188669 0.669394 0.84088 0.412771
vn 0.00949783 -0.023593 0.999677
v -11.5102 14.3766 0.261055 0.770102 0.931997 0.427157
vn 0.00460723 -0.030054 0.999538
v -11.503 16.1251 0.286728 0.79 0.95 0.43
vn 0.0118488 -0.00535373 0.999915
v -11.5196 18.4986 0.294663 0.79 0.95 0.43
vn 0.0104149 -0.00105215 0.999945
v -11.5569 22.3684 0.252259 0.757865 0.920925 0.425409
vn -0.0233974 0.0455743 0.998687
v -11.4409 22.4417 0.251632 0.756991 0.920135 0.425284
vn -0.0247219 0.0481566 0.998534
v -11.2714 -22.5013 -0.0657541 0.315427 0.520625 0.362204
vn -0.0342174 -0.0607406 0.997567
v -11.2604 -18.4555 -0.070884 0.30829 0.514167 0.361184
vn 0.0335223 0.0381934 0.998708
v -11.3643 -18.3515 -0.0687686 0.311233 0.51683 0.361605
vn 0.047881 0.021946 0.998612
v -11.2226 -14.8603 -0.0491858 0.338478 0.54148 0.365497
vn 0 0 0
v -11.3376 -14.738 -0.0476987 0.340547 0.543352 0.365792
vn -0.0574191 -0.0652708 0.996214
v -11.2886 -10.2786 0.0241181 0.440462 0.633752 0.380066
vn 0.0298363 0.0062482 0.999535
v -11.3583 -10.1477 0.0266171 0.443939 0.636897 0.380563
vn 0.0308472 0.00728872 0.999498
v -11.2489 -6.33852 -0.0106792 0.392051 0.589951 0.37315
vn 0.0294179 0.00498453 0.999555
v -11.3095 -6.13152 -0.00752248 0.396442 0.593924 0.373777
vn 0.0311116 -0.00411074 0.999507
v -11.3703 -5.90235 -0.0038186 0.401595 0.598586 0.374514
vn 0.0298161 -0.0025352 0.999552
v -11.2143 2.6668 0.0521603 0.479476 0.66905 0.385639
vn 0.0328763 -0.0156776 0.999336
v -11.3138 5.89957 0.142996 0.605851 0.783389 0.403693
vn 0.00748587 -0.0257539 0.99964
v -11.3325 9.50947 0.142093 0.604596 0.782253 0.403514
vn -0.00573634 -0.0101382 0.999932
v -11.2083 9.60904 0.14451 0.607958 0.785295 0.403994
vn -0.00611245 -0.0106212 0.999925
v -11.3506 11.9474 0.189482 0.670526 0.841904 0.412932
vn 0.00689615 -0.0240485 0.999687
v -11.2464 12.0152 0.19111 0.67279 0.843953 0.413256
vn 0.00548321 -0.0242135 0.999692
v -11.292 14.4887 0.264194 0.774469 0.935948 0.427781
vn 4.42945e-05 -0.0284962 0.999594
v -11.2904 16.3344 0.283467 0.79 0.95 0.43
vn 0.01323 -0.00157629 0.999911
v -11.2886 18.6761 0.292861 0.79 0.95 0.43
vn 0.00487695 -0.00536728 0.999974
v -11.2775 22.5293 0.251422 0.7567 0.919871 0.425243
vn -0.028536 0.0565721 0.997991
v -11.0465 -22.6281 -0.0658936 0.315233 0.520449 0.362176
vn -0.0332754 -0.061167 0.997573
v -11.1298 -22.5186 -0.0619872 0.320668 0.525366 0.362953
vn -0.0332898 -0.059967 0.997645
v -11.0163 -18.6145 -0.070396 0.308969 0.514782 0.361281
vn 0.0263513 0.043483 0.998707
v -11.125 -18.517 -0.0687686 0.311233 0.51683 0.361605
vn -0.0446538 -0.0650687 0.996881
v -11.029 -15.0732 -0.0525318 0.333823 0.537268 0.364832
vn -0.0627348 -0.0742504 0.995264
v -11.1399 -14.9607 -0.0512304 0.335633 0.538906 0.36509
vn 0 0 0
v -11.036 -10.6379 0.0216906 0.437085 0.630696 0.379584
vn 0.0191121 0.0191774 0.999633
v -11.1478 -10.5104 0.0208338 0.435893 0.629618 0.379413
vn 0.0251988 0.0109686 0.999622
v -11.0211 -6.88046 -0.0131204 0.388654 0.586878 0.372665
vn 0.026469 0.0109066 0.99959
v -11.097 -6.69617 -0.0117314 0.390587 0.588626 0.372941
vn 0.0277979 0.00662559 0.999592
v -11.1737 -6.51502 -0.0109738 0.391641 0.58958 0.373092
vn 0.0292125 0.00466569 0.999562
v -11.1738 2.7476 0.0538439 0.481818 0.671169 0.385974
vn 0.0312528 -0.0198031 0.999315
v -11.1218 2.89986 0.0538859 0.481877 0.671222 0.385982
vn 0.0340884 -0.0179494 0.999258
v -11.0473 3.1252 0.0531705 0.480882 0.670321 0.38584
vn 0.037523 -0.0135396 0.999204
v -11.1108 6.10482 0.150278 0.615983 0.792556 0.40514
vn 0.0276111 -0.0356515 0.998983
v -11.0358 6.26826 0.14778 0.612507 0.789411 0.404644
vn -0.0925511 0.0576501 0.994038
v -11.0804 9.7197 0.146307 0.610458 0.787557 0.404351
vn -0.00353363 -0.004101 0.999985
v -11.0823 12.1357 0.192683 0.674978 0.845933 0.413568
vn 0.00848253 -0.0238997 0.999678
v -11.1493 14.5568 0.266426 0.777574 0.938758 0.428225
vn 0.0189061 -0.0265329 0.999469
v -11.0377 14.666 0.264961 0.775536 0.936914 0.427934
vn 0.0154104 -0.0211596 0.999657
v -11.071 16.5362 0.280588 0.79 0.95 0.43
vn 0.00775234 -0.00667139 0.999948
v -11.1216 18.7516 0.294082 0.79 0.95 0.43
vn 0.00631048 -0.00509317 0.999967
v -11.0367 18.8386 0.292222 0.79 0.95 0.43
vn -0.0295104 0.05015 0.998306
v -11.1392 22.5584 0.253306 0.759321 0.922243 0.425617
vn -0.0232038 0.0459314 0.998675
v -11.0185 22.638 0.252364 0.758011 0.921057 0.42543
vn -0.0221065 0.0457895 0.998706
v -10.9192 -22.8376 -0.0745433 0.303199 0.509561 0.360457
vn 0.0251002 0.00332503 0.999679
v -10.8891 -22.7721 -0.069521 0.310187 0.515883 0.361455
vn -0.0327487 -0.0612064 0.997588
v -10.8649 -18.7166 -0.0705044 0.308819 0.514645 0.36126
vn -0.0456003 -0.0690148 0.996573
v -10.8658 -15.2659 -0.0566212 0.328134 0.532121 0.364019
vn -0.0600163 -0.0723355 0.995573
v -10.9228 -15.1853 -0.0542047 0.331496 0.535163 0.364499
vn -0.0600163 -0.0723355 0.995573
v -10.8415 -10.8862 0.0208338 0.435893 0.629618 0.379413
vn -0.0831564 -0.0690671 0.99414
v -10.9202 -10.7467 0.0239396 0.440214 0.633527 0.380031
vn 0.0267832 0.0124695 0.999563
v -10.8447 -7.24645 -0.0141305 0.387249 0.585606 0.372464
vn 0.0264188 0.0113864 0.999586
v -10.9114 -7.10321 -0.0132887 0.38842 0.586666 0.372631
vn 0.0277546 0.00881178 0.999576
v -10.9634 3.32199 0.054321 0.482482 0.67177 0.386069
vn 0.033966 -0.0201013 0.999221
v -10.8744 3.52267 0.0554433 0.484044 0.673182 0.386292
vn 0.0352781 -0.0146375 0.99927
v -10.844 3.61732 0.0544332 0.482638 0.671911 0.386091
vn 0.0367376 -0.0109604 0.999265
v -10.9343 6.37463 0.150778 0.616679 0.793186 0.40524
vn 0.0323162 -0.03167 0.998976
v -10.841 6.49561 0.151992 0.618367 0.794713 0.405481
vn 0.0306589 -0.035098 0.998913
v -10.9161 9.92066 0.144603 0.608087 0.785412 0.404012
vn 0.00465627 -0.0180812 0.999826
v -10.8584 12.2993 0.194608 0.677657 0.848357 0.413951
vn 0.0103459 -0.0222541 0.999699
v -10.9241 14.7729 0.263636 0.773692 0.935246 0.42767
vn 0.0101802 -0.0135184 0.999857
v -10.8432 14.8314 0.263636 0.773692 0.935246 0.42767
vn 0.0151735 -0.0180132 0.999723
v -10.8848 16.6513 0.280972 0.79 0.95 0.43
vn 0.00555725 -0.00911635 0.999943
v -10.8748 18.9266 0.292512 0.79 0.95 0.43
vn 0.00908882 -0.00432752 0.999949
v -10.8691 22.7441 0.250794 0.755826 0.919081 0.425118
vn -0.0308822 0.062359 0.997576
v -10.6928 -22.8582 -0.0684048 0.31174 0.517288 0.361677
vn -0.0324319 -0.0619767 0.997551
v -10.682 -18.9076 -0.0754404 0.301951 0.508432 0.360279
vn -0.0448285 -0.0697029 0.99656
v -10.7448 -18.7984 -0.0707213 0.308517 0.514372 0.361217
vn -0.0424544 -0.0667792 0.996864
v -10.7028 -15.4183 -0.0581084 0.326065 0.530249 0.363724
vn 0 0 0
v -10.7956 -15.3307 -0.057179 0.327358 0.531419 0.363908
vn -0.0570084 -0.0702164 0.995901
v -10.6691 -11.0992 0.019977 0.434701 0.628539 0.379243
vn 0.0297642 0.0119971 0.999485
v -10.768 -10.979 0.0204055 0.435297 0.629078 0.379328
vn 0.0296275 0.010427 0.999507
v -10.6358 -7.66179 -0.0162771 0.384262 0.582904 0.372037
vn 0.0283124 0.00614716 0.99958
v -10.7358 -7.45798 -0.0146776 0.386488 0.584917 0.372355
vn 0.028437 0.00515198 0.999582
v -10.7794 -7.3545 -0.0132466 0.388479 0.586719 0.37264
vn -0.118909 -0.0638234 0.990852
v -10.7786 3.7528 0.0553591 0.483927 0.673076 0.386275
vn 0.0303824 -0.0251065 0.999223
v -10.7044 3.89806 0.0565797 0.485625 0.674613 0.386518
vn 0.0289582 -0.0293951 0.999148
v -10.6082 4.05607 0.0593997 0.489548 0.678163 0.387078
vn 0.0280117 -0.0295019 0.999172
v -10.6779 6.68474 0.155062 0.622639 0.798578 0.406091
vn 0.0331597 -0.0344352 0.998857
v -10.6857 10.0731 0.150086 0.615716 0.792315 0.405102
vn -0.0072292 -0.00525549 0.99996
v -10.7689 12.3662 0.195178 0.67845 0.849074 0.414064
vn 0.011802 -0.0195045 0.99974
v -10.652 12.4653 0.195096 0.678337 0.848971 0.414048
vn 0.00843814 -0.0267205 0.999607
v -10.6661 14.9401 0.264613 0.775051 0.936475 0.427864
vn 0.0134334 -0.0219478 0.999669
v -10.7541 16.7259 0.281484 0.79 0.95 0.43
vn 0.00946293 -0.0118049 0.999886
v -10.6447 16.8235 0.279949 0.79 0.95 0.43
vn 0.0125952 -0.00520979 0.999907
v -10.6876 19.0479 0.291757 0.79 0.95 0.43
vn 0.00684904 -0.00576286 0.99996
v -10.7027 22.8259 0.250689 0.755681 0.918949 0.425097
vn -0.0250474 0.0528945 0.998286
v -10.4759 -22.9034 -0.0642196 0.317562 0.522556 0.362509
vn -0.0314795 -0.0622296 0.997565
v -10.5115 -18.9756 -0.0726741 0.3058 0.511914 0.360829
vn -0.0423823 -0.0675547 0.996815
v -10.4782 -15.6427 -0.0616402 0.321151 0.525803 0.363022
vn -0.0560366 -0.0733896 0.995728
v -10.5847 -15.5254 -0.0590997 0.324685 0.529001 0.363526
vn -0.0536817 -0.0702306 0.996085
v -10.5152 -11.2963 0.0182634 0.432317 0.626382 0.378902
vn 0.0258478 0.0176007 0.999511
v -10.4283 -8.03806 -0.0180449 0.381803 0.580679 0.371686
vn -0.107645 -0.0670265 0.991927
v -10.5288 -7.88632 -0.0189708 0.380515 0.579513 0.371502
vn 0.0276965 0.008453 0.999581
v -10.5577 4.15271 0.059989 0.490368 0.678904 0.387195
vn 0.0254561 -0.0355912 0.999042
v -10.4918 4.24093 0.0626827 0.494116 0.682295 0.387731
vn 0.0243929 -0.0376765 0.998992
v -10.5344 6.86782 0.156323 0.624394 0.800166 0.406342
vn 0.0333606 -0.0348976 0.998834
v -10.5711 10.1934 0.149715 0.615199 0.791847 0.405028
vn 0.0033118 -0.0216719 0.99976
v -10.4775 10.2574 0.151574 0.617785 0.794187 0.405398
vn -0.000432488 -0.00925749 0.999957
v -10.4928 12.5614 0.197293 0.681393 0.851736 0.414485
vn 0.00378055 -0.0209912 0.999773
v -10.4394 12.643 0.194852 0.677997 0.848664 0.414
vn 0.0104627 -0.0303463 0.999485
v -10.4567 15.0867 0.264543 0.774954 0.936387 0.427851
vn 0.0170869 -0.0202028 0.99965
v -10.4965 16.9416 0.278542 0.79 0.95 0.43
vn 0.00682204 -0.00723493 0.999951
v -10.5623 19.152 0.290012 0.79 0.95 0.43
vn 0.00448041 -0.00485315 0.999978
v -10.4352 19.2536 0.288384 0.79 0.95 0.43
vn -0.027874 0.0524189 0.998236
v -10.5331 22.9012 0.250899 0.755972 0.919213 0.425139
vn -0.0251931 0.0545503 0.998193
v -10.3449 -23.3095 -0.0854255 0.28806 0.495863 0.358294
vn -0.0140342 0.0380416 0.999178
v -10.3741 -23.0895 -0.0725902 0.305917 0.51202 0.360845
vn -0.031635 -0.0623023 0.997556
v -10.2334 -19.2129 -0.0772305 0.299461 0.506179 0.359923
vn -0.0420889 -0.0696593 0.996683
v -10.3252 -19.1288 -0.0752777 0.302178 0.508637 0.360311
vn -0.0423304 -0.0687462 0.996736
v -10.2386 -15.8518 -0.063685 0.318306 0.523229 0.362615
vn -0.0562591 -0.0752851 0.995574
v -10.3378 -15.7475 -0.0614544 0.321409 0.526037 0.363058
vn -0.0560366 -0.0733896 0.995728
v -10.2049 -11.6699 0.0152647 0.428145 0.622607 0.378306
vn -0.0758415 -0.073473 0.994409
v -10.3112 -11.5194 0.0181207 0.432118 0.626202 0.378874
vn 0.0276759 0.0161001 0.999487
v -10.2929 -8.29129 -0.0207386 0.378055 0.577288 0.371151
vn 0.0294971 0.00703773 0.99954
v -10.3843 -8.1436 -0.0204018 0.378524 0.577712 0.371218
vn 0.0257483 0.0128129 0.999586
v -10.399 4.38834 0.0649555 0.497278 0.685156 0.388183
vn 0.0253722 -0.0374517 0.998976
v -10.3153 4.50078 0.0679439 0.501435 0.688918 0.388776
vn 0.0294622 -0.0272171 0.999195
v -10.244 4.6457 0.0673967 0.500674 0.688229 0.388668
vn 0.0297088 -0.0283643 0.999156
v -10.348 7.09671 0.157918 0.626612 0.802173 0.406659
vn 0.0343904 -0.0322758 0.998887
v -10.2454 7.24046 0.157347 0.625817 0.801454 0.406545
vn 0.0405742 -0.0231741 0.998908
v -10.3528 10.35 0.153432 0.620371 0.796526 0.405767
vn -0.0142221 -0.00289688 0.999895
v -10.2679 10.4416 0.152689 0.619337 0.795591 0.40562
vn 0.00392195 -0.0205243 0.999782
v -10.3126 12.6965 0.19789 0.682223 0.852488 0.414603
vn 0.00813826 -0.0168493 0.999825
v -10.3653 15.1694 0.263357 0.773304 0.934894 0.427615
vn 0.0208579 -0.00887398 0.999743
v -10.2729 15.2482 0.26238 0.771946 0.933665 0.427421
vn 0.0215011 -0.0145203 0.999663
v -10.3113 17.0253 0.280141 0.79 0.95 0.43
vn 0.00155675 -0.0109282 0.999939
v -10.2688 19.2911 0.291059 0.79 0.95 0.43
vn -0.00316225 -0.00722194 0.999969
v -10.3472 22.9407 0.253097 0.75903 0.92198 0.425576
vn -0.0213654 0.04572 0.998726
v -10.2388 23.0382 0.250794 0.755826 0.919081 0.425118
vn -0.023063 0.0507008 0.998448
v -10.0811 -23.0661 -0.0619872 0.320668 0.525366 0.362953
vn -0.0308818 -0.0624338 0.997571
v -10.0144 -22.1848 -0.0047869 0.400248 0.597367 0.374321
vn -0.000752226 -0.0110471 0.999939
v -10.1301 -19.2587 -0.0760914 0.301046 0.507613 0.360149
vn -0.0414719 -0.0703265 0.996662
v -10.0503 -16.0245 -0.0662875 0.314685 0.519953 0.362098
vn -0.0549501 -0.0754695 0.995633
v -10.1524 -15.9502 -0.0662875 0.314685 0.519953 0.362098
vn -0.0549501 -0.0754695 0.995633
v -10.0487 -11.8493 0.0137654 0.426059 0.62072 0.378008
vn -0.0763165 -0.0762828 0.994161
v -10.1365 -11.7303 0.0160144 0.429188 0.623551 0.378455
vn 0.0249015 0.0181038 0.999526
v -10.0139 -8.82596 -0.0296615 0.365641 0.566056 0.369377
vn 0.0304559 0.0113854 0.999471
v -10.0781 -8.70763 -0.0276412 0.368452 0.5686 0.369779
vn 0.0325892 0.00553484 0.999454
v -10.1511 -8.54926 -0.0238531 0.373722 0.573368 0.370532
vn 0.0323148 0.00317317 0.999473
v -10.1789 4.7345 0.0693328 0.503368 0.690666 0.389053
vn 0.0252128 -0.0353184 0.999058
v -10.0812 4.87626 0.0714372 0.506295 0.693315 0.389471
vn 0.0157949 -0.0304271 0.999412
v -10.1628 7.3593 0.15649 0.624625 0.800375 0.406375
vn 0.0361832 -0.0266065 0.998991
v -10.0592 7.5006 0.155705 0.623533 0.799387 0.406219
vn 0.0171264 -0.0167327 0.999713
v -10.123 10.5284 0.155973 0.623906 0.799724 0.406272
vn -0.00851586 -0.00661622 0.999942
v -10.0164 10.6143 0.156778 0.625027 0.800738 0.406432
vn -0.00190551 -0.00771838 0.999968
v -10.0949 12.8501 0.198921 0.683657 0.853785 0.414808
vn 0.00795598 -0.0241761 0.999676
v -10.0897 15.4376 0.258335 0.766317 0.928572 0.426617
vn 0.0122894 -0.00792527 0.999893
v -10.101 17.0707 0.284554 0.79 0.95 0.43
vn 0.0178009 -0.0102217 0.999789
v -10.0345 17.2508 0.276751 0.79 0.95 0.43
vn 0.00971129 0.000227945 0.999953
v -10.0929 19.3481 0.292919 0.79 0.95 0.43
vn -0.00701329 -0.0125352 0.999897
v -10.111 23.0931 0.250899 0.755972 0.919213 0.425139
vn -0.0217312 0.0487675 0.998574
v -9.86188 -23.5039 -0.0829141 0.291553 0.499025 0.358793
vn 0.0566672 0.101648 0.993205
v -9.92885 -23.3395 -0.0745433 0.303199 0.509561 0.360457
vn -0.0303308 -0.0629337 0.997557
v -9.94868 -22.9888 -0.0530585 0.33309 0.536605 0.364727
vn -0.0307775 -0.0625671 0.997566
v -9.82328 -19.5329 -0.0827634 0.291763 0.499214 0.358823
vn -0.0414503 -0.0711545 0.996604
v -9.8016 -19.3476 -0.0687686 0.311233 0.51683 0.361605
vn -0.0406412 -0.0704536 0.996687
v -9.84125 -16.2779 -0.0742806 0.303565 0.509892 0.360509
vn -0.0525003 -0.0759978 0.995725
v -9.94986 -16.1356 -0.0692617 0.310547 0.51621 0.361507
vn -0.0530988 -0.0755221 0.995729
v -9.82704 -12.0911 0.0119447 0.423526 0.618428 0.377647
vn 0.0310969 0.00821039 0.999483
v -9.92933 -11.9539 0.0148364 0.427549 0.622068 0.378221
vn 0.0262047 0.0154685 0.999537
v -9.85355 -9.03541 -0.0289039 0.366695 0.56701 0.369528
vn 0.0263237 0.0149129 0.999542
v -9.9311 -8.93593 -0.0293248 0.36611 0.56648 0.369444
vn 0.0267175 0.0157271 0.999519
v -9.99338 4.99982 0.0733735 0.508989 0.695752 0.389856
vn 0.00599854 -0.0331397 0.999433
v -9.88296 5.12325 0.0774981 0.514728 0.700944 0.390675
vn 0.00297141 -0.0131179 0.99991
v -9.89476 7.69602 0.15599 0.62393 0.799746 0.406276
vn 0.00714342 -0.00919609 0.999932
v -9.90543 10.7307 0.155601 0.623388 0.799256 0.406198
vn 0.00914365 -0.0183471 0.99979
v -9.95099 12.9671 0.198432 0.682978 0.85317 0.414711
vn 0.0189499 -0.0265101 0.999469
v -9.83535 13.0185 0.200711 0.686147 0.856038 0.415164
vn 0.00617886 -0.02536 0.999659
v -9.89787 15.5545 0.258683 0.766802 0.929011 0.426686
vn 0.0159189 -0.0178253 0.999714
v -9.86487 17.3666 0.275728 0.79 0.95 0.43
vn 0.0167336 -0.00314369 0.999855
v -9.91255 19.4754 0.291175 0.79 0.95 0.43
vn -0.0265393 0.0521541 0.998286
v -9.94822 23.1779 0.250271 0.755098 0.918422 0.425014
vn -0.0209166 0.0481384 0.998622
v -9.84193 23.2654 0.248282 0.752331 0.915919 0.424619
vn -0.0240607 0.0533546 0.998286
v -9.69932 -23.6503 -0.0873786 0.285342 0.493405 0.357906
vn 0.129538 0.107933 0.985683
v -9.74566 -23.5452 -0.0820771 0.292718 0.500078 0.35896
vn -0.0289794 -0.0631644 0.997582
v -9.68827 -22.6538 -0.0240397 0.373463 0.573133 0.370495
vn -0.0294293 -0.0629569 0.997582
v -9.62154 -19.7016 -0.0866689 0.28633 0.494298 0.358047
vn -0.0389247 -0.0706193 0.996744
v -9.73032 -19.5972 -0.0835769 0.290631 0.49819 0.358662
vn -0.0397754 -0.0706388 0.996709
v -9.74845 -19.125 -0.0508685 0.336137 0.539362 0.365162
vn -0.0379662 -0.0698735 0.996833
v -9.76283 -18.992 -0.0420812 0.348362 0.550423 0.366909
vn 0.0160298 0.00343555 0.999866
v -9.62001 -16.4609 -0.0766972 0.300203 0.50685 0.360029
vn -0.0520239 -0.07661 0.995703
v -9.71695 -16.3564 -0.073723 0.304341 0.510594 0.36062
vn -0.051798 -0.0755842 0.995793
v -9.67397 -12.2758 0.00883887 0.419205 0.614519 0.377029
vn 0.0307954 0.0090267 0.999485
v -9.64536 -9.32183 -0.0300824 0.365056 0.565527 0.369294
vn 0.0256844 0.011482 0.999604
v -9.77233 -9.14645 -0.0291565 0.366344 0.566692 0.369478
vn 0.0281943 0.00996044 0.999553
v -9.75826 5.32996 0.0773298 0.514493 0.700732 0.390642
vn 0.017379 -0.017697 0.999692
v -9.64225 5.47297 0.0800656 0.5183 0.704176 0.391186
vn 0.00565191 -0.01688 0.999842
v -9.74762 7.85497 0.156918 0.625221 0.800915 0.40646
vn 0.00272112 -0.00889983 0.999957
v -9.60431 8.01596 0.157061 0.62542 0.801094 0.406489
vn 0.0117458 -0.0150024 0.999818
v -9.69991 10.8889 0.157088 0.625458 0.801128 0.406494
vn 0.000493529 -0.0152112 0.999884
v -9.6659 13.1253 0.201823 0.687694 0.857438 0.415385
vn 0.011682 -0.0224174 0.99968
v -9.71818 15.655 0.259381 0.767772 0.929889 0.426825
vn 0.0214437 -0.0142433 0.999669
v -9.72927 17.4637 0.274576 0.788913 0.949017 0.429845
vn 0.00716878 -0.00949349 0.999929
v -9.7124 23.3228 0.248177 0.752186 0.915787 0.424598
vn -0.0203199 0.0480248 0.998639
v -9.60534 23.4221 0.245561 0.748545 0.912493 0.424078
vn -0.0262386 0.0585858 0.997937
v -9.47873 -24.4513 0.01606 0.429252 0.623609 0.378465
vn 0.00980588 0.0855487 0.996286
v -9.50029 -23.8394 -0.0936567 0.276608 0.485502 0.356658
vn 0.0584614 0.143676 0.987896
v -9.49849 -19.8648 -0.0935035 0.276821 0.485695 0.356689
vn -0.0394809 -0.0718807 0.996632
v -9.50517 -16.5415 -0.0770069 0.299772 0.50646 0.359967
vn -0.0493606 -0.0741483 0.996025
v -9.47209 -12.5001 0.00569738 0.414835 0.610565 0.376405
vn 0.0211881 0.0174521 0.999623
v -9.58329 -12.3923 0.0062687 0.415629 0.611284 0.376518
vn 0.0278127 0.0110329 0.999552
v -9.41882 -9.63974 -0.033197 0.360723 0.561606 0.368675
vn 0.0325918 0.00738179 0.999441
v -9.4912 -9.53565 -0.0318502 0.362596 0.563301 0.368942
vn 0.0234157 0.0167592 0.999585
v -9.41165 -3.25782 0.0406851 0.463511 0.654606 0.383359
vn 0.0145665 7.248e-05 0.999894
v -9.44014 -3.10951 0.0408388 0.463725 0.654799 0.383389
vn 0.0135176 0.000286387 0.999909
v -9.4849 -2.93536 0.0387891 0.460873 0.652219 0.382982
vn 0.0116248 0.00316009 0.999927
v -9.51323 -2.6947 0.0403776 0.463084 0.654218 0.383298
vn 0.0115643 -0.00986825 0.999884
v -9.52993 -2.48171 0.0423248 0.465793 0.656669 0.383685
vn 0.0114367 -0.00805478 0.999902
v -9.5431 -2.26639 0.0441695 0.468359 0.658991 0.384051
vn 0.011556 -0.0103363 0.99988
v -9.54375 -2.10619 0.0465268 0.471639 0.661959 0.38452
vn 0.011444 -0.00220018 0.999932
v -9.5634 -1.94601 0.0455019 0.470213 0.660669 0.384316
vn 0.0110849 -0.00273184 0.999935
v -9.56257 -1.73243 0.0477566 0.47335 0.663507 0.384764
vn 0.0107805 -0.00864475 0.999905
v -9.56444 -1.50964 0.0489351 0.474989 0.66499 0.384998
vn 0.0105081 -0.00904541 0.999904
v -9.56047 -1.26809 0.0503187 0.476914 0.666732 0.385273
vn 0.0101557 -0.00364252 0.999942
v -9.55474 -1.05461 0.0511385 0.478055 0.667764 0.385436
vn 0.0108194 0.00630778 0.999922
v -9.5648 -0.894725 0.0490889 0.475203 0.665184 0.385029
vn 0.0106866 0.00167579 0.999941
v -9.54919 -0.723114 0.0505236 0.477199 0.66699 0.385314
vn 0.0109019 -0.00360732 0.999934
v -9.54045 -0.533794 0.0502845 0.476866 0.666689 0.385267
vn 0.0112446 0.00225392 0.999934
v -9.52954 -0.3148 0.0494305 0.475678 0.665614 0.385097
vn 0.0105697 -0.00424599 0.999935
v -9.48999 -0.0622325 0.0517534 0.47891 0.668538 0.385559
vn 0.0105284 -0.00743332 0.999917
v -9.46341 0.139815 0.0521121 0.479409 0.668989 0.38563
vn 0.00929181 -0.0123387 0.999881
v -9.4255 0.268709 0.055238 0.483758 0.672924 0.386251
vn 0.00927133 -0.0147975 0.999848
v -9.57076 5.56637 0.081202 0.519881 0.705606 0.391412
vn 0.00939321 -0.0111597 0.999894
v -9.48583 5.68812 0.0815668 0.520388 0.706065 0.391484
vn 0.0137706 -0.0152563 0.999789
v -9.46519 8.14751 0.158632 0.627605 0.803071 0.406801
vn -0.00146438 -0.0106326 0.999942
v -9.5275 10.9826 0.160868 0.630716 0.805886 0.407245
vn -0.00562763 0.00475432 0.999973
v -9.48019 11.0557 0.158451 0.627354 0.802844 0.406765
vn 0.00546744 -0.0201857 0.999781
v -9.45635 13.2783 0.201578 0.687355 0.85713 0.415336
vn 0.0145296 -0.0197042 0.9997
v -9.53605 15.8533 0.254149 0.760494 0.923304 0.425785
vn 0.00989134 -0.0131304 0.999865
v -9.54633 17.5486 0.275472 0.789724 0.94975 0.429961
vn 0.00091138 -0.0112341 0.999936
v -9.59216 19.3869 0.304198 0.79 0.95 0.43
vn 0.00217855 -0.0112722 0.999934
v -9.53999 19.5443 0.297338 0.79 0.95 0.43
vn -0.0258385 0.0522006 0.998302
v -9.47932 19.6962 0.290943 0.79 0.95 0.43
vn -0.0259085 0.0523628 0.998292
v -9.50565 23.4246 0.247445 0.751166 0.914865 0.424452
vn -0.0198164 0.0481094 0.998645
v -9.26331 -23.8335 -0.0865415 0.286507 0.494459 0.358072
vn -0.0040501 -0.0157015 0.999869
v -9.29465 -20.0286 -0.0974089 0.271388 0.480779 0.355913
vn 0.0284864 0.0230188 0.999329
v -9.3431 -19.8945 -0.089598 0.282254 0.490611 0.357465
vn -0.0370985 -0.0698682 0.996866
v -9.23148 -16.8148 -0.0845044 0.289341 0.497023 0.358477
vn 0.00808505 0.0155252 0.999847
v -9.32105 -16.7134 -0.0810346 0.294168 0.50139 0.359167
vn -0.0479196 -0.0764023 0.995925
v -9.30253 -12.6666 0.0043408 0.412947 0.608857 0.376135
vn 0.0217716 0.0170633 0.999617
v -9.39535 -12.5721 0.0054118 0.414437 0.610205 0.376348
vn 0.0249552 0.0142382 0.999587
v -9.24866 -9.87474 -0.0362274 0.356506 0.557792 0.368072
vn 0.0298591 0.0109463 0.999494
v -9.36756 -9.71682 -0.0345439 0.358849 0.559911 0.368407
vn 0.0319507 0.00800379 0.999457
v -9.20225 -4.21999 0.0351509 0.455812 0.647639 0.382259
vn 0.0194618 -0.00773526 0.999781
v -9.22887 -4.11565 0.0358683 0.45681 0.648542 0.382401
vn 0.0189231 -0.00441071 0.999811
v -9.26634 -3.92177 0.0385329 0.460517 0.651896 0.382931
vn 0.0195409 -0.00467686 0.999798
v -9.32118 -3.68342 0.0396944 0.462133 0.653358 0.383162
vn 0.0182531 -0.00730468 0.999807
v -9.37152 -3.46804 0.0398652 0.462371 0.653573 0.383196
vn 0.0151787 -0.00157108 0.999884
v -9.38332 0.487238 0.0564934 0.485505 0.674504 0.386501
vn 0.00964612 -0.0120013 0.999881
v -9.32668 0.702504 0.0593373 0.489461 0.678084 0.387066
vn 0.0117878 -0.00675527 0.999908
v -9.27151 0.932797 0.0607038 0.491362 0.679804 0.387337
vn 0.0108694 -0.0132165 0.999854
v -9.22286 1.08601 0.0629756 0.494523 0.682664 0.387789
vn 0.00916868 -0.0187943 0.999781
v -9.34057 5.89141 0.0820718 0.521091 0.706701 0.391584
vn 0.0164748 -0.0187145 0.999689
v -9.24084 6.01206 0.0834748 0.523043 0.708467 0.391863
vn 0.015466 -0.0241147 0.99959
v -9.29235 8.30104 0.160917 0.630784 0.805947 0.407255
vn 0.00639083 -0.0223168 0.999731
v -9.32667 11.151 0.160651 0.630414 0.805613 0.407202
vn -0.00143122 -0.012485 0.999921
v -9.31469 13.3713 0.201931 0.687845 0.857574 0.415406
vn 0.0137321 -0.0189289 0.999727
v -9.39544 15.9509 0.253312 0.759329 0.92225 0.425618
vn 0.0209502 -0.0157407 0.999657
v -9.2945 16.0512 0.250801 0.755835 0.919089 0.425119
vn 0.0228407 -0.013497 0.999648
v -9.38548 17.5994 0.277519 0.79 0.95 0.43
vn 0.0112786 -0.0135767 0.999844
v -9.26365 17.6912 0.275983 0.79 0.95 0.43
vn 0.0115251 -0.00785218 0.999903
v -9.31702 19.7324 0.293152 0.79 0.95 0.43
vn -0.0249467 0.0525228 0.998308
v -9.32183 23.531 0.245927 0.749055 0.912954 0.424151
vn -0.0204177 0.0501778 0.998532
v -9.0652 -24.8434 0.0032685 0.411455 0.607507 0.375922
vn 0.104436 0.0992257 0.989569
v -9.03768 -24.07 -0.0954704 0.274084 0.483219 0.356298
vn 0.048985 0.0198316 0.998603
v -9.11078 -20.0338 -0.0908184 0.280557 0.489075 0.357222
vn -0.0374309 -0.07276 0.996647
v -9.09628 -16.8972 -0.0843186 0.289599 0.497257 0.358514
vn 0.0232748 0.0112459 0.999666
v -9.04777 -12.9168 0.0015563 0.409073 0.605352 0.375582
vn 0.019764 0.017894 0.999645
v -9.16707 -12.7925 0.00355553 0.411855 0.607868 0.375979
vn 0.0249505 0.0140266 0.99959
v -9.10266 -10.0791 -0.0396999 0.351675 0.553421 0.367382
vn 0.0277429 0.0153081 0.999498
v -9.00583 -5.02871 0.0222377 0.437846 0.631385 0.379692
vn 0.0195307 -0.0155616 0.999688
v -9.03263 -4.90335 0.0254148 0.442266 0.635384 0.380324
vn 0.017455 -0.00738303 0.99982
v -9.10473 -4.68742 0.0265763 0.443882 0.636846 0.380555
vn 0.0177607 -0.0102786 0.999789
v -9.14272 -4.48417 0.0313589 0.450536 0.642866 0.381505
vn 0.0187377 -0.0116978 0.999756
v -9.18121 -4.32688 0.0333061 0.453245 0.645317 0.381892
vn 0.0178413 -0.00454573 0.99983
v -9.18733 1.19539 0.0644616 0.49659 0.684534 0.388084
vn 0.0121965 -0.0102298 0.999873
v -9.15309 1.29573 0.0658964 0.498587 0.68634 0.38837
vn 0.0135325 -0.00830844 0.999874
v -9.10491 1.47429 0.0660758 0.498836 0.686566 0.388405
vn 0.0136668 -0.00757129 0.999878
v -9.03544 1.69081 0.06728 0.500511 0.688082 0.388644
vn 0.0143791 -0.00626369 0.999877
v -9.14221 6.12438 0.0851023 0.525307 0.710516 0.392187
vn 0.00281543 -0.0162644 0.999864
v -9.03734 6.25841 0.0854951 0.525853 0.71101 0.392265
vn 0.0202652 -0.0195271 0.999604
v -9.09021 8.47337 0.16363 0.634559 0.809363 0.407794
vn -0.00461201 -0.0140833 0.99989
v -9.10917 11.2708 0.164586 0.635888 0.810566 0.407984
vn -0.00475359 -0.0103278 0.999935
v -9.10615 13.5169 0.201606 0.687393 0.857165 0.415342
vn 0.0177641 -0.0187831 0.999666
v -9.10698 16.1756 0.249754 0.75438 0.917772 0.424911
vn 0.0160993 -0.0102985 0.999817
v -9.14537 17.7867 0.274065 0.788202 0.948373 0.429743
vn -0.00815093 -0.0182153 0.999801
v -9.04853 17.8389 0.273937 0.788024 0.948212 0.429718
vn 0.0100928 -0.0149691 0.999837
v -9.08814 19.7608 0.297338 0.79 0.95 0.43
vn 0.0114754 -0.00571953 0.999918
v -9.16709 23.5921 0.245979 0.749127 0.91302 0.424161
vn -0.0186181 0.0475001 0.998698
v -9.0503 23.6703 0.244409 0.746943 0.911044 0.423849
vn -0.0226179 0.0562068 0.998163
v -8.98368 -24.8682 0.0037802 0.412167 0.608151 0.376024
vn 0.114324 0.0529451 0.992032
v -8.95682 -24.1128 -0.0960284 0.273308 0.482517 0.356187
vn 0.0644692 0.0459573 0.996861
v -8.81782 -23.1353 -0.0293413 0.366087 0.56646 0.369441
vn -0.0286072 -0.0632683 0.997586
v -8.87199 -20.093 -0.0862349 0.286933 0.494844 0.358133
vn -0.0362797 -0.0703299 0.996864
v -8.86825 -17.1041 -0.0897093 0.2821 0.490471 0.357443
vn 0.0273438 0.0106167 0.99957
v -8.9613 -16.9922 -0.085248 0.288306 0.496087 0.358329
vn -0.0475816 -0.0792216 0.995721
v -8.87306 -13.06 0.00148492 0.408974 0.605262 0.375568
vn 0.0222496 0.0158822 0.999626
v -8.81641 -10.425 -0.0432985 0.346669 0.548891 0.366667
vn 0.0280731 0.0156035 0.999484
v -8.89383 -10.3178 -0.0409415 0.349948 0.551858 0.367135
vn 0.0290817 0.0136555 0.999484
v -8.84257 -5.46952 0.0188558 0.433141 0.627128 0.37902
vn 0.0157378 -0.00172346 0.999875
v -8.89589 -5.33446 0.0197782 0.434424 0.628289 0.379203
vn 0.0145512 -0.0020523 0.999892
v -8.97426 -5.13294 0.0207005 0.435708 0.62945 0.379387
vn 0.0148844 -0.00269121 0.999886
v -8.96704 1.91818 0.0670237 0.500155 0.687759 0.388594
vn 0.0123482 -0.0111055 0.999862
v -8.88036 2.12106 0.0698164 0.50404 0.691275 0.389149
vn 0.0131222 -0.0106434 0.999857
v -8.81182 2.29117 0.0710206 0.505716 0.69279 0.389388
vn 0.0130372 -0.0108329 0.999856
v -8.94576 6.3486 0.0876838 0.528898 0.713765 0.3927
vn -0.00680456 -0.00428885 0.999968
v -8.87327 6.454 0.0865894 0.527376 0.712388 0.392482
vn 0.0305935 -0.0303614 0.999071
v -8.94018 8.57278 0.167485 0.639923 0.814216 0.40856
vn -0.00617128 -0.0177838 0.999823
v -8.82088 8.63692 0.171519 0.645535 0.819293 0.409362
vn 0.016376 -0.0495919 0.998635
v -8.97242 11.3471 0.166816 0.638992 0.813374 0.408427
vn -0.00203788 0.00336131 0.999992
v -8.86442 11.4668 0.164028 0.635113 0.809864 0.407873
vn 0.00597135 -0.0177851 0.999824
v -8.87456 13.678 0.200955 0.686487 0.856345 0.415212
vn 0.0163558 -0.018574 0.999694
v -8.89571 16.2622 0.251638 0.757 0.920143 0.425286
vn 0.0112365 -0.0198367 0.99974
v -8.91473 17.9021 0.274193 0.788326 0.948486 0.429761
vn 0.00713149 -0.0166127 0.999837
v -8.87671 19.8757 0.296408 0.79 0.95 0.43
vn 0.00118792 -0.00889076 0.99996
v -8.87881 23.7239 0.245037 0.747817 0.911834 0.423974
vn -0.0185114 0.0480432 0.998674
v -8.64016 -24.3551 -0.103283 0.263215 0.473385 0.354745
vn 0.0325011 0.00389062 0.999464
v -8.60236 -23.4868 -0.0460828 0.342795 0.545386 0.366114
vn -0.0270228 -0.0640752 0.997579
v -8.77169 -23.2291 -0.0340846 0.359488 0.560489 0.368498
vn -0.0268709 -0.0639887 0.997589
v -8.69148 -20.4408 -0.105139 0.260634 0.471049 0.354376
vn 0.0245837 0.0288171 0.999282
v -8.74407 -20.3341 -0.0991989 0.268897 0.478526 0.355557
vn -0.0363404 -0.0730898 0.996663
v -8.67105 -17.2515 -0.0921879 0.278651 0.487351 0.35695
vn 0.0265906 0.00919271 0.999604
v -8.69001 -13.2333 -0.0009069 0.405646 0.602251 0.375092
vn 0.0217817 0.016073 0.999634
v -8.68967 -10.5457 -0.042625 0.347606 0.549739 0.366801
vn 0.0230061 0.0204149 0.999527
v -8.65419 -5.88784 0.0172843 0.430955 0.62515 0.378708
vn 0.0144235 0.00213441 0.999894
v -8.7561 -5.66223 0.01848 0.432618 0.626655 0.378945
vn 0.0146168 0.00282628 0.999889
v -8.7898 2.37708 0.0695858 0.503719 0.690984 0.389103
vn -0.150022 0.0549358 0.987155
v -8.75147 2.46614 0.0702007 0.504575 0.691758 0.389225
vn 0.0163841 -0.00188527 0.999864
v -8.6669 2.66878 0.0707131 0.505288 0.692403 0.389327
vn 0.0157433 -0.00419039 0.999867
v -8.61648 2.83997 0.0675874 0.500939 0.688469 0.388706
vn 0.0173085 0.00459093 0.99984
v -8.76268 6.56797 0.0883993 0.529894 0.714666 0.392842
vn 0.0119218 -0.0153825 0.999811
v -8.65732 6.68831 0.0889044 0.530597 0.715302 0.392942
vn 0.00757136 -0.0176066 0.999816
v -8.7232 8.74006 0.17077 0.644492 0.81835 0.409213
vn -0.0150597 -0.00203918 0.999885
v -8.6055 8.80962 0.173983 0.648962 0.822394 0.409852
vn 0.00833299 -0.033026 0.99942
v -8.69795 11.5561 0.16663 0.638733 0.81314 0.40839
vn -0.00298804 -0.00685197 0.999972
v -8.71131 13.7689 0.20185 0.687732 0.857472 0.41539
vn 0.0118083 -0.0138928 0.999834
v -8.61745 13.8485 0.200385 0.685695 0.855628 0.415099
vn 0.0183618 -0.0173368 0.999681
v -8.71496 16.3625 0.251498 0.756806 0.919967 0.425258
vn 0.0140634 -0.0171359 0.999754
v -8.62394 16.4132 0.251359 0.756612 0.919792 0.42523
vn 0.0150894 -0.0198815 0.999688
v -8.77688 17.9709 0.274193 0.78838 0.948534 0.429769
vn 0.00925743 -0.0154964 0.999837
v -8.6677 18.0298 0.273873 0.787935 0.948131 0.429705
vn 0.00763401 -0.0165005 0.999835
v -8.71839 19.9643 0.295477 0.79 0.95 0.43
vn 0.00265278 -0.00678517 0.999973
v -8.61103 20.0161 0.295245 0.79 0.95 0.43
vn -0.023761 0.0557677 0.998161
v -8.645 23.7634 0.247445 0.751166 0.914865 0.424452
vn -0.0178762 0.048419 0.998667
v -8.75012 23.805 0.243467 0.745632 0.909858 0.423662
vn -0.0202398 0.0532196 0.998378
v -8.42632 -24.6413 -0.116397 0.24497 0.456877 0.352139
vn 0.0822496 0.0931238 0.992251
v -8.55493 -24.5008 -0.110538 0.253122 0.464253 0.353303
vn 0.120896 0.0448956 0.991649
v -8.49838 -23.5556 -0.047757 0.340466 0.543279 0.365781
vn -0.0260309 -0.0647097 0.997565
v -8.46445 -20.5266 -0.10343 0.263011 0.4732 0.354716
vn 1.77006e-06 0.0193808 0.999812
v -8.49671 -17.4013 -0.0962154 0.273048 0.482282 0.35615
vn 0.0184206 0.0172246 0.999682
v -8.57517 -17.3452 -0.095286 0.274341 0.483451 0.356334
vn 0.0310688 0.00928464 0.999474
v -8.44249 -13.4316 -0.00176367 0.404454 0.601173 0.374922
vn 0.0292587 0.0105405 0.999516
v -8.56454 -13.3323 -0.00112117 0.405348 0.601982 0.37505
vn 0.0227103 0.014698 0.999634
v -8.42799 -10.8133 -0.0438035 0.345966 0.548255 0.366567
vn 0.0299472 0.0115101 0.999485
v -8.52954 -10.7087 -0.0431301 0.346903 0.549103 0.3667
vn 0.0242306 0.0192903 0.99952
v -8.43241 -6.3253 0.0156787 0.428721 0.623129 0.378389
vn 0.0156885 0.00145683 0.999876
v -8.54 -6.11953 0.0164217 0.429755 0.624064 0.378536
vn 0.0147206 0.00289788 0.999887
v -8.5636 2.96008 0.0675874 0.500939 0.688469 0.388706
vn 0.00760798 -0.0185764 0.999798
v -8.45766 3.12657 0.0717039 0.506666 0.69365 0.389524
vn 0.0070114 -0.0214386 0.999746
v -8.58458 6.76631 0.0895356 0.531475 0.716096 0.393068
vn 0.0106748 -0.0202392 0.999738
v -8.45575 6.88938 0.0915841 0.534325 0.718675 0.393475
vn 0.00269525 -0.0136174 0.999904
v -8.47299 8.90863 0.175768 0.651445 0.824641 0.410206
vn 0.0123095 -0.0501747 0.998665
v -8.52133 11.6629 0.168241 0.640974 0.815167 0.408711
vn -0.00052315 -0.00706536 0.999975
v -8.51175 13.9389 0.198595 0.683204 0.853375 0.414743
vn 0.0193352 -0.015156 0.999698
v -8.51675 16.5084 0.248941 0.753248 0.916748 0.42475
vn 0.0154364 -0.0111265 0.999819
v -8.48071 18.112 0.274321 0.788558 0.948695 0.429794
vn 0.00778867 -0.0136979 0.999876
v -8.48748 20.0458 0.296524 0.79 0.95 0.43
vn -0.00249588 -0.00904047 0.999956
v -8.49382 23.8958 0.243676 0.745924 0.910121 0.423703
vn -0.0177378 0.0488748 0.998647
v -8.29828 -26.1272 -0.0558282 0.329237 0.533119 0.364177
vn 0.079912 0.0126366 0.996722
v -8.26449 -24.477 -0.101609 0.265544 0.475492 0.355078
vn -0.0254769 -0.0649013 0.997566
v -8.21751 -20.4242 -0.0873198 0.285424 0.493479 0.357918
vn -0.0320734 -0.0719476 0.996893
v -8.27116 -20.373 -0.085367 0.288141 0.495937 0.358306
vn -0.0343199 -0.0723075 0.996792
v -8.33067 -17.5042 -0.0970519 0.271884 0.481229 0.355983
vn 0.0208827 0.0157066 0.999659
v -8.25526 -13.6484 -0.008725 0.394769 0.59241 0.373538
vn -0.0660747 -0.0893099 0.99381
v -8.32954 -13.5481 -0.00465535 0.400431 0.597533 0.374347
vn 0.0210261 0.0169786 0.999635
v -8.23934 -11.015 -0.0463289 0.342453 0.545076 0.366065
vn 0.0256253 0.0134369 0.999581
v -8.33403 -10.9161 -0.0451925 0.344034 0.546507 0.366291
vn 0.0291438 0.0112075 0.999512
v -8.24879 -6.68969 0.0114427 0.422828 0.617797 0.377547
vn 0.0136509 0.00203022 0.999905
v -8.33559 -6.51403 0.014039 0.42644 0.621065 0.378063
vn 0.0179521 -0.00257635 0.999836
v -8.3335 3.33681 0.0747613 0.51092 0.697499 0.390131
vn 0.0075845 -0.0205164 0.999761
v -8.22502 3.50639 0.0777334 0.515055 0.70124 0.390722
vn 0.00742725 -0.0198003 0.999776
v -8.29023 7.10874 0.0884695 0.529991 0.714754 0.392856
vn 0.0290209 -0.0332577 0.999025
v -8.38273 8.98541 0.176125 0.651942 0.82509 0.410277
vn 0.0240555 -0.0373457 0.999013
v -8.29942 9.06949 0.175268 0.65075 0.824012 0.410107
vn 0.00180628 -0.0110479 0.999937
v -8.36573 11.7747 0.168118 0.640802 0.815011 0.408686
vn 0.00617907 -0.00345856 0.999975
v -8.27955 11.8441 0.167374 0.639768 0.814076 0.408538
vn 0.0059311 -0.00705824 0.999958
v -8.31627 14.0663 0.197863 0.682185 0.852453 0.414598
vn 0.0171106 -0.0160425 0.999725
v -8.38279 16.552 0.250522 0.755447 0.918738 0.425064
vn 0.0150839 -0.0194556 0.999697
v -8.29966 16.6188 0.248987 0.753312 0.916806 0.424759
vn 0.00749058 -0.015137 0.999857
v -8.33739 18.1617 0.275344 0.789012 0.949106 0.429859
vn -0.00129906 -0.0123085 0.999923
v -8.31868 20.1027 0.297338 0.79 0.95 0.43
vn -0.00352182 -0.00868978 0.999956
v -8.28128 23.9959 0.242525 0.744322 0.908672 0.423475
vn -0.0178696 0.0514104 0.998518
v -8.0716 -26.1589 -0.0528862 0.33333 0.536822 0.364761
vn 0.0477462 0.0337071 0.998291
v -8.09444 -24.5756 -0.103841 0.262439 0.472683 0.354634
vn -0.0245609 -0.0653425 0.997561
v -8.08183 -23.5335 -0.0354797 0.357547 0.558733 0.368221
vn -0.0247272 -0.0648455 0.997589
v -8.12549 -20.767 -0.109668 0.254332 0.465348 0.353476
vn -0.0332257 -0.0748026 0.996645
v -8.18842 -20.5473 -0.0954563 0.274104 0.483237 0.356301
vn -0.0337519 -0.074056 0.996683
v -8.11738 -17.6574 -0.100119 0.267617 0.477368 0.355374
vn 0.02337 0.0146572 0.999619
v -8.13624 -13.7295 -0.00843942 0.395167 0.59277 0.373595
vn -0.0606658 -0.0864986 0.994403
v -8.02353 -11.2276 -0.0483492 0.339642 0.542533 0.365663
vn 0.0239348 0.0152314 0.999597
v -8.11687 -11.1305 -0.0468971 0.341662 0.544361 0.365952
vn 0.0231604 0.0157094 0.999608
v -8.03176 -7.08763 0.00617325 0.415497 0.611164 0.3765
vn 0.0155026 -0.00439203 0.99987
v -8.12985 -6.90915 0.00881223 0.419168 0.614485 0.377024
vn 0.0152035 -0.00316289 0.999879
v -8.12689 3.67087 0.0790144 0.516837 0.702853 0.390977
vn -0.000458427 -0.0102873 0.999947
v -8.03981 3.82321 0.0792194 0.517122 0.703111 0.391017
vn 0.00110616 -0.0112271 0.999936
v -8.10632 7.2762 0.0908826 0.533349 0.717792 0.393336
vn 0.0206228 -0.0441453 0.998812
v -8.19155 9.16046 0.175482 0.651048 0.824282 0.41015
vn 0.0117943 -0.0147059 0.999822
v -8.08561 9.25624 0.174982 0.650353 0.823652 0.41005
vn 0.0165275 -0.0118597 0.999793
v -8.15241 11.9269 0.167653 0.640156 0.814426 0.408594
vn -0.000820961 -0.00254949 0.999996
v -8.05523 12.005 0.16663 0.638733 0.81314 0.40839
vn 0.00772834 -0.00801246 0.999938
v -8.16328 14.166 0.19713 0.681166 0.851532 0.414452
vn 0.0144229 -0.020335 0.999689
v -8.04376 14.209 0.198921 0.683657 0.853785 0.414808
vn 0.00801799 -0.0140645 0.999869
v -8.09801 16.7227 0.248755 0.752989 0.916514 0.424713
vn 0.0123534 -0.0181031 0.99976
v -8.18137 18.1744 0.278798 0.79 0.95 0.43
vn -0.00300658 -0.021354 0.999767
v -8.07989 18.2206 0.278798 0.79 0.95 0.43
vn -0.00127034 -0.0126358 0.999919
v -8.10217 20.2123 0.296291 0.79 0.95 0.43
vn -0.0227477 0.0544687 0.998256
v -7.91582 -26.7168 -0.0834579 0.290797 0.49834 0.358685
vn -0.0209811 -0.0607567 0.997932
v -7.96759 -26.577 -0.0760388 0.301119 0.507679 0.36016
vn -0.0208329 -0.0605038 0.997951
v -7.81345 -25.0013 -0.125047 0.232936 0.445989 0.350419
vn 0.0939669 0.0474066 0.994446
v -7.90536 -24.8729 -0.118769 0.24167 0.453892 0.351667
vn -0.0239298 -0.065697 0.997553
v -7.95207 -24.6116 -0.102725 0.263991 0.474087 0.354856
vn -0.02383 -0.0651775 0.997589
v -7.88657 -20.6827 -0.0954561 0.274104 0.483237 0.356301
vn -0.032785 -0.0742975 0.996697
v -7.84818 -17.8432 -0.103837 0.262444 0.472688 0.354635
vn 0.0253995 0.0114036 0.999612
v -7.95651 -17.7648 -0.101978 0.265031 0.475028 0.355004
vn 0.0235522 0.0141231 0.999623
v -7.88107 -13.9017 -0.00815385 0.395564 0.593129 0.373652
vn 0.0319835 0.00956362 0.999443
v -7.99741 -13.7907 -0.005298 0.399537 0.596724 0.37422
vn 0.0234597 0.0169229 0.999582
v -7.80636 -11.4271 -0.0498644 0.337534 0.540626 0.365362
vn 0.0230478 0.0154655 0.999615
v -7.93325 -11.3049 -0.0483492 0.339642 0.542533 0.365663
vn 0.0220141 0.0167841 0.999617
v -7.88826 -7.31839 0.00394415 0.412395 0.608358 0.376056
vn 0.0123492 0.000901687 0.999923
v -7.97991 -7.17317 0.00532775 0.41432 0.610099 0.376331
vn 0.0150509 -0.00313181 0.999882
v -7.96899 3.91463 0.0815766 0.520402 0.706078 0.391486
vn -0.000982671 -0.018132 0.999835
v -7.87954 4.05211 0.0824989 0.521685 0.707239 0.391669
vn -0.00309963 -0.00761166 0.999966
v -7.97858 7.38836 0.0925662 0.535691 0.719911 0.39367
vn 0.0170614 -0.0502262 0.998592
v -7.89882 7.45686 0.0935763 0.537096 0.721182 0.393871
vn 0.0186881 -0.0513493 0.998506
v -7.98813 9.36236 0.172912 0.647472 0.821046 0.409639
vn -0.00612579 0.00269992 0.999978
v -7.89073 9.4313 0.173768 0.648664 0.822124 0.409809
vn 0.00504453 -0.0171077 0.999841
v -7.87653 12.1159 0.167064 0.639337 0.813686 0.408477
vn -0.00087234 -0.00519774 0.999986
v -7.87324 14.324 0.19751 0.681695 0.85201 0.414528
vn 0.0115194 -0.0165864 0.999796
v -7.88499 16.8263 0.248708 0.752924 0.916455 0.424703
vn 0.00121634 -0.0222506 0.999752
v -7.90254 18.2766 0.280141 0.79 0.95 0.43
vn -0.00363275 -0.0155664 0.999872
v -7.88011 20.2549 0.298849 0.79 0.95 0.43
vn -0.00602242 -0.00822427 0.999948
v -7.93415 23.8402 0.256237 0.763399 0.925932 0.4262
vn -0.0166358 0.0487885 0.998671
v -7.85682 24.0439 0.247445 0.751166 0.914865 0.424452
vn -0.0170782 0.0498643 0.99861
v -7.64883 -26.5069 -0.065294 0.316067 0.521204 0.362295
vn 0.0213447 0.0392012 0.999003
v -7.73291 -25.0384 -0.125605 0.232159 0.445287 0.350308
vn -0.0226192 -0.0659763 0.997565
v -7.61529 -21.085 -0.116936 0.24422 0.456199 0.352031
vn -0.0312515 -0.0755669 0.996651
v -7.66567 -20.9189 -0.106034 0.259389 0.469923 0.354198
vn -0.0322689 -0.0751017 0.996654
v -7.72471 -20.6922 -0.0908999 0.280443 0.488972 0.357206
vn -0.0316444 -0.0726994 0.996852
v -7.61358 -18.0322 -0.109785 0.254169 0.4652 0.353453
vn -0.0392593 -0.0809535 0.995944
v -7.70483 -17.9491 -0.106625 0.258565 0.469178 0.354081
vn -0.0392593 -0.0809535 0.995944
v -7.70125 -14.0652 -0.0121521 0.390001 0.588097 0.372857
vn 0.0253748 0.01462 0.999571
v -7.68989 -11.5185 -0.0494856 0.338061 0.541103 0.365437
vn 0.0187905 0.0187608 0.999647
v -7.65941 -7.68903 -0.00205117 0.404054 0.600811 0.374865
vn 0.0187335 -0.00985679 0.999776
v -7.74006 -7.54381 0.0017408 0.40933 0.605584 0.375619
vn 0.0166235 -0.00625537 0.999842
v -7.78044 4.16658 0.0861885 0.526818 0.711883 0.392403
vn 0.00357935 -0.0179687 0.999832
v -7.70643 4.30605 0.0841131 0.523931 0.709271 0.39199
vn 0.00233298 -0.000724202 0.999997
v -7.64833 4.40076 0.0835238 0.523111 0.708529 0.391873
vn 0.00196816 -0.00765806 0.999969
v -7.75602 7.55775 0.0971119 0.542015 0.725633 0.394574
vn 0.0166495 -0.0500963 0.998606
v -7.60992 7.64573 0.101826 0.548573 0.731566 0.39551
vn 0.00138757 -0.0575043 0.998344
v -7.75887 9.53133 0.174197 0.64926 0.822664 0.409894
vn 0.00912368 -0.0167812 0.999818
v -7.62554 9.66844 0.171341 0.645287 0.819069 0.409327
vn 0.000626273 0.00402734 0.999992
v -7.68271 12.2371 0.167188 0.639509 0.813842 0.408501
vn 0.000962693 -0.00376309 0.999992
v -7.68164 14.4436 0.196398 0.680148 0.85061 0.414307
vn 0.0133453 -0.0158986 0.999785
v -7.68207 16.8851 0.25101 0.756127 0.919353 0.425161
vn 0.00087664 -0.0249029 0.999689
v -7.66414 18.3301 0.283083 0.79 0.95 0.43
vn -0.00545893 -0.0144112 0.999881
v -7.71643 20.2788 0.301059 0.79 0.95 0.43
vn -0.0112636 -0.00744746 0.999909
v -7.6976 24.1546 0.244584 0.747186 0.911263 0.423884
vn -0.0172595 0.0523486 0.99848
v -7.53379 -25.289 -0.137603 0.215467 0.430184 0.347924
vn 0.0458702 0.0445569 0.997953
v -7.43933 -20.8558 -0.0941543 0.275915 0.484876 0.356559
vn -0.0311552 -0.0750733 0.996691
v -7.47114 -18.1047 -0.110064 0.253781 0.464849 0.353397
vn -0.0392593 -0.0809535 0.995944
v -7.45138 -14.2677 -0.0161147 0.384488 0.583109 0.37207
vn 0.0230413 0.0143856 0.999631
v -7.58302 -14.1792 -0.0155792 0.385233 0.583783 0.372176
vn -0.0530273 -0.084913 0.994976
v -7.54044 -11.6541 -0.051127 0.335777 0.539037 0.365111
vn 0.0236552 0.0146659 0.999613
v -7.43622 -8.02984 -0.00850768 0.395072 0.592684 0.373582
vn -0.110054 -0.0932062 0.989546
v -7.51978 -7.89473 -0.00507452 0.399848 0.597005 0.374264
vn 0.0141409 -0.00289518 0.999896
v -7.58803 -7.79541 -0.0035885 0.401915 0.598876 0.374559
vn 0.0153113 -0.00430324 0.999874
v -7.40485 -1.55801 0.0249761 0.441656 0.634832 0.380237
vn 0.0102028 -0.00651585 0.999927
v -7.40439 -0.946908 0.0260874 0.443202 0.636231 0.380457
vn 0.00744342 0.00313735 0.999967
v -7.55339 4.5374 0.0837031 0.52336 0.708755 0.391909
vn -0.00669523 -0.00621326 0.999958
v -7.4453 4.64265 0.0880331 0.529384 0.714205 0.392769
vn 0.0034683 -0.015283 0.999877
v -7.49784 7.71013 0.10553 0.553727 0.736229 0.396247
vn 0.0152451 -0.0445211 0.998892
v -7.50589 9.74736 0.17234 0.646677 0.820327 0.409525
vn 0.000881366 -0.012299 0.999924
v -7.51061 12.3258 0.168551 0.641406 0.815557 0.408772
vn -0.00526792 0.00568436 0.99997
v -7.40803 12.423 0.165701 0.63744 0.81197 0.408206
vn 0.0138445 -0.0110629 0.999843
v -7.4709 14.568 0.195422 0.678789 0.849381 0.414113
vn 0.0126954 -0.0167027 0.99978
v -7.53707 16.9461 0.251359 0.756612 0.919792 0.42523
vn 0.00930864 -0.0207344 0.999742
v -7.41273 17.0041 0.251219 0.756418 0.919616 0.425203
vn 0.00464609 -0.0231069 0.999722
v -7.49312 18.3581 0.285705 0.79 0.95 0.43
vn -0.00875587 -0.016452 0.999826
v -7.49658 20.2985 0.304586 0.79 0.95 0.43
vn -0.0039336 -0.00685911 0.999969
v -7.51064 24.1667 0.247026 0.750584 0.914338 0.424369
vn -0.0159902 0.049 0.998671
v -7.4201 24.2042 0.246607 0.750001 0.913811 0.424286
vn -0.0161097 0.050753 0.998581
v -7.29105 -25.2484 -0.129511 0.226725 0.44037 0.349532
vn -0.0159927 0.0238439 0.999588
v -7.34643 -24.328 -0.0697999 0.309799 0.515532 0.3614
vn -0.023512 -0.0653705 0.997584
v -7.27487 -21.0346 -0.102616 0.264143 0.474224 0.354878
vn -0.0306249 -0.0757062 0.99666
v -7.2864 -20.8838 -0.0915508 0.279538 0.488153 0.357077
vn -0.0303467 -0.0754438 0.996688
v -7.30729 -20.729 -0.0804852 0.294933 0.502082 0.359276
vn -0.0310272 -0.074358 0.996749
v -7.30805 -18.2143 -0.112759 0.250031 0.461457 0.352862
vn 0 0 0
v -7.22697 -14.4636 -0.0215766 0.376889 0.576233 0.370984
vn 0.0384969 -0.00477826 0.999247
v -7.30916 -14.369 -0.0173998 0.3827 0.581491 0.371814
vn 0.0210419 0.0138031 0.999683
v -7.28371 -11.8869 -0.054831 0.330624 0.534374 0.364375
vn 0.0277248 0.0129978 0.999531
v -7.39757 -11.7739 -0.052053 0.334489 0.537871 0.364927
vn 0.0233091 0.0150488 0.999615
v -7.2377 -8.24753 -0.00738033 0.39664 0.594103 0.373806
vn 0.0117746 0.00405109 0.999922
v -7.33198 -8.13443 -0.0067654 0.397496 0.594877 0.373928
vn 0.0137245 -0.000806551 0.999905
v -7.21068 -3.47153 0.00046145 0.40755 0.603974 0.375364
vn 0.0192929 -0.00688196 0.99979
v -7.23973 -3.28791 0.00471065 0.413462 0.609323 0.376209
vn 0.020156 -0.017655 0.999641
v -7.26881 -3.10483 0.00811003 0.418191 0.613601 0.376884
vn 0.0167979 -0.00618242 0.99984
v -7.29834 -2.93675 0.00987508 0.420647 0.615823 0.377235
vn 0.0152317 -0.00521008 0.99987
v -7.32858 -2.71151 0.0130129 0.425012 0.619773 0.377859
vn 0.0127792 -0.00828761 0.999884
v -7.33954 -2.47415 0.0190926 0.433471 0.627426 0.379067
vn 0.0085042 -0.00897931 0.999924
v -7.36936 -2.26146 0.0193868 0.43388 0.627796 0.379126
vn 0.0091322 -0.00597889 0.99994
v -7.38357 -2.05639 0.0215114 0.436836 0.63047 0.379548
vn 0.00802965 -0.00890665 0.999928
v -7.39879 -1.89617 0.0216421 0.437018 0.630635 0.379574
vn 0.00898292 -0.00834677 0.999925
v -7.39312 -1.72629 0.0253683 0.442202 0.635325 0.380315
vn 0.00674434 -0.0124044 0.9999
v -7.39653 -1.44541 0.0275256 0.445203 0.638041 0.380743
vn 0.00687221 -0.00925173 0.999934
v -7.39417 -1.27686 0.0287023 0.44684 0.639522 0.380977
vn 0.00717899 -0.00172918 0.999973
v -7.3975 -1.10921 0.028114 0.446022 0.638782 0.38086
vn 0.00717313 0.0032138 0.999969
v -7.39349 -0.742954 0.0265451 0.443839 0.636807 0.380548
vn 0.00715258 0.000366163 0.999974
v -7.38161 -0.519062 0.0258587 0.442884 0.635943 0.380412
vn 0.00802857 -0.00294791 0.999963
v -7.35066 -0.277437 0.0273295 0.44493 0.637794 0.380704
vn 0.00648251 -0.00904998 0.999938
v -7.31186 -0.0751991 0.0299771 0.448614 0.641127 0.381231
vn 0.00729082 -0.00809909 0.999941
v -7.26638 0.144451 0.0323305 0.451888 0.644089 0.381698
vn 0.00865034 -0.00523797 0.999949
v -7.23989 0.336475 0.0307942 0.449751 0.642155 0.381393
vn 0.0103721 -0.00316886 0.999941
v -7.21398 0.43372 0.0321016 0.45157 0.643801 0.381653
vn 0.00693244 -0.0183137 0.999808
v -7.39142 4.71022 0.088648 0.53024 0.714979 0.392891
vn -0.00654422 -0.0112177 0.999916
v -7.27114 4.84769 0.090877 0.533341 0.717785 0.393334
vn -0.00457478 -0.0143516 0.999887
v -7.38742 7.77658 0.108729 0.558177 0.740255 0.396882
vn -0.0892221 0.100546 0.990924
v -7.27307 7.87805 0.108728 0.558177 0.740255 0.396882
vn 0.0228875 -0.03613 0.999085
v -7.39649 9.79968 0.174839 0.650154 0.823473 0.410022
vn -0.00317855 -0.0163974 0.999861
v -7.27228 9.87019 0.176553 0.652538 0.82563 0.410363
vn 0.0136217 -0.0266222 0.999553
v -7.31121 12.4709 0.166445 0.638475 0.812906 0.408354
vn 0.00453402 -0.0152388 0.999874
v -7.30311 14.6459 0.195991 0.679582 0.850098 0.414226
vn 0.0119905 -0.0174283 0.999776
v -7.28315 17.0546 0.251638 0.757 0.920143 0.425286
vn 0.00322993 -0.024953 0.999683
v -7.38649 18.3807 0.286984 0.79 0.95 0.43
vn -0.00373116 -0.021111 0.99977
v -7.27752 18.4167 0.287496 0.79 0.95 0.43
vn -0.0136063 -0.0099576 0.999858
v -7.29517 20.392 0.303617 0.79 0.95 0.43
vn -0.00059089 -0.00382563 0.999993
v -7.2724 24.1838 0.249957 0.754661 0.918027 0.424952
vn -0.0155728 0.048732 0.99869
v -7.05235 -25.0788 -0.113049 0.249628 0.461092 0.352804
vn -0.0221021 -0.0661687 0.997564
v -7.17454 -24.5006 -0.0773336 0.299317 0.506049 0.359902
vn -0.0213679 -0.0659248 0.997596
v -7.18926 -21.4326 -0.13028 0.225655 0.439402 0.349379
vn -0.0293542 -0.076492 0.996638
v -7.19125 -21.0464 -0.100989 0.266407 0.476273 0.355201
vn -0.0297395 -0.0757265 0.996685
v -7.00371 -18.4105 -0.117592 0.243307 0.455373 0.351901
vn 0.0170407 0.0282002 0.999457
v -7.1367 -18.3176 -0.114804 0.247186 0.458883 0.352455
vn -0.0353342 -0.0804827 0.99613
v -7.04889 -14.6437 -0.028645 0.367055 0.567336 0.369579
vn -0.0490082 -0.0881355 0.994902
v -7.13735 -14.5522 -0.0248967 0.37227 0.572054 0.370324
vn 0.031812 0.00177465 0.999492
v -7.06292 -12.0988 -0.0601342 0.323246 0.527699 0.363321
vn 0.0315072 0.0101017 0.999452
v -7.16283 -11.9979 -0.0571038 0.327462 0.531513 0.363923
vn 0.0325435 0.00888967 0.999431
v -7.05445 -8.44371 -0.00697043 0.39721 0.594619 0.373887
vn 0.018796 -0.00119147 0.999823
v -7.15038 -8.34328 -0.0072778 0.396783 0.594232 0.373826
vn 0.00777533 0.00935178 0.999926
v -7.03116 -4.07214 -0.00326485 0.402366 0.599283 0.374624
vn 0.0187818 -0.0131708 0.999737
v -7.08091 -3.90863 -0.00149971 0.404822 0.601505 0.374975
vn 0.0171229 -0.003097 0.999849
v -7.14267 -3.71887 -0.00106389 0.405428 0.602054 0.375061
vn 0.017848 -0.00209395 0.999839
v -7.18449 0.527334 0.0339975 0.454207 0.646187 0.38203
vn 0.00775874 -0.0107246 0.999912
v -7.14116 0.718816 0.0338014 0.453934 0.645941 0.381991
vn 0.00944664 -0.00451517 0.999945
v -7.09832 0.880173 0.03415 0.454419 0.646379 0.38206
vn 0.0112386 -0.00554013 0.999921
v -7.0284 1.12185 0.0345074 0.454917 0.646829 0.382131
vn 0.0087695 -0.0078458 0.999931
v -7.18104 4.94305 0.0929524 0.536228 0.720397 0.393747
vn 0.00120845 -0.0127131 0.999918
v -7.08656 5.06641 0.0925425 0.535658 0.719881 0.393665
vn -0.00574553 -0.00251989 0.99998
v -7.14658 7.97725 0.109739 0.559582 0.741527 0.397083
vn 0.0226859 -0.0330902 0.999195
v -7.06049 8.04142 0.11058 0.560753 0.742586 0.39725
vn 0.0175637 -0.0335391 0.999283
v -7.16189 9.95617 0.17591 0.651644 0.824821 0.410235
vn -0.00495193 0.00178709 0.999986
v -7.04176 10.0144 0.178159 0.654773 0.827652 0.410682
vn 0.000727358 -0.016979 0.999856
v -7.18037 12.522 0.168427 0.641233 0.815401 0.408748
vn -0.00170433 0.00696864 0.999974
v -7.06852 12.6054 0.166816 0.638992 0.813374 0.408427
vn 0.0073559 -0.013887 0.999877
v -7.12619 14.7538 0.194527 0.677544 0.848254 0.413935
vn 0.00808658 -0.0202961 0.999761
v -7.13968 17.11 0.252056 0.757582 0.92067 0.425369
vn 0.00783617 -0.0243987 0.999672
v -7.12458 18.425 0.290651 0.79 0.95 0.43
vn -0.00822207 -0.0208613 0.999749
v -7.1363 20.4871 0.301582 0.79 0.95 0.43
vn -0.0200569 0.0564049 0.998206
v -7.03214 24.1911 0.253306 0.759321 0.922243 0.425617
vn -0.0147904 0.0486406 0.998707
v -7.16437 24.322 0.244723 0.74738 0.911439 0.423911
vn -0.0170357 0.0570937 0.998223
v -6.81282 -25.3347 -0.125047 0.232936 0.445989 0.350419
vn 0.0171755 0.0235876 0.999574
v -6.89137 -25.1512 -0.114444 0.247687 0.459336 0.352527
vn -0.0207743 -0.0662121 0.997589
v -6.87917 -21.2652 -0.108475 0.255992 0.46685 0.353713
vn -0.0284645 -0.0768148 0.996639
v -6.94503 -21.123 -0.0995244 0.268444 0.478116 0.355492
vn -0.0290017 -0.0759527 0.99669
v -6.91812 -20.5542 -0.0554249 0.329798 0.533627 0.364257
vn 0.0237721 0.00322336 0.999712
v -6.89613 -18.4623 -0.117964 0.24279 0.454905 0.351827
vn 0.0196085 0.024289 0.999513
v -6.92619 -14.7347 -0.030668 0.364241 0.564789 0.369177
vn 0.0171429 0.0114041 0.999788
v -6.86921 -12.2527 -0.0621545 0.320435 0.525156 0.362919
vn 0.0239648 0.0193711 0.999525
v -6.99001 -12.1534 -0.0604709 0.322778 0.527275 0.363254
vn 0.0206253 0.0206443 0.999574
v -6.8692 -8.66142 -0.00973753 0.393361 0.591136 0.373337
vn 0.0115603 0.00659318 0.999911
v -6.96644 -8.54872 -0.00830272 0.395357 0.592942 0.373622
vn 0.0173249 0.00203354 0.999848
v -6.81578 -4.68083 -0.0107172 0.391998 0.589903 0.373143
vn 0.0174735 -0.0100709 0.999797
v -6.88126 -4.48956 -0.00689296 0.397318 0.594716 0.373903
vn 0.0149797 -0.00415501 0.999879
v -6.94531 -4.3455 -0.00738323 0.396636 0.594099 0.373805
vn 0.0154596 -0.00434406 0.999871
v -6.99547 -4.19625 -0.00550054 0.399255 0.596469 0.374179
vn 0.016688 -0.00539925 0.999846
v -6.97908 1.26003 0.0357626 0.456663 0.648409 0.38238
vn 0.00978238 -0.00582455 0.999935
v -6.91091 1.47443 0.0350871 0.455723 0.647559 0.382246
vn 0.00965392 -0.00893916 0.999913
v -6.82239 1.67692 0.0378021 0.4595 0.650976 0.382786
vn 0.00695006 -0.0122595 0.999901
v -6.97148 5.17189 0.096027 0.540506 0.724267 0.394358
vn -0.00507629 -0.0137938 0.999892
v -6.83316 5.29466 0.100101 0.546173 0.729395 0.395168
vn -5.69161e-05 -0.0137937 0.999905
v -6.9058 8.13094 0.114326 0.565965 0.747302 0.397995
vn 0.00226097 -0.0407795 0.999166
v -6.89944 10.0994 0.179195 0.656213 0.828955 0.410888
vn 0.00432996 -0.0102837 0.999938
v -6.89481 12.6855 0.168118 0.640802 0.815011 0.408686
vn -0.00102478 -0.00217335 0.999997
v -6.9124 14.8291 0.196561 0.680374 0.850815 0.414339
vn 0.0024925 -0.0209358 0.999778
v -6.96305 17.1802 0.252335 0.75797 0.921021 0.425424
vn 0.00177332 -0.0278118 0.999612
v -6.827 17.219 0.253452 0.759523 0.922426 0.425646
vn -0.00552494 -0.0307386 0.999512
v -6.89291 18.4785 0.292868 0.79 0.95 0.43
vn -0.00336974 -0.019832 0.999798
v -6.8858 20.5007 0.30571 0.79 0.95 0.43
vn -0.00595359 -0.00462289 0.999972
v -6.91563 24.295 0.249852 0.754516 0.917895 0.424931
vn -0.0148387 0.0500872 0.998635
v -6.66847 -25.3227 -0.12128 0.238176 0.450731 0.351168
vn -0.0195236 -0.0656491 0.997652
v -6.64467 -21.2671 -0.101965 0.265048 0.475044 0.355007
vn -0.0282341 -0.0764996 0.99667
v -6.62374 -20.9945 -0.0804852 0.294933 0.502082 0.359276
vn 0.0290312 -0.0213547 0.99935
v -6.62014 -18.6066 -0.120195 0.239686 0.452097 0.351384
vn 0.021947 0.0215119 0.999528
v -6.73846 -18.5479 -0.119451 0.240721 0.453033 0.351532
vn 0.019768 0.0223548 0.999555
v -6.67796 -14.8588 -0.0295018 0.365863 0.566257 0.369409
vn 0.00841002 0.0179029 0.999804
v -6.6239 -12.4445 -0.065185 0.316219 0.521341 0.362317
vn 0.0280544 0.0136157 0.999514
v -6.73118 -12.352 -0.062828 0.319498 0.524308 0.362785
vn 0.0253039 0.0165542 0.999543
v -6.6833 -8.8674 -0.0123509 0.389725 0.587846 0.372818
vn 0.0196762 0.000905797 0.999806
v -6.78777 -8.73728 -0.0091226 0.394216 0.59191 0.373459
vn 0.0205465 -0.000646777 0.999789
v -6.63337 -5.0875 -0.0144434 0.386814 0.585212 0.372402
vn 0.0165413 -0.00185394 0.999861
v -6.69775 -4.93187 -0.0115147 0.390888 0.588899 0.372984
vn 0.0132503 0.00132261 0.999911
v -6.7825 -4.7765 -0.0128746 0.388996 0.587187 0.372714
vn 0.0135867 0.00268015 0.999904
v -6.7794 1.77283 0.0389004 0.461028 0.652359 0.383004
vn 0.00284061 -0.00173033 0.999994
v -6.74237 1.90757 0.0355665 0.45639 0.648162 0.382341
vn 0.0144272 -0.00543547 0.999881
v -6.6527 2.0967 0.0370046 0.458391 0.649973 0.382627
vn 0.00764581 -0.00840508 0.999935
v -6.74515 5.38869 0.100792 0.547136 0.730266 0.395305
vn -0.00281061 -0.0132284 0.999909
v -6.64257 5.48076 0.103098 0.550344 0.733169 0.395763
vn -0.00249449 -0.0173218 0.999847
v -6.79154 8.17271 0.119335 0.572933 0.753606 0.39899
vn -0.0185202 0.00193275 0.999827
v -6.67664 8.2434 0.121313 0.575685 0.756096 0.399384
vn -0.00127339 -0.0168554 0.999857
v -6.74019 10.182 0.181265 0.659094 0.831561 0.411299
vn 0.0054761 -0.0167179 0.999845
v -6.64021 10.2411 0.181765 0.659789 0.83219 0.411398
vn 0.0050058 -0.00938867 0.999943
v -6.72216 12.774 0.168489 0.641319 0.815479 0.40876
vn 0.0021757 0.00140556 0.999997
v -6.63097 12.8377 0.167188 0.639509 0.813842 0.408501
vn 0.0104413 -0.00280205 0.999942
v -6.69922 14.9083 0.198053 0.682449 0.852692 0.414636
vn 0.00685086 -0.020427 0.999768
v -6.66986 17.2414 0.256102 0.763211 0.925763 0.426173
vn -0.0133933 -0.032253 0.99939
v -6.74195 18.5446 0.292357 0.79 0.95 0.43
vn 0.00272954 -0.0161932 0.999865
v -6.60782 18.6115 0.291333 0.79 0.95 0.43
vn -0.00102166 -0.00624698 0.99998
v -6.68206 20.5307 0.307919 0.79 0.95 0.43
vn -0.00101307 -0.00688228 0.999976
v -6.75218 24.3972 0.247131 0.750729 0.914469 0.42439
vn -0.015052 0.0510278 0.998584
v -6.62313 24.4447 0.246607 0.750001 0.913811 0.424286
vn -0.0170419 0.0611303 0.997984
v -6.55693 -25.5583 -0.134813 0.219349 0.433697 0.348478
vn 0.0293412 0.0169803 0.999425
v -6.42657 -21.6514 -0.125561 0.232221 0.445343 0.350317
vn -0.0280393 -0.0777441 0.996579
v -6.49804 -21.5356 -0.118564 0.241956 0.454151 0.351708
vn -0.0280293 -0.0771608 0.996625
v -6.54225 -21.3189 -0.103104 0.263463 0.47361 0.35478
vn -0.0257296 -0.0759776 0.996777
v -6.50511 -18.6737 -0.121868 0.237359 0.449991 0.351051
vn 0.03458 0.0205445 0.999191
v -6.50635 -14.9572 -0.0302158 0.36487 0.565359 0.369267
vn 0.0133559 0.014164 0.99981
v -6.47974 -12.5358 -0.0651007 0.316336 0.521447 0.362334
vn 0.0218418 0.0163027 0.999629
v -6.47058 -9.08917 -0.0150497 0.38597 0.584449 0.372281
vn 0.013288 0.00760545 0.999883
v -6.42648 -5.48256 -0.0175813 0.382448 0.581262 0.371778
vn 0.0160115 0.000296112 0.999872
v -6.52234 -5.30106 -0.0157291 0.385025 0.583594 0.372146
vn 0.0160061 0.00081122 0.999872
v -6.58894 -5.17779 -0.0152279 0.385722 0.584225 0.372246
vn 0.0148292 0.00289435 0.999886
v -6.53435 2.31389 0.0401207 0.462726 0.653895 0.383247
vn 0.00242844 -0.019566 0.999806
v -6.42549 2.48195 0.0445878 0.468941 0.659518 0.384134
vn -0.000843165 -0.0199339 0.999801
v -6.58333 5.54246 0.103406 0.550772 0.733555 0.395825
vn 0.00383002 -0.023548 0.999715
v -6.46238 5.64386 0.10625 0.554728 0.737135 0.39639
vn -0.00700454 -0.0330297 0.99943
v -6.51067 8.35185 0.123207 0.578321 0.75848 0.39976
vn -0.00636923 -0.0179809 0.999818
v -6.46298 10.3385 0.18305 0.661577 0.833808 0.411654
vn 0.00402949 -0.0133945 0.999902
v -6.5003 12.9095 0.166816 0.638992 0.813374 0.408427
vn 0.000721705 0.00903171 0.999959
v -6.53132 14.9618 0.199734 0.684789 0.854809 0.41497
vn 0.0126683 -0.0164899 0.999784
v -6.44729 15.0371 0.196886 0.680827 0.851224 0.414404
vn 0.0103378 -0.0215264 0.999715
v -6.45664 17.2662 0.259939 0.768549 0.930592 0.426936
vn -0.00254622 -0.0295351 0.999561
v -6.44581 18.5962 0.29581 0.79 0.95 0.43
vn -2.14575e-05 -0.0235842 0.999722
v -6.47517 20.6543 0.304896 0.79 0.95 0.43
vn 0.00584387 0.000595281 0.999983
v -6.48947 24.4762 0.246921 0.750438 0.914206 0.424348
vn -0.0137013 0.0489697 0.998706
v -6.26615 -25.6551 -0.13565 0.218184 0.432643 0.348312
vn 0.0133022 0.0408288 0.999078
v -6.35142 -25.4709 -0.124908 0.23313 0.446165 0.350447
vn -0.0189457 -0.0657515 0.997656
v -6.27775 -21.6835 -0.124097 0.234258 0.447186 0.350608
vn -0.0256145 -0.0761107 0.99677
v -6.20079 -18.879 -0.129118 0.227273 0.440866 0.34961
vn 0.0278774 0.0219723 0.99937
v -6.34115 -18.739 -0.121775 0.237488 0.450108 0.35107
vn -0.0346567 -0.0865407 0.995645
v -6.30886 -15.0866 -0.0329289 0.361096 0.561944 0.368728
vn 0.0200612 0.00879751 0.99976
v -6.27707 -12.6797 -0.0671211 0.313526 0.518904 0.361932
vn 0.0174928 0.0187047 0.999672
v -6.29318 -9.25987 -0.0166552 0.383736 0.582428 0.371962
vn 0.0229451 -0.00101264 0.999736
v -6.35428 -9.18976 -0.0146567 0.386517 0.584944 0.37236
vn 0.0198025 0.00217367 0.999802
v -6.27895 -5.70187 -0.0159252 0.384752 0.583347 0.372107
vn 0.0131142 0.00122183 0.999913
v -6.36285 -5.57888 -0.0167969 0.383539 0.58225 0.371934
vn 0.00753805 0.0126216 0.999892
v -6.36488 2.59114 0.0451761 0.469759 0.660259 0.384251
vn 0.00486512 -0.0200319 0.999788
v -6.26593 2.70634 0.0514084 0.47843 0.668103 0.38549
vn 0.000553148 -0.0179221 0.999839
v -6.29247 5.75122 0.113552 0.564887 0.746327 0.397841
vn -0.0136099 -0.0399879 0.999107
v -6.33292 8.44411 0.127248 0.583942 0.763567 0.400563
vn 0.00115723 -0.00493767 0.999987
v -6.2719 10.4533 0.183193 0.661776 0.833988 0.411682
vn 0.00886859 -0.00745117 0.999933
v -6.39766 12.9881 0.164586 0.635888 0.810566 0.407984
vn 0.0105814 -0.0117362 0.999875
v -6.29749 13.0287 0.165329 0.636923 0.811502 0.408132
vn 0.00319717 -0.00319861 0.99999
v -6.28878 15.0853 0.198432 0.682978 0.85317 0.414711
vn 0.0173397 -0.014915 0.999738
v -6.25822 17.3194 0.261404 0.770587 0.932436 0.427227
vn 0.00256917 -0.0287491 0.999583
v -6.26191 18.6762 0.294915 0.79 0.95 0.43
vn 0.00227068 -0.0188614 0.99982
v -6.31207 20.7302 0.303617 0.79 0.95 0.43
vn -0.0177853 0.0563575 0.998252
v -6.30974 24.5153 0.247445 0.751166 0.914865 0.424452
vn -0.0133379 0.048328 0.998742
v -6.09373 -25.6978 -0.135278 0.218702 0.433111 0.348386
vn 0.00143939 0.0137335 0.999905
v -6.10571 -21.7648 -0.125941 0.231693 0.444865 0.350242
vn -0.0253368 -0.0777891 0.996648
v -6.10377 -18.9036 -0.128002 0.228824 0.44227 0.349832
vn 0.0135028 0.0276101 0.999528
v -6.1941 -18.6806 -0.111644 0.251583 0.462861 0.353083
vn -0.031691 -0.0836425 0.995992
v -6.07821 -15.2355 -0.036356 0.356328 0.55763 0.368047
vn 0.012181 0.0112633 0.999862
v -6.17911 -15.191 -0.0367844 0.355732 0.55709 0.367962
vn -0.0471547 -0.0972886 0.994139
v -6.12434 -12.7637 -0.0663634 0.31458 0.519858 0.362083
vn 0.015468 0.0190761 0.999698
v -6.04507 -9.49859 -0.0204216 0.378496 0.577687 0.371214
vn 0.0151738 0.00680276 0.999862
v -6.18798 -9.36625 -0.0186537 0.380956 0.579913 0.371565
vn 0.0188707 0.00383861 0.999815
v -6.05529 -6.06746 -0.0204054 0.378519 0.577708 0.371217
vn 0.0135063 -0.000638836 0.999909
v -6.1497 -5.91187 -0.0178428 0.382084 0.580933 0.371726
vn 0.0152808 -0.00358309 0.999877
v -6.14329 2.90085 0.0531254 0.480819 0.670265 0.385831
vn 0.00262281 -0.018928 0.999817
v -6.03613 3.03948 0.0569432 0.48613 0.67507 0.38659
vn -0.000686296 -0.0227322 0.999741
v -6.12187 5.8508 0.121119 0.575415 0.755852 0.399345
vn -0.00515142 -0.0366787 0.999314
v -6.15779 8.57091 0.127079 0.583708 0.763355 0.40053
vn 0.000913242 0.00777198 0.999969
v -6.09007 8.65585 0.123123 0.578203 0.758375 0.399743
vn 0.0220636 -0.0224485 0.999505
v -6.12831 10.5321 0.183728 0.662521 0.834662 0.411789
vn 0.0193089 -0.0429654 0.99889
v -6.03566 10.6096 0.181479 0.659392 0.831831 0.411342
vn -0.00364434 0.00602722 0.999975
v -6.13021 13.1264 0.163904 0.63494 0.809708 0.407849
vn 0.00442673 -0.00740646 0.999963
v -6.12507 15.178 0.196642 0.680487 0.850917 0.414355
vn 0.00288066 -0.0258143 0.999663
v -6.0726 17.3667 0.262799 0.772528 0.934192 0.427504
vn 0.00259669 -0.0310985 0.999513
v -6.11411 18.7547 0.293252 0.79 0.95 0.43
vn -0.00356746 -0.00782029 0.999963
v -6.18877 20.7461 0.304896 0.79 0.95 0.43
vn -0.000258202 -0.00371023 0.999993
v -6.08222 20.8022 0.303617 0.79 0.95 0.43
vn -0.000324888 -0.000835576 1
v -6.13152 24.5776 0.246712 0.750147 0.913942 0.424307
vn -0.0154358 0.0579376 0.998201
v -5.90722 -25.688 -0.131186 0.224396 0.438263 0.349199
vn -0.0179929 -0.0660261 0.997656
v -5.89526 -21.7277 -0.11775 0.243088 0.455175 0.35187
vn -0.025217 -0.076033 0.996786
v -5.91054 -18.9539 -0.12605 0.23154 0.444727 0.35022
vn -0.0298833 -0.0837574 0.996038
v -5.90358 -15.3377 -0.0382838 0.353646 0.555203 0.367664
vn 0.0129756 0.00863504 0.999879
v -5.88578 -12.9205 -0.0685801 0.311496 0.517067 0.361642
vn 0.0264959 0.00687885 0.999625
v -5.87071 -9.65059 -0.0221383 0.376108 0.575526 0.370873
vn 0.0150111 0.00452008 0.999877
v -5.95203 -9.57623 -0.0208059 0.377962 0.577203 0.371137
vn 0.00825849 0.0109541 0.999906
v -5.87727 -6.31442 -0.0217434 0.376657 0.576023 0.370951
vn 0.0168646 -0.00645429 0.999837
v -5.96904 -6.18419 -0.0204055 0.378519 0.577708 0.371217
vn 0.0121539 0.000893987 0.999926
v -5.96805 3.12761 0.0589044 0.488859 0.677539 0.38698
vn 0.00765616 -0.00999721 0.999921
v -5.85571 3.28358 0.0602772 0.490769 0.679267 0.387253
vn 0.00328575 -0.015499 0.999874
v -5.97105 5.94777 0.126363 0.58271 0.762452 0.400387
vn 0.00458374 -0.0331401 0.99944
v -5.87219 6.01506 0.129078 0.586489 0.765871 0.400927
vn -0.00251413 -0.0411039 0.999152
v -5.96632 8.73337 0.123796 0.57914 0.759222 0.399877
vn 0.00571238 0.0134937 0.999893
v -5.86206 8.83839 0.119966 0.573812 0.754401 0.399116
vn 0.0253596 -0.0262037 0.999335
v -5.90963 10.6476 0.184549 0.663663 0.835695 0.411952
vn 0.0318075 -0.0394236 0.998716
v -5.91343 13.2436 0.162541 0.633044 0.807992 0.407578
vn 0.0110942 -0.0169046 0.999796
v -5.90435 15.2509 0.197944 0.682299 0.852556 0.414614
vn 0.0021928 -0.0276721 0.999615
v -5.97299 17.39 0.263636 0.773692 0.935246 0.42767
vn 0.00254711 -0.0241507 0.999705
v -5.86541 17.4006 0.26545 0.776216 0.937529 0.428031
vn -0.00587799 -0.0331202 0.999434
v -5.96656 18.777 0.294915 0.79 0.95 0.43
vn 3.58745e-05 -0.0159465 0.999873
v -5.85825 18.8001 0.295683 0.79 0.95 0.43
vn 0.000139948 -0.00795661 0.999968
v -5.91834 20.8883 0.301582 0.79 0.95 0.43
vn -0.0170047 0.0559678 0.998288
v -5.92691 24.6173 0.247392 0.751093 0.914799 0.424442
vn -0.0132425 0.0510886 0.998606
v -5.70964 -25.7206 -0.12986 0.226239 0.439931 0.349463
vn -0.0174192 -0.0669194 0.997606
v -5.71003 -21.8298 -0.121167 0.238334 0.450873 0.351191
vn -0.0242715 -0.0773911 0.996705
v -5.67971 -19.0874 -0.130419 0.225462 0.439228 0.349352
vn 0.0190077 0.025638 0.999491
v -5.69793 -15.474 -0.0424606 0.347835 0.549946 0.366834
vn 0.0158937 0.00563558 0.999858
v -5.68963 -13.0436 -0.0703199 0.309075 0.514878 0.361296
vn 0.00970913 0.0164814 0.999817
v -5.63444 -9.86402 -0.0266476 0.369834 0.56985 0.369976
vn -0.0828399 -0.115236 0.989878
v -5.74198 -9.75766 -0.0232655 0.37454 0.574107 0.370649
vn 0.0156787 0.00333652 0.999872
v -5.63596 -6.66961 -0.0297079 0.365577 0.565998 0.369368
vn 0.0163579 -0.00413386 0.999858
v -5.74922 -6.50907 -0.0262105 0.370443 0.5704 0.370063
vn 0.0184076 -0.00888375 0.999791
v -5.685 3.50996 0.0618592 0.49297 0.681258 0.387567
vn 0.00542977 -0.0131297 0.999899
v -5.68441 6.13327 0.134715 0.594331 0.772966 0.402047
vn 0.0129176 -0.0324762 0.999389
v -5.74078 8.93769 0.117693 0.570649 0.75154 0.398664
vn 0.0341681 -0.0234225 0.999142
v -5.65545 9.01972 0.114621 0.566375 0.747673 0.398054
vn 0.0270156 -0.0326859 0.9991
v -5.70644 10.7671 0.183728 0.662521 0.834662 0.411789
vn 0.00512953 -0.0132381 0.999899
v -5.72875 13.3495 0.160579 0.630314 0.805522 0.407188
vn 0.0182886 -0.0151743 0.999718
v -5.69249 15.3085 0.199897 0.685015 0.855014 0.415002
vn 0.00849752 -0.0259039 0.999628
v -5.69596 17.4348 0.267077 0.77848 0.939577 0.428354
vn 0.00702864 -0.0290357 0.999554
v -5.69318 18.8197 0.297729 0.79 0.95 0.43
vn -0.00927203 -0.0135764 0.999865
v -5.70706 20.95 0.301601 0.79 0.95 0.43
vn -0.000312729 0.000232651 1
v -5.68693 24.7075 0.245875 0.748982 0.912888 0.42414
vn -0.0133653 0.0527061 0.998521
v -5.44707 -25.8379 -0.133278 0.221484 0.435628 0.348783
vn -0.0169682 -0.0677909 0.997555
v -5.56346 -25.7737 -0.130907 0.224784 0.438614 0.349255
vn -0.0165754 -0.066183 0.99767
v -5.4722 -21.8769 -0.119215 0.24105 0.453331 0.351579
vn -0.0230621 -0.0752037 0.996901
v -5.48403 -19.181 -0.132649 0.222359 0.43642 0.348908
vn 0.0422498 0.00376588 0.9991
v -5.41267 -15.6034 -0.0429961 0.347089 0.549271 0.366727
vn 0.0142603 0.00617135 0.999879
v -5.514 -15.5624 -0.0432102 0.346792 0.549002 0.366685
vn 0.00777991 0.00926512 0.999927
v -5.47143 -13.1522 -0.0696465 0.310012 0.515725 0.36143
vn 0.0102969 0.0159374 0.99982
v -5.4259 -10.0227 -0.0280311 0.36791 0.568109 0.369701
vn 0.00072917 0.0112277 0.999937
v -5.52806 -9.93961 -0.0265451 0.369977 0.569979 0.369997
vn 0.0169058 0.00218828 0.999855
v -5.47158 -6.88434 -0.0339767 0.359638 0.560625 0.36852
vn 0.0162122 0.000376994 0.999869
v -5.57433 -6.76092 -0.0324863 0.361711 0.562501 0.368816
vn 0.0163512 -0.00198973 0.999864
v -5.5184 3.71295 0.063742 0.495589 0.683628 0.387941
vn 0.00674305 -0.0126003 0.999898
v -5.4223 3.83408 0.0635327 0.495298 0.683365 0.3879
vn 0.00619591 -0.0147693 0.999872
v -5.46929 6.29702 0.136867 0.597325 0.775675 0.402475
vn 0.00701615 -0.0187993 0.999799
v -5.51485 9.10854 0.114284 0.565906 0.747249 0.397987
vn 0.0309226 -0.0328905 0.99898
v -5.4773 10.8904 0.183371 0.662024 0.834212 0.411718
vn 0.01086 -0.0109843 0.999881
v -5.49322 13.4765 0.158389 0.627268 0.802766 0.406753
vn 0.0174198 -0.0160246 0.99972
v -5.53592 15.364 0.200222 0.685468 0.855424 0.415067
vn 0.015756 -0.0220113 0.999634
v -5.42857 15.4251 0.198595 0.683204 0.853375 0.414743
vn 0.0137081 -0.0253788 0.999584
v -5.53579 17.4882 0.267124 0.778545 0.939636 0.428364
vn -0.000257079 -0.0289086 0.999582
v -5.46811 18.8295 0.301439 0.79 0.95 0.43
vn -0.00368805 -0.006846 0.99997
v -5.48616 20.9807 0.303384 0.79 0.95 0.43
vn 0.00873674 0.00223957 0.999959
v -5.55926 24.7735 0.244095 0.746506 0.910648 0.423787
vn -0.0171884 0.0643837 0.997777
v -5.42372 24.8077 0.24399 0.746361 0.910517 0.423766
vn -0.0121419 0.0511748 0.998616
v -5.27622 -25.8858 -0.133697 0.220902 0.435101 0.3487
vn -0.0161738 -0.0679997 0.997554
v -5.25559 -21.9484 -0.119865 0.240145 0.452512 0.351449
vn 0 0 0
v -5.33507 -19.2041 -0.130233 0.225721 0.439462 0.349389
vn -0.011556 0.029853 0.999487
v -5.22323 -19.1824 -0.125028 0.232962 0.446013 0.350423
vn -0.0289723 -0.083346 0.996099
v -5.27499 -15.6962 -0.0465302 0.342173 0.544823 0.366025
vn 0.0214888 0.00163059 0.999768
v -5.25752 -13.2726 -0.0711196 0.307963 0.513871 0.361138
vn 0.0147039 0.0120812 0.999819
v -5.28601 -10.1223 -0.0286631 0.36703 0.567313 0.369576
vn 0.0069649 0.00615022 0.999957
v -5.307 -7.0997 -0.040004 0.351252 0.553038 0.367322
vn 0.0194864 -0.000318653 0.99981
v -5.33061 3.93714 0.0643521 0.496438 0.684396 0.388063
vn 0.00810095 -0.0109367 0.999907
v -5.25539 4.03568 0.0628267 0.494316 0.682476 0.387759
vn 0.00590017 -0.0201827 0.999779
v -5.27013 6.44226 0.138609 0.599749 0.777868 0.402821
vn 0.000638787 -0.0124284 0.999923
v -5.30662 9.27128 0.109823 0.559699 0.741633 0.3971
vn 0.0334644 -0.035879 0.998796
v -5.31812 10.9634 0.18405 0.662968 0.835066 0.411853
vn 0.0267032 -0.0479489 0.998493
v -5.24401 11.0218 0.181908 0.659988 0.83237 0.411427
vn -0.00110305 0.00845261 0.999964
v -5.33105 13.5689 0.156221 0.624251 0.800036 0.406322
vn 0.0135257 -0.0187001 0.999734
v -5.20426 13.6263 0.155663 0.623475 0.799334 0.406211
vn 0.00736171 -0.0235369 0.999696
v -5.31999 15.4837 0.19713 0.681166 0.851532 0.414452
vn 0.00331484 -0.0337303 0.999425
v -5.34932 17.5198 0.269077 0.781262 0.942094 0.428752
vn 0.00185083 -0.0322524 0.999478
v -5.30279 18.8442 0.303613 0.79 0.95 0.43
vn 0.00991328 -0.0232523 0.99968
v -5.29151 21.1002 0.299663 0.79 0.95 0.43
vn 0.0132637 0.00498068 0.9999
v -5.24786 24.875 0.24263 0.744467 0.908804 0.423495
vn -0.0135378 0.0561638 0.99833
v -5.08385 -25.8515 -0.128256 0.228472 0.44195 0.349782
vn -0.0158357 -0.068122 0.997551
v -5.11016 -21.9812 -0.119215 0.24105 0.453331 0.351579
vn -0.021784 -0.0811014 0.996468
v -5.10049 -19.2326 -0.125958 0.231669 0.444843 0.350238
vn -0.028328 -0.0876467 0.995749
v -5.05472 -15.8093 -0.0489935 0.338746 0.541722 0.365535
vn 0.0017948 0.0105718 0.999943
v -5.13048 -15.7772 -0.0487793 0.339044 0.541992 0.365578
vn 0.014109 0.00570186 0.999884
v -5.09348 -13.3398 -0.0697306 0.309895 0.515619 0.361414
vn 0.00227759 0.0164193 0.999863
v -5.0856 -10.2484 -0.0280823 0.367838 0.568044 0.369691
vn 0.00356068 0.00919817 0.999951
v -5.02297 -7.42456 -0.0473913 0.340975 0.543739 0.365854
vn 0.0194313 0.00113847 0.999811
v -5.10337 -7.32963 -0.0444494 0.345068 0.547442 0.366438
vn 0.0227701 -0.0028383 0.999737
v -5.00007 -2.65167 0.00153384 0.409042 0.605324 0.375577
vn 0 0 0
v -5.03449 -2.49241 0.002684 0.410642 0.606771 0.375806
vn 0 0 0
v -5.06971 -2.2671 0.00590098 0.415118 0.610821 0.376445
vn 0.00913783 -0.00667806 0.999936
v -5.09819 -2.05524 0.00796774 0.417993 0.613422 0.376856
vn 0.00814179 -0.00849424 0.999931
v -5.11247 -1.88897 0.0103758 0.421343 0.616454 0.377335
vn 0.00982281 -0.00913725 0.99991
v -5.12207 -1.72179 0.0126224 0.424469 0.619281 0.377781
vn 0.00830279 -0.0132949 0.999877
v -5.12641 -1.49944 0.015983 0.429144 0.623512 0.378449
vn 0.00917925 -0.0127496 0.999877
v -5.1254 -1.27695 0.0184632 0.432595 0.626634 0.378942
vn 0.00760472 -0.0063085 0.999951
v -5.12142 -1.06496 0.0194516 0.43397 0.627878 0.379139
vn 0.00817071 -0.0032627 0.999961
v -5.11678 -0.899218 0.019218 0.433645 0.627584 0.379092
vn 0.00644701 0.000170332 0.999979
v -5.10669 -0.733182 0.0190203 0.43337 0.627335 0.379053
vn 0.00620747 -0.00238495 0.999978
v -5.08584 -0.512446 0.0188585 0.433145 0.627131 0.379021
vn 0.00740303 0.00109974 0.999972
v -5.0649 -0.291446 0.0163425 0.429645 0.623964 0.378521
vn 0.00769542 -0.00039264 0.99997
v -5.03007 -0.0903441 0.0163425 0.429645 0.623964 0.378521
vn 0.00598276 -0.00713908 0.999957
v -5.13406 4.14606 0.0661215 0.4989 0.686624 0.388414
vn -0.00390982 -0.0250655 0.999678
v -5.04061 4.22762 0.0687101 0.502501 0.689882 0.388929
vn -0.00184482 -0.023065 0.999732
v -5.1002 6.56209 0.139839 0.60146 0.779416 0.403066
vn 0.00821628 -0.0117143 0.999898
v -5.01706 6.61982 0.140301 0.602102 0.779997 0.403157
vn 0.0279448 -0.0271203 0.999242
v -5.07731 9.44173 0.105081 0.553102 0.735664 0.396157
vn 0.0321387 -0.0407503 0.998652
v -5.12855 11.0573 0.183836 0.66267 0.834797 0.41181
vn 0.0200325 -0.0371023 0.999111
v -5.07771 13.6845 0.154919 0.62244 0.798398 0.406063
vn 0.0107726 -0.0090795 0.999901
v -5.12079 15.5399 0.198215 0.682676 0.852897 0.414668
vn 0.010658 -0.0273765 0.999568
v -5.14612 17.5621 0.270542 0.7833 0.943938 0.429043
vn 0.0100527 -0.0332869 0.999395
v -5.14366 18.8785 0.304381 0.79 0.95 0.43
vn 0.0147503 -0.0268505 0.999531
v -5.14533 21.1697 0.297919 0.79 0.95 0.43
vn 0.00678482 0.000904229 0.999977
v -5.07596 24.9401 0.241269 0.742574 0.907091 0.423225
vn -0.0120758 0.0532221 0.99851
v -4.87611 -25.9257 -0.13007 0.225948 0.439667 0.349421
vn -0.0156209 -0.0685608 0.997525
v -4.91807 -25.7117 -0.116118 0.245358 0.457229 0.352194
vn -0.0151615 -0.0669766 0.997639
v -4.90357 -22.0107 -0.117099 0.243993 0.455994 0.351999
vn -0.0205095 -0.0783042 0.996719
v -4.9203 -19.2601 -0.123355 0.23529 0.448119 0.350756
vn -0.0273941 -0.0853689 0.995973
v -4.9266 -15.8523 -0.0483509 0.33964 0.542531 0.365663
vn 0.00538736 0.00956466 0.99994
v -4.87912 -13.432 -0.0688889 0.311066 0.516679 0.361581
vn 0.00325102 0.0143099 0.999892
v -4.98995 -13.3892 -0.0698148 0.309778 0.515513 0.361397
vn 0.00892316 0.0122712 0.999885
v -4.8131 -10.4079 -0.026955 0.369407 0.569463 0.369915
vn -0.079123 -0.136609 0.98746
v -4.91565 -10.3451 -0.0268525 0.369549 0.569592 0.369936
vn -0.00387509 0.0137852 0.999897
v -4.91832 -7.52006 -0.0476689 0.340588 0.54339 0.365798
vn 0.0164156 0.00509807 0.999852
v -4.82412 -3.28003 -0.00504387 0.399891 0.597044 0.37427
vn 0 0 0
v -4.89949 -3.05254 -0.00342635 0.402141 0.59908 0.374592
vn 0 0 0
v -4.94329 -2.92198 -0.00387567 0.401516 0.598514 0.374502
vn 0 0 0
v -4.97931 -2.76235 -0.000910333 0.405642 0.602247 0.375092
vn 0 0 0
v -4.98393 0.0884278 0.0188585 0.433145 0.627131 0.379021
vn 0.00703259 -0.00606714 0.999957
v -4.93689 0.276321 0.019218 0.433645 0.627584 0.379092
vn 0.00564034 -0.00790122 0.999953
v -4.8705 0.474288 0.0221833 0.437771 0.631316 0.379682
vn 0.00413416 -0.0127721 0.99991
v -4.83376 0.609543 0.0208355 0.435895 0.62962 0.379414
vn 0.00111332 -0.0102403 0.999947
v -4.92799 4.33849 0.0694162 0.503484 0.690771 0.389069
vn 0.00599885 -0.0217512 0.999745
v -4.90593 6.72263 0.137363 0.598014 0.776299 0.402573
vn 0.01155 -0.00647267 0.999912
v -4.90759 9.52099 0.106329 0.554839 0.737235 0.396406
vn 0.0229286 -0.0450583 0.998721
v -4.93578 11.1475 0.183764 0.66257 0.834707 0.411796
vn 0.0233405 -0.053035 0.99832
v -4.92878 13.7529 0.153897 0.621018 0.797111 0.40586
vn 0.0112457 -0.0023389 0.999934
v -4.89286 15.6361 0.196751 0.680638 0.851054 0.414377
vn 0.0126824 -0.0279309 0.999529
v -4.93781 17.6432 0.269356 0.781651 0.942446 0.428807
vn 0.0243905 -0.0297451 0.99926
v -4.96106 18.97 0.30195 0.79 0.95 0.43
vn 0.00379565 -0.00665935 0.999971
v -4.86129 19.0204 0.300543 0.79 0.95 0.43
vn 0.0151933 -0.00994656 0.999835
v -4.93291 21.2384 0.297105 0.79 0.95 0.43
vn 0.00554959 -0.000137684 0.999985
v -4.93831 24.9884 0.240327 0.741264 0.905905 0.423038
vn -0.0108975 0.0512007 0.998629
v -4.85598 25.0508 0.238024 0.73806 0.903006 0.42258
vn -0.012216 0.0546102 0.998433
v -4.62504 -26.0216 -0.13286 0.222066 0.436155 0.348867
vn -0.0144163 -0.0675321 0.997613
v -4.75542 -25.9954 -0.132999 0.221872 0.43598 0.348839
vn -0.0151548 -0.0683902 0.997544
v -4.71332 -22.0971 -0.119974 0.239994 0.452375 0.351428
vn -0.0205095 -0.0783042 0.996719
v -4.70928 -19.2949 -0.120753 0.23891 0.451395 0.351273
vn 0 0 0
v -4.73414 -15.934 -0.0493267 0.338282 0.541303 0.365469
vn 0.00910876 0.00823311 0.999925
v -4.72379 -13.5026 -0.0690572 0.310832 0.516467 0.361547
vn 0.0127409 0.00772099 0.999889
v -4.68855 -10.4563 -0.0236755 0.373969 0.573591 0.370567
vn 0.00205261 0.0107909 0.99994
v -4.72857 -7.714 -0.0525425 0.333808 0.537255 0.36483
vn 0.0160102 0.00544197 0.999857
v -4.65269 -3.7062 -0.00773958 0.39614 0.593651 0.373734
vn 0 0 0
v -4.74877 -3.48084 -0.00648155 0.397891 0.595234 0.373984
vn 0 0 0
v -4.7788 0.708266 0.0265414 0.443834 0.636802 0.380548
vn 0.000728734 -0.0208072 0.999783
v -4.68846 0.913516 0.0303963 0.449197 0.641654 0.381314
vn 0.00529706 -0.0110646 0.999925
v -4.62191 1.08869 0.0291024 0.447397 0.640026 0.381057
vn 0.0101859 0.000153047 0.999948
v -4.7002 4.54587 0.0715866 0.506503 0.693503 0.3895
vn 0.00750766 -0.0200235 0.999771
v -4.70816 6.86163 0.13697 0.597468 0.775804 0.402495
vn 0.0119123 -0.0114097 0.999864
v -4.79695 9.58364 0.105698 0.553961 0.736441 0.39628
vn 0.0279837 0.00383197 0.999601
v -4.68431 9.66179 0.103215 0.550506 0.733315 0.395787
vn 0.0201505 -0.0175611 0.999643
v -4.68492 11.256 0.184026 0.662935 0.835036 0.411848
vn 0.0335369 -0.0495285 0.99821
v -4.69957 13.8556 0.152255 0.618734 0.795045 0.405533
vn 0.00719327 -0.0127936 0.999892
v -4.68791 15.7322 0.194445 0.677431 0.848152 0.413919
vn 0.0102095 -0.0308497 0.999472
v -4.72198 17.7582 0.265868 0.776798 0.938055 0.428114
vn 0.0184278 -0.0299797 0.999381
v -4.7134 19.1047 0.297793 0.79 0.95 0.43
vn 0.0173644 -0.00685591 0.999826
v -4.70421 21.3272 0.295245 0.79 0.95 0.43
vn -0.0132491 0.0559057 0.998348
v -4.7161 25.0677 0.238652 0.738934 0.903797 0.422705
vn -0.0107268 0.0518561 0.998597
v -4.4953 -26.0509 -0.132999 0.221872 0.43598 0.348839
vn -0.0137905 -0.066866 0.997667
v -4.478 -22.1478 -0.119296 0.240937 0.453229 0.351562
vn -0.0190494 -0.0750992 0.996994
v -4.49995 -19.3456 -0.119823 0.240204 0.452565 0.351458
vn -0.0238496 -0.0842436 0.99616
v -4.48838 -16.0306 -0.0502073 0.337057 0.540194 0.365294
vn 0.00668785 0.00966883 0.999931
v -4.45673 -13.6277 -0.0704041 0.308958 0.514772 0.36128
vn 0.0120647 0.0070381 0.999902
v -4.56343 -13.5804 -0.0700673 0.309427 0.515196 0.361347
vn 0.0075847 0.00999535 0.999921
v -4.49788 -10.57 -0.0244953 0.372829 0.572559 0.370404
vn 0.00775494 0.00837069 0.999935
v -4.49656 -7.88748 -0.0506162 0.336488 0.53968 0.365213
vn 0.00948284 0.00774326 0.999925
v -4.41249 -4.20603 -0.0140296 0.387389 0.585733 0.372484
vn 0 0 0
v -4.48048 -4.08484 -0.0135354 0.388077 0.586355 0.372582
vn 0 0 0
v -4.5726 -3.89164 -0.010645 0.392098 0.589994 0.373157
vn 0 0 0
v -4.59823 1.15454 0.0278445 0.445647 0.638442 0.380807
vn 0.00230417 -0.00381532 0.99999
v -4.52547 1.29367 0.029941 0.448564 0.641081 0.381223
vn 0.00503758 -0.0100752 0.999937
v -4.43415 1.47 0.0308996 0.449897 0.642288 0.381414
vn 0.00226043 -0.0154149 0.999879
v -4.48116 4.74522 0.0713905 0.50623 0.693256 0.389461
vn 0.0159107 -0.0186821 0.999699
v -4.52419 6.95311 0.140762 0.602743 0.780577 0.403249
vn 0.0146736 -0.0392376 0.999122
v -4.43396 7.01704 0.139839 0.60146 0.779416 0.403066
vn 0.0170046 -0.035641 0.99922
v -4.4817 9.77498 0.101447 0.548047 0.73109 0.395435
vn 0.0207848 -0.0184862 0.999613
v -4.53991 11.3562 0.180194 0.657604 0.830213 0.411086
vn 0.0405759 -0.0420185 0.998293
v -4.43053 11.404 0.179909 0.657206 0.829853 0.411029
vn 0.0312742 -0.0501727 0.998251
v -4.5209 13.9035 0.153556 0.620544 0.796682 0.405792
vn -0.000628681 -0.0142925 0.999898
v -4.49027 15.777 0.195747 0.679242 0.849791 0.414177
vn 0.0143029 -0.0224464 0.999646
v -4.49104 17.8193 0.266077 0.777089 0.938319 0.428156
vn 0.0105089 -0.0345439 0.999348
v -4.59314 19.1663 0.295938 0.79 0.95 0.43
vn 0.013739 -0.0058341 0.999889
v -4.47878 19.2078 0.295171 0.79 0.95 0.43
vn 0.0107244 -0.00296335 0.999938
v -4.52388 21.345 0.29664 0.79 0.95 0.43
vn 0.00753008 -0.000364653 0.999972
v -4.41769 21.4061 0.294547 0.79 0.95 0.43
vn -0.0129658 0.0571397 0.998282
v -4.47976 25.1629 0.236192 0.735512 0.900701 0.422216
vn -0.0106764 0.0530027 0.998537
v -4.32633 -26.0875 -0.133139 0.221678 0.435804 0.348811
vn -0.0135094 -0.0690873 0.997519
v -4.20203 -22.2169 -0.11954 0.240597 0.452921 0.351514
vn 0 0 0
v -4.31117 -22.1871 -0.119215 0.24105 0.453331 0.351579
vn 0 0 0
v -4.32327 -19.3868 -0.11908 0.241238 0.453501 0.351605
vn -0.0238496 -0.0842436 0.99616
v -4.27726 -16.1073 -0.050707 0.336362 0.539565 0.365195
vn 0.00147549 0.0110107 0.999938
v -4.28168 -13.7163 -0.0725085 0.30603 0.512123 0.360861
vn 0.0118469 0.00636367 0.99991
v -4.30543 -10.6705 -0.0240854 0.373399 0.573075 0.370486
vn 0.00739613 0.0099353 0.999923
v -4.2821 -8.06191 -0.0529217 0.333281 0.536778 0.364754
vn 0.00930145 0.00666818 0.999935
v -4.25013 -4.47408 -0.0156985 0.385067 0.583632 0.372152
vn 0 0 0
v -4.35161 -4.31357 -0.015108 0.385889 0.584376 0.37227
vn 0 0 0
v -4.37204 1.57773 0.0321576 0.451647 0.643871 0.381664
vn 0.00860211 -0.00856856 0.999926
v -4.29251 1.72096 0.0316664 0.450964 0.643253 0.381566
vn 0.00479555 -0.0127843 0.999907
v -4.20573 1.85154 0.033698 0.45379 0.64581 0.38197
vn 0.00720972 -0.01244 0.999897
v -4.29179 4.90971 0.0706279 0.505169 0.692296 0.38931
vn 0.0150662 -0.0166085 0.999749
v -4.33702 7.08321 0.138968 0.600248 0.77832 0.402893
vn -0.0787143 0.132049 0.988113
v -4.30255 9.8834 0.0984305 0.54385 0.727293 0.394836
vn 0.0202236 -0.0204512 0.999586
v -4.27465 11.4916 0.177338 0.653631 0.826618 0.410519
vn 0.0365521 -0.0451644 0.998311
v -4.29468 13.9476 0.156407 0.624509 0.80027 0.406358
vn -0.0013226 0.00242785 0.999996
v -4.27809 15.8786 0.192737 0.675054 0.846001 0.413579
vn 0.0229113 -0.0272274 0.999367
v -4.28637 17.8584 0.267124 0.778545 0.939636 0.428364
vn 0.0101809 -0.0333978 0.99939
v -4.28608 19.27 0.294275 0.79 0.95 0.43
vn 0.0218495 -0.0146225 0.999654
v -4.29804 21.4266 0.294896 0.79 0.95 0.43
vn 0.020186 0.00194026 0.999794
v -4.28217 25.2405 0.234151 0.732672 0.898132 0.42181
vn -0.0102407 0.0534342 0.998519
v -4.14247 -26.0587 -0.128674 0.227889 0.441424 0.349698
vn -0.0135138 -0.0670981 0.997655
v -4.09095 -22.2382 -0.119215 0.24105 0.453331 0.351579
vn -0.0184932 -0.0849089 0.996217
v -4.06177 -19.4155 -0.115362 0.24641 0.458181 0.352344
vn 0 0 0
v -4.1899 -19.3982 -0.116849 0.244341 0.456309 0.352049
vn -0.0238496 -0.0842436 0.99616
v -4.10222 -16.1589 -0.0501716 0.337107 0.540239 0.365301
vn 0.000307205 0.0108193 0.999941
v -4.02711 -13.8191 -0.0730978 0.30521 0.511381 0.360744
vn 0.00635925 0.00877862 0.999941
v -4.11092 -13.7748 -0.0715826 0.307318 0.513288 0.361045
vn -0.0434275 -0.112387 0.992715
v -4.10228 -10.7787 -0.024649 0.372615 0.572366 0.370374
vn 0.00710827 0.0105135 0.999919
v -4.1247 -8.14354 -0.0481233 0.339956 0.542818 0.365708
vn 0.000491238 0.00885656 0.999961
v -4.0775 -4.71125 -0.014419 0.386847 0.585243 0.372407
vn 0 0 0
v -4.14426 1.94893 0.0335954 0.453648 0.645681 0.38195
vn 0.00290086 -0.0181868 0.99983
v -4.04296 2.07313 0.0378187 0.459523 0.650997 0.382789
vn 0.00468578 -0.0164424 0.999854
v -4.11784 5.05639 0.0692332 0.503229 0.69054 0.389033
vn 0.0180744 -0.0145284 0.999731
v -4.19858 7.14311 0.141991 0.604454 0.782125 0.403493
vn 0.0244082 -0.0334276 0.999143
v -4.10395 7.21491 0.139686 0.601246 0.779223 0.403035
vn 0.0303849 -0.0262879 0.999193
v -4.13002 9.96555 0.0977432 0.542894 0.726427 0.394699
vn 0.0118056 -0.0193024 0.999744
v -4.02315 10.0121 0.0976169 0.542718 0.726269 0.394674
vn 0.0203157 -0.00420981 0.999785
v -4.12193 11.5879 0.173554 0.648366 0.821855 0.409767
vn -0.0373162 0.0999506 0.994292
v -4.05541 11.6106 0.173768 0.648664 0.822125 0.409809
vn 0.0397353 -0.0384881 0.998469
v -4.19051 13.9961 0.155105 0.622699 0.798632 0.4061
vn 0.00455562 -0.0214973 0.999759
v -4.08219 14.0179 0.156221 0.624251 0.800036 0.406322
vn 0.000383363 -0.00503145 0.999987
v -4.10806 15.9499 0.190947 0.672563 0.843748 0.413223
vn 0.01949 -0.0310197 0.999329
v -4.14066 17.8989 0.266914 0.778254 0.939372 0.428322
vn 0.0176267 -0.0295623 0.999408
v -4.13645 19.3559 0.291141 0.79 0.95 0.43
vn 0.00803324 -0.00435675 0.999958
v -4.14973 21.5159 0.29164 0.79 0.95 0.43
vn -0.0124492 0.057926 0.998243
v -4.09728 25.2725 0.234256 0.732817 0.898263 0.421831
vn -0.00958463 0.0523088 0.998585
v -3.85228 -26.2065 -0.135092 0.218961 0.433345 0.348423
vn -0.0128996 -0.0700986 0.997457
v -3.93453 -26.163 -0.133139 0.221678 0.435804 0.348811
vn -0.012942 -0.0687331 0.997551
v -3.92162 -22.2574 -0.11775 0.243088 0.455175 0.35187
vn -0.018023 -0.0828899 0.996396
v -3.91802 -19.447 -0.114897 0.247057 0.458766 0.352437
vn 0 0 0
v -3.9001 -16.2252 -0.0504928 0.33666 0.539835 0.365237
vn -0.000392846 0.0104505 0.999945
v -3.91825 -13.859 -0.0730977 0.30521 0.511381 0.360744
vn 0.0107788 0.00693456 0.999918
v -3.93232 -10.8567 -0.023983 0.373542 0.573204 0.370506
vn 0.00622304 0.0105719 0.999925
v -3.91055 -8.29526 -0.0496138 0.337883 0.540941 0.365412
vn 0.00714091 0.00631781 0.999955
v -3.82847 -5.06633 -0.0220091 0.376288 0.575689 0.370898
vn -0.177295 -0.158295 0.971344
v -3.93909 -4.91186 -0.0181152 0.381705 0.58059 0.371672
vn 0 0 0
v -3.97056 2.17479 0.0379804 0.459748 0.651201 0.382821
vn 0.0103673 -0.00896538 0.999906
v -3.88487 2.28886 0.0381139 0.459934 0.651369 0.382848
vn 0.00699171 -0.0130387 0.999891
v -3.99394 5.15021 0.0691809 0.503156 0.690475 0.389022
vn 0.0140315 -0.0225124 0.999648
v -3.88754 5.2246 0.0696254 0.503775 0.691034 0.389111
vn 0.0195268 -0.0154342 0.99969
v -3.94532 7.31026 0.138686 0.599856 0.777965 0.402837
vn 0.0312345 -0.0281003 0.999117
v -3.82731 7.41116 0.133536 0.592691 0.771482 0.401813
vn 0.0445485 -0.0155097 0.998887
v -3.93168 10.0665 0.0956808 0.540024 0.723831 0.394289
vn 0.023592 -0.0245918 0.999419
v -3.93751 11.7077 0.168271 0.641015 0.815204 0.408716
vn 0.0256843 -0.0040462 0.999662
v -3.91994 14.0551 0.157336 0.625802 0.80144 0.406543
vn 0.00709552 -0.00605177 0.999957
v -3.98881 15.9786 0.191272 0.673016 0.844157 0.413288
vn 0.0142551 -0.0195708 0.999707
v -3.87451 16.0382 0.188994 0.669847 0.84129 0.412835
vn 0.0133595 -0.0381126 0.999184
v -3.94719 17.9682 0.26545 0.776216 0.937529 0.428031
vn 0.0164541 -0.0303621 0.999404
v -3.92331 19.4149 0.290502 0.79 0.95 0.43
vn 0.0136669 -0.0100927 0.999856
v -3.99674 21.5662 0.290594 0.79 0.95 0.43
vn 0.0153733 -0.00265079 0.999878
v -3.87908 21.6186 0.288966 0.79 0.95 0.43
vn 0.0201376 -0.00165078 0.999796
v -3.91653 25.3288 0.233 0.73107 0.896682 0.421581
vn -0.00846902 0.0507413 0.998676
v -3.7191 -26.218 -0.134255 0.220125 0.434399 0.348589
vn -0.0120083 -0.0679436 0.997617
v -3.70827 -22.3273 -0.119703 0.240371 0.452717 0.351482
vn -0.0183831 -0.0847003 0.996237
v -3.72431 -19.4885 -0.11434 0.247833 0.459468 0.352548
vn 0 0 0
v -3.67987 -16.274 -0.0488031 0.33901 0.541962 0.365573
vn -0.0023314 0.0118745 0.999927
v -3.72666 -13.9464 -0.0754548 0.301931 0.508414 0.360276
vn 0.00632127 0.00934267 0.999936
v -3.65366 -11.0056 -0.026955 0.369407 0.569463 0.369915
vn 0.00162965 0.0115648 0.999932
v -3.75405 -10.9564 -0.0263401 0.370262 0.570237 0.370037
vn 0.0138067 0.00587854 0.999887
v -3.67219 -8.44222 -0.0493522 0.338247 0.541271 0.365464
vn 0.00464877 0.010402 0.999935
v -3.76772 -8.38994 -0.0503328 0.336882 0.540036 0.365269
vn -0.000559375 0.0121521 0.999926
v -3.65428 -5.2505 -0.0202299 0.378763 0.577929 0.371252
vn -0.198447 -0.182997 0.962876
v -3.7448 -5.17173 -0.0239141 0.373637 0.573291 0.37052
vn -0.198447 -0.182997 0.962876
v -3.70945 2.5012 0.0393013 0.461586 0.652864 0.383084
vn 0.00474179 -0.0143109 0.999886
v -3.7336 5.33485 0.0690371 0.502956 0.690294 0.388994
vn 0.0171393 -0.0169877 0.999709
v -3.62344 5.42906 0.0655723 0.498136 0.685932 0.388305
vn 0.0185554 -0.0348282 0.999221
v -3.70496 7.50596 0.129078 0.586489 0.765871 0.400927
vn 0.0460874 -0.013043 0.998852
v -3.71695 10.1583 0.0949232 0.53897 0.722878 0.394139
vn 0.0166883 -0.0163249 0.999727
v -3.78933 11.7922 0.164986 0.636446 0.81107 0.408064
vn 0.0289645 -0.0115028 0.999514
v -3.69878 11.8555 0.161666 0.631827 0.806891 0.407404
vn 0.00830668 -0.00212339 0.999963
v -3.73011 14.1298 0.155663 0.623475 0.799334 0.406211
vn 0.0137322 -0.00511644 0.999893
v -3.69605 16.0904 0.188506 0.669167 0.840675 0.412738
vn 0.0189316 -0.0275208 0.999442
v -3.70546 18.0607 0.263008 0.772819 0.934455 0.427546
vn 0.0241495 -0.0280805 0.999314
v -3.71615 19.504 0.287752 0.79 0.95 0.43
vn 0.0227519 -0.00819974 0.999708
v -3.71597 21.7166 0.285187 0.79 0.95 0.43
vn 0.0171818 -0.00142533 0.999851
v -3.7856 25.3998 0.230488 0.727575 0.89352 0.421082
vn -0.00953284 0.0534649 0.998524
v -3.69279 25.4152 0.230488 0.727575 0.89352 0.421082
vn -0.00835329 0.0516526 0.99863
v -3.48559 -26.3013 -0.137255 0.215952 0.430623 0.347993
vn -0.0115851 -0.0686299 0.997575
v -3.44606 -22.445 -0.12491 0.233126 0.446162 0.350447
vn -0.0172798 -0.0833787 0.996368
v -3.54809 -22.3864 -0.121818 0.237428 0.450054 0.351061
vn -0.0158525 -0.0801601 0.996656
v -3.50789 -19.5497 -0.1153 0.246496 0.458259 0.352357
vn 0 0 0
v -3.47206 -16.3086 -0.0463161 0.342471 0.545092 0.366067
vn -0.00479928 0.0132448 0.999901
v -3.48988 -14.0155 -0.0742341 0.303629 0.50995 0.360518
vn -0.00179745 0.0118038 0.999929
v -3.49549 -11.0637 -0.0255202 0.371403 0.571269 0.3702
vn 8.99619e-05 0.0126021 0.999921
v -3.48817 -8.55257 -0.0499407 0.337428 0.54053 0.365347
vn 0.00949531 0.00789224 0.999924
v -3.46043 -5.48056 -0.0268794 0.369512 0.569558 0.36993
vn -0.156778 -0.164086 0.973908
v -3.56158 -5.36152 -0.0231054 0.374763 0.574309 0.37068
vn -0.190829 -0.188026 0.963447
v -3.51516 2.6925 0.0447617 0.469183 0.659737 0.384169
vn 0.000600433 -0.021855 0.999761
v -3.40048 2.81179 0.0450972 0.46965 0.660159 0.384236
vn 0.00423551 -0.0144686 0.999886
v -3.49877 5.49201 0.068318 0.501956 0.689388 0.388851
vn 0.0102312 -0.00664116 0.999926
v -3.5019 7.68751 0.117523 0.570413 0.751326 0.39863
vn 0.0431631 0.00317334 0.999063
v -3.48553 10.2622 0.0929029 0.536159 0.720335 0.393737
vn 0.0166179 -0.0236432 0.999582
v -3.51269 11.939 0.159346 0.628599 0.80397 0.406943
vn 0.013332 -0.0103122 0.999858
v -3.5554 14.1936 0.154362 0.621664 0.797696 0.405952
vn 0.00967061 0.0045458 0.999943
v -3.43764 14.2852 0.148971 0.614165 0.790911 0.404881
vn 0.020082 -0.0153178 0.999681
v -3.50649 16.163 0.186472 0.666337 0.838115 0.412334
vn 0.0165293 -0.032481 0.999336
v -3.51033 18.1359 0.260846 0.769811 0.931733 0.427116
vn 0.0350003 -0.02976 0.998944
v -3.42234 18.22 0.256381 0.763599 0.926114 0.426228
vn 0.0240196 -0.014696 0.999603
v -3.53216 19.5993 0.28417 0.79 0.95 0.43
vn 0.0217949 -0.00729453 0.999736
v -3.43181 19.6641 0.281356 0.79 0.95 0.43
vn 0.0276824 0.00765908 0.999587
v -3.58466 21.7892 0.282454 0.79 0.95 0.43
vn 0.0219403 0.00101172 0.999759
v -3.47137 21.8505 0.280129 0.79 0.95 0.43
vn 0.0222755 0.000368298 0.999752
v -3.48503 25.4494 0.230435 0.727502 0.893454 0.421072
vn -0.00812466 0.0508726 0.998672
v -3.29556 -26.3513 -0.13858 0.214108 0.428955 0.34773
vn -0.0114729 -0.0735239 0.997227
v -3.29566 -22.4736 -0.12491 0.233126 0.446162 0.350447
vn -0.0142739 -0.0790202 0.996771
v -3.28119 -19.6159 -0.116756 0.244471 0.456426 0.352067
vn 0 0 0
v -3.25591 -16.3477 -0.0443883 0.345153 0.547519 0.36645
vn 0.00801457 0.011214 0.999905
v -3.26299 -14.0746 -0.072719 0.305737 0.511858 0.36082
vn 0.000724273 0.0106709 0.999943
v -3.28841 -11.1465 -0.0252127 0.371831 0.571656 0.370262
vn -0.00503277 0.0134756 0.999897
v -3.29333 -8.66685 -0.0512699 0.335579 0.538857 0.365083
vn 0.00845572 0.00897379 0.999924
v -3.26356 -5.6705 -0.0287665 0.366887 0.567183 0.369555
vn 0 0 0
v -3.37187 -5.56038 -0.0260706 0.370637 0.570576 0.370091
vn -0.156778 -0.164086 0.973908
v -3.28736 2.91339 0.047146 0.4725 0.662738 0.384643
vn 0.00649179 -0.0158285 0.999854
v -3.39762 5.56368 0.0667491 0.499773 0.687414 0.388539
vn 0.0180983 -0.0218138 0.999598
v -3.27078 5.6452 0.0655724 0.498136 0.685932 0.388305
vn 0.0195566 -0.0188165 0.999632
v -3.2842 7.86238 0.106788 0.555477 0.737813 0.396497
vn 0.0244372 0.00857786 0.999665
v -3.27515 10.3345 0.0931554 0.536511 0.720653 0.393787
vn 0.0137816 -0.00905527 0.999864
v -3.28916 12.0304 0.157061 0.62542 0.801094 0.406489
vn 0.0160483 -0.0173333 0.999721
v -3.25367 14.3545 0.147019 0.611449 0.788454 0.404493
vn 0.017076 -0.00323567 0.999849
v -3.36946 16.1925 0.186716 0.666677 0.838422 0.412382
vn 0.0144132 -0.0280708 0.999502
v -3.26369 16.2187 0.186553 0.666451 0.838217 0.41235
vn 0.0174396 -0.0336128 0.999283
v -3.26376 18.3006 0.253103 0.759038 0.921987 0.425577
vn 0.0286777 -0.0257784 0.999256
v -3.28855 19.7121 0.280077 0.79 0.95 0.43
vn 0.0310422 -0.015595 0.999396
v -3.32099 21.9399 0.276524 0.789922 0.949929 0.429989
vn 0.0188052 -0.000428342 0.999823
v -3.21758 22.0163 0.273152 0.786932 0.947224 0.429562
vn -0.00990296 0.0574726 0.998298
v -3.32979 25.5006 0.229022 0.725536 0.891676 0.420791
vn -0.00890739 0.0550088 0.998446
v -3.11883 -26.3725 -0.138161 0.214691 0.429482 0.347813
vn -0.0105942 -0.0686138 0.997587
v -3.01123 -22.6036 -0.131256 0.224297 0.438173 0.349185
vn -0.013339 -0.0778488 0.996876
v -3.15785 -22.5617 -0.129955 0.226108 0.439812 0.349444
vn -0.0146554 -0.0800511 0.996683
v -3.11192 -19.6586 -0.117407 0.243566 0.455607 0.351938
vn 0 0 0
v -3.10318 -16.402 -0.0459948 0.342918 0.545497 0.366131
vn 0.00608307 0.0122838 0.999906
v -3.06262 -14.1417 -0.0736449 0.304449 0.510692 0.360636
vn 0.00030703 0.0119344 0.999929
v -3.10945 -11.2015 -0.0231118 0.374754 0.574301 0.370679
vn -0.000667784 0.0116521 0.999932
v -3.00043 -8.82641 -0.0532746 0.332789 0.536333 0.364684
vn 0.00224119 0.012639 0.999918
v -3.12397 -8.76021 -0.0522941 0.334154 0.537568 0.364879
vn 0.00977143 0.00850043 0.999916
v -3.05632 -5.85078 -0.0301413 0.364974 0.565452 0.369282
vn 0 0 0
v -3.14417 -5.77055 -0.0282273 0.367637 0.567862 0.369662
vn 0 0 0
v -3.08897 3.09555 0.0472602 0.472659 0.662882 0.384666
vn 0.00926286 -0.0108234 0.999899
v -3.08833 5.75489 0.0642977 0.496362 0.684328 0.388052
vn 0.0204328 -0.0199893 0.999591
v -3.00064 5.80792 0.063219 0.494862 0.68297 0.387837
vn 0.0141708 -0.0210907 0.999677
v -3.11961 7.96607 0.102022 0.548847 0.731814 0.39555
vn 0.0182233 0.00284992 0.99983
v -3.00389 8.02491 0.100331 0.546494 0.729685 0.395213
vn 0.0264822 -0.0155982 0.999528
v -3.11588 10.4263 0.0885255 0.530069 0.714825 0.392867
vn 0.0317068 -0.0158603 0.999371
v -3.1131 12.1138 0.153777 0.620851 0.79696 0.405836
vn 0.0142324 -0.0107422 0.999841
v -3.05818 14.4416 0.143487 0.606535 0.784008 0.403791
vn 0.0158385 -0.0107742 0.999817
v -3.0978 16.2473 0.187204 0.667356 0.839037 0.412479
vn 0.0176973 -0.0225478 0.999589
v -3.1039 18.3781 0.249964 0.754671 0.918036 0.424953
vn 0.0337676 -0.0227674 0.99917
v -3.01133 18.4505 0.246197 0.74943 0.913294 0.424204
vn 0.0360052 -0.0132138 0.999264
v -3.09799 19.9109 0.269758 0.78221 0.942952 0.428887
vn 0.020043 0.00116589 0.999798
v -3.09367 22.0731 0.271059 0.78402 0.944589 0.429146
vn -0.00904726 0.0571525 0.998324
v -2.94935 -26.4277 -0.140254 0.211779 0.426848 0.347397
vn -0.0115297 -0.0743978 0.997162
v -2.89902 -22.6227 -0.131256 0.224297 0.438173 0.349185
vn -0.0131489 -0.0774346 0.996911
v -2.93665 -19.7058 -0.118522 0.242014 0.454203 0.351716
vn 0 0 0
v -2.94132 -16.434 -0.0452451 0.343961 0.546441 0.36628
vn -0.00139823 0.0152113 0.999883
v -2.89307 -14.1892 -0.0736029 0.304508 0.510745 0.360644
vn -0.000470552 0.0133173 0.999911
v -2.92557 -11.2727 -0.0236413 0.374017 0.573634 0.370574
vn 0.00173608 0.0104443 0.999944
v -2.89065 -8.86855 -0.0515096 0.335245 0.538555 0.365035
vn 0.00173916 0.0122721 0.999923
v -2.84767 -6.01166 -0.0303839 0.364636 0.565147 0.369234
vn 0 0 0
v -2.92802 -5.9477 -0.0294853 0.365886 0.566278 0.369412
vn 0 0 0
v -2.8124 -1.88082 -0.0163412 0.384173 0.582823 0.372025
vn 0.0100521 -0.00565458 0.999933
v -2.83674 -1.72707 -0.0151426 0.385841 0.584332 0.372263
vn 0.00616184 -0.00514696 0.999968
v -2.86523 -1.49888 -0.0154959 0.385349 0.583887 0.372193
vn 0.0125189 -0.0103751 0.999868
v -2.86926 -1.28604 -0.0115515 0.390837 0.588853 0.372977
vn 0.0119877 -0.0133505 0.999839
v -2.86009 -1.06447 -0.00751312 0.396455 0.593936 0.373779
vn 0.00738005 -0.00907455 0.999932
v -2.84214 -0.862201 -0.00488351 0.400114 0.597246 0.374302
vn 0.00794128 -0.00610581 0.99995
v -2.826 -0.72521 -0.00450779 0.400637 0.597719 0.374377
vn 0.00943205 -0.000455419 0.999955
v -2.87549 3.27024 0.0482294 0.474007 0.664102 0.384858
vn 0.0096773 -0.0107383 0.999896
v -2.86148 5.87684 0.0636548 0.495468 0.683519 0.387924
vn 0.0194468 -0.0163426 0.999677
v -2.88742 8.10662 0.0951046 0.539223 0.723106 0.394175
vn 0.0120179 0.00693025 0.999904
v -2.93779 10.4973 0.0867578 0.52761 0.7126 0.392516
vn 0.0173815 -0.018988 0.999669
v -2.9521 12.161 0.153527 0.620503 0.796646 0.405786
vn 0.0123027 -0.0192297 0.999739
v -2.88385 14.4845 0.14327 0.606234 0.783735 0.403748
vn 0.00928108 0.00646814 0.999936
v -2.92495 16.3418 0.182566 0.660904 0.833199 0.411558
vn 0.0266065 -0.029204 0.999219
v -2.88413 18.5308 0.242291 0.743996 0.908377 0.423428
vn 0.027994 -0.0200233 0.999408
v -2.91847 19.9632 0.268437 0.780371 0.941288 0.428624
vn 0.0237194 -0.00830057 0.999684
v -2.93368 22.1147 0.270129 0.782726 0.943418 0.428961
vn 0.0153592 -0.00122321 0.999881
v -2.71085 -26.5081 -0.143533 0.207218 0.422721 0.346745
vn -0.0110025 -0.0733766 0.997244
v -2.73644 -22.6632 -0.132396 0.222712 0.436739 0.348959
vn 0 0 0
v -2.70616 -19.7513 -0.118708 0.241755 0.453969 0.351679
vn -0.0138341 -0.0847087 0.99631
v -2.73216 -16.4984 -0.0469586 0.341577 0.544284 0.36594
vn -0.0225465 -0.105007 0.994216
v -2.70403 -14.2386 -0.0734906 0.304664 0.510886 0.360666
vn 0.0134332 0.0102814 0.999857
v -2.72439 -11.3376 -0.0229581 0.374967 0.574494 0.37071
vn 0.00336674 0.00970928 0.999947
v -2.73094 -8.94475 -0.0522941 0.334154 0.537568 0.364879
vn 0.00293865 0.0107116 0.999938
v -2.7109 -6.10754 -0.0302556 0.364815 0.565309 0.369259
vn 0 0 0
v -2.62912 -2.50135 -0.0168859 0.383415 0.582138 0.371916
vn -0.112285 -0.0429983 0.992745
v -2.70824 -2.27854 -0.016266 0.384278 0.582918 0.37204
vn -0.124298 -0.0468982 0.991136
v -2.74352 -2.14993 -0.0146037 0.386591 0.58501 0.37237
vn -0.0563329 -0.0170455 0.998267
v -2.78793 -1.99563 -0.0165666 0.38386 0.58254 0.37198
vn 0.00881858 -8.39875e-05 0.999961
v -2.78791 -0.513937 -0.00281733 0.402988 0.599847 0.374713
vn 0.00647994 -0.00583092 0.999962
v -2.73392 -0.273632 -0.0032932 0.402326 0.599248 0.374618
vn 0.00703823 -0.0114231 0.99991
v -2.66728 -0.0711096 -0.000657306 0.405994 0.602566 0.375142
vn 0.00548184 -0.0157269 0.999861
v -2.6249 0.0468007 0 0.406908 0.603393 0.375273
vn 0.00532537 -0.0205998 0.999774
v -2.7626 3.36169 0.0475235 0.473025 0.663213 0.384718
vn 0.0217744 -0.00270881 0.999759
v -2.67459 3.44288 0.0438841 0.467962 0.658632 0.383995
vn 0.0199491 -0.00204996 0.999799
v -2.7412 5.94885 0.0613231 0.492224 0.680584 0.387461
vn 0.0313734 -0.00943615 0.999463
v -2.65425 6.00688 0.0582507 0.48795 0.676716 0.38685
vn 0.0258051 -0.0110035 0.999606
v -2.77555 8.15232 0.0945922 0.53851 0.722461 0.394073
vn 0.0221893 -0.00779901 0.999723
v -2.66676 8.21033 0.0918763 0.534731 0.719043 0.393533
vn 0.00960694 -0.00278433 0.99995
v -2.73445 10.5636 0.0861265 0.526732 0.711805 0.39239
vn 0.0143338 -0.00970856 0.99985
v -2.63531 10.6013 0.0849901 0.525151 0.710375 0.392164
vn 0.0165008 -0.0241672 0.999572
v -2.73426 12.2299 0.152313 0.618814 0.795118 0.405545
vn 0.012001 -0.0210627 0.999706
v -2.71849 14.579 0.138004 0.598906 0.777106 0.402701
vn 0.0130376 -0.0231096 0.999648
v -2.73642 16.4151 0.179718 0.656942 0.829614 0.410992
vn 0.0238511 -0.0286392 0.999305
v -2.77984 18.5433 0.242709 0.744578 0.908904 0.423511
vn 0.0358501 -0.0222937 0.999108
v -2.68383 18.6044 0.23964 0.740308 0.90504 0.422901
vn 0.0334365 -0.0214251 0.999211
v -2.72174 20.0371 0.265814 0.776723 0.937988 0.428103
vn 0.0240838 -0.00997678 0.99966
v -2.72999 22.2441 0.264431 0.774799 0.936246 0.427828
vn -0.00839091 0.0571412 0.998331
v -2.47783 -26.6217 -0.149322 0.199163 0.415433 0.345595
vn -0.0110872 -0.0752251 0.997105
v -2.56206 -26.5749 -0.146811 0.202656 0.418594 0.346094
vn -0.00849861 -0.0688358 0.997592
v -2.51946 -22.7268 -0.134837 0.219316 0.433667 0.348474
vn -0.0102168 -0.0758894 0.997064
v -2.49148 -19.8235 -0.121868 0.237359 0.449991 0.351051
vn -0.0138341 -0.0847087 0.99631
v -2.50938 -16.4996 -0.0420322 0.348431 0.550485 0.366919
vn 0.00486444 0.0152413 0.999872
v -2.50403 -14.321 -0.0774751 0.299121 0.505871 0.359874
vn 0.010939 0.0119476 0.999869
v -2.49932 -11.4269 -0.0254177 0.371546 0.571398 0.370221
vn -0.00175492 0.0100326 0.999948
v -2.58412 -11.3899 -0.0238803 0.373684 0.573333 0.370526
vn 0.0133753 0.0061712 0.999892
v -2.48575 -9.02767 -0.0485461 0.339368 0.542285 0.365624
vn -0.00687675 0.0137772 0.999881
v -2.45667 -6.26722 -0.0287665 0.366887 0.567183 0.369555
vn 0 0 0
v -2.55948 -6.19781 -0.0276881 0.368387 0.56854 0.36977
vn 0 0 0
v -2.56784 -2.64321 -0.0161802 0.384397 0.583026 0.372057
vn -0.0541292 -0.0232196 0.998264
v -2.59794 0.101788 0.0025358 0.410436 0.606585 0.375777
vn 0.0060011 -0.00451625 0.999972
v -2.52371 0.278221 0.00202864 0.40973 0.605947 0.375676
vn 0.00971435 -0.00258565 0.999949
v -2.43404 0.467215 0.000676245 0.407849 0.604244 0.375407
vn 0.0104338 -0.00816813 0.999912
v -2.5377 3.5509 0.0411435 0.464149 0.655182 0.38345
vn 0.0131026 -0.00835503 0.999879
v -2.44897 3.60619 0.042042 0.465399 0.656313 0.383628
vn 0.00819661 -0.0124844 0.999888
v -2.50069 6.0847 0.0566098 0.485667 0.674651 0.386524
vn 0.027153 -0.00802037 0.999599
v -2.50453 8.27024 0.0913127 0.533947 0.718333 0.393421
vn 0.00981168 -0.0110617 0.999891
v -2.50342 10.6395 0.0847375 0.524799 0.710057 0.392114
vn 0.0147538 -0.0101721 0.999839
v -2.50315 12.2934 0.151599 0.617821 0.794219 0.405403
vn 0.0165809 -0.0124005 0.999786
v -2.51221 14.624 0.137818 0.598647 0.776872 0.402664
vn 0.0119441 -0.00141218 0.999928
v -2.52662 16.4524 0.179881 0.657168 0.829819 0.411024
vn 0.0205369 -0.0254825 0.999464
v -2.50332 18.6957 0.235385 0.734388 0.899684 0.422055
vn 0.0351271 -0.0192826 0.999197
v -2.56689 20.1291 0.261529 0.770761 0.932594 0.427252
vn 0.0286136 -0.00790457 0.999559
v -2.46557 20.2028 0.25782 0.7656 0.927924 0.426514
vn 0.019234 -0.000470548 0.999815
v -2.48993 22.303 0.262978 0.772777 0.934417 0.42754
vn 0.0136394 -0.00202313 0.999905
v -2.28102 -26.6723 -0.151206 0.196542 0.413062 0.34522
vn -0.00870795 -0.0709368 0.997443
v -2.29777 -22.7887 -0.137278 0.21592 0.430594 0.347989
vn -0.0105678 -0.0795219 0.996777
v -2.29742 -19.8585 -0.122147 0.236971 0.44964 0.350996
vn -0.0138341 -0.0847087 0.99631
v -2.28164 -16.553 -0.0428533 0.347288 0.549451 0.366755
vn 0.012245 0.0154758 0.999805
v -2.28623 -14.3759 -0.0779801 0.298418 0.505235 0.359774
vn 0.00238951 0.0160904 0.999868
v -2.29705 -11.4961 -0.0267244 0.369728 0.569754 0.369961
vn 0 0 0
v -2.31769 -9.08831 -0.0475873 0.340702 0.543492 0.365815
vn 0.00139705 0.0107959 0.999941
v -2.22652 -6.40797 -0.0302043 0.364886 0.565373 0.369269
vn 0 0 0
v -2.33452 -6.33564 -0.0275983 0.368512 0.568654 0.369787
vn 0 0 0
v -2.23825 -3.20737 -0.0119869 0.390231 0.588304 0.37289
vn -0.0500789 -0.0218353 0.998507
v -2.29473 -3.12982 -0.0135237 0.388093 0.58637 0.372585
vn -0.0855202 -0.0425636 0.995427
v -2.38139 0.560665 0.00135242 0.40879 0.605095 0.375541
vn 0.00852137 -0.00852002 0.999927
v -2.29238 0.708843 0.000933494 0.408207 0.604568 0.375458
vn 0.00793919 -0.0136987 0.999875
v -2.30675 3.69763 0.0415628 0.464732 0.65571 0.383533
vn 0.0152395 -0.00733943 0.999857
v -2.34924 6.16768 0.053217 0.480946 0.67038 0.385849
vn 0.024472 -0.00265055 0.999697
v -2.25997 6.22433 0.0493927 0.475626 0.665566 0.385089
vn 0.0372681 -0.0107344 0.999248
v -2.28523 8.35323 0.0895191 0.531452 0.716075 0.393065
vn 0.0108657 -0.002471 0.999938
v -2.29272 10.7214 0.0813704 0.520115 0.705818 0.391445
vn 0.0169119 -0.0145037 0.999752
v -2.28482 12.3678 0.148993 0.614195 0.790939 0.404885
vn 0.0144419 -0.0114722 0.99983
v -2.29908 14.705 0.134193 0.593604 0.772309 0.401943
vn 0.017345 -0.0114578 0.999784
v -2.28823 16.5439 0.175867 0.651584 0.824766 0.410226
vn 0.0297088 -0.0251859 0.999241
v -2.35857 18.7719 0.231687 0.729244 0.89503 0.421321
vn 0.0288031 -0.0220903 0.999341
v -2.22431 18.8281 0.229176 0.72575 0.891869 0.420821
vn 0.0288723 -0.0222778 0.999335
v -2.30053 20.2484 0.256413 0.763643 0.926153 0.426235
vn 0.0157462 -0.00866559 0.999838
v -2.29047 22.3743 0.260362 0.769137 0.931124 0.42702
vn -0.00708102 0.057857 0.9983
v -2.06841 -26.7483 -0.154833 0.191496 0.408496 0.344499
vn -0.0104989 -0.0776299 0.996927
v -2.07133 -22.8106 -0.136627 0.216826 0.431414 0.348118
vn -0.0105678 -0.0795219 0.996777
v -2.10925 -19.8871 -0.122116 0.237014 0.449679 0.351002
vn 0 0 0
v -2.00831 -16.6341 -0.0461376 0.342719 0.545317 0.366103
vn -0.0179901 -0.106145 0.994188
v -2.1396 -16.5912 -0.044067 0.3456 0.547923 0.366514
vn 0.0105589 0.0171478 0.999797
v -2.0716 -14.4371 -0.0798321 0.295841 0.502904 0.359406
vn 0.0147619 0.0151898 0.999776
v -2.10383 -11.5573 -0.0278774 0.368123 0.568302 0.369732
vn 0 0 0
v -2.10553 -9.16004 -0.0466067 0.342066 0.544727 0.366009
vn 0.000560008 0.0107337 0.999942
v -2.08486 -6.48709 -0.0309829 0.363803 0.564393 0.369115
vn 0 0 0
v -2.05607 -3.4746 -0.0203163 0.378643 0.57782 0.371235
vn -0.252921 -0.212745 0.943807
v -2.16974 -3.30326 -0.0121552 0.389997 0.588093 0.372857
vn -0.0187271 -0.0313915 0.999332
v -2.1556 0.904591 0.00190524 0.409559 0.605791 0.375651
vn 0.0091898 -0.0142649 0.999856
v -2.02996 1.05583 0.00480259 0.41359 0.609438 0.376227
vn 0.00723227 -0.00684119 0.99995
v -2.07619 3.84443 0.0383771 0.4603 0.6517 0.3829
vn 0.0133396 -0.00833357 0.999876
v -2.09746 6.29714 0.0474424 0.472912 0.663111 0.384702
vn 0.0187978 -0.00841625 0.999788
v -2.16007 8.38906 0.0898779 0.531951 0.716527 0.393136
vn 0.0155691 -0.0187709 0.999703
v -2.09608 8.41873 0.0882381 0.52967 0.714463 0.39281
vn 0.0140985 -0.00415502 0.999892
v -2.10988 10.784 0.0790975 0.516953 0.702957 0.390993
vn 0.0186524 -0.0176841 0.99967
v -2.00954 10.8266 0.0766564 0.513556 0.699884 0.390508
vn 0.0319311 -0.0396534 0.998703
v -2.07824 12.4394 0.14603 0.610073 0.787209 0.404296
vn 0.0146901 -0.00596732 0.999874
v -2.08239 14.7684 0.131962 0.590501 0.769501 0.4015
vn 0.00941525 -0.00162804 0.999954
v -2.06093 16.641 0.170985 0.644792 0.818621 0.409256
vn 0.0291752 -0.0241264 0.999283
v -2.07121 18.894 0.226107 0.72148 0.888006 0.420211
vn 0.0277929 -0.0219774 0.999372
v -2.1334 20.2811 0.255773 0.762753 0.925348 0.426108
vn 0.020264 -0.0193982 0.999606
v -2.10444 22.389 0.260827 0.769784 0.931709 0.427112
vn 0.0104387 -0.00424513 0.999937
v -2.0226 22.4026 0.260594 0.76946 0.931417 0.427066
vn 0.0157034 -0.00467411 0.999866
v -1.87694 -26.8174 -0.158251 0.18674 0.404194 0.34382
vn -0.00594683 -0.0678509 0.997678
v -1.90655 -22.8511 -0.138254 0.214562 0.429365 0.347795
vn -0.0111471 -0.0855168 0.996274
v -1.89513 -19.9373 -0.123913 0.234514 0.447418 0.350645
vn 0 0 0
v -1.87287 -16.6537 -0.0457806 0.343216 0.545766 0.366174
vn 0.0107682 0.0162092 0.999811
v -1.90297 -14.488 -0.0819365 0.292913 0.500255 0.358988
vn 0.0137565 0.0160736 0.999776
v -1.89444 -11.6136 -0.0281848 0.367696 0.567915 0.369671
vn 0 0 0
v -1.8968 -9.22914 -0.0464105 0.342339 0.544974 0.366048
vn 0.00228672 0.00947472 0.999952
v -1.93354 -6.5767 -0.0343377 0.359136 0.56017 0.368448
vn 0 0 0
v -1.88012 -3.67696 -0.0226241 0.375432 0.574915 0.370776
vn -0.210891 -0.220814 0.952243
v -1.95003 -3.58553 -0.0169047 0.383389 0.582114 0.371913
vn -0.0245385 -0.0393142 0.998926
v -1.95895 1.15233 0.00084525 0.408084 0.604457 0.375441
vn 0.00617721 -0.0188046 0.999804
v -1.8797 1.2284 0.00405724 0.412553 0.6085 0.376079
vn 0.00390945 -0.0213813 0.999764
v -1.93481 3.91843 0.0386274 0.460649 0.652015 0.38295
vn 0.00582745 -0.0126896 0.999903
v -1.94718 6.35781 0.0461567 0.471124 0.661493 0.384446
vn 0.0117198 -0.0129668 0.999847
v -1.80255 6.40649 0.0462221 0.471215 0.661575 0.384459
vn 0.0053352 -0.00919786 0.999943
v -1.93054 8.4951 0.0836946 0.523348 0.708744 0.391907
vn 0.0171676 -0.00232534 0.99985
v -1.90781 10.8577 0.075562 0.512034 0.698507 0.390291
vn 0.0106654 -0.0141415 0.999843
v -1.92699 12.4813 0.144745 0.608285 0.785591 0.404041
vn 0.0124682 -0.0196393 0.999729
v -1.86286 14.836 0.129081 0.586492 0.765874 0.400927
vn 0.0218312 -0.00515714 0.999748
v -1.86727 16.7176 0.167107 0.639396 0.81374 0.408485
vn 0.0287407 -0.0211185 0.999364
v -1.88647 18.9688 0.222619 0.716628 0.883616 0.419518
vn 0.0227176 -0.0217211 0.999506
v -1.99083 20.3597 0.251935 0.757414 0.920517 0.425345
vn 0.0188599 -0.00368899 0.999815
v -1.88179 20.4051 0.249889 0.754567 0.917941 0.424938
vn 0.0213007 -0.00763106 0.999744
v -1.90155 22.4582 0.258152 0.766063 0.928343 0.42658
vn 0.016989 -0.00295337 0.999851
v -1.74735 -26.88 -0.161739 0.181888 0.399803 0.343127
vn -0.00779965 -0.0720687 0.997369
v -1.73882 -22.8934 -0.140125 0.211958 0.42701 0.347423
vn 0 0 0
v -1.7302 -19.9672 -0.124656 0.233479 0.446481 0.350497
vn -0.0122361 -0.096448 0.995263
v -1.73596 -16.7058 -0.0489935 0.338746 0.541722 0.365535
vn -0.0162294 -0.104074 0.994437
v -1.73074 -14.5392 -0.0843357 0.289576 0.497235 0.358511
vn 0.0133289 0.0168295 0.99977
v -1.72932 -11.6501 -0.0277749 0.368266 0.568431 0.369752
vn 0 0 0
v -1.7247 -9.26765 -0.0436649 0.346159 0.54843 0.366594
vn -0.013015 0.0131185 0.999829
v -1.72933 -6.66741 -0.033529 0.360261 0.561188 0.368609
vn 0 0 0
v -1.68009 -3.87193 -0.0245118 0.372806 0.572539 0.370401
vn -0.153454 -0.170485 0.973338
v -1.79395 -3.76972 -0.0250497 0.372058 0.571862 0.370294
vn -0.186065 -0.200205 0.961924
v -1.77039 1.33506 0.00545578 0.414498 0.61026 0.376357
vn 0.00607389 -0.0186793 0.999807
v -1.67998 1.41724 0.00637192 0.415773 0.611414 0.376539
vn 0.00996758 -0.0112374 0.999887
v -1.79569 3.98325 0.0397057 0.462149 0.653373 0.383164
vn 0.0104609 -0.0106949 0.999888
v -1.71884 4.02027 0.0394361 0.461774 0.653033 0.383111
vn 0.0129103 -0.0073372 0.99989
v -1.71786 6.43904 0.0451762 0.46976 0.660259 0.384251
vn 0.0127802 -0.0105125 0.999863
v -1.73018 8.56407 0.0810898 0.519724 0.705465 0.391389
vn 0.013583 -0.00365958 0.999901
v -1.60514 8.60128 0.0800393 0.518263 0.704143 0.39118
vn 0.00479192 -0.0105275 0.999933
v -1.69295 10.9079 0.0747763 0.510941 0.697518 0.390134
vn 0.0111636 -0.0179145 0.999777
v -1.738 12.528 0.14346 0.606497 0.783974 0.403785
vn 0.00687335 -0.0108097 0.999918
v -1.70994 14.9241 0.123133 0.578217 0.758387 0.399745
vn 0.0274156 -0.0203981 0.999416
v -1.7637 16.7754 0.163608 0.634529 0.809336 0.40779
vn 0.0365717 -0.0225142 0.999077
v -1.67142 16.8017 0.162469 0.632944 0.807902 0.407563
vn 0.0279699 -0.0221205 0.999364
v -1.78287 18.9978 0.221503 0.715075 0.882211 0.419296
vn 0.0185218 -0.0254511 0.999504
v -1.67945 19.0302 0.220108 0.713134 0.880455 0.419019
vn 0.0148225 -0.0257093 0.99956
v -1.71714 20.47 0.246947 0.750474 0.914238 0.424353
vn 0.0140257 -0.00893102 0.999862
v -1.72585 22.5158 0.255885 0.762909 0.925489 0.42613
vn 0.0115816 -0.00552533 0.999918
v -1.50541 -26.9597 -0.165785 0.176259 0.394711 0.342323
vn -0.00654247 -0.0745233 0.997198
v -1.51819 -22.9669 -0.144194 0.206298 0.421889 0.346614
vn 0 0 0
v -1.44339 -20.0438 -0.12856 0.228048 0.441568 0.349721
vn -0.0106747 -0.0922558 0.995678
v -1.56957 -19.9971 -0.125586 0.232186 0.445312 0.350312
vn -0.0106747 -0.0922558 0.995678
v -1.50142 -16.7384 -0.0487793 0.339044 0.541992 0.365578
vn 0.00637386 0.0165363 0.999843
v -1.52283 -14.5837 -0.08543 0.288053 0.495858 0.358293
vn 0.00993225 0.0175288 0.999797
v -1.49099 -11.7253 -0.0313277 0.363323 0.563959 0.369046
vn 0 0 0
v -1.54068 -9.31809 -0.0432726 0.346705 0.548923 0.366672
vn 0 0 0
v -1.49627 -6.76625 -0.034122 0.359436 0.560442 0.368491
vn 0 0 0
v -1.47968 -4.03736 -0.0251692 0.371891 0.571711 0.37027
vn -0.125493 -0.187036 0.974304
v -1.56793 -3.96351 -0.0233592 0.374409 0.573989 0.37063
vn -0.0251584 -0.0445923 0.998688
v -1.53299 1.54577 0.00542376 0.414454 0.61022 0.376351
vn 0.0121503 -0.0147458 0.999817
v -1.44655 1.61381 0.00544724 0.414487 0.61025 0.376355
vn 0.0127047 -0.0074745 0.999891
v -1.51975 4.11127 0.038345 0.460256 0.65166 0.382894
vn 0.0154328 -0.00779261 0.999851
v -1.48862 6.52004 0.0426921 0.466303 0.657132 0.383758
vn 0.0103355 -0.0108176 0.999888
v -1.51227 8.62775 0.0792194 0.517122 0.703111 0.391017
vn 0.00623759 -0.00275305 0.999977
v -1.50242 10.9547 0.0734155 0.509048 0.695805 0.389864
vn 0.00619886 -0.0202088 0.999777
v -1.49477 12.5664 0.14371 0.606845 0.784288 0.403835
vn 0.00619024 -0.0183952 0.999812
v -1.51402 14.9632 0.122079 0.576751 0.757061 0.399536
vn 0.0180803 -0.0198091 0.99964
v -1.50273 16.857 0.159703 0.629095 0.804419 0.407014
vn 0.0209838 -0.0224965 0.999527
v -1.52418 19.0807 0.217806 0.709931 0.877557 0.418562
vn 0.0191704 -0.0177365 0.999659
v -1.50212 20.5549 0.242981 0.744957 0.909247 0.423565
vn 0.0152811 -0.00944052 0.999839
v -1.50185 22.5766 0.253617 0.759754 0.922635 0.425679
vn 0.0100058 -0.00530376 0.999936
v -1.25972 -27.0034 -0.167459 0.17393 0.392603 0.34199
vn -0.00648634 -0.0745962 0.997193
v -1.3531 -26.9802 -0.166343 0.175483 0.394008 0.342212
vn -0.0053543 -0.0671081 0.997731
v -1.29505 -23.0233 -0.147041 0.202336 0.418304 0.346048
vn 0 0 0
v -1.27873 -20.0782 -0.130109 0.225893 0.439618 0.349413
vn -0.00893763 -0.0875904 0.996116
v -1.26664 -16.7815 -0.0500644 0.337256 0.540374 0.365322
vn -0.00179971 0.0153755 0.99988
v -1.29425 -14.631 -0.0869031 0.286004 0.494003 0.358001
vn 0.00681273 0.016964 0.999833
v -1.29684 -11.771 -0.0324892 0.361707 0.562497 0.368815
vn 0 0 0
v -1.30072 -9.3832 -0.0439591 0.34575 0.548059 0.366536
vn 0 0 0
v -1.29837 -6.83472 -0.0329179 0.361111 0.561957 0.36873
vn 0 0 0
v -1.23995 -4.2088 -0.0272012 0.369064 0.569153 0.369866
vn -0.0448356 -0.0789872 0.995867
v -1.3596 -4.13586 -0.0296114 0.365711 0.56612 0.369387
vn -0.176178 -0.257626 0.950047
v -1.3147 1.71297 0.0036816 0.41203 0.608027 0.376004
vn 0.0174361 -0.00879182 0.999809
v -1.34258 4.19166 0.0357519 0.456648 0.648396 0.382378
vn 0.0144418 -0.00518801 0.999882
v -1.24552 4.22498 0.036336 0.457461 0.649131 0.382494
vn 0.00166298 -0.00886632 0.999959
v -1.28663 6.57335 0.0428228 0.466485 0.657296 0.383784
vn 0.00563757 -0.0116459 0.999916
v -1.28909 8.66908 0.0800905 0.518334 0.704207 0.391191
vn 0.00108304 -0.00737122 0.999972
v -1.28906 10.9837 0.0743414 0.510336 0.69697 0.390048
vn 0.00255347 -0.0176889 0.99984
v -1.2859 12.6144 0.141925 0.604361 0.782041 0.40348
vn 0.0117837 -0.0162354 0.999799
v -1.3731 14.9784 0.122389 0.577182 0.757451 0.399597
vn -0.0114058 0.0891372 0.995954
v -1.26451 15.0279 0.119043 0.572527 0.753239 0.398932
vn 0.0191157 -0.0192989 0.999631
v -1.30238 16.9142 0.156936 0.625246 0.800937 0.406464
vn 0.0199812 -0.0234359 0.999526
v -1.27981 19.1038 0.217946 0.710126 0.877733 0.418589
vn 0.00996454 -0.0245639 0.999649
v -1.37043 20.5999 0.240935 0.742109 0.90667 0.423158
vn 0.015003 -0.0068217 0.999864
v -1.25721 20.6202 0.240295 0.74122 0.905865 0.423031
vn 0.00831158 -0.00927414 0.999922
v -1.27684 22.6352 0.25135 0.756599 0.91978 0.425228
vn 0.00781964 -0.00551144 0.999954
v -1.13078 -27.0387 -0.169273 0.171407 0.39032 0.34163
vn -0.00656893 -0.0756754 0.997111
v -1.06658 -23.0837 -0.150377 0.197695 0.414105 0.345385
vn -0.00692608 -0.0860221 0.996269
v -1.0719 -20.1458 -0.134508 0.219773 0.43408 0.348539
vn -0.00693693 -0.0886672 0.996037
v -1.07766 -16.7789 -0.0473871 0.340981 0.543744 0.365854
vn -0.0124128 0.0149532 0.999811
v -1.07017 -14.6506 -0.0854721 0.287995 0.495805 0.358285
vn -0.00844575 0.0169587 0.999821
v -1.07691 -11.821 -0.0342314 0.359283 0.560304 0.368469
vn 0 0 0
v -1.10245 -9.4188 -0.0420306 0.348433 0.550487 0.366919
vn 0 0 0
v -1.08904 -6.90229 -0.0325405 0.361636 0.562432 0.368805
vn 0 0 0
v -1.07891 -4.3089 -0.0289821 0.366586 0.566912 0.369512
vn -0.100101 -0.192514 0.976175
v -1.07996 1.86216 0.00339388 0.41163 0.607665 0.375947
vn 0.0126707 -0.00846723 0.999884
v -1.07729 4.2793 0.0369201 0.458273 0.649866 0.38261
vn 0.00331465 -0.0108422 0.999936
v -1.06741 6.61352 0.0451762 0.46976 0.660259 0.384251
vn -0.00323619 -0.0121842 0.999921
v -1.0834 8.7107 0.0796806 0.517764 0.703691 0.391109
vn 0.00421752 -0.00273895 0.999987
v -1.07865 11.0165 0.0742572 0.510219 0.696864 0.390031
vn 0.00876569 -0.0128373 0.999879
v -1.07983 12.6329 0.142924 0.605752 0.7833 0.403679
vn 0.010011 -0.0432707 0.999013
v -1.09481 15.0493 0.118857 0.572269 0.753005 0.398896
vn 0.0105257 -0.0182638 0.999778
v -1.07065 16.9691 0.154414 0.621737 0.797762 0.405962
vn 0.0124098 -0.0237681 0.99964
v -1.06717 19.1222 0.218015 0.710223 0.87782 0.418603
vn 0.00720453 -0.0221146 0.999729
v -1.08893 20.6484 0.2394 0.739974 0.904738 0.422853
vn 0.00859282 -0.0096618 0.999916
v -1.06973 22.6623 0.25071 0.75571 0.918975 0.425101
vn 0.00412931 -0.00584865 0.999974
v -0.908252 -27.1046 -0.172853 0.166425 0.385813 0.340918
vn -0.00250693 -0.0660495 0.997813
v -0.894542 -23.1098 -0.151435 0.196224 0.412774 0.345175
vn -0.00588042 -0.0825555 0.996569
v -0.896582 -20.2032 -0.138412 0.214342 0.429166 0.347763
vn -0.00712538 -0.0902641 0.995892
v -0.955305 -20.1863 -0.137297 0.215894 0.43057 0.347985
vn -0.00698837 -0.0891031 0.995998
v -0.900099 -16.8294 -0.0507785 0.336262 0.539475 0.36518
vn 0.0131981 0.00893489 0.999873
v -0.902885 -14.6334 -0.0806738 0.29467 0.501845 0.359239
vn -0.0304484 0.016657 0.999398
v -0.910843 -11.8439 -0.033719 0.359996 0.560949 0.368571
vn 0 0 0
v -0.947771 -9.44828 -0.041573 0.349069 0.551063 0.36701
vn 0 0 0
v -0.857165 -6.97376 -0.0338884 0.359761 0.560736 0.368537
vn 0 0 0
v -0.85785 -4.42333 -0.0290385 0.366508 0.566841 0.369501
vn -0.137143 -0.265412 0.954331
v -0.980587 -4.38271 -0.0371903 0.355167 0.55658 0.367881
vn -0.171251 -0.331291 0.927857
v -0.945146 1.94016 0.00177506 0.409378 0.605627 0.375625
vn 0.0121908 -0.00910137 0.999884
v -0.826164 2.0029 0.00033818 0.407379 0.603819 0.37534
vn 0.0136066 -0.0101646 0.999856
v -0.884738 4.3447 0.0349612 0.455548 0.6474 0.382221
vn 0.00844819 -0.00690423 0.99994
v -0.90323 6.64065 0.0467451 0.471942 0.662234 0.384563
vn 0.00168242 -0.00927889 0.999956
v -0.903827 8.75064 0.0781604 0.515649 0.701778 0.390807
vn 0.00504396 -0.00590641 0.99997
v -0.900777 11.0666 0.0710164 0.50571 0.692785 0.389387
vn 0.0072537 -0.0424378 0.999073
v -0.86547 12.6791 0.140711 0.602673 0.780513 0.403239
vn 0.0168929 -0.0420355 0.998973
v -0.887588 15.0976 0.116348 0.568777 0.749846 0.398397
vn 0.0145624 -0.0180407 0.999731
v -0.865692 17.0186 0.151892 0.618228 0.794587 0.405461
vn 0.00730168 -0.0291142 0.999549
v -0.855635 19.1552 0.216899 0.70867 0.876415 0.418381
vn 0.00416521 -0.0250664 0.999677
v -0.861449 20.6967 0.237417 0.737215 0.902242 0.422459
vn 0.00567995 -0.00783676 0.999953
v -0.84307 22.7139 0.248617 0.752798 0.916341 0.424685
vn 0.00962338 -0.00425156 0.999945
v -0.688839 -27.2057 -0.179039 0.160172 0.380155 0.340025
vn -0.0057193 -0.0739979 0.997242
v -0.731393 -23.1588 -0.154527 0.191922 0.408882 0.34456
vn -0.00588042 -0.0825555 0.996569
v -0.743545 -20.2112 -0.13804 0.214859 0.429634 0.347837
vn -0.00698837 -0.0891031 0.995998
v -0.691463 -16.8585 -0.051778 0.334872 0.538217 0.364982
vn -0.00347387 0.0102547 0.999941
v -0.735118 -14.6141 -0.0758757 0.301346 0.507884 0.360192
vn -0.00402003 0.0104932 0.999937
v -0.743744 -11.8752 -0.0349488 0.358285 0.559401 0.368326
vn 0 0 0
v -0.744575 -9.48316 -0.0410827 0.349752 0.55168 0.367107
vn 0 0 0
v -0.723601 -7.01822 -0.0367638 0.35576 0.557116 0.367966
vn 0 0 0
v -0.716752 -4.48189 -0.0268596 0.369539 0.569583 0.369934
vn -0.0159831 -0.0369966 0.999188
v -0.730681 2.05196 -0.00228202 0.403733 0.60052 0.374819
vn 0.0162013 -0.0109366 0.999809
v -0.695978 4.39664 0.0344939 0.454898 0.646812 0.382128
vn 0.00255922 -0.0085425 0.99996
v -0.741279 6.6774 0.0455684 0.470305 0.660752 0.384329
vn 0.00338509 -0.0119992 0.999922
v -0.679545 8.79447 0.0765548 0.513415 0.699757 0.390488
vn 0.00366263 -0.0051017 0.99998
v -0.738845 11.0742 0.0725316 0.507818 0.694692 0.389688
vn 0.00311449 -0.00958594 0.999949
v -0.734295 12.7005 0.139926 0.60158 0.779525 0.403083
vn 0.0128911 -0.0421852 0.999027
v -0.730564 15.1036 0.117122 0.569855 0.750821 0.398551
vn -0.00844219 0.0923695 0.995689
v -0.674942 17.0119 0.153682 0.620718 0.79684 0.405817
vn 0.00387938 -0.0200708 0.999791
v -0.69656 19.1767 0.216202 0.707699 0.875537 0.418243
vn 0.00593125 -0.0131053 0.999897
v -0.691748 20.697 0.238121 0.738194 0.903128 0.422599
vn 0.00316792 -0.00932856 0.999951
v -0.67928 22.7417 0.247571 0.751342 0.915024 0.424477
vn 0.00688901 -0.00537675 0.999962
v -0.510793 -27.2444 -0.181131 0.16 0.38 0.34
vn -0.00228551 -0.0661494 0.997807
v -0.480808 -23.2054 -0.15713 0.1883 0.405604 0.344043
vn 0 0 0
v -0.595069 -23.1811 -0.155666 0.190337 0.407448 0.344334
vn -0.00443862 -0.0777741 0.996961
v -0.52617 -20.2441 -0.139713 0.212531 0.427528 0.347504
vn 0 0 0
v -0.52867 -16.8718 -0.051778 0.334872 0.538217 0.364982
vn 0.00635471 0.00814256 0.999947
v -0.531753 -14.5747 -0.0683837 0.311769 0.517315 0.361681
vn -0.0112039 -0.130485 0.991387
v -0.51959 -11.8914 -0.0332066 0.360709 0.561594 0.368673
vn 0 0 0
v -0.513711 -9.52685 -0.0425536 0.347705 0.549828 0.366815
vn 0 0 0
v -0.523729 -7.05651 -0.0351284 0.358035 0.559175 0.368291
vn 0 0 0
v -0.513283 -4.57027 -0.0312361 0.363451 0.564074 0.369064
vn -0.0561332 -0.17789 0.982448
v -0.538738 2.13401 -0.00457222 0.400547 0.597638 0.374364
vn 0.00565005 -0.0161941 0.999853
v -0.531115 4.43778 0.0335953 0.453648 0.645681 0.38195
vn 0.00361995 -0.00945032 0.999949
v -0.520982 6.70655 0.0470393 0.472352 0.662604 0.384622
vn 0.00390342 -0.0101045 0.999941
v -0.52298 8.80708 0.0776822 0.514984 0.701176 0.390712
vn -0.00242012 -0.00640017 0.999977
v -0.529311 11.1209 0.0694591 0.503543 0.690825 0.389078
vn 0.0116648 -0.0287936 0.999517
v -0.51917 12.7431 0.137498 0.598203 0.776469 0.4026
vn 0.0137068 -0.0409595 0.999067
v -0.534154 15.1566 0.113652 0.565027 0.746453 0.397861
vn 0.00683661 -0.020051 0.999776
v -0.533316 17.0418 0.152055 0.618454 0.794792 0.405493
vn -0.00125102 -0.0298877 0.999552
v -0.588683 19.1637 0.217597 0.70964 0.877294 0.41852
vn 0.00590171 -0.0278855 0.999594
v -0.484243 19.2079 0.214946 0.705952 0.873957 0.417993
vn 0.00820345 -0.0138144 0.999871
v -0.521013 20.711 0.237865 0.737838 0.902806 0.422548
vn 0.00914666 -0.0107796 0.9999
v -0.515101 22.7665 0.246641 0.750048 0.913853 0.424293
vn 0.00406453 -0.00500813 0.999979
v -0.330663 -27.2999 -0.18448 0.16 0.38 0.34
vn -0.00231375 -0.06834 0.997659
v -0.311341 -23.2505 -0.160141 0.184111 0.401815 0.343444
vn 0 0 0
v -0.299262 -20.3056 -0.144236 0.206238 0.421835 0.346605
vn 0 0 0
v -0.330201 -16.9037 -0.0537058 0.33219 0.535791 0.364599
vn 0.00969187 0.00703751 0.999928
v -0.298859 -14.619 -0.0715825 0.307319 0.513288 0.361046
vn -0.00289416 0.00736963 0.999969
v -0.379931 -14.5851 -0.0680471 0.312237 0.517738 0.361748
vn -0.00919607 -0.125285 0.992078
v -0.296702 -11.9054 -0.0318743 0.362563 0.563271 0.368938
vn 0.00916911 0.00864494 0.999921
v -0.289156 -9.5789 -0.0471297 0.341339 0.544068 0.365906
vn 0 0 0
v -0.289359 -7.10865 -0.0376324 0.354552 0.556023 0.367793
vn 0 0 0
v -0.30632 -4.63615 -0.0313394 0.363307 0.563944 0.369044
vn -0.0298137 -0.108186 0.993683
v -0.359013 2.18585 -0.000563478 0.406124 0.602684 0.375161
vn -0.00160661 -0.0141161 0.999899
v -0.252782 2.21503 0.000187922 0.407169 0.60363 0.37531
vn 0.0086854 -0.00577264 0.999946
v -0.305801 4.48364 0.0329663 0.452773 0.644889 0.381825
vn 0.00378011 -0.0098323 0.999945
v -0.292387 6.74371 0.0458953 0.47076 0.661164 0.384394
vn 0.00013322 -0.0114685 0.999934
v -0.29731 8.83142 0.0777163 0.515031 0.701219 0.390719
vn 0.0020709 -0.010339 0.999944
v -0.297706 11.1454 0.068954 0.502841 0.690189 0.388977
vn 0.00938125 -0.0296648 0.999516
v -0.312927 12.7657 0.13682 0.597259 0.775615 0.402466
vn 0.0116231 -0.0418374 0.999057
v -0.307138 15.1798 0.112909 0.563993 0.745517 0.397713
vn 0.00385458 -0.0215141 0.999761
v -0.295501 17.042 0.153194 0.620039 0.796226 0.40572
vn -0.000990193 -0.025088 0.999685
v -0.295175 19.2466 0.212923 0.703138 0.87141 0.417591
vn 0.00896899 -0.0227659 0.999701
v -0.293131 20.7772 0.234347 0.732944 0.898378 0.421849
vn 0.00634069 -0.00450559 0.99997
v -0.348063 22.7782 0.246408 0.749724 0.91356 0.424246
vn 0.00477168 -0.00440336 0.999979
v -0.220185 22.8313 0.243618 0.745842 0.910047 0.423692
vn -0.00241916 0.0582663 0.998298
v -0.0774312 -27.3413 -0.186782 0.16 0.38 0.34
vn -0.00165441 -0.0710957 0.997468
v -0.0817845 -23.3055 -0.163884 0.178904 0.397104 0.342701
vn 0 0 0
v -0.0863958 -20.3625 -0.148636 0.200118 0.416297 0.345731
vn 0 0 0
v -0.0951439 -16.9329 -0.0554194 0.329806 0.533634 0.364258
vn 0.0167966 0.00751673 0.999831
v -0.0888154 -14.6249 -0.0706145 0.308665 0.514507 0.361238
vn 0.00964645 0.00499308 0.999941
v -0.0739184 -11.9285 -0.0326942 0.361422 0.562239 0.368775
vn -0.00261997 0.00991153 0.999947
v -0.0691222 -9.62879 -0.0526209 0.333699 0.537156 0.364814
vn 0.0156831 0.00754396 0.999849
v -0.0876392 -7.13622 -0.0371412 0.355235 0.556641 0.367891
vn 0 0 0
v -0.087204 -4.69227 -0.0317354 0.362756 0.563446 0.368965
vn -0.00365403 -0.0340971 0.999412
v -0.119397 2.25399 -0.00250428 0.403424 0.600241 0.374775
vn 0.00593422 -0.0142756 0.99988
v -0.0842648 4.52515 0.0308995 0.449897 0.642288 0.381414
vn 0.00998171 -0.00910917 0.999909
v -0.10135 6.75255 0.048314 0.474125 0.664208 0.384875
vn -0.0016041 -0.0111212 0.999937
v -0.0803828 8.86862 0.0748382 0.511027 0.697596 0.390147
vn 0.00848894 -0.00798853 0.999932
v -0.0787352 11.1763 0.0669758 0.500088 0.687699 0.388584
vn 0.0115419 -0.0420567 0.999049
v -0.16731 12.7843 0.135856 0.595918 0.774402 0.402274
vn 0.0138285 -0.0413916 0.999047
v -0.0610447 12.8092 0.133821 0.593087 0.771841 0.40187
vn 0.0111152 -0.0405598 0.999115
v -0.080981 15.1969 0.112444 0.563346 0.744932 0.397621
vn 0.00336602 -0.0222198 0.999747
v -0.0898355 17.0409 0.154089 0.621284 0.797352 0.405898
vn 0.00747386 -0.0249361 0.999661
v -0.0818273 19.2717 0.211807 0.701585 0.870006 0.417369
vn 0.00153461 -0.0149307 0.999887
v -0.101278 20.7768 0.234859 0.733656 0.899022 0.421951
vn 0.00345758 -0.00917239 0.999952
v -0.0971657 22.8555 0.242455 0.744224 0.908583 0.423461
vn -0.00161319 0.057116 0.998366
v 0.126171 -27.2696 -0.18141 0.16 0.38 0.34
vn -0.00207403 -0.0669072 0.997757
v 0.127654 -23.3506 -0.167057 0.174489 0.393109 0.34207
vn -0.00117504 -0.0792628 0.996853
v 0.193465 -20.4254 -0.153655 0.193135 0.409979 0.344734
vn -0.00199662 -0.0933061 0.995635
v 0.0601183 -20.3917 -0.150867 0.197014 0.413489 0.345288
vn -0.00209622 -0.0906923 0.995877
v 0.124286 -16.9581 -0.0571329 0.327422 0.531477 0.363917
vn 0.00971772 0.0103757 0.999899
v 0.0859412 -14.6362 -0.0709092 0.308255 0.514136 0.361179
vn -0.00705598 -0.1355 0.990752
v 0.0947378 -11.926 -0.0306445 0.364274 0.564819 0.369182
vn 0.00480583 0.010982 0.999928
v 0.0838587 -9.65224 -0.0548435 0.330607 0.534358 0.364372
vn 0.00643364 0.00959089 0.999933
v 0.13316 -7.17185 -0.0403042 0.350835 0.55266 0.367262
vn 0 0 0
v 0.14076 -4.73719 -0.033152 0.360785 0.561663 0.368684
vn 0.00401436 -0.0111619 0.99993
v 0.135975 2.29895 -0.000375572 0.406385 0.60292 0.375198
vn 0.00331655 -0.00944757 0.99995
v 0.105659 4.55456 0.0288628 0.447063 0.639724 0.381009
vn 0.0059507 -0.0104797 0.999927
v 0.141596 6.77606 0.0476276 0.47317 0.663344 0.384739
vn 0.0104701 -0.0100092 0.999895
v 0.137801 8.87962 0.075325 0.511704 0.698209 0.390243
vn -0.000562292 -0.0150328 0.999887
v 0.134588 11.1945 0.0660919 0.498859 0.686586 0.388408
vn 0.013231 -0.0406155 0.999087
v 0.13424 12.8177 0.133857 0.593137 0.771886 0.401877
vn 0.0154523 -0.0417965 0.999007
v 0.0928841 15.221 0.110864 0.561148 0.742943 0.397307
vn 0.0159158 -0.0221442 0.999628
v 0.0844782 17.0684 0.15238 0.618907 0.795202 0.405558
vn 0.0110984 -0.0258915 0.999603
v 0.134921 19.2516 0.21369 0.704205 0.872376 0.417744
vn -0.00426854 -0.0247958 0.999683
v 0.0680907 20.7593 0.23633 0.735703 0.900874 0.422243
vn -0.00285964 -0.0123216 0.99992
v 0.183752 20.8141 0.233004 0.731076 0.896688 0.421582
vn 0.0072597 -0.0042135 0.999965
v 0.131784 22.8498 0.243152 0.745195 0.909462 0.423599
vn 0.00687452 -0.00388373 0.999969
v 0.305717 -27.3007 -0.183363 0.16 0.38 0.34
vn -0.000864953 -0.0698043 0.99756
v 0.285656 -23.3918 -0.170149 0.170188 0.389218 0.341455
vn -0.00123319 -0.0810502 0.996709
v 0.32797 -20.4204 -0.152911 0.19417 0.410915 0.344881
vn -0.00199662 -0.0933061 0.995635
v 0.344157 -16.9832 -0.0591677 0.324591 0.528915 0.363513
vn 0.0032476 0.00877701 0.999956
v 0.287323 -14.6904 -0.0768858 0.29994 0.506613 0.359991
vn 0.0190465 0.00469475 0.999808
v 0.287385 -11.9424 -0.0318743 0.362563 0.563271 0.368938
vn 0.0123148 0.0107378 0.999867
v 0.252187 -9.67694 -0.0577853 0.326514 0.530655 0.363788
vn 0.00946396 0.0112903 0.999891
v 0.299395 -7.18791 -0.0411669 0.349634 0.551574 0.367091
vn 0 0 0
v 0.300882 -4.7614 -0.0346546 0.358695 0.559771 0.368385
vn 0 0 0
v 0.299727 2.32295 -0.00131473 0.405079 0.601738 0.375011
vn 0.0102537 -0.00903779 0.999907
v 0.298841 4.57372 0.0280601 0.445947 0.638714 0.38085
vn 0.00316597 -0.0106039 0.999939
v 0.306148 6.8028 0.0441956 0.468395 0.659024 0.384056
vn 0.00890272 -0.011392 0.999895
v 0.295021 8.88695 0.075325 0.511704 0.698209 0.390243
vn 0.00697486 -0.014692 0.999868
v 0.295954 11.2228 0.0632719 0.494935 0.683037 0.387848
vn 0.0140322 -0.0408294 0.999068
v 0.317091 12.849 0.131144 0.589362 0.768471 0.401337
vn 0.00953821 -0.0414782 0.999094
v 0.261125 15.2539 0.108262 0.557527 0.739668 0.39679
vn 0.0124135 -0.0226997 0.999665
v 0.259243 17.0951 0.15059 0.616417 0.792949 0.405202
vn 0.00674249 -0.0266008 0.999623
v 0.346792 19.2222 0.216062 0.707505 0.875362 0.418215
vn -0.00216633 -0.0218694 0.999758
v 0.300646 20.8284 0.232236 0.730008 0.895721 0.42143
vn 0.002689 -0.00413587 0.999988
v 0.278414 22.8647 0.242455 0.744224 0.908583 0.423461
vn -0.000125254 -0.00362189 0.999993
v 0.535247 -27.4148 -0.191176 0.16 0.38 0.34
vn -0.00092897 -0.0714739 0.997442
v 0.44404 -27.3742 -0.188386 0.16 0.38 0.34
vn -0.00071576 -0.0697939 0.997561
v 0.514054 -23.4405 -0.173891 0.164981 0.384506 0.340712
vn -0.000622913 -0.080973 0.996716
v 0.40191 -23.3956 -0.170311 0.169962 0.389013 0.341423
vn -0.000187899 -0.0788867 0.996884
v 0.478192 -20.4294 -0.153562 0.193265 0.410097 0.344752
vn -0.00173467 -0.100175 0.994968
v 0.507655 -16.9769 -0.0582039 0.325932 0.530129 0.363705
vn 0.00386231 0.00936323 0.999949
v 0.484854 -14.7473 -0.0835781 0.29063 0.498189 0.358661
vn 0.0119088 0.00885264 0.99989
v 0.459029 -11.9717 -0.0356662 0.357287 0.558498 0.368184
vn 0.00979772 0.010538 0.999896
v 0.467086 -9.68834 -0.0584718 0.325559 0.529791 0.363651
vn 0.00992151 0.0110074 0.99989
v 0.518963 -7.20082 -0.0420296 0.348434 0.550488 0.366919
vn 0 0 0
v 0.413621 -7.19559 -0.0415982 0.349034 0.551031 0.367005
vn 0 0 0
v 0.462858 -4.77931 -0.0370025 0.355428 0.556816 0.367918
vn -0.0261104 -0.504414 0.863067
v 0.508973 2.34363 -0.00362033 0.401871 0.598836 0.374553
vn 0.0075975 -0.0129854 0.999887
v 0.463456 4.58176 0.028096 0.445997 0.638759 0.380857
vn 0.00559015 -0.0103182 0.999931
v 0.473383 6.81304 0.0433131 0.467167 0.657913 0.383881
vn 0.00313147 -0.0104089 0.999941
v 0.461715 8.90471 0.073301 0.508888 0.695661 0.389841
vn 0.00562593 -0.0139588 0.999887
v 0.505409 11.225 0.0635525 0.495326 0.68339 0.387904
vn 0.0102375 -0.0399129 0.999151
v 0.462121 12.8598 0.130287 0.58817 0.767392 0.401167
vn 0.0173019 -0.0405325 0.999028
v 0.476194 15.266 0.107518 0.556493 0.738732 0.396642
vn 0.00795792 -0.0216359 0.999734
v 0.466361 17.1235 0.148556 0.613587 0.790388 0.404798
vn 0.00613821 -0.0274583 0.999604
v 0.508122 19.2063 0.217318 0.709252 0.876942 0.418465
vn -0.00033181 -0.0257899 0.999667
v 0.471765 20.8136 0.233324 0.731521 0.89709 0.421646
vn 0.005605 -0.00910601 0.999943
v 0.467403 22.8541 0.24321 0.745275 0.909535 0.423611
vn 0.00416571 -0.00483648 0.99998
v 0.672595 -27.457 -0.194106 0.16 0.38 0.34
vn -0.000857765 -0.0743133 0.997235
v 0.686937 -23.456 -0.175112 0.163283 0.38297 0.340469
vn 0.000339479 -0.0803179 0.996769
v 0.677184 -20.4394 -0.154398 0.192101 0.409043 0.344586
vn 0 0 0
v 0.67445 -16.9906 -0.0595961 0.323995 0.528376 0.363428
vn 0.0147004 0.00925411 0.999849
v 0.683677 -14.7598 -0.0850091 0.288639 0.496387 0.358377
vn 0.00400797 0.0105367 0.999936
v 0.674683 -11.9719 -0.0353587 0.357715 0.558885 0.368245
vn 0.00664587 0.0109512 0.999918
v 0.681028 -9.70718 -0.0617077 0.321057 0.525718 0.363008
vn 0.0089268 0.0108327 0.999901
v 0.680949 -7.21095 -0.0443659 0.345184 0.547547 0.366455
vn 0 0 0
v 0.67592 -4.80657 -0.0464879 0.342232 0.544876 0.366033
vn -0.0261104 -0.504414 0.863067
v 0.628775 -4.79617 -0.0418391 0.348699 0.550728 0.366957
vn -0.0261104 -0.504414 0.863067
v 0.69837 2.35197 -0.00555435 0.39918 0.596401 0.374169
vn 0.00173659 -0.0146378 0.999891
v 0.684335 4.58642 0.0278983 0.445722 0.63851 0.380817
vn -0.00157932 -0.0101921 0.999947
v 0.695143 6.81366 0.0437053 0.467713 0.658407 0.383959
vn 0.00128693 -0.0108192 0.999941
v 0.697753 8.91644 0.0718405 0.506856 0.693822 0.389551
vn -0.00118959 -0.0133773 0.99991
v 0.719884 11.2543 0.0599889 0.490368 0.678904 0.387195
vn 0.0131961 -0.040722 0.999083
v 0.693981 12.8892 0.127288 0.583998 0.763617 0.400571
vn 0.00870266 -0.0405415 0.99914
v 0.660635 15.2771 0.106589 0.5552 0.737562 0.396457
vn -0.0019009 -0.0212153 0.999773
v 0.701164 17.1368 0.14758 0.612229 0.789159 0.404604
vn -0.000703558 -0.0296231 0.999561
v 0.698535 19.2139 0.216829 0.708573 0.876328 0.418368
vn 0.0018899 -0.0167962 0.999857
v 0.701248 20.8535 0.23083 0.72805 0.89395 0.42115
vn 0.00532233 -0.00638923 0.999965
v 0.673 22.8989 0.240652 0.741716 0.906315 0.423102
vn 0.00228885 -0.00363251 0.999991
v 0.898907 -27.4646 -0.194711 0.16 0.38 0.34
vn 0.000676737 -0.0677912 0.997699
v 0.918263 -23.4547 -0.175112 0.163509 0.383175 0.340501
vn 0.000753654 -0.0799124 0.996802
v 0.910292 -20.4679 -0.157187 0.188221 0.405534 0.344032
vn 0 0 0
v 0.893165 -17.0428 -0.0653793 0.315949 0.521096 0.362278
vn 0.0196553 0.006637 0.999785
v 0.904551 -14.7527 -0.0843357 0.289576 0.497235 0.358511
vn 0.00998274 0.0100271 0.9999
v 0.900565 -11.9972 -0.0396632 0.351726 0.553467 0.367389
vn 0.0201316 0.00962361 0.999751
v 0.909247 -9.70493 -0.0619038 0.320784 0.525471 0.362969
vn 0.0104506 0.0106269 0.999889
v 0.906957 -7.21371 -0.0463427 0.342434 0.545059 0.366062
vn 0 0 0
v 0.885334 2.34605 -0.00569741 0.398981 0.596221 0.37414
vn 0.00679978 -0.0138404 0.999881
v 0.905004 4.57891 0.028743 0.446897 0.639573 0.380985
vn 0.00521377 -0.0102277 0.999934
v 0.911261 6.82044 0.0416787 0.464894 0.655856 0.383556
vn 0.00403226 -0.0114128 0.999927
v 0.909524 8.90127 0.0737877 0.509565 0.696274 0.389938
vn -0.000234613 -0.014737 0.999891
v 0.910847 11.2495 0.0603257 0.490836 0.679328 0.387262
vn 0.00710644 -0.0401247 0.999169
v 0.903338 12.9004 0.125896 0.582061 0.761865 0.400294
vn 0.00417006 -0.0406948 0.999163
v 0.889421 15.2499 0.109005 0.558562 0.740604 0.396937
vn -0.00346835 -0.020019 0.999794
v 0.909693 17.1253 0.148393 0.613361 0.790183 0.404766
vn -0.00275758 -0.0269548 0.999633
v 0.862105 19.1942 0.218155 0.710417 0.877996 0.418631
vn -0.00766921 -0.0327723 0.999433
v 0.972649 19.2129 0.21676 0.708476 0.87624 0.418354
vn 0.00459539 -0.00781468 0.999959
v 0.892649 20.8614 0.230254 0.72725 0.893226 0.421036
vn 0.000368369 -0.00600698 0.999982
v 0.904337 22.9228 0.239199 0.739694 0.904485 0.422813
vn 0.000704247 0.0574569 0.998348
v 1.12731 -27.497 -0.197175 0.16 0.38 0.34
vn 0.00105738 -0.0697627 0.997563
v 1.12899 -23.4963 -0.178773 0.16 0.38 0.34
vn 0.00104548 -0.0823556 0.996602
v 1.13013 -20.4739 -0.158116 0.186928 0.404364 0.343847
vn 0 0 0
v 1.11683 -17.0711 -0.0689135 0.311032 0.516648 0.361576
vn 0.0175326 0.00890252 0.999807
v 1.13087 -14.7853 -0.089218 0.282783 0.491089 0.35754
vn 0.0221851 0.00842808 0.999718
v 1.12746 -12.0086 -0.0425328 0.347734 0.549855 0.366819
vn 0 0 0
v 1.12294 -9.69584 -0.0617731 0.320966 0.525636 0.362995
vn 0 0 0
v 1.09966 -7.2077 -0.0475468 0.340758 0.543543 0.365823
vn 0.019915 -0.218564 0.975619
v 1.12699 2.32553 -0.00666793 0.397631 0.595 0.373947
vn -0.000411188 -0.0117575 0.999931
v 1.12622 4.57917 0.0250408 0.441746 0.634913 0.380249
vn 0.0103146 -0.0113511 0.999882
v 1.11304 6.81258 0.041548 0.464712 0.655692 0.38353
vn 0.00352301 -0.0109144 0.999934
v 1.1198 8.89423 0.0737878 0.509566 0.696274 0.389938
vn 0.000930671 -0.0154706 0.99988
v 1.10242 11.2629 0.0579686 0.487557 0.676361 0.386794
vn 0.00296327 -0.0418063 0.999121
v 1.136 12.8821 0.127253 0.583949 0.763573 0.400564
vn 0.00381443 -0.0422642 0.999099
v 1.11922 15.2582 0.107797 0.556881 0.739083 0.396697
vn 0.00223538 -0.0209797 0.999777
v 1.11751 17.1275 0.147905 0.612681 0.789569 0.404669
vn 0.00535531 -0.0282875 0.999585
v 1.07523 19.1792 0.218992 0.711581 0.87905 0.418797
vn 0.00819097 -0.0327023 0.999432
v 1.1794 19.2208 0.215923 0.707311 0.875186 0.418187
vn 0.0295676 -0.0248637 0.999253
v 1.12092 20.8271 0.232237 0.730008 0.895721 0.42143
vn 0.0079389 -0.00990485 0.999919
v 1.13495 22.8756 0.241757 0.743253 0.907705 0.423322
vn -0.00161907 -0.00471445 0.999988
v 1.27016 -27.5162 -0.19871 0.16 0.38 0.34
vn 0.00220173 -0.0771966 0.997013
v 1.2849 -23.4986 -0.179262 0.16 0.38 0.34
vn 0.00198684 -0.0776241 0.996981
v 1.34808 -20.4915 -0.160347 0.183825 0.401556 0.343404
vn 0 0 0
v 1.33806 -17.0833 -0.0710555 0.308052 0.513952 0.36115
vn 0.00564447 0.00950299 0.999939
v 1.28333 -14.7938 -0.0910279 0.280265 0.488811 0.357181
vn 0.0189757 0.00777663 0.99979
v 1.33392 -12.0239 -0.0465296 0.342174 0.544824 0.366025
vn 0 0 0
v 1.34573 -9.6919 -0.0638977 0.31801 0.522962 0.362573
vn 0 0 0
v 1.22038 -7.20432 -0.0492542 0.338383 0.541394 0.365483
vn 0.019915 -0.218564 0.975619
v 1.3275 -7.18908 -0.0480261 0.340091 0.54294 0.365727
vn 0.019915 -0.218564 0.975619
v 1.29133 2.3024 -0.00732529 0.396717 0.594172 0.373817
vn 0.00355394 -0.0148852 0.999883
v 1.29205 4.5721 0.0228123 0.438646 0.632108 0.379807
vn 0.00174808 -0.00999207 0.999949
v 1.3916 6.7942 0.0412538 0.464303 0.655321 0.383472
vn 0.00267233 -0.0118269 0.999926
v 1.27966 6.80146 0.0416461 0.464848 0.655815 0.38355
vn 0.00235104 -0.0115144 0.999931
v 1.33858 8.88729 0.0729935 0.50846 0.695274 0.38978
vn 0.000232393 -0.0151795 0.999885
v 1.34357 11.2619 0.0567481 0.485859 0.674825 0.386551
vn 0.00752805 -0.0410202 0.99913
v 1.33209 12.9 0.124504 0.580124 0.760112 0.400018
vn 0.0209069 -0.0411731 0.998933
v 1.29087 15.2399 0.109005 0.558562 0.740603 0.396937
vn -0.00272624 -0.0198496 0.999799
v 1.29292 17.1375 0.146685 0.610983 0.788033 0.404426
vn 0.00444389 -0.0252732 0.999671
v 1.32758 19.2844 0.211179 0.700712 0.869215 0.417245
vn 0.0146978 -0.0101571 0.99984
v 1.29264 20.851 0.230446 0.727517 0.893467 0.421074
vn 0.00113026 -0.00760145 0.99997
v 1.28229 22.8884 0.240827 0.741959 0.906534 0.423137
vn 0.0014957 0.0588811 0.998264
v 1.4736 -27.4738 -0.196129 0.16 0.38 0.34
vn 0.00186191 -0.0678599 0.997693
v 1.47983 -23.4984 -0.17975 0.16 0.38 0.34
vn 0.00329993 -0.0874976 0.996159
v 1.55013 -20.5003 -0.161927 0.181627 0.399567 0.34309
vn 0 0 0
v 1.5045 -17.0756 -0.0710555 0.308052 0.513952 0.36115
vn 0.0126533 0.00935134 0.999876
v 1.45037 -14.8203 -0.0954893 0.274058 0.483196 0.356294
vn 0.0101543 0.00920012 0.999906
v 1.54326 -14.7976 -0.0933007 0.277103 0.48595 0.356729
vn 0.00779302 -0.126779 0.9919
v 1.47581 -12.0328 -0.0493993 0.338181 0.541211 0.365454
vn 0 0 0
v 1.50048 -9.67929 -0.0640612 0.317783 0.522756 0.36254
vn 0 0 0
v 1.48762 -7.17296 -0.0489546 0.3388 0.541771 0.365543
vn 0 0 0
v 1.49284 2.26358 -0.00889058 0.394539 0.592202 0.373506
vn 0.00653495 -0.0148206 0.999869
v 1.45622 4.54675 0.02425 0.440646 0.633918 0.380092
vn -0.00219543 -0.00814563 0.999964
v 1.50241 6.78547 0.0408616 0.463757 0.654828 0.383394
vn 0.00724642 -0.0116403 0.999906
v 1.52223 8.87325 0.0730703 0.508567 0.69537 0.389795
vn 0.00243167 -0.0153113 0.99988
v 1.50737 11.2393 0.0583895 0.488143 0.676891 0.386878
vn 0.00139916 -0.0380074 0.999276
v 1.46805 12.9182 0.121791 0.57635 0.756697 0.399479
vn 0.00394097 -0.0386738 0.999244
v 1.45956 15.2396 0.108355 0.557657 0.739785 0.396808
vn 0.0111683 -0.0196922 0.999744
v 1.46694 17.1437 0.145627 0.609512 0.786701 0.404216
vn 0.0116739 -0.0257039 0.999601
v 1.50541 19.304 0.209365 0.698189 0.866932 0.416884
vn 0.018462 -0.02268 0.999572
v 1.51093 20.8377 0.23083 0.72805 0.89395 0.42115
vn 0.0025744 -0.00936112 0.999953
v 1.47055 22.8599 0.242164 0.743819 0.908218 0.423403
vn -0.000204286 -0.00507928 0.999987
v 1.68075 -27.4858 -0.197454 0.16 0.38 0.34
vn 0.00292849 -0.0750786 0.997173
v 1.67091 -23.4967 -0.180238 0.16 0.38 0.34
vn 0.00406419 -0.081007 0.996705
v 1.73348 -20.5002 -0.162763 0.180463 0.398514 0.342923
vn 0 0 0
v 1.66958 -17.1119 -0.0759819 0.301198 0.50775 0.360171
vn 0.00626474 -0.106509 0.994292
v 1.70102 -14.8142 -0.0968361 0.272184 0.4815 0.356026
vn 0.0102645 0.00907211 0.999906
v 1.71059 -14.7998 -0.0950683 0.274644 0.483725 0.356378
vn 0.00954817 -0.12799 0.991729
v 1.68326 -12.0212 -0.0502704 0.336969 0.540115 0.365281
vn 0 0 0
v 1.67864 -9.66832 -0.0657282 0.315463 0.520657 0.362209
vn 0 0 0
v 1.67907 -7.15035 -0.0507638 0.336283 0.539494 0.365183
vn 0 0 0
v 1.67581 2.21685 -0.00957223 0.393591 0.591344 0.37337
vn 0.000832495 -0.0134636 0.999909
v 1.67302 4.50668 0.0260113 0.443096 0.636135 0.380442
vn 0.00451468 -0.0115345 0.999923
v 1.66994 6.78244 0.0376257 0.459255 0.650754 0.382751
vn 0.00736798 -0.0134073 0.999883
v 1.68088 8.86646 0.0718405 0.506856 0.693822 0.389551
vn 0.00851244 -0.0161864 0.999833
v 1.66982 11.2428 0.0564114 0.485391 0.674401 0.386484
vn 0.00772771 -0.0368959 0.999289
v 1.68904 12.9157 0.120541 0.574611 0.755125 0.39923
vn 0.0135446 -0.0381731 0.999179
v 1.69142 15.2698 0.104358 0.552096 0.734754 0.396014
vn 0.0163184 -0.0194392 0.999678
v 1.67533 17.1574 0.143674 0.606795 0.784243 0.403828
vn 0.0188188 -0.026223 0.999479
v 1.66869 19.3456 0.205947 0.693433 0.86263 0.416205
vn 0.0208856 -0.0215843 0.999549
v 1.71909 20.8289 0.230829 0.72805 0.89395 0.42115
vn 0.00467413 -0.0105888 0.999933
v 1.67879 22.8651 0.241408 0.742768 0.907266 0.423253
vn 0.000874571 -0.00481099 0.999988
v 1.90547 -27.4568 -0.196106 0.16 0.38 0.34
vn 0.00335115 -0.0686122 0.997638
v 1.887 -23.5219 -0.183167 0.16 0.38 0.34
vn 0.00487384 -0.0826188 0.996569
v 1.905 -20.5186 -0.165428 0.176756 0.39516 0.342394
vn 0 0 0
v 1.87376 -17.1218 -0.0785523 0.297622 0.504515 0.35966
vn 0.0173896 0.00910427 0.999807
v 1.90415 -14.8235 -0.100119 0.267617 0.477368 0.355374
vn 0.019776 0.00909058 0.999763
v 1.88255 -12.0203 -0.0532936 0.332763 0.536309 0.36468
vn 0 0 0
v 1.92067 -9.6458 -0.0676131 0.312841 0.518285 0.361834
vn 0 0 0
v 1.90861 -7.11419 -0.0526688 0.333632 0.537096 0.364805
vn 0 0 0
v 1.90799 2.1409 -0.0100431 0.392936 0.590751 0.373277
vn -7.56884e-05 -0.0104992 0.999945
v 1.89367 4.48037 0.0214285 0.436721 0.630366 0.379532
vn 0.00836313 -0.00811747 0.999932
v 1.91407 6.7582 0.0356536 0.456511 0.648272 0.382359
vn 0.0103933 -0.0097802 0.999898
v 1.913 8.84565 0.0710547 0.505763 0.692833 0.389395
vn -0.00155021 -0.0160178 0.999871
v 1.90616 11.2137 0.0574215 0.486796 0.675672 0.386685
vn -0.00510088 -0.0347394 0.999383
v 1.88823 12.9359 0.116686 0.569247 0.750271 0.398464
vn 0.00146681 -0.0356673 0.999363
v 1.88039 15.29 0.101291 0.547829 0.730893 0.395404
vn 0.00446933 -0.0203056 0.999784
v 1.88848 17.1746 0.141233 0.603399 0.781171 0.403343
vn 0.0111435 -0.0256672 0.999608
v 1.88534 19.3949 0.201692 0.687513 0.857274 0.415359
vn 0.015821 -0.0232178 0.999605
v 1.90808 20.8331 0.229934 0.726805 0.892823 0.420972
vn 0.00445928 -0.0116017 0.999923
v 1.90529 22.8526 0.241524 0.74293 0.907413 0.423276
vn 0.00220541 -0.00539775 0.999983
v 2.13819 -27.4803 -0.19857 0.16 0.38 0.34
vn 0.00539124 -0.085859 0.996293
v 2.11486 -23.4465 -0.178122 0.160906 0.380819 0.340129
vn 0.00564373 -0.0797846 0.996796
v 2.10912 -20.5432 -0.169022 0.171756 0.390636 0.341679
vn 0 0 0
v 2.13346 -17.1234 -0.0810512 0.294145 0.501369 0.359164
vn 0.0163587 0.0106426 0.99981
v 2.1077 -14.8349 -0.104076 0.262112 0.472387 0.354587
vn 0.0201606 0.00944148 0.999752
v 2.10931 -12.0027 -0.0548309 0.330624 0.534374 0.364375
vn 0 0 0
v 2.11055 -9.63878 -0.0721455 0.306535 0.51258 0.360934
vn 0 0 0
v 2.11534 -7.07316 -0.0542143 0.331482 0.53515 0.364497
vn 0 0 0
v 2.11353 2.0631 -0.0124906 0.38953 0.58767 0.37279
vn 0.00585524 -0.0156954 0.99986
v 2.10492 4.43407 0.0205659 0.43552 0.62928 0.37936
vn 0.0028916 -0.00926929 0.999953
v 2.10769 6.74647 0.0315569 0.450812 0.643115 0.381545
vn 0.00765285 -0.0144148 0.999867
v 2.10795 8.81553 0.0716868 0.506642 0.693629 0.38952
vn 0.00472969 -0.018151 0.999824
v 2.17665 11.1897 0.056706 0.4858 0.674772 0.386543
vn -0.00205897 -0.0356303 0.999363
v 2.06788 11.2024 0.056706 0.4858 0.674772 0.386543
vn -0.00216188 -0.0354053 0.999371
v 2.12181 12.9085 0.117257 0.570042 0.75099 0.398577
vn -0.00349127 -0.0350442 0.99938
v 2.09424 15.262 0.102313 0.549252 0.73218 0.395607
vn 0.00159213 -0.0195872 0.999807
v 2.12581 17.1523 0.14164 0.603965 0.781683 0.403424
vn 0.00292226 -0.0227167 0.999738
v 2.10085 19.4082 0.199809 0.684893 0.854903 0.414985
vn 0.00874531 -0.0242377 0.999668
v 2.11615 20.8295 0.229358 0.726004 0.892099 0.420858
vn 0.00430942 -0.0123769 0.999914
v 2.13671 22.8516 0.240827 0.741959 0.906534 0.423137
vn 0.00247717 -0.00543152 0.999982
v 2.26514 -27.447 -0.196757 0.16 0.38 0.34
vn 0.00552569 -0.0745147 0.997205
v 2.31375 -23.4937 -0.183086 0.16 0.38 0.34
vn 0.0060793 -0.0803627 0.996747
v 2.33152 -20.5601 -0.172244 0.167273 0.386581 0.341039
vn 0 0 0
v 2.33717 -17.1172 -0.0825149 0.292109 0.499527 0.358873
vn 0.0105162 0.0118384 0.999875
v 2.34018 -14.8652 -0.111231 0.252158 0.463381 0.353165
vn 0.017318 0.0111861 0.999787
v 2.3372 -11.9894 -0.057803 0.326489 0.530633 0.363784
vn 0 0 0
v 2.27315 -9.61148 -0.0724941 0.30605 0.512141 0.360864
vn 0 0 0
v 2.3909 -9.59333 -0.0734747 0.304686 0.510906 0.360669
vn 0 0 0
v 2.3312 -7.02533 -0.0566675 0.328069 0.532063 0.36401
vn 0 0 0
v 2.33331 1.95781 -0.012932 0.388916 0.587115 0.372702
vn 0.00229618 -0.0119615 0.999926
v 2.22399 2.01512 -0.0135237 0.388093 0.58637 0.372585
vn 0.00215116 -0.0137777 0.999903
v 2.32793 4.37703 0.0193528 0.433833 0.627753 0.379119
vn 0.00304252 -0.00903961 0.999955
v 2.33743 6.70708 0.0304674 0.449296 0.641744 0.381328
vn -0.000774277 -0.0129365 0.999916
v 2.34067 8.78253 0.0712256 0.506001 0.693048 0.389429
vn 0.000526162 -0.0195395 0.999809
v 2.33722 11.1734 0.0561588 0.485039 0.674083 0.386434
vn -0.00299537 -0.0351519 0.999377
v 2.32799 12.8852 0.117328 0.570141 0.75108 0.398592
vn -0.00361841 -0.0354025 0.999367
v 2.32331 15.2646 0.100083 0.546148 0.729372 0.395164
vn 0.00955479 -0.0206152 0.999742
v 2.33628 17.1626 0.139362 0.600795 0.778815 0.402971
vn 0.0105866 -0.0237613 0.999662
v 2.31884 19.434 0.196879 0.680817 0.851215 0.414402
vn 0.0112828 -0.0236889 0.999656
v 2.2933 20.8243 0.228911 0.725381 0.891535 0.420769
vn 0.0100315 -0.0150303 0.999837
v 2.32793 22.8453 0.240478 0.741474 0.906095 0.423068
vn 0.00530068 -0.00578483 0.999969
v 2.40038 -27.4044 -0.194385 0.16 0.38 0.34
vn 0.00404138 -0.0680178 0.997676
v 2.53697 -27.3851 -0.193687 0.16 0.38 0.34
vn 0.00590671 -0.0739147 0.997247
v 2.49127 -23.5351 -0.187561 0.16 0.38 0.34
vn 0.00650634 -0.0808593 0.996704
v 2.53314 -20.5558 -0.173545 0.165463 0.384943 0.34078
vn 0.00974835 -0.0979869 0.99514
v 2.5072 -17.1337 -0.0862633 0.286894 0.494809 0.358128
vn 0.0122704 -0.109743 0.993884
v 2.48466 -14.8569 -0.112493 0.250401 0.461792 0.352914
vn 0.0137978 0.0120023 0.999833
v 2.50645 -11.9642 -0.0581105 0.326062 0.530246 0.363723
vn 0 0 0
v 2.50897 -9.57744 -0.0752398 0.30223 0.508685 0.360319
vn 0 0 0
v 2.4689 -6.98825 -0.057611 0.326756 0.530875 0.363822
vn 0 0 0
v 2.50658 1.86653 -0.0156069 0.385195 0.583748 0.372171
vn 0.00901349 -0.016195 0.999828
v 2.50246 4.32777 0.01796 0.431895 0.626 0.378842
vn 0.00165039 -0.00940172 0.999954
v 2.54781 6.65238 0.0319382 0.451342 0.643595 0.38162
vn -0.00143045 -0.0108466 0.99994
v 2.49801 8.76048 0.0704056 0.50486 0.692016 0.389266
vn 0.00502953 -0.019874 0.99979
v 2.50923 11.1418 0.0570849 0.486328 0.675249 0.386618
vn -0.00675052 -0.0336455 0.999411
v 2.50023 12.8663 0.117078 0.569794 0.750766 0.398542
vn 0.000140764 -0.0359017 0.999355
v 2.49903 15.2662 0.0982236 0.543562 0.727032 0.394795
vn 0.00229158 -0.020576 0.999786
v 2.51111 17.158 0.138385 0.599437 0.777586 0.402777
vn 0.00690926 -0.0234182 0.999702
v 2.53973 19.4723 0.192903 0.675285 0.84621 0.413612
vn 0.0073551 -0.0229182 0.99971
v 2.46655 20.8398 0.227056 0.7228 0.8892 0.4204
vn 0.0048613 -0.0109773 0.999928
v 2.49489 22.8513 0.239431 0.740018 0.904778 0.42286
vn 0.0033804 -0.00579342 0.999978
v 2.67063 -27.3292 -0.190479 0.16 0.38 0.34
vn 0.00550566 -0.067589 0.997698
v 2.66707 -23.523 -0.187805 0.16 0.38 0.34
vn 0.0072201 -0.0807741 0.996706
v 2.68782 -20.5404 -0.173545 0.165463 0.384943 0.34078
vn 0.010345 -0.0881838 0.99605
v 2.67446 -17.1215 -0.0871201 0.285702 0.49373 0.357957
vn 0.0165242 0.0116659 0.999795
v 2.66682 -14.8579 -0.115819 0.245775 0.457606 0.352254
vn 0.0139708 0.012723 0.999821
v 2.6762 -11.9392 -0.0589304 0.324921 0.529214 0.36356
vn 0 0 0
v 2.66607 -9.56027 -0.0789007 0.297137 0.504076 0.359591
vn 0 0 0
v 2.67215 -6.93013 -0.0599293 0.323531 0.527957 0.363362
vn 0 0 0
v 2.71317 1.73805 -0.017609 0.382409 0.581228 0.371773
vn 0.012154 -0.0174181 0.999774
v 2.70874 4.25505 0.0178521 0.431745 0.625864 0.378821
vn 0.00266755 -0.00884436 0.999957
v 2.66853 6.63431 0.0296502 0.448159 0.640715 0.381166
vn 0.00543204 -0.0138088 0.99989
v 2.6569 8.74538 0.0680486 0.501581 0.689049 0.388797
vn 0.00469873 -0.0191704 0.999805
v 2.65729 11.1171 0.0572952 0.48662 0.675513 0.38666
vn -0.00257066 -0.0347737 0.999392
v 2.67289 12.8525 0.116043 0.568353 0.749462 0.398336
vn -0.00364601 -0.0345653 0.999396
v 2.67001 15.2423 0.0985954 0.544079 0.7275 0.394868
vn 0.00260924 -0.0202767 0.999791
v 2.6555 17.1469 0.13806 0.598984 0.777176 0.402712
vn 0.00106602 -0.0208416 0.999782
v 2.738 19.4455 0.193461 0.676061 0.846913 0.413723
vn 0.00524305 -0.0238899 0.999701
v 2.65888 20.8263 0.226864 0.722534 0.888959 0.420362
vn 0.00156457 -0.0134117 0.999909
v 2.6628 22.84 0.239315 0.739856 0.904632 0.422837
vn 0.001588 -0.00607749 0.99998
v 2.877 -27.3266 -0.191455 0.16 0.38 0.34
vn 0.00616693 -0.0714207 0.997427
v 2.84286 -23.5318 -0.189839 0.16 0.38 0.34
vn 0.00799806 -0.0811259 0.996672
v 2.92431 -23.1912 -0.162826 0.180376 0.398435 0.342911
vn 0.00759181 -0.0800921 0.996759
v 2.89113 -20.5542 -0.176891 0.161309 0.381184 0.340187
vn 0.0101966 -0.0915095 0.995752
v 2.9031 -17.1424 -0.092582 0.278103 0.486855 0.356872
vn 0.0247836 0.00988913 0.999644
v 2.8824 -14.8439 -0.118218 0.242437 0.454586 0.351777
vn 0.0178776 0.0120181 0.999768
v 2.89886 -11.8894 -0.058008 0.326204 0.530375 0.363743
vn 0 0 0
v 2.89158 -9.5048 -0.0791621 0.296773 0.503747 0.359539
vn 0 0 0
v 2.88617 -6.85303 -0.0603607 0.322931 0.527414 0.363276
vn 0 0 0
v 2.95679 -4.02806 -0.0568562 0.327807 0.531825 0.363972
vn 0.108204 -0.103277 0.98875
v 2.93765 1.57854 -0.021159 0.37747 0.576759 0.371067
vn 0.100298 0.119171 0.987795
v 2.84017 1.66006 -0.0228213 0.375158 0.574667 0.370737
vn 0.0115759 -0.0184002 0.999764
v 2.89056 4.18399 0.0178252 0.431707 0.62583 0.378815
vn 0.00310723 -0.0150791 0.999881
v 2.88294 6.57636 0.0296829 0.448204 0.640756 0.381172
vn -0.000426137 -0.0108093 0.999941
v 2.88993 8.70021 0.0674081 0.50069 0.688243 0.38867
vn -0.00732344 -0.0164891 0.999837
v 2.89723 11.0979 0.0545595 0.482814 0.67207 0.386116
vn 0.00718131 -0.0373557 0.999276
v 2.87919 12.8253 0.11565 0.567807 0.748968 0.398258
vn -0.00744012 -0.0323075 0.99945
v 2.88222 15.2299 0.0972321 0.542183 0.725784 0.394598
vn 0.00411683 -0.0206076 0.999779
v 2.89596 17.1384 0.136514 0.596833 0.77523 0.402405
vn 0.0086684 -0.0200921 0.999761
v 2.89866 19.4418 0.192554 0.6748 0.845771 0.413543
vn 0.00784197 -0.0246193 0.999666
v 2.8891 20.8214 0.225777 0.721021 0.88759 0.420146
vn 0.00622312 -0.0150284 0.999868
v 2.89143 22.834 0.238501 0.738724 0.903607 0.422675
vn 0.00169493 -0.00591618 0.999981
v 3.11771 -27.2432 -0.18713 0.16 0.38 0.34
vn 0.0059831 -0.0679528 0.997671
v 3.15273 -23.4815 -0.188374 0.16 0.38 0.34
vn 0.0102525 -0.0822362 0.99656
v 3.01996 -23.3616 -0.177472 0.16 0.38 0.34
vn 0.00862033 -0.0809186 0.996683
v 3.11165 -20.5288 -0.176984 0.160679 0.380614 0.340097
vn 0.0111152 -0.0887404 0.995993
v 3.12896 -17.1495 -0.0968659 0.272143 0.481463 0.35602
vn 0.0167337 -0.09798 0.995048
v 3.11437 -14.8344 -0.121964 0.237226 0.449871 0.351032
vn 0 0 0
v 3.1347 -11.8369 -0.0578714 0.326394 0.530547 0.363771
vn 0 0 0
v 3.10275 -9.45327 -0.0806004 0.294772 0.501937 0.359253
vn 0 0 0
v 3.09823 -6.77457 -0.0626251 0.319781 0.524563 0.362826
vn 0 0 0
v 3.10574 -3.9146 -0.0616317 0.321163 0.525814 0.363023
vn 0.125771 -0.123666 0.984321
v 3.15416 1.39767 -0.0250189 0.3721 0.5719 0.3703
vn 0.0328919 0.00720387 0.999433
v 3.0656 1.475 -0.0233848 0.374374 0.573957 0.370625
vn 0.00441618 -0.0160373 0.999862
v 3.10158 4.10321 0.0149767 0.427744 0.622245 0.378249
vn 0.00776892 -0.0121717 0.999896
v 3.09619 6.51425 0.029356 0.44775 0.640345 0.381107
vn 0.00180283 -0.0124914 0.99992
v 3.10271 8.64123 0.0687659 0.502579 0.689952 0.38894
vn 0.00282006 -0.0193707 0.999808
v 3.11307 11.0741 0.0524128 0.479828 0.669368 0.38569
vn 0.00309586 -0.0348262 0.999389
v 3.03541 12.7892 0.116793 0.569396 0.750406 0.398485
vn 0.00622791 -0.0351185 0.999364
v 3.12612 12.8089 0.113044 0.564181 0.745688 0.39774
vn 0.0182681 0.10531 0.994272
v 3.13053 15.208 0.0959929 0.540458 0.724224 0.394351
vn 0.00988862 -0.0190339 0.99977
v 3.10959 17.1626 0.132364 0.59106 0.770007 0.40158
vn 0.00970738 -0.0231808 0.999684
v 3.11764 19.4592 0.189624 0.670724 0.842083 0.412961
vn 0.00817678 -0.0233766 0.999693
v 3.09782 20.8307 0.223794 0.718262 0.885095 0.419752
vn 0.00799435 -0.0130309 0.999883
v 3.07587 22.8063 0.239083 0.739532 0.904339 0.42279
vn 0.0030756 -0.00682175 0.999972
v 3.26014 -27.2917 -0.191455 0.16 0.38 0.34
vn 0.00754629 -0.0691519 0.997578
v 3.24748 -23.2963 -0.174217 0.164528 0.384097 0.340647
vn 0.00994031 -0.0811142 0.996655
v 3.34486 -23.1321 -0.16185 0.181734 0.399664 0.343105
vn 0.0100931 -0.0807956 0.99668
v 3.31061 -20.4766 -0.174567 0.164041 0.383656 0.340577
vn 0.0116175 -0.0889113 0.995972
v 3.3157 -17.147 -0.0997575 0.26812 0.477823 0.355446
vn 0.0167337 -0.09798 0.995048
v 3.29679 -14.8218 -0.124615 0.233537 0.446533 0.350505
vn 0.00126849 0.0125205 0.999921
v 3.33356 -11.7821 -0.0568294 0.327844 0.531859 0.363978
vn 0 0 0
v 3.26866 -9.4098 -0.0819078 0.292953 0.500291 0.358993
vn 0 0 0
v 3.3867 -9.382 -0.083869 0.290225 0.497823 0.358604
vn 0.0583946 -0.164802 0.984597
v 3.32658 -6.6645 -0.0612233 0.321731 0.526328 0.363104
vn 0 0 0
v 3.32953 -3.7054 -0.0639433 0.317947 0.522904 0.362564
vn 0.108204 -0.103277 0.98875
v 3.37646 1.18777 -0.0322726 0.362009 0.56277 0.368858
vn 0.150026 0.116763 0.981763
v 3.26077 1.29893 -0.0278159 0.368209 0.56838 0.369744
vn 0.0474643 0.0204119 0.998664
v 3.39575 3.97524 0.0108072 0.421944 0.616997 0.377421
vn 0.00472674 -0.0104112 0.999935
v 3.30831 4.01611 0.0118496 0.423394 0.618309 0.377628
vn 0.00454214 -0.00972906 0.999942
v 3.32445 6.45036 0.0271661 0.444703 0.637588 0.380672
vn 0.00910861 -0.0113612 0.999894
v 3.38335 8.58488 0.0662039 0.499014 0.686727 0.388431
vn 0.00202795 -0.0186851 0.999823
v 3.25973 8.61729 0.0663575 0.499228 0.686921 0.388461
vn 0.000790547 -0.0187018 0.999825
v 3.30507 11.0297 0.0530021 0.480647 0.67011 0.385807
vn -0.00175453 -0.0335729 0.999435
v 3.32313 12.7833 0.111938 0.562642 0.744295 0.39752
vn 0.0133614 -0.0353837 0.999284
v 3.31832 15.196 0.0944129 0.53826 0.722236 0.394037
vn 0.00501146 -0.0186585 0.999813
v 3.33872 17.1559 0.13033 0.58823 0.767446 0.401176
vn 0.00440838 -0.0224512 0.999738
v 3.33366 19.4325 0.189624 0.670724 0.842083 0.412961
vn 0.00425102 -0.0246473 0.999687
v 3.31462 20.8368 0.221811 0.715504 0.882599 0.419358
vn 0.00380375 -0.0152925 0.999876
v 3.33268 22.7933 0.238269 0.7384 0.903314 0.422629
vn 0.00224196 -0.00721696 0.999971
v 3.21213 22.8144 0.237804 0.737753 0.902729 0.422536
vn 0.00637143 0.0601131 0.998171
v 3.5267 -27.4344 -0.203314 0.16 0.38 0.34
vn 0.00680616 -0.0739259 0.997241
v 3.51591 -22.9511 -0.14894 0.199695 0.415915 0.345671
vn 0.00941505 -0.0799936 0.996751
v 3.49875 -20.4772 -0.177077 0.160792 0.380717 0.340113
vn 0.0129808 -0.0923875 0.995639
v 3.50407 -17.1126 -0.0995433 0.268418 0.478092 0.355488
vn 0.0167337 -0.09798 0.995048
v 3.50307 -14.811 -0.128403 0.228267 0.441765 0.349752
vn 0.00309788 0.015075 0.999882
v 3.49969 -14.7941 -0.126257 0.231253 0.444467 0.350179
vn 0.025676 -0.117151 0.992782
v 3.52099 -11.7522 -0.0596477 0.323923 0.528311 0.363418
vn 0 0 0
v 3.53373 -9.34709 -0.0867454 0.286223 0.494202 0.358032
vn 0.0583946 -0.164802 0.984597
v 3.53594 -6.55414 -0.060187 0.323173 0.527632 0.36331
vn 0 0 0
v 3.5011 -3.5051 -0.0621248 0.320477 0.525193 0.362925
vn 0.029673 -0.0176011 0.999405
v 3.57015 0.95958 -0.0356877 0.357257 0.558471 0.36818
vn 0.0580414 0.0275786 0.997933
v 3.47708 1.07377 -0.0340911 0.359479 0.560481 0.368497
vn 0.114249 0.0821626 0.990049
v 3.51882 3.91545 0.00908196 0.419543 0.614825 0.377078
vn 0.00903606 -0.0125688 0.99988
v 3.59736 6.3758 0.0224266 0.438109 0.631623 0.37973
vn 0.00911307 -0.0149791 0.999846
v 3.47903 6.41767 0.0229495 0.438837 0.632281 0.379834
vn 0.00825957 -0.0211016 0.999743
v 3.47663 8.5668 0.0649741 0.497303 0.685179 0.388186
vn 0.00101776 -0.0177962 0.999841
v 3.59204 10.9815 0.0508977 0.47772 0.667461 0.385389
vn -0.00498552 -0.0334255 0.999429
v 3.48628 11.007 0.0508135 0.477602 0.667355 0.385372
vn -0.00360579 -0.0336149 0.999428
v 3.50802 12.7681 0.109724 0.559562 0.741509 0.39708
vn -0.0017388 -0.0334076 0.99944
v 3.53462 15.1809 0.0924611 0.535545 0.719779 0.393649
vn 0.0101166 -0.0195051 0.999759
v 3.48309 17.1536 0.128784 0.58608 0.765501 0.400869
vn -0.00500109 -0.0264709 0.999637
v 3.53356 19.4149 0.188997 0.66985 0.841293 0.412836
vn -0.00113954 -0.0239271 0.999713
v 3.48794 20.8345 0.220596 0.713813 0.881069 0.419116
vn 0.00542917 -0.0149335 0.999874
v 3.49792 22.7563 0.239315 0.739856 0.904632 0.422837
vn 0.00324497 -0.00876474 0.999956
v 3.73805 -27.4368 -0.205128 0.16 0.38 0.34
vn 0.00797358 -0.068965 0.997587
v 3.67037 -22.9493 -0.150459 0.197582 0.414003 0.345369
vn 0.0128826 -0.0784265 0.996837
v 3.66399 -20.4401 -0.175961 0.162435 0.382203 0.340348
vn 0.0137905 -0.0876479 0.996056
v 3.7426 -17.0644 -0.099115 0.269014 0.478632 0.355573
vn -0.0211318 0.00669654 0.999754
v 3.69576 -14.7879 -0.130676 0.225104 0.438904 0.349301
vn -0.00420276 0.0155736 0.99987
v 3.65829 -11.7136 -0.0595453 0.324065 0.52844 0.363438
vn 0.0476259 -0.162302 0.985591
v 3.66676 -9.29449 -0.0858301 0.287496 0.495354 0.358214
vn 0.0583946 -0.164802 0.984597
v 3.73044 -6.46203 -0.0640269 0.31783 0.522799 0.362547
vn 0.124183 -0.205713 0.970701
v 3.67656 -3.2811 -0.0640125 0.31785 0.522817 0.36255
vn 0.0523403 -0.0283026 0.998228
v 3.75471 0.701261 -0.0397636 0.351587 0.55334 0.36737
vn 0.0429745 0.0147105 0.998968
v 3.64961 0.858629 -0.0385427 0.353285 0.554877 0.367612
vn 0.168741 0.105094 0.980042
v 3.77808 3.78313 0.0041217 0.412642 0.608581 0.376092
vn 0.00148553 -0.00763853 0.99997
v 3.66553 3.84393 0.00588302 0.415093 0.610798 0.376442
vn 0.00957777 -0.0129967 0.99987
v 3.73475 6.32177 0.0223285 0.437973 0.631499 0.37971
vn -0.000443399 -0.0164506 0.999865
v 3.67414 8.51637 0.063693 0.495521 0.683567 0.387932
vn -0.00141858 -0.0167384 0.999859
v 3.69885 10.9602 0.0503084 0.4769 0.666719 0.385271
vn -0.00785878 -0.0325845 0.999438
v 3.65262 12.7288 0.110688 0.560903 0.742722 0.397272
vn -0.00331074 -0.0333476 0.999438
v 3.71059 15.1756 0.0900445 0.532183 0.716737 0.393169
vn 0.00620494 -0.0199314 0.999782
v 3.65596 17.1223 0.12911 0.586532 0.76591 0.400933
vn 0.00283823 -0.0228206 0.999736
v 3.67492 19.3908 0.189276 0.670238 0.841644 0.412891
vn -0.0026963 -0.022976 0.999732
v 3.6634 20.8235 0.219829 0.712746 0.880103 0.418964
vn 0.00176628 -0.0136409 0.999905
v 3.70936 22.7633 0.237416 0.737214 0.902241 0.422459
vn 0.00437327 -0.00854429 0.999954
v 3.8756 -27.4405 -0.206523 0.16 0.38 0.34
vn 0.00962321 -0.0727585 0.997303
v 3.98107 -27.1902 -0.19006 0.16 0.38 0.34
vn 0.00849747 -0.0692152 0.997566
v 3.94886 -26.2368 -0.123652 0.234877 0.447746 0.350697
vn 0.00756004 -0.0687531 0.997605
v 3.88916 -23.2736 -0.17918 0.162264 0.382048 0.340323
vn 0.0109415 -0.0816296 0.996603
v 3.88141 -20.4132 -0.176705 0.161066 0.380965 0.340152
vn 0.0143973 -0.088794 0.995946
v 3.99473 -20.3698 -0.174474 0.16417 0.383773 0.340596
vn 0.0151012 -0.0894549 0.995876
v 3.88051 -17.0129 -0.0965447 0.27259 0.481867 0.356084
vn -0.000644875 0.0129278 0.999916
v 3.95699 -16.9932 -0.0961162 0.273186 0.482406 0.356169
vn -0.0139446 0.0116012 0.999835
v 3.87272 -14.7479 -0.13076 0.224987 0.438798 0.349284
vn 0.00706439 0.0190629 0.999793
v 3.86061 -11.6555 -0.0597502 0.32378 0.528182 0.363397
vn 0.0463497 -0.15187 0.987313
v 3.85758 -9.22575 -0.0866146 0.286405 0.494366 0.358058
vn 0 0 0
v 3.95772 -9.19194 -0.0877913 0.284768 0.492885 0.357824
vn 0 0 0
v 3.82681 -6.41471 -0.0663273 0.31463 0.519903 0.36209
vn 0.124183 -0.205713 0.970701
v 3.93059 -6.34019 -0.0638113 0.31813 0.52307 0.36259
vn 0.124183 -0.205713 0.970701
v 3.8299 -3.05405 -0.0665764 0.314283 0.51959 0.36204
vn 0.106346 -0.0598572 0.992526
v 3.90877 -2.91573 -0.0668581 0.313891 0.519235 0.361984
vn 0.132881 -0.0737617 0.988383
v 3.98512 -2.75818 -0.0653648 0.315969 0.521115 0.362281
vn 0.0384534 -0.0198113 0.999064
v 3.89787 3.70746 0.00374435 0.412117 0.608106 0.376017
vn 0.00060383 -0.00888738 0.99996
v 3.88522 6.25905 0.0222305 0.437836 0.631376 0.379691
vn 0.00321011 -0.0126506 0.999915
v 3.87723 8.45174 0.0636161 0.495414 0.68347 0.387916
vn 0.00467657 -0.0195617 0.999798
v 3.87443 10.8986 0.0523286 0.47971 0.669262 0.385673
vn -0.00969624 -0.0303861 0.999491
v 3.88575 12.6924 0.109046 0.558619 0.740655 0.396946
vn -0.00692874 -0.0328888 0.999435
v 3.88497 15.1594 0.0884645 0.529985 0.714748 0.392855
vn 0.00385226 -0.0203478 0.999786
v 3.86668 17.1059 0.127564 0.584382 0.763964 0.400626
vn 0.00326354 -0.0253832 0.999672
v 3.88407 19.3369 0.19081 0.672373 0.843576 0.413196
vn -0.00804353 -0.0234809 0.999692
v 3.87944 20.8214 0.218038 0.710254 0.877849 0.418608
vn 0.00684139 -0.015653 0.999854
v 3.92011 22.7391 0.237222 0.736944 0.901997 0.422421
vn -0.00365466 -0.00789432 0.999962
v 4.08481 -26.2549 -0.126163 0.231383 0.444585 0.350198
vn 0.00989389 -0.0689843 0.997569
v 4.11216 -23.3035 -0.184306 0.16 0.38 0.34
vn 0.0122097 -0.0813058 0.996614
v 4.12118 -20.3111 -0.171128 0.168825 0.387985 0.341261
vn 0.0161803 -0.0901829 0.995794
v 4.11834 -16.9394 -0.0940814 0.276017 0.484968 0.356574
vn -0.00818391 0.0147007 0.999858
v 4.09333 -14.7258 -0.134675 0.219542 0.433871 0.348506
vn 0.0046277 0.0217907 0.999752
v 4.03246 -11.6337 -0.0644645 0.317222 0.522248 0.36246
vn 0.0463497 -0.15187 0.987313
v 4.14093 -11.5996 -0.0646694 0.316936 0.52199 0.362419
vn 0.0442896 -0.135083 0.989844
v 4.12178 -9.11983 -0.0873119 0.285435 0.493489 0.357919
vn 0 0 0
v 4.03937 -6.27455 -0.0648895 0.31663 0.521713 0.362376
vn 0 0 0
v 4.15203 -6.19427 -0.0639653 0.317916 0.522876 0.362559
vn 0 0 0
v 4.03163 -2.65675 -0.0654212 0.315891 0.521044 0.36227
vn 0.0467328 -0.0208732 0.998689
v 4.09842 -2.49103 -0.0650831 0.316361 0.521469 0.362337
vn 0.0245953 -0.0110735 0.999636
v 4.17365 -2.27476 -0.065177 0.31623 0.521351 0.362319
vn 0.101379 -0.0317002 0.994343
v 4.14252 3.54309 0.00250431 0.410392 0.606545 0.37577
vn 0.0037721 -0.0102977 0.99994
v 4.04324 3.61362 0.00263906 0.41058 0.606715 0.375797
vn 0.00441212 -0.012054 0.999918
v 4.11468 6.16797 0.0200732 0.434835 0.62866 0.379262
vn 0.00259448 -0.00943998 0.999952
v 4.03243 6.20882 0.0195502 0.434107 0.628002 0.379158
vn 0.00161526 -0.0166536 0.99986
v 4.12983 8.38235 0.0609771 0.491743 0.680148 0.387392
vn 0.0102278 -0.0221228 0.999703
v 4.03931 8.40413 0.0625144 0.493881 0.682083 0.387697
vn 0.00461743 -0.021215 0.999764
v 4.09798 10.8495 0.0508135 0.477602 0.667355 0.385372
vn 0.00370049 -0.033729 0.999424
v 4.08745 12.6307 0.110474 0.560605 0.742452 0.397229
vn -0.0070293 -0.0337783 0.999405
v 4.11227 15.1244 0.0874421 0.528562 0.713461 0.392652
vn 0.00180722 -0.0203583 0.999791
v 4.09284 17.0742 0.126832 0.583363 0.763043 0.40048
vn 0.00240921 -0.02385 0.999713
v 4.09794 19.3024 0.19081 0.672373 0.843576 0.413196
vn 0.00174767 -0.0240118 0.99971
v 4.09185 20.8105 0.216695 0.708386 0.876158 0.418341
vn 0.00244531 -0.0152323 0.999881
v 4.08239 22.6983 0.238268 0.7384 0.903314 0.422629
vn 0.00561885 -0.0108305 0.999926
v 4.31372 -26.9281 -0.174993 0.163449 0.38312 0.340493
vn 0.00964913 -0.0691129 0.997562
v 4.32933 -23.3162 -0.18813 0.16 0.38 0.34
vn 0.0131718 -0.0786884 0.996812
v 4.30599 -20.288 -0.172151 0.167403 0.386698 0.341058
vn 0.0175445 -0.0917397 0.995628
v 4.33371 -16.8653 -0.0914039 0.279742 0.488338 0.357106
vn -0.00397392 0.0179763 0.999831
v 4.3063 -14.6974 -0.138 0.214915 0.429685 0.347845
vn 0.00124049 0.0229824 0.999735
v 4.30697 -11.5512 -0.0658993 0.315225 0.520442 0.362175
vn 0 0 0
v 4.3198 -9.04494 -0.0898505 0.281903 0.490293 0.357415
vn 0 0 0
v 4.30303 -6.09576 -0.0662075 0.314797 0.520054 0.362114
vn 0 0 0
v 4.22224 -2.10979 -0.0655527 0.315708 0.520878 0.362244
vn 0.184342 -0.0520569 0.981483
v 4.25586 -1.94116 -0.062923 0.319366 0.524188 0.362767
vn 0.0270239 -0.0115948 0.999568
v 4.2945 -1.71873 -0.0622774 0.320264 0.525001 0.362895
vn 0 0 0
v 4.31571 -1.5608 -0.0627164 0.319654 0.524448 0.362808
vn 0 0 0
v 4.37391 3.39162 -0.00342639 0.402141 0.59908 0.374592
vn 0.0140584 -0.0159322 0.999774
v 4.27973 3.45399 -0.00073063 0.405892 0.602473 0.375127
vn 0.0143141 -0.0158917 0.999771
v 4.30356 6.07767 0.0198553 0.434532 0.628386 0.379219
vn -0.00138674 -0.00939586 0.999955
v 4.31793 8.34187 0.0566727 0.485754 0.67473 0.386536
vn 0.00712729 -0.0196651 0.999781
v 4.37802 10.797 0.0471096 0.472449 0.662692 0.384636
vn -0.000287379 -0.0324803 0.999472
v 4.26902 10.8156 0.0488774 0.474909 0.664917 0.384987
vn 0.00807589 -0.0340367 0.999388
v 4.30746 12.5892 0.108939 0.55847 0.74052 0.396924
vn -0.00310888 -0.0330845 0.999448
v 4.31514 15.1034 0.0853353 0.525631 0.710809 0.392233
vn 0.00481125 -0.0211188 0.999765
v 4.31686 17.0481 0.125448 0.581439 0.761302 0.400206
vn 0.00169577 -0.0244617 0.999699
v 4.27908 19.2929 0.189322 0.670303 0.841703 0.4129
vn 0.00610163 -0.02558 0.999654
v 4.33877 20.78 0.216119 0.707585 0.875434 0.418226
vn 0.0035709 -0.0163807 0.999859
v 4.23457 20.8295 0.214073 0.704737 0.872857 0.41782
vn 0.00121415 -0.0115162 0.999933
v 4.31257 22.6855 0.237048 0.736701 0.901778 0.422386
vn -0.000420467 -0.00899852 0.999959
v 4.50642 -27.0212 -0.183364 0.16 0.38 0.34
vn 0.0106662 -0.0691125 0.997552
v 4.407 -26.939 -0.176667 0.16112 0.381013 0.34016
vn 0.0100567 -0.0689041 0.997573
v 4.59851 -26.4261 -0.143184 0.207703 0.42316 0.346815
vn 0.0113179 -0.0680141 0.99762
v 4.54413 -23.2828 -0.188374 0.16 0.38 0.34
vn 0.0135586 -0.0782068 0.996845
v 4.55416 -20.222 -0.170571 0.169601 0.388687 0.341372
vn 0.0183038 -0.0917993 0.995609
v 4.43056 -20.1392 -0.160719 0.183308 0.401088 0.34333
vn 0.0183711 -0.0893028 0.995835
v 4.49405 -16.8169 -0.090333 0.281232 0.489686 0.357319
vn -0.00757308 0.0197488 0.999776
v 4.52242 -14.6412 -0.138463 0.214271 0.429103 0.347753
vn -7.1917e-05 0.0218351 0.999762
v 4.50041 -11.4887 -0.0669583 0.313752 0.519109 0.361965
vn 0.0527375 -0.135701 0.989345
v 4.53265 -8.93292 -0.0880855 0.284359 0.492515 0.357766
vn 0 0 0
v 4.50904 -5.9471 -0.068394 0.311755 0.517302 0.361679
vn 0 0 0
v 4.50166 3.29543 -0.00564289 0.399057 0.59629 0.374151
vn 0 0 0
v 4.5204 5.96446 0.0200034 0.434738 0.628572 0.379248
vn 0.000313883 -0.00972903 0.999953
v 4.53024 8.27587 0.054085 0.482154 0.671473 0.386022
vn 0.00034433 -0.0162946 0.999867
v 4.53803 10.7541 0.0461626 0.471132 0.6615 0.384447
vn -0.000849179 -0.0327326 0.999464
v 4.49038 12.5626 0.106556 0.555154 0.737521 0.396451
vn 0.00761958 -0.0340734 0.99939
v 4.52844 15.0486 0.085862 0.526364 0.711472 0.392338
vn 0.0218073 0.0892393 0.995771
v 4.59856 16.9846 0.125855 0.582005 0.761814 0.400286
vn 0.00279789 -0.0213624 0.999768
v 4.5026 17.0091 0.12553 0.581552 0.761404 0.400222
vn 0.00126967 -0.0241247 0.999708
v 4.46334 19.2949 0.186904 0.666939 0.838659 0.41242
vn 0.00545618 -0.0238017 0.999702
v 4.49629 20.7673 0.215224 0.706339 0.874307 0.418048
vn -8.36667e-08 -0.0140786 0.999901
v 4.51836 22.6381 0.23792 0.737915 0.902875 0.422559
vn -0.00182545 -0.0123007 0.999923
v 4.61216 -27.1103 -0.190618 0.16 0.38 0.34
vn 0.0103217 -0.0695013 0.997528
v 4.69503 -23.2477 -0.187724 0.16 0.38 0.34
vn 0.0140282 -0.0771555 0.99692
v 4.6558 -20.2112 -0.1715 0.168308 0.387517 0.341187
vn 0.0189065 -0.0914169 0.995633
v 4.71887 -20.1979 -0.1715 0.168308 0.387517 0.341187
vn 0.0190821 -0.0891495 0.995835
v 4.65756 -16.779 -0.0906542 0.280785 0.489282 0.357255
vn 0.00189997 0.0226112 0.999743
v 4.67533 -14.6033 -0.139262 0.213159 0.428096 0.347594
vn -0.00828564 0.0200958 0.999764
v 4.72101 -14.5855 -0.138757 0.213862 0.428732 0.347695
vn -0.0263451 0.0113068 0.999589
v 4.69514 -11.4411 -0.0708186 0.308381 0.51425 0.361197
vn 0.0553029 -0.140195 0.988578
v 4.79584 -11.3841 -0.068359 0.311803 0.517346 0.361686
vn 0.0553029 -0.140195 0.988578
v 4.68078 -8.85823 -0.0881835 0.284222 0.492392 0.357746
vn 0 0 0
v 4.63897 -5.84524 -0.0696071 0.310067 0.515775 0.361438
vn 0 0 0
v 4.76467 -5.73822 -0.0701733 0.309279 0.515062 0.361326
vn 0 0 0
v 4.74428 3.10061 -0.0105551 0.392223 0.590107 0.373175
vn 0 0 0
v 4.61966 3.2077 -0.0088179 0.39464 0.592293 0.37352
vn 0 0 0
v 4.69993 5.87158 0.0188964 0.433198 0.627179 0.379028
vn 0.00272036 -0.0110368 0.999935
v 4.77237 8.1859 0.0523683 0.479766 0.669312 0.385681
vn 0.000149164 -0.0166529 0.999861
v 4.70316 8.20863 0.0533932 0.481191 0.670602 0.385884
vn 0.00479819 -0.0180364 0.999826
v 4.72477 10.7211 0.0426761 0.466281 0.657112 0.383754
vn 0.000655054 -0.0345732 0.999402
v 4.6984 12.5328 0.103513 0.55092 0.73369 0.395846
vn 0.00444173 -0.0332799 0.999436
v 4.69032 15.0453 0.0826089 0.521838 0.707377 0.391691
vn 0.00199316 -0.0201146 0.999796
v 4.6975 16.9813 0.124391 0.579967 0.75997 0.399995
vn 0.00615305 -0.0236691 0.999701
v 4.66364 19.2679 0.186137 0.665871 0.837693 0.412267
vn 0.00361639 -0.0240753 0.999704
v 4.64983 20.7421 0.215096 0.706161 0.874146 0.418023
vn 0.00388622 -0.0163171 0.999859
v 4.74951 22.616 0.23699 0.736621 0.901704 0.422374
vn -0.00180092 -0.00967664 0.999952
v 4.91384 -27.2458 -0.203267 0.16 0.38 0.34
vn 0.011129 -0.0701309 0.997476
v 4.89963 -23.2696 -0.192551 0.16 0.38 0.34
vn 0.0168786 -0.0820165 0.996488
v 4.87821 -20.1407 -0.169455 0.171153 0.390091 0.341593
vn 0.0191324 -0.0872154 0.996006
v 4.87345 -16.7244 -0.0908685 0.280487 0.489012 0.357212
vn -0.00169642 0.0225206 0.999745
v 4.88177 -14.5043 -0.134941 0.219171 0.433535 0.348453
vn -0.016652 0.0137672 0.999767
v 4.91918 -11.3341 -0.0684614 0.311661 0.517217 0.361666
vn 0.0633624 -0.154305 0.985989
v 4.8048 -8.80117 -0.0897525 0.28204 0.490417 0.357434
vn 0 0 0
v 4.903 -8.74484 -0.0893602 0.282585 0.49091 0.357512
vn 0.08678 -0.15093 0.984728
v 4.88318 -5.63994 -0.0723837 0.306204 0.51228 0.360886
vn 0 0 0
v 4.96634 -5.56314 -0.0729768 0.305379 0.511533 0.360768
vn 0 0 0
v 4.91415 2.94156 -0.0122923 0.389806 0.58792 0.372829
vn 0 0 0
v 4.91061 5.75639 0.0173275 0.431015 0.625204 0.378716
vn -0.00158272 -0.0095535 0.999953
v 4.81051 5.80869 0.0186611 0.43287 0.626883 0.378981
vn 0.00293028 -0.0115404 0.999929
v 4.88648 8.13644 0.0521634 0.47948 0.669054 0.38564
vn -0.00216485 -0.0155627 0.999877
v 4.88286 10.6671 0.0425639 0.466125 0.65697 0.383732
vn -0.0110045 -0.0308264 0.999464
v 4.89981 12.4803 0.102656 0.549728 0.732611 0.395675
vn -0.00648705 -0.0313013 0.999489
v 4.93959 14.9837 0.082423 0.521579 0.707143 0.391654
vn 0.0230683 0.0861402 0.996016
v 4.84599 15.0121 0.0820514 0.521062 0.706675 0.39158
vn 0.00276868 -0.01988 0.999799
v 4.87629 16.9653 0.122438 0.57725 0.757512 0.399607
vn 0.00542226 -0.0254282 0.999662
v 4.88241 19.2577 0.183835 0.662669 0.834795 0.41181
vn 0.0065952 -0.0245302 0.999677
v 4.86418 20.7346 0.213049 0.703314 0.87157 0.417616
vn 0.00719877 -0.015997 0.999846
v 4.91177 22.5896 0.236873 0.736459 0.901558 0.422351
vn 0.00429929 -0.0122056 0.999916
v 5.07273 -27.0888 -0.194245 0.16 0.38 0.34
vn 0.0121883 -0.0693826 0.997516
v 5.12362 -26.8452 -0.178062 0.16 0.38 0.34
vn 0.0113745 -0.0687899 0.997566
v 5.0995 -23.076 -0.180184 0.16 0.38 0.34
vn 0.0148884 -0.0774521 0.996885
v 5.09092 -20.0791 -0.168247 0.172834 0.391611 0.341833
vn 0.00868856 0.0104151 0.999908
v 5.09301 -16.68 -0.092582 0.278103 0.486855 0.356872
vn -0.000422987 0.0224862 0.999747
v 5.02496 -14.4175 -0.130003 0.226041 0.439752 0.349434
vn 0.0426588 -0.126776 0.991014
v 5.13897 -14.3726 -0.129161 0.227213 0.440811 0.349602
vn -0.0213011 0.00937656 0.999729
v 5.09086 -11.249 -0.0668217 0.313942 0.519281 0.361992
vn 0 0 0
v 5.05444 -8.66203 -0.090014 0.281676 0.490088 0.357382
vn 0.0997901 -0.168255 0.98068
v 5.13978 -8.59846 -0.0877913 0.284768 0.492885 0.357824
vn 0.0997901 -0.168255 0.98068
v 5.04212 -5.48192 -0.0718985 0.306879 0.51289 0.360983
vn 0 0 0
v 5.15574 -5.36904 -0.0729768 0.305379 0.511533 0.360768
vn 0 0 0
v 5.1207 2.71714 -0.0121007 0.390073 0.588161 0.372868
vn 0 0 0
v 5.01542 2.83406 -0.0120527 0.39014 0.588222 0.372877
vn 0 0 0
v 5.08899 5.64163 0.0177198 0.431561 0.625698 0.378794
vn 0.00099494 -0.00966132 0.999953
v 5.07977 8.06127 0.0501137 0.476629 0.666474 0.385233
vn 0.00070453 -0.0158509 0.999874
v 5.10192 10.575 0.043995 0.468116 0.658772 0.384017
vn 0.0473042 0.125457 0.990971
v 5.0054 10.6187 0.0430691 0.466828 0.657606 0.383833
vn -0.00581274 -0.0324789 0.999456
v 5.07685 12.4202 0.103084 0.550324 0.733151 0.395761
vn -0.000618552 -0.0345281 0.999404
v 5.08938 14.9701 0.0800066 0.518217 0.704101 0.391174
vn 0.00281527 -0.0205769 0.999784
v 5.08729 16.9387 0.120567 0.574647 0.755156 0.399235
vn 0.000964344 -0.0225089 0.999746
v 5.10649 19.2685 0.179858 0.657137 0.82979 0.41102
vn 0.00912222 -0.0195632 0.999767
v 5.07995 20.7113 0.211855 0.701653 0.870067 0.417379
vn 0.00414641 -0.0154962 0.999871
v 5.08442 22.5846 0.235362 0.734356 0.899655 0.422051
vn 0.00685533 -0.0121659 0.999902
v 5.23959 -26.7194 -0.170807 0.169272 0.388389 0.341325
vn 0.0127461 -0.0668409 0.997682
v 5.29164 -23.0614 -0.182191 0.16 0.38 0.34
vn 0.016796 -0.0788335 0.996746
v 5.29295 -20.0533 -0.170292 0.169989 0.389038 0.341427
vn 0.00922191 0.0161975 0.999826
v 5.31077 -16.6204 -0.0930103 0.277507 0.486316 0.356787
vn -0.0101629 0.0197225 0.999754
v 5.3205 -14.2844 -0.12613 0.231429 0.444626 0.350204
vn -0.0197932 0.00954803 0.999759
v 5.29036 -11.163 -0.0673683 0.313182 0.518593 0.361883
vn 0 0 0
v 5.28413 -8.52604 -0.0906023 0.280857 0.489347 0.357265
vn 0.110784 -0.18288 0.976873
v 5.26302 -5.25794 -0.0742348 0.303629 0.50995 0.360518
vn 0 0 0
v 5.36618 -5.13603 -0.0737316 0.304329 0.510583 0.360618
vn 0 0 0
v 5.33407 2.48535 -0.0165457 0.383889 0.582566 0.371984
vn 0 0 0
v 5.2196 2.60476 -0.0125919 0.389389 0.587543 0.37277
vn 0 0 0
v 5.29193 5.52018 0.0154317 0.428377 0.622818 0.37834
vn 0.00434965 -0.0116142 0.999923
v 5.31533 7.96237 0.0477566 0.47335 0.663507 0.384764
vn 1.30563e-05 -0.0143666 0.999897
v 5.3066 10.5258 0.0404594 0.463197 0.654321 0.383314
vn -0.00387266 -0.0337142 0.999424
v 5.30684 12.3615 0.101264 0.547791 0.730859 0.395399
vn -0.00647564 -0.0333633 0.999422
v 5.31508 14.9089 0.0798206 0.517959 0.703867 0.391137
vn -0.000299455 -0.0189749 0.99982
v 5.30448 16.8739 0.121407 0.575816 0.756215 0.399402
vn 0.00153811 -0.0204664 0.999789
v 5.37089 19.1962 0.180765 0.658398 0.830932 0.4112
vn 0.00348659 -0.0253975 0.999671
v 5.27112 19.2516 0.178533 0.655293 0.828122 0.410756
vn 0.00474296 -0.0223323 0.999739
v 5.2898 20.6816 0.211003 0.700466 0.868993 0.417209
vn 0.00442131 -0.0179184 0.99983
v 5.32016 22.5753 0.233327 0.731525 0.897094 0.421646
vn 0.00201576 -0.00328056 0.999993
v 5.45215 -26.8713 -0.183922 0.16 0.38 0.34
vn 0.012894 -0.0682227 0.997587
v 5.50993 -23.055 -0.185445 0.16 0.38 0.34
vn 0.0175308 -0.0795344 0.996678
v 5.48164 -20.0319 -0.172616 0.166756 0.386113 0.340965
vn 0.00295944 0.0147281 0.999887
v 5.53963 -19.8772 -0.159975 0.184342 0.402024 0.343477
vn 0.0225687 -0.0894217 0.995738
v 5.50246 -16.5432 -0.0911184 0.280139 0.488697 0.357163
vn -0.0163402 0.0169796 0.999722
v 5.46397 -14.2074 -0.1231 0.235645 0.44844 0.350806
vn -0.0221261 0.00787376 0.999724
v 5.57213 -14.1544 -0.121585 0.237753 0.450348 0.351108
vn -0.0101845 0.0110872 0.999887
v 5.46757 -11.0662 -0.0655406 0.315724 0.520894 0.362246
vn 0 0 0
v 5.5843 -10.9996 -0.0642595 0.317507 0.522506 0.362501
vn 0 0 0
v 5.44877 -8.42519 -0.0914196 0.27972 0.488318 0.357103
vn 0 0 0
v 5.57015 -8.34799 -0.0921059 0.278765 0.487454 0.356966
vn 0 0 0
v 5.44068 -5.04646 -0.0737855 0.304254 0.510515 0.360608
vn 0 0 0
v 5.53843 -4.9243 -0.0741449 0.303754 0.510063 0.360536
vn 0.175438 -0.127927 0.976144
v 5.58292 2.19436 -0.0242222 0.373209 0.572903 0.370458
vn 0 0 0
v 5.48752 2.3208 -0.0229257 0.375013 0.574535 0.370716
vn 0 0 0
v 5.5734 5.34627 0.0108556 0.422011 0.617058 0.37743
vn 0.00939167 -0.0158795 0.99983
v 5.44516 5.42291 0.0136993 0.425967 0.620637 0.377995
vn 0.00621809 -0.0128868 0.999898
v 5.52002 7.87139 0.0456043 0.470355 0.660798 0.384336
vn 0.00259735 -0.0146286 0.99989
v 5.53544 10.4488 0.0385655 0.460562 0.651937 0.382937
vn 0.0021834 -0.035264 0.999376
v 5.51941 12.2901 0.100942 0.547344 0.730454 0.395335
vn -0.00937115 -0.0319332 0.999446
v 5.52558 14.8654 0.0781477 0.515631 0.701762 0.390804
vn 0.00372956 -0.0200198 0.999793
v 5.5169 16.8536 0.118614 0.57193 0.752698 0.398847
vn 0.005389 -0.0201092 0.999783
v 5.47939 19.1791 0.180207 0.657622 0.830229 0.411089
vn 0.00303138 -0.0136755 0.999902
v 5.54828 20.6923 0.206824 0.694653 0.863733 0.416379
vn 0.0117063 -0.0122094 0.999857
v 5.52091 22.5188 0.234257 0.732819 0.898265 0.421831
vn 0.00602613 -0.0128816 0.999899
v 5.64191 -26.9044 -0.188665 0.16 0.38 0.34
vn 0.0132462 -0.0687016 0.997549
v 5.71085 -23.0598 -0.189432 0.16 0.38 0.34
vn 0.0181117 -0.0800886 0.996623
v 5.73488 -19.8851 -0.165366 0.176842 0.395238 0.342406
vn 0.0243247 -0.0902188 0.995625
v 5.73166 -16.471 -0.0912969 0.279891 0.488473 0.357127
vn -0.0044553 0.0202614 0.999785
v 5.72129 -14.0687 -0.118218 0.242437 0.454586 0.351777
vn -0.0126203 0.00761375 0.999891
v 5.71618 -10.9349 -0.0646012 0.317031 0.522076 0.362433
vn 0 0 0
v 5.65471 -8.28552 -0.0914784 0.279638 0.488244 0.357091
vn 0 0 0
v 5.63752 -4.8083 -0.0767508 0.300128 0.506783 0.360018
vn 0.175438 -0.127927 0.976144
v 5.72275 -4.67222 -0.0742348 0.303629 0.50995 0.360518
vn 0.175438 -0.127927 0.976144
v 5.7367 1.96695 -0.0253518 0.371637 0.571481 0.370234
vn 0 0 0
v 5.64744 2.10022 -0.0244532 0.372887 0.572612 0.370412
vn 0 0 0
v 5.6973 5.2678 0.00824075 0.418373 0.613766 0.37691
vn 0.00284021 -0.0145393 0.99989
v 5.72907 7.77082 0.0436571 0.467646 0.658346 0.383949
vn -0.000470846 -0.0125926 0.999921
v 5.60898 7.8324 0.0443745 0.468644 0.65925 0.384092
vn 0.00250485 -0.0141535 0.999897
v 5.72653 10.3633 0.0390284 0.461206 0.65252 0.383029
vn 0.0507115 0.116361 0.991912
v 5.67385 10.4078 0.0365031 0.457693 0.649341 0.382528
vn -0.00384268 -0.0326379 0.99946
v 5.74609 12.2172 0.0998714 0.545854 0.729106 0.395122
vn -0.00483507 -0.0335943 0.999424
v 5.71295 14.8077 0.0781477 0.515631 0.701762 0.390804
vn 0.00132238 -0.0184116 0.99983
v 5.78855 16.7962 0.117231 0.570006 0.750957 0.398572
vn 0.00205234 -0.0198029 0.999802
v 5.66556 16.841 0.116417 0.568873 0.749933 0.39841
vn 0.0218888 0.0780951 0.996706
v 5.67976 19.2348 0.173139 0.647788 0.821332 0.409684
vn 0.0146653 -0.0240683 0.999603
v 5.76838 20.5917 0.209979 0.699042 0.867705 0.417006
vn 0.0120409 -0.0236223 0.999648
v 5.70091 20.6756 0.205716 0.69311 0.862338 0.416159
vn 0.00651895 -0.0131033 0.999893
v 5.75272 22.5122 0.231873 0.729503 0.895264 0.421358
vn 0.00799676 -0.013375 0.999879
v 5.89595 -27.0189 -0.199966 0.16 0.38 0.34
vn 0.0142358 -0.0708065 0.997388
v 5.89639 -23.0912 -0.195372 0.16 0.38 0.34
vn 0.0185675 -0.0798987 0.99663
v 5.91912 -22.2075 -0.125724 0.231994 0.445138 0.350285
vn 0.0109373 -0.026138 0.999599
v 5.94177 -19.9252 -0.174103 0.164687 0.384241 0.34067
vn 0.000660719 0.0114811 0.999934
v 5.89311 -16.4221 -0.0918323 0.279146 0.487799 0.357021
vn -0.00849857 0.0179926 0.999802
v 5.99609 -16.3759 -0.0907613 0.280636 0.489147 0.357234
vn -0.0205174 0.0107381 0.999732
v 5.82866 -14.0141 -0.116787 0.244428 0.456388 0.352061
vn -0.00721489 0.0087732 0.999935
v 5.90982 -13.9576 -0.114009 0.248293 0.459884 0.352613
vn 0.0429666 -0.110601 0.992936
v 5.88963 -10.8409 -0.0642595 0.317507 0.522506 0.362501
vn 0 0 0
v 5.87084 -8.11475 -0.0892121 0.282791 0.491097 0.357542
vn 0.105593 -0.13668 0.984971
v 5.82483 -4.484 -0.0687535 0.311254 0.516849 0.361608
vn 0 0 0
v 5.90722 -4.34761 -0.0681694 0.312067 0.517585 0.361724
vn 0 0 0
v 5.99654 -4.18991 -0.0674055 0.31313 0.518546 0.361876
vn 0 0 0
v 5.93734 1.6683 -0.0319414 0.362469 0.563187 0.368924
vn 0 0 0
v 5.835 1.83197 -0.0293955 0.366011 0.566391 0.36943
vn 0 0 0
v 5.85331 5.16374 0.00508978 0.413989 0.6098 0.376284
vn 0.00942629 -0.0227291 0.999697
v 5.90724 7.67954 0.0420857 0.46546 0.656368 0.383637
vn 0.00219941 -0.0139141 0.999901
v 5.90535 10.3169 0.0351282 0.45578 0.647611 0.382254
vn -0.00555668 -0.0327076 0.99945
v 5.90961 12.1592 0.0993716 0.545159 0.728477 0.395023
vn -0.00164478 -0.0349421 0.999388
v 5.91076 14.7628 0.0764747 0.513304 0.699656 0.390472
vn 0.00765316 -0.019629 0.999778
v 5.92063 16.783 0.115278 0.567289 0.748499 0.398184
vn 0.0102714 -0.0206535 0.999734
v 5.87189 19.241 0.169465 0.642676 0.816707 0.408954
vn 0.0161437 -0.0271059 0.999502
v 5.85197 20.6396 0.205758 0.69317 0.862392 0.416167
vn 0.0148957 0.0626843 0.997922
v 5.88057 22.5029 0.230827 0.728047 0.893947 0.42115
vn 0.00611555 -0.00395837 0.999973
v 6.04148 -26.816 -0.188107 0.16 0.38 0.34
vn 0.0140381 -0.0682739 0.997568
v 6.08272 -26.5707 -0.171923 0.167719 0.386984 0.341103
vn 0.0140712 -0.0671077 0.997647
v 6.0172 -23.0723 -0.196185 0.16 0.38 0.34
vn 0.0196288 -0.0789471 0.996686
v 6.0783 -19.8499 -0.170849 0.169213 0.388336 0.341316
vn 0.0255168 -0.089378 0.995671
v 6.11356 -16.3289 -0.0902258 0.281381 0.489821 0.35734
vn -0.0157268 0.0108506 0.999817
v 6.08629 -13.8471 -0.109716 0.254266 0.465288 0.353467
vn 0 0 0
v 6.05966 -10.7421 -0.0635763 0.318457 0.523366 0.362637
vn 0 0 0
v 6.00359 -8.02362 -0.0907984 0.280584 0.4891 0.357226
vn 0.105593 -0.13668 0.984971
v 6.09182 -7.94086 -0.0887719 0.283404 0.491651 0.357629
vn 0.105593 -0.13668 0.984971
v 6.06273 -4.05714 -0.0657522 0.31543 0.520627 0.362204
vn 0 0 0
v 6.13186 -3.91981 -0.0653388 0.316005 0.521147 0.362286
vn 0 0 0
v 6.18737 -3.76936 -0.0608459 0.322256 0.526803 0.363179
vn 0 0 0
v 6.13681 1.30241 -0.0363145 0.356385 0.557682 0.368055
vn 0 0 0
v 6.04171 1.48272 -0.0338883 0.359761 0.560736 0.368537
vn 0 0 0
v 6.12095 4.97205 -0.000323017 0.406459 0.602986 0.375208
vn 0.0080226 -0.024573 0.999666
v 6.01626 5.05792 0.00046144 0.40755 0.603974 0.375364
vn 0.000154584 -0.0170544 0.999855
v 6.16125 7.53547 0.0406851 0.463511 0.654605 0.383359
vn -0.000642576 -0.0119247 0.999929
v 6.03916 7.60804 0.0410951 0.464082 0.655122 0.38344
vn -0.00131237 -0.012035 0.999927
v 6.08359 10.2476 0.0335989 0.453653 0.645686 0.38195
vn 0.00200756 -0.0356805 0.999361
v 6.08246 12.1183 0.0965514 0.541235 0.724927 0.394462
vn 0.00306747 -0.0359083 0.99935
v 6.11548 14.728 0.0735005 0.509166 0.695912 0.389881
vn 0.00590896 -0.01924 0.999797
v 6.06576 16.7608 0.11365 0.565025 0.746451 0.397861
vn 0.00198558 -0.0188762 0.99982
v 6.07641 19.2302 0.166605 0.638697 0.813107 0.408385
vn 0.0199952 -0.0254008 0.999477
v 6.07413 20.6412 0.202304 0.688365 0.858044 0.415481
vn 0.0139356 -0.0176217 0.999748
v 6.07145 22.4785 0.22978 0.726591 0.89263 0.420942
vn 0.00777521 -0.0145099 0.999864
v 6.25567 -26.7252 -0.185038 0.16 0.38 0.34
vn 0.014996 -0.0686706 0.997527
v 6.20949 -23.0307 -0.196674 0.16 0.38 0.34
vn 0.0206604 -0.0792132 0.996644
v 6.29323 -22.8837 -0.186747 0.16 0.38 0.34
vn 0.0201661 -0.0787927 0.996687
v 6.28538 -19.8345 -0.174939 0.164291 0.383883 0.340613
vn 0.0270993 -0.090174 0.995557
v 6.30245 -16.2428 -0.0885123 0.283765 0.491978 0.357681
vn -0.0109627 0.0116067 0.999873
v 6.32956 -13.7447 -0.110221 0.253563 0.464652 0.353366
vn 0.0559905 -0.121988 0.990951
v 6.26218 -10.6464 -0.0664118 0.314512 0.519797 0.362073
vn 0 0 0
v 6.36092 -10.5867 -0.0663093 0.314655 0.519926 0.362094
vn 0 0 0
v 6.22814 -7.82353 -0.0878697 0.284659 0.492787 0.357808
vn 0 0 0
v 6.34167 -7.72384 -0.0873991 0.285314 0.493379 0.357902
vn 0.117658 -0.131191 0.98435
v 6.23634 -3.64727 -0.0591386 0.324631 0.528952 0.363519
vn 0 0 0
v 6.29866 -3.47883 -0.0567664 0.327932 0.531938 0.36399
vn 0 0 0
v 6.35779 -3.25837 -0.0499731 0.337383 0.540489 0.36534
vn 0 0 0
v 6.38626 0.749959 -0.0442221 0.345384 0.547728 0.366483
vn 0 0 0
v 6.33013 0.918938 -0.0453004 0.343884 0.546371 0.366269
vn 0 0 0
v 6.25202 1.08672 -0.0420056 0.348468 0.550518 0.366924
vn 0 0 0
v 6.28082 4.86771 -0.00633729 0.398091 0.595416 0.374013
vn -0.000976328 -0.0216531 0.999765
v 6.29183 7.47245 0.0379948 0.459768 0.651219 0.382824
vn 0.00702677 -0.0154263 0.999856
v 6.34312 10.1512 0.0301897 0.448909 0.641394 0.381273
vn -0.0191173 -0.0290254 0.999396
v 6.23189 10.204 0.0304422 0.449261 0.641712 0.381323
vn -0.00804823 -0.0340923 0.999386
v 6.3122 12.046 0.094231 0.538007 0.722007 0.394001
vn -0.00532799 -0.0331438 0.999436
v 6.30351 14.6743 0.0724471 0.5077 0.694586 0.389671
vn 0.00879926 -0.0171297 0.999815
v 6.30735 16.7114 0.111698 0.562308 0.743993 0.397473
vn 0.00629575 -0.0190879 0.999798
v 6.34695 19.1785 0.16514 0.636659 0.811263 0.408094
vn 0.0186192 0.067294 0.997559
v 6.30203 19.2375 0.162001 0.632292 0.807312 0.40747
vn 0.0164528 -0.0229237 0.999602
v 6.27461 20.6329 0.199682 0.684717 0.854744 0.41496
vn 0.0183423 -0.0215834 0.999599
v 6.31106 22.4712 0.227028 0.722762 0.889166 0.420395
vn 0.0160488 -0.0147839 0.999762
v 6.52143 -26.7567 -0.191246 0.16 0.38 0.34
vn 0.015431 -0.067921 0.997571
v 6.48194 -22.847 -0.187778 0.16 0.38 0.34
vn 0.0211747 -0.0782954 0.996705
v 6.5341 -19.8383 -0.182096 0.16 0.38 0.34
vn 0.0274458 -0.0895082 0.995608
v 6.52111 -16.1817 -0.0907613 0.280636 0.489147 0.357234
vn -0.00508391 0.0113194 0.999923
v 6.51089 -13.6595 -0.109968 0.253915 0.46497 0.353416
vn 0.0522901 -0.109257 0.992637
v 6.50097 -10.5096 -0.0675049 0.312992 0.518421 0.361856
vn 0.0783577 -0.121266 0.989522
v 6.44535 -7.64704 -0.0895564 0.282312 0.490664 0.357473
vn 0.117658 -0.131191 0.98435
v 6.55057 -7.5409 -0.0879874 0.284495 0.492638 0.357785
vn 0.121584 -0.130701 0.983938
v 6.41488 -3.08498 -0.0490385 0.338683 0.541666 0.365526
vn 0 0 0
v 6.46783 -2.90267 -0.0479063 0.340258 0.543091 0.365751
vn 0 0 0
v 6.52157 -2.7152 -0.0483107 0.339696 0.542582 0.365671
vn 0 0 0
v 6.58062 -2.49131 -0.0496496 0.337833 0.540896 0.365405
vn 0 0 0
v 6.59108 -0.0184749 -0.0442221 0.345384 0.547728 0.366483
vn 0.226628 0.0436218 0.973004
v 6.55946 0.09204 -0.0418139 0.348734 0.55076 0.366962
vn 0.226628 0.0436218 0.973004
v 6.52034 0.276807 -0.0429641 0.347134 0.549312 0.366733
vn 0 0 0
v 6.46192 0.483225 -0.0421913 0.348209 0.550285 0.366887
vn 0 0 0
v 6.42065 0.639856 -0.0437548 0.346034 0.548316 0.366576
vn 0 0 0
v 6.5016 4.69908 -0.012564 0.389428 0.587578 0.372775
vn -0.00302226 -0.0244187 0.999697
v 6.51325 7.35288 0.0343823 0.454742 0.646672 0.382106
vn 0.00483224 -0.0136103 0.999896
v 6.52218 10.0433 0.0320416 0.451486 0.643725 0.381641
vn -0.0199257 -0.0281959 0.999404
v 6.50691 11.9661 0.0937669 0.537362 0.721422 0.393909
vn -0.00762719 -0.0325718 0.99944
v 6.55415 14.5648 0.0740581 0.509942 0.696614 0.389992
vn 0.0336917 0.0908478 0.995295
v 6.44544 14.6092 0.0736864 0.509424 0.696146 0.389918
vn 0.000504947 -0.0115369 0.999933
v 6.51509 16.6707 0.109691 0.559516 0.741467 0.397074
vn 0.00968763 -0.0192814 0.999767
v 6.45553 19.1625 0.164163 0.635301 0.810034 0.4079
vn 0.019438 0.0662424 0.997614
v 6.52378 19.2197 0.159001 0.628119 0.803536 0.406874
vn 0.0124857 -0.0224195 0.999671
v 6.51853 20.6587 0.194118 0.676975 0.847739 0.413854
vn 0.0189017 -0.0189163 0.999642
v 6.52809 22.4768 0.223734 0.718179 0.885019 0.41974
vn 0.0158759 -0.0147551 0.999765
v 6.69534 -26.8015 -0.197036 0.16 0.38 0.34
vn 0.017353 -0.0765734 0.996913
v 6.78641 -26.7677 -0.196199 0.16 0.38 0.34
vn 0.0160257 -0.0677388 0.997574
v 6.69302 -22.89 -0.195697 0.16 0.38 0.34
vn 0.0214428 -0.0789789 0.996646
v 6.79077 -22.7882 -0.189839 0.16 0.38 0.34
vn 0.0218266 -0.0774169 0.99676
v 6.68979 -19.8264 -0.185442 0.16 0.38 0.34
vn 0.0286159 -0.0882805 0.995685
v 6.76894 -19.7442 -0.180423 0.16 0.38 0.34
vn 0.0283387 -0.0871161 0.995795
v 6.71486 -16.1119 -0.0914754 0.279643 0.488248 0.357092
vn -0.00508504 0.00995069 0.999938
v 6.65218 -13.6233 -0.113504 0.248996 0.46052 0.352714
vn 0.0545043 -0.116099 0.991741
v 6.75499 -13.5623 -0.112241 0.250752 0.462109 0.352965
vn 0.0510497 -0.104992 0.993162
v 6.65188 -10.4399 -0.070921 0.308239 0.514121 0.361177
vn 0.0850329 -0.129623 0.987911
v 6.75008 -10.3618 -0.0691275 0.310734 0.516378 0.361533
vn 0.0850329 -0.129623 0.987911
v 6.68252 -7.43819 -0.0911253 0.28013 0.488689 0.357161
vn 0.134313 -0.138635 0.981193
v 6.75846 -7.35214 -0.0893603 0.282585 0.49091 0.357512
vn 0.134313 -0.138635 0.981193
v 6.63087 -2.29226 -0.0522854 0.334166 0.537579 0.364881
vn 0 0 0
v 6.66858 -2.10678 -0.0539268 0.331882 0.535512 0.364555
vn 0 0 0
v 6.69476 -1.93949 -0.0547535 0.330732 0.534472 0.36439
vn 0 0 0
v 6.71313 -1.72447 -0.0534416 0.332557 0.536123 0.364651
vn 0 0 0
v 6.73123 -1.47124 -0.0536393 0.332282 0.535874 0.364612
vn 0 0 0
v 6.73337 -1.29821 -0.0526089 0.333716 0.537171 0.364817
vn 0 0 0
v 6.7171 -1.06802 -0.0480321 0.340083 0.542932 0.365726
vn 0 0 0
v 6.71317 -0.928157 -0.048116 0.339966 0.542827 0.365709
vn 0 0 0
v 6.69394 -0.727688 -0.0461091 0.342759 0.545353 0.366108
vn 0 0 0
v 6.66873 -0.51474 -0.0446175 0.344834 0.547231 0.366405
vn 0 0 0
v 6.63012 -0.270208 -0.0429042 0.347217 0.549387 0.366745
vn 0 0 0
v 6.60921 -0.13274 -0.0433236 0.346634 0.548859 0.366662
vn 0.226628 0.0436218 0.973004
v 6.71048 4.51903 -0.0172327 0.382933 0.581701 0.371848
vn -0.00564474 -0.0249051 0.999674
v 6.75199 7.19343 0.0333062 0.453245 0.645317 0.381892
vn 0.00132419 -0.0125297 0.999921
v 6.64332 7.2716 0.0332293 0.453138 0.64522 0.381877
vn -0.00177839 -0.00941111 0.999954
v 6.72694 9.93668 0.0317891 0.451135 0.643408 0.381591
vn -0.0144997 -0.0313787 0.999402
v 6.70099 11.8925 0.0923746 0.535425 0.71967 0.393632
vn -0.0042239 -0.0346462 0.999391
v 6.74326 14.5327 0.0705882 0.505114 0.692246 0.389302
vn 0.00787182 -0.0149158 0.999858
v 6.68439 16.6695 0.105433 0.553592 0.736107 0.396227
vn 0.0223971 -0.0199012 0.999551
v 6.72733 19.1895 0.157048 0.625402 0.801078 0.406486
vn 0.000239189 -0.0193159 0.999813
v 6.74272 20.6514 0.190792 0.672348 0.843553 0.413193
vn 0.00999071 -0.0177069 0.999793
v 6.72728 22.4873 0.220304 0.713406 0.880701 0.419058
vn 0.0133659 -0.00868513 0.999873
v 6.91672 -26.7403 -0.196478 0.16 0.38 0.34
vn 0.0166915 -0.0678347 0.997557
v 6.83494 -25.844 -0.134255 0.220125 0.434399 0.348589
vn 0.0165474 -0.0675742 0.997577
v 6.97118 -25.6612 -0.12421 0.2341 0.447043 0.350586
vn 0.0186525 -0.0668252 0.99759
v 6.92347 -22.8311 -0.196185 0.16 0.38 0.34
vn 0.0233422 -0.079025 0.996599
v 6.89137 -19.777 -0.186929 0.16 0.38 0.34
vn 0.0298921 -0.0888673 0.995595
v 6.89077 -16.0518 -0.092689 0.277954 0.48672 0.356851
vn 0.0408314 -0.0971703 0.99443
v 6.98924 -15.9995 -0.0916181 0.279444 0.488068 0.357063
vn -0.00331101 0.00936617 0.999951
v 6.94788 -13.4381 -0.109126 0.255086 0.46603 0.353584
vn 0.0511643 -0.102405 0.993426
v 6.93061 -10.2514 -0.0706136 0.308667 0.514508 0.361238
vn 0.095118 -0.142245 0.985251
v 6.84714 -7.27254 -0.0906677 0.280766 0.489265 0.357252
vn 0.155335 -0.157064 0.975296
v 6.96451 -7.16464 -0.0924981 0.27822 0.486961 0.356889
vn 0 0 0
v 6.9271 4.30637 -0.0206321 0.378204 0.577422 0.371172
vn -0.0128104 -0.0182572 0.999751
v 6.81864 4.42277 -0.0199347 0.379174 0.5783 0.371311
vn -0.00791002 -0.0240589 0.999679
v 6.90768 7.08615 0.0322684 0.451802 0.644011 0.381686
vn -0.00157318 -0.0118624 0.999928
v 6.8955 9.85556 0.0304422 0.449261 0.641712 0.381323
vn -0.00610943 -0.0373092 0.999285
v 6.92216 11.7929 0.0919462 0.534828 0.719131 0.393547
vn -0.0119659 -0.0334842 0.999368
v 6.85243 11.8219 0.0923746 0.535425 0.71967 0.393632
vn -0.0130356 -0.0332549 0.999362
v 6.94124 14.5017 0.0665296 0.499468 0.687137 0.388495
vn 0.00525002 -0.0164905 0.99985
v 6.89195 16.6563 0.100958 0.547366 0.730474 0.395338
vn 0.0145515 -0.0187011 0.999719
v 6.86939 19.1468 0.157048 0.625402 0.801078 0.406486
vn 0.000256564 -0.0213649 0.999772
v 6.89774 20.6182 0.190152 0.671458 0.842748 0.413065
vn 0.00398718 -0.0181878 0.999827
v 6.91365 22.471 0.218501 0.710899 0.878432 0.4187
vn 0.00849763 -0.0155263 0.999843
v 7.13957 -26.6849 -0.196478 0.16 0.38 0.34
vn 0.0176623 -0.0692383 0.997444
v 7.0088 -22.6962 -0.187561 0.16 0.38 0.34
vn 0.0229749 -0.078065 0.996684
v 7.09182 -22.5779 -0.180238 0.16 0.38 0.34
vn 0.0222074 -0.0771396 0.996773
v 7.06496 -19.7086 -0.186092 0.16 0.38 0.34
vn 0.0302281 -0.0849523 0.995926
v 7.10203 -15.977 -0.0941885 0.275868 0.484833 0.356553
vn 0.0428093 -0.100882 0.993977
v 7.12135 -13.3543 -0.109842 0.25409 0.465129 0.353441
vn 0.0529339 -0.101047 0.993472
v 7.10674 -10.1313 -0.071126 0.307954 0.513863 0.361136
vn 0 0 0
v 7.06538 -7.05438 -0.0921713 0.278674 0.487372 0.356953
vn 0 0 0
v 7.1666 -6.93299 -0.0909292 0.280402 0.488936 0.3572
vn 0 0 0
v 7.19005 3.99923 -0.0215038 0.376991 0.576325 0.370999
vn -0.0136261 -0.0143565 0.999804
v 7.08433 4.12406 -0.0208761 0.377864 0.577115 0.371123
vn -0.0109558 -0.0181034 0.999776
v 7.14941 6.89835 0.0323069 0.451855 0.644059 0.381694
vn 0.00238932 -0.0169042 0.999854
v 7.1044 9.76139 0.027552 0.44524 0.638074 0.380749
vn -0.0169324 -0.0339747 0.999279
v 7.09551 11.7116 0.0915892 0.534332 0.718681 0.393476
vn -0.0151131 -0.0313195 0.999395
v 7.10413 14.4562 0.0647636 0.497011 0.684914 0.388144
vn 0.00668214 -0.0180281 0.999815
v 7.08267 16.6184 0.0986795 0.544196 0.727606 0.394885
vn 0.00214609 -0.0137385 0.999903
v 7.10782 19.0927 0.155699 0.623525 0.79938 0.406218
vn 0.000795157 -0.022412 0.999749
v 7.00668 20.5889 0.190025 0.67128 0.842587 0.41304
vn -0.000938181 -0.0213711 0.999771
v 7.09771 20.6038 0.187466 0.667721 0.839367 0.412532
vn 0.00556301 -0.0144509 0.99988
v 7.06918 22.4573 0.216932 0.708715 0.876456 0.418388
vn 0.00443375 -0.0131295 0.999904
v 7.33712 -26.5515 -0.190897 0.16 0.38 0.34
vn 0.0177732 -0.0677162 0.997546
v 7.25005 -22.6821 -0.192117 0.16 0.38 0.34
vn 0.0238132 -0.0786203 0.99662
v 7.33627 -22.5762 -0.185933 0.16 0.38 0.34
vn 0.0246373 -0.0766547 0.996753
v 7.29377 -19.6904 -0.191576 0.16 0.38 0.34
vn 0.0307911 -0.0873012 0.995706
v 7.28241 -15.9183 -0.0962591 0.272987 0.482227 0.356141
vn 0 0 0
v 7.28056 -13.2444 -0.107148 0.257838 0.46852 0.353977
vn 0.0529339 -0.101047 0.993472
v 7.23796 -10.0399 -0.0716384 0.307241 0.513218 0.361034
vn 0 0 0
v 7.34061 -9.96831 -0.0723045 0.306314 0.512379 0.360902
vn 0 0 0
v 7.24193 -6.83897 -0.0899094 0.281821 0.490219 0.357403
vn 0 0 0
v 7.33884 -6.72327 -0.0897525 0.28204 0.490417 0.357434
vn 0.131909 -0.108297 0.985328
v 7.37901 3.76234 -0.0226804 0.375354 0.574844 0.370765
vn -0.010897 -0.0170675 0.999795
v 7.27922 3.88529 -0.021569 0.3769 0.576243 0.370986
vn -0.0118786 -0.0161958 0.999798
v 7.35164 6.7613 0.0288481 0.447043 0.639706 0.381006
vn 0.0907958 0.107434 0.990058
v 7.24755 6.83274 0.0306416 0.449538 0.641963 0.381363
vn -0.0037932 -0.0136879 0.999899
v 7.2993 9.64439 0.0275801 0.445279 0.638109 0.380754
vn -0.0174098 -0.0345992 0.99925
v 7.36899 11.5682 0.0919462 0.534828 0.719131 0.393547
vn -0.0172036 -0.0292033 0.999425
v 7.27633 11.6354 0.0901255 0.532296 0.716839 0.393185
vn 0.0491686 0.0947805 0.994283
v 7.27742 14.4151 0.0620684 0.493261 0.681522 0.387609
vn 0.0151302 -0.0192704 0.9997
v 7.30109 16.5521 0.0976218 0.542725 0.726275 0.394675
vn 0.00362667 -0.0145101 0.999888
v 7.29729 19.0472 0.154676 0.622102 0.798092 0.406015
vn 0.000249213 -0.0219954 0.999758
v 7.30811 20.5329 0.187935 0.668374 0.839957 0.412625
vn 0.00201784 -0.0174527 0.999846
v 7.29995 22.4176 0.215594 0.706854 0.874773 0.418122
vn 0.00883289 -0.015759 0.999837
v 7.44922 -26.4392 -0.185317 0.16 0.38 0.34
vn 0.0180261 -0.0673328 0.997568
v 7.56131 -26.3302 -0.180015 0.16 0.38 0.34
vn 0.0184796 -0.0668652 0.997591
v 7.53979 -22.7127 -0.201555 0.16 0.38 0.34
vn 0.0244596 -0.0784931 0.996615
v 7.50719 -19.6372 -0.193714 0.16 0.38 0.34
vn 0.0301851 -0.0806516 0.996285
v 7.51731 -15.834 -0.0985437 0.269809 0.479351 0.355687
vn 0.048825 -0.103307 0.99345
v 7.49321 -13.1434 -0.109126 0.255086 0.46603 0.353584
vn 0 0 0
v 7.48926 -9.85537 -0.0725608 0.305958 0.512057 0.360851
vn 0 0 0
v 7.42315 -6.61879 -0.0895564 0.282312 0.490664 0.357473
vn 0.131909 -0.108297 0.985328
v 7.51394 -6.46573 -0.0848888 0.288806 0.496539 0.358401
vn 0.131909 -0.108297 0.985328
v 7.54119 3.54048 -0.0233668 0.374399 0.57398 0.370628
vn -0.0141418 -0.0136038 0.999807
v 7.44792 3.66957 -0.0229419 0.37499 0.574515 0.370713
vn -0.015154 -0.0117639 0.999816
v 7.56293 6.56698 0.0302316 0.448968 0.641447 0.381281
vn -0.0130577 -0.0109974 0.999854
v 7.46841 6.65081 0.0301291 0.448825 0.641318 0.381261
vn -0.0012029 -0.0173159 0.999849
v 7.52343 9.51605 0.0262894 0.443483 0.636485 0.380498
vn -0.0197563 -0.0332262 0.999253
v 7.52631 11.4911 0.0913036 0.533934 0.718322 0.393419
vn -0.0163322 -0.0290797 0.999444
v 7.5139 14.3727 0.0569564 0.486149 0.675087 0.386593
vn 0.00748136 -0.0189339 0.999793
v 7.49812 16.473 0.0979472 0.543177 0.726684 0.39474
vn 0.00155201 -0.0153495 0.999881
v 7.55713 18.9919 0.152584 0.61919 0.795458 0.405599
vn 0.0135027 -0.0240554 0.999619
v 7.44266 19.0074 0.154118 0.621326 0.79739 0.405904
vn 0.00331866 -0.0222707 0.999746
v 7.5228 20.4887 0.186571 0.666475 0.83824 0.412354
vn 0.00479178 -0.0173324 0.999838
v 7.49837 22.4067 0.213036 0.703296 0.871553 0.417614
vn 0.00486225 -0.0126151 0.999909
v 7.71011 -26.3554 -0.18448 0.16 0.38 0.34
vn 0.0188378 -0.0667897 0.997589
v 7.70602 -22.6401 -0.200091 0.16 0.38 0.34
vn 0.025196 -0.0762936 0.996767
v 7.68437 -19.5718 -0.193807 0.16 0.38 0.34
vn 0.0318107 -0.0835095 0.995999
v 7.73332 -15.7405 -0.0994362 0.268567 0.478227 0.35551
vn 0.0474849 -0.0975468 0.994097
v 7.71815 -13.0462 -0.11283 0.249933 0.461368 0.352848
vn 0 0 0
v 7.71414 -9.70144 -0.0758403 0.301395 0.507929 0.360199
vn 0 0 0
v 7.67551 -6.24321 -0.0841044 0.289897 0.497526 0.358557
vn 0 0 0
v 7.77211 -6.11847 -0.085438 0.288042 0.495848 0.358292
vn 0.139584 -0.0943032 0.985709
v 7.79515 3.17016 -0.0256221 0.371261 0.571141 0.37018
vn -0.00954241 -0.0223617 0.999704
v 7.69752 3.31903 -0.0249248 0.372231 0.572019 0.370319
vn -0.0145096 -0.0162157 0.999763
v 7.60823 3.44623 -0.0238571 0.373717 0.573363 0.370531
vn -0.01681 -0.0105406 0.999803
v 7.7726 6.36873 0.0310003 0.450037 0.642415 0.381434
vn -0.00464956 -0.0203783 0.999782
v 7.67382 6.4764 0.0291555 0.447471 0.640093 0.381067
vn 0.0936572 0.10289 0.990274
v 7.72933 9.35909 0.0286744 0.446801 0.639487 0.380972
vn -0.016149 -0.0336306 0.999304
v 7.64051 9.42756 0.0276643 0.445396 0.638215 0.380771
vn -0.0251348 -0.0285545 0.999276
v 7.73104 11.3699 0.092089 0.535027 0.71931 0.393575
vn -0.0151214 -0.0328155 0.999347
v 7.73317 14.2855 0.056027 0.484856 0.673917 0.386408
vn 0.00197015 -0.016362 0.999864
v 7.78619 16.3946 0.0952622 0.539442 0.723305 0.394206
vn 0.0106626 -0.0189049 0.999764
v 7.69701 16.439 0.0946113 0.538536 0.722485 0.394077
vn 0.0300777 0.0771476 0.996566
v 7.72692 18.9786 0.149584 0.615017 0.791682 0.405002
vn 0.0123705 -0.0232978 0.999652
v 7.73261 20.4443 0.185164 0.664518 0.836468 0.412074
vn 0.00853061 -0.0226859 0.999706
v 7.73754 22.3801 0.210595 0.699898 0.868479 0.417128
vn 0.00862726 -0.0129861 0.999878
v 7.83055 -26.4458 -0.19285 0.16 0.38 0.34
vn 0.0193459 -0.0683844 0.997471
v 7.93729 -26.3364 -0.187549 0.16 0.38 0.34
vn 0.0197894 -0.0674547 0.997526
v 7.89489 -22.6426 -0.205135 0.16 0.38 0.34
vn 0.0259092 -0.0774974 0.996656
v 7.98979 -22.5598 -0.20123 0.16 0.38 0.34
vn 0.0256102 -0.0756603 0.996805
v 7.85585 -19.4915 -0.192598 0.16 0.38 0.34
vn 0.0355054 -0.0908843 0.995228
v 7.90265 -15.7007 -0.103613 0.262756 0.47297 0.354679
vn 0.0474849 -0.0975468 0.994097
v 7.92137 -12.9248 -0.112999 0.249698 0.461156 0.352814
vn 0 0 0
v 7.81162 -9.6227 -0.0761479 0.300967 0.507542 0.360138
vn 0 0 0
v 7.91878 -9.54218 -0.0774801 0.299114 0.505865 0.359873
vn 0 0 0
v 7.84898 -6.017 -0.0866147 0.286405 0.494366 0.358058
vn 0.139584 -0.0943032 0.985709
v 7.92596 -5.88049 -0.0844573 0.289406 0.497082 0.358487
vn 0.139584 -0.0943032 0.985709
v 7.94289 2.96977 -0.0306558 0.364258 0.564805 0.36918
vn -0.00648746 -0.0263046 0.999633
v 7.87678 3.06582 -0.0288777 0.366732 0.567043 0.369533
vn -0.00413966 -0.0294346 0.999558
v 7.89751 6.26348 0.0294117 0.447827 0.640415 0.381118
vn -0.00976403 -0.0181137 0.999788
v 7.91619 9.25433 0.0262894 0.443483 0.636485 0.380498
vn -0.0139872 -0.0360953 0.99925
v 7.91937 11.2477 0.0934456 0.536915 0.721018 0.393845
vn -0.0228652 -0.0317612 0.999234
v 7.90498 14.2324 0.0537963 0.481752 0.671109 0.385965
vn 0.0114167 -0.0198807 0.999737
v 7.88495 16.3737 0.0937976 0.537404 0.721461 0.393915
vn 0.0042378 -0.0188169 0.999814
v 7.94205 18.9296 0.14777 0.612494 0.7894 0.404642
vn 0.0119493 -0.0212458 0.999703
v 7.87939 20.4422 0.18235 0.660603 0.832926 0.411515
vn 0.0118537 -0.0158171 0.999805
v 7.9653 22.3901 0.206176 0.693751 0.862917 0.41625
vn 0.0171026 0.0540335 0.998393
v 7.87006 22.4026 0.207106 0.695045 0.864089 0.416435
vn 0.0168945 0.0642846 0.997789
v 8.09841 -26.2207 -0.182945 0.16 0.38 0.34
vn 0.0203577 -0.0672858 0.997526
v 8.11257 -25.8104 -0.15574 0.190234 0.407355 0.344319
vn 0.019627 -0.0665877 0.997588
v 8.09962 -25.295 -0.121001 0.238565 0.451082 0.351224
vn 0.0206654 -0.0662656 0.997588
v 8.15646 -22.5528 -0.205136 0.16 0.38 0.34
vn 0.0269176 -0.0773097 0.996644
v 8.05761 -19.4412 -0.195201 0.16 0.38 0.34
vn 0.0355054 -0.0908843 0.995228
v 8.06106 -15.6374 -0.105219 0.260521 0.470948 0.35436
vn 0.0452786 -0.0880717 0.995085
v 8.11646 -12.8235 -0.115271 0.246536 0.458295 0.352362
vn 0 0 0
v 8.00425 -9.46302 -0.0769677 0.299826 0.50651 0.359975
vn 0.0945454 -0.103428 0.990133
v 8.14865 -9.35113 -0.0790686 0.296904 0.503865 0.359558
vn 0.0945454 -0.103428 0.990133
v 8.02023 -5.6882 -0.0798812 0.295773 0.502842 0.359396
vn 0 0 0
v 8.12175 -5.51433 -0.0795021 0.2963 0.503319 0.359471
vn 0.152033 -0.0864054 0.984591
v 8.19966 -5.38679 -0.0803389 0.295136 0.502266 0.359305
vn 0.152033 -0.0864054 0.984591
v 8.17548 2.5979 -0.0364085 0.356255 0.557564 0.368036
vn -0.010635 -0.0193968 0.999755
v 8.11864 2.69223 -0.0349377 0.358301 0.559415 0.368329
vn -0.0109593 -0.0199976 0.99974
v 8.03823 2.83181 -0.0338591 0.359801 0.560773 0.368543
vn -0.0106662 -0.0206409 0.99973
v 8.17935 5.98353 0.0290018 0.447257 0.639899 0.381037
vn -0.00842493 -0.0229707 0.999701
v 8.06515 6.10073 0.0290018 0.447257 0.639899 0.381037
vn -0.00894111 -0.0205711 0.999748
v 8.14568 9.10759 0.0246338 0.44118 0.634401 0.380169
vn -0.0237353 -0.0311912 0.999232
v 8.07643 11.1572 0.0932314 0.536617 0.720748 0.393802
vn -0.0186667 -0.0338601 0.999252
v 8.13174 14.1484 0.0517516 0.478908 0.668535 0.385558
vn -0.00774451 -0.0125762 0.999891
v 8.02172 14.2081 0.0511939 0.478132 0.667833 0.385447
vn 0.0029089 -0.0172799 0.999846
v 8.10664 16.3025 0.0921703 0.53514 0.719413 0.393591
vn 0.00604387 -0.0201001 0.99978
v 8.12727 18.9246 0.143655 0.606768 0.784219 0.403824
vn 0.0120471 -0.0225566 0.999673
v 8.06229 20.4299 0.179344 0.65642 0.829142 0.410917
vn 0.011859 -0.018762 0.999754
v 8.09942 22.3858 0.204083 0.690839 0.860283 0.415834
vn 0.0197635 0.0648599 0.997699
v 8.30446 -22.5089 -0.205786 0.16 0.38 0.34
vn 0.0273095 -0.0754859 0.996773
v 8.26921 -19.3704 -0.196595 0.16 0.38 0.34
vn 0 0 0
v 8.26071 -15.5707 -0.108754 0.255604 0.466499 0.353658
vn 0 0 0
v 8.29309 -12.7347 -0.118049 0.242672 0.454798 0.35181
vn 0 0 0
v 8.26018 -9.23103 -0.0771726 0.299541 0.506252 0.359934
vn 0.0945454 -0.103428 0.990133
v 8.34406 -9.15306 -0.0773776 0.299256 0.505994 0.359894
vn 0 0 0
v 8.2544 -5.24465 -0.0763184 0.30073 0.507327 0.360104
vn 0.152033 -0.0864054 0.984591
v 8.31896 -5.11114 -0.075338 0.302094 0.508561 0.360299
vn 0 0 0
v 8.38578 -4.94324 -0.0722327 0.306414 0.51247 0.360916
vn 0 0 0
v 8.39301 2.18405 -0.0405924 0.350434 0.552297 0.367205
vn -0.00898682 -0.0183998 0.99979
v 8.32813 2.30402 -0.0385659 0.353253 0.554848 0.367608
vn -0.00803478 -0.0215652 0.999735
v 8.23855 2.47371 -0.0367616 0.355763 0.557119 0.367966
vn -0.0125486 -0.014918 0.99981
v 8.38876 5.7872 0.0259272 0.442979 0.636029 0.380426
vn -0.00926777 -0.0221535 0.999712
v 8.30013 5.884 0.0258931 0.442932 0.635986 0.380419
vn 0.104954 0.0964492 0.989789
v 8.32495 8.96023 0.0261491 0.443288 0.636308 0.38047
vn -0.0240441 -0.0326895 0.999176
v 8.23287 9.03892 0.0251389 0.441883 0.635037 0.380269
vn -0.0304988 -0.0272488 0.999163
v 8.2781 11.0393 0.0927316 0.535921 0.720119 0.393703
vn -0.0167921 -0.0350937 0.999243
v 8.28942 14.0729 0.0515657 0.478649 0.668301 0.385521
vn 0.00175334 -0.0157559 0.999874
v 8.33744 16.2507 0.0885902 0.53016 0.714906 0.39288
vn 0.00339656 -0.0182096 0.999828
v 8.30915 18.8904 0.141423 0.603663 0.781409 0.40338
vn 0.00812322 -0.0218198 0.999729
v 8.36555 20.3844 0.175698 0.651349 0.824554 0.410193
vn 0.0110641 -0.0228414 0.999678
v 8.2428 20.4087 0.176849 0.65295 0.826003 0.410421
vn 0.0115585 -0.017967 0.999772
v 8.25334 22.3221 0.204897 0.691971 0.861307 0.415996
vn 0.0103437 -0.0128589 0.999864
v 8.47702 -26.0573 -0.179736 0.16 0.38 0.34
vn 0.020935 -0.0662993 0.99758
v 8.48912 -22.4928 -0.209692 0.16 0.38 0.34
vn 0.027678 -0.0758905 0.996732
v 8.48334 -19.3088 -0.199104 0.16 0.38 0.34
vn -0.0113558 0.0781457 0.996877
v 8.48672 -15.4462 -0.108468 0.256001 0.466858 0.353714
vn 0 0 0
v 8.53056 -12.6255 -0.123381 0.235254 0.448087 0.350751
vn 0 0 0
v 8.42915 -9.07303 -0.077685 0.298828 0.505607 0.359833
vn 0 0 0
v 8.54325 -8.97051 -0.0789148 0.297117 0.504059 0.359588
vn 0 0 0
v 8.42898 -4.84954 -0.0719058 0.306869 0.512881 0.360981
vn 0 0 0
v 8.50313 -4.69692 -0.0726249 0.305868 0.511976 0.360838
vn 0 0 0
v 8.56962 -4.48793 -0.0681795 0.312053 0.517572 0.361722
vn 0 0 0
v 8.58817 1.77146 -0.0458222 0.343158 0.545714 0.366165
vn -0.00775368 -0.0201265 0.999767
v 8.51478 1.91183 -0.0422268 0.34816 0.55024 0.36688
vn -0.00841042 -0.0161852 0.999834
v 8.43963 2.07565 -0.0406447 0.350361 0.552231 0.367194
vn -0.00792134 -0.01744 0.999817
v 8.5099 5.66751 0.024185 0.440555 0.633836 0.380079
vn -0.00890169 -0.0214142 0.999731
v 8.57308 8.79446 0.0235395 0.439657 0.633023 0.379951
vn -0.0286364 -0.0317742 0.999085
v 8.4652 8.87213 0.024213 0.440594 0.633871 0.380085
vn -0.0178976 -0.0387722 0.999088
v 8.48488 10.9149 0.0921366 0.535093 0.71937 0.393585
vn -0.0217099 -0.0315634 0.999266
v 8.51356 13.959 0.0515657 0.478649 0.668301 0.385521
vn -0.0175029 -0.00337648 0.999841
v 8.43116 14.0283 0.049335 0.475546 0.665494 0.385078
vn -0.00325278 -0.0136047 0.999902
v 8.50829 16.191 0.0873698 0.528462 0.71337 0.392637
vn 0.00889684 -0.019839 0.999764
v 8.5089 18.8369 0.139888 0.601528 0.779477 0.403075
vn 0.00692703 -0.020194 0.999772
v 8.48888 20.3846 0.173012 0.647611 0.821172 0.409659
vn 0.00851755 -0.0170448 0.999818
v 8.49362 22.2864 0.202513 0.688655 0.858307 0.415522
vn 0.00860087 -0.0138124 0.999868
v 8.69252 -26.1479 -0.190339 0.16 0.38 0.34
vn 0.0211515 -0.0674458 0.997499
v 8.69619 -22.4329 -0.210994 0.16 0.38 0.34
vn 0.0274436 -0.0731432 0.996944
v 8.71634 -19.2394 -0.201893 0.16 0.38 0.34
vn -0.00794656 0.0831424 0.996506
v 8.71109 -15.2967 -0.106183 0.25918 0.469734 0.354169
vn 0 0 0
v 8.71609 -12.509 -0.124741 0.233361 0.446374 0.35048
vn 0 0 0
v 8.64813 -8.85742 -0.0782999 0.297973 0.504833 0.35971
vn 0 0 0
v 8.75321 -8.74676 -0.0783 0.297973 0.504833 0.35971
vn 0 0 0
v 8.62732 -4.3333 -0.0671989 0.313417 0.518806 0.361917
vn 0 0 0
v 8.6967 -4.11635 -0.0647367 0.316843 0.521905 0.362406
vn 0 0 0
v 8.75769 -3.92264 -0.0633747 0.318738 0.52362 0.362677
vn 0 0 0
v 8.78255 1.17265 -0.0450377 0.344249 0.546702 0.366321
vn 0.17981 0.0548377 0.982172
v 8.75862 1.2956 -0.0475218 0.340793 0.543575 0.365828
vn -0.0106653 -0.0064286 0.999922
v 8.69228 1.47446 -0.0457568 0.343249 0.545796 0.366178
vn -0.0105124 -0.00871276 0.999907
v 8.62353 1.691 -0.0469335 0.341612 0.544315 0.365945
vn -0.0118208 -0.010207 0.999878
v 8.78078 5.3854 0.0202394 0.435066 0.628869 0.379295
vn -0.0136164 -0.0143383 0.999804
v 8.6808 5.50652 0.0202564 0.43509 0.628891 0.379299
vn -0.00745283 -0.021139 0.999749
v 8.71644 8.6744 0.0240025 0.440302 0.633606 0.380043
vn -0.0277818 -0.032792 0.999076
v 8.71252 10.767 0.0919462 0.534829 0.719131 0.393547
vn -0.0174822 -0.0334198 0.999288
v 8.7017 13.8375 0.0534246 0.481235 0.670641 0.385891
vn -0.00566184 -0.0102866 0.999931
v 8.72448 16.1413 0.0837083 0.523368 0.708761 0.39191
vn 0.00303409 -0.0173897 0.999844
v 8.78429 18.7722 0.136958 0.597452 0.77579 0.402493
vn -0.00884722 -0.0135777 0.999869
v 8.68171 18.8093 0.137237 0.59784 0.776141 0.402549
vn 0.00357699 -0.0209397 0.999774
v 8.68516 20.3458 0.171008 0.644823 0.81865 0.40926
vn 0.00603498 -0.0190709 0.9998
v 8.69674 22.2801 0.199083 0.683883 0.853989 0.41484
vn 0.0198678 0.0636916 0.997772
v 8.90129 -26.0653 -0.189363 0.16 0.38 0.34
vn 0.0222889 -0.0667304 0.997522
v 8.96392 -25.8068 -0.173597 0.16539 0.384877 0.34077
vn 0.0216696 -0.065944 0.997588
v 8.89298 -22.3539 -0.210723 0.16 0.38 0.34
vn -0.0270446 0.0366507 0.998962
v 8.8707 -19.2039 -0.204774 0.16 0.38 0.34
vn -0.00900712 0.0828334 0.996523
v 8.88846 -15.2089 -0.10754 0.257293 0.468027 0.353899
vn 0.0499195 -0.0838166 0.99523
v 8.98976 -15.1554 -0.108111 0.256498 0.467308 0.353785
vn 0.0499195 -0.0838166 0.99523
v 8.87432 -12.4201 -0.127309 0.229789 0.443142 0.34997
vn 0 0 0
v 8.99308 -12.3358 -0.127646 0.229321 0.442719 0.349903
vn 0 0 0
v 8.86034 -8.63367 -0.0786074 0.297545 0.504446 0.359649
vn 0 0 0
v 8.93755 -8.5481 -0.0786075 0.297545 0.504446 0.359649
vn 0 0 0
v 8.81965 -3.6946 -0.0611194 0.321875 0.526459 0.363125
vn 0 0 0
v 8.87814 -3.48703 -0.0605964 0.322603 0.527117 0.363229
vn 0 0 0
v 8.93438 -3.26495 -0.0600407 0.323376 0.527816 0.363339
vn 0 0 0
v 8.97581 -3.09183 -0.0599427 0.323513 0.52794 0.363359
vn 0.178381 -0.0397712 0.983157
v 8.99958 -2.9917 -0.0602042 0.323149 0.527611 0.363307
vn 0.19745 -0.0406937 0.979468
v 8.98413 0.480633 -0.0513135 0.335518 0.538802 0.365074
vn -0.0064437 -0.0164992 0.999843
v 8.91836 0.699235 -0.0476004 0.340684 0.543476 0.365812
vn -0.00726989 -0.0110171 0.999913
v 8.87162 0.893069 -0.0475873 0.340702 0.543492 0.365815
vn -0.00826843 -0.00988269 0.999917
v 8.81548 1.09038 -0.0468681 0.341703 0.544398 0.365958
vn -0.0108643 -0.00579356 0.999924
v 8.97868 5.14926 0.0187533 0.432999 0.626999 0.379
vn -0.0097143 -0.0187159 0.999778
v 8.90218 5.23825 0.0197013 0.434318 0.628192 0.379188
vn -0.0129712 -0.0150674 0.999802
v 8.92958 8.49797 0.0238762 0.440126 0.633447 0.380018
vn -0.0227449 -0.0351059 0.999125
v 8.93455 10.6277 0.0908039 0.533239 0.717693 0.39332
vn -0.020623 -0.0319505 0.999277
v 8.9006 13.7516 0.0516276 0.478735 0.668379 0.385534
vn -0.00576196 -0.0112765 0.99992
v 8.95082 16.0389 0.0833829 0.522915 0.708351 0.391845
vn -0.00159439 -0.0154312 0.99988
v 8.93712 18.6943 0.137935 0.59881 0.777019 0.402687
vn -0.00316054 -0.0159328 0.999868
v 8.88761 20.3065 0.168791 0.641739 0.815859 0.40882
vn 0.00924475 -0.017785 0.999799
v 8.9848 22.186 0.198734 0.683397 0.85355 0.414771
vn 0.00764224 -0.0147631 0.999862
v 8.86881 22.2544 0.197222 0.681294 0.851647 0.414471
vn 0.0198967 0.0585122 0.998088
v 9.07168 -25.8419 -0.178341 0.16 0.38 0.34
vn 0.0225287 -0.0662051 0.997552
v 9.12901 -22.2344 -0.208716 0.16 0.38 0.34
vn -0.0153912 0.0414854 0.999021
v 9.0911 -19.1327 -0.207377 0.16 0.38 0.34
vn -0.0170393 0.0735926 0.997143
v 9.11482 -15.0699 -0.107183 0.257789 0.468476 0.35397
vn 0.0499195 -0.0838166 0.99523
v 9.11506 -12.2555 -0.128824 0.227681 0.441235 0.349669
vn 0 0 0
v 9.00187 -8.47669 -0.0787611 0.297331 0.504252 0.359619
vn 0 0 0
v 9.13683 -8.31391 -0.0781975 0.298115 0.504962 0.359731
vn 0 0 0
v 9.00526 -2.88702 -0.0570009 0.327605 0.531643 0.363944
vn 0.19745 -0.0406937 0.979468
v 9.04643 -2.72346 -0.0588749 0.324998 0.529284 0.363571
vn 0.208176 -0.0412074 0.977223
v 9.08211 -2.48735 -0.0580142 0.326195 0.530367 0.363742
vn 0 0 0
v 9.12566 -2.27722 -0.0607271 0.322421 0.526952 0.363203
vn 0 0 0
v 9.1477 -2.10191 -0.0609232 0.322148 0.526706 0.363164
vn 0 0 0
v 9.1562 -1.96357 -0.0598773 0.323604 0.528022 0.363372
vn 0 0 0
v 9.17396 -1.71836 -0.0596485 0.323922 0.52831 0.363417
vn 0 0 0
v 9.17258 -1.50314 -0.057197 0.327332 0.531396 0.363905
vn 0 0 0
v 9.17364 -1.27424 -0.0563145 0.32856 0.532507 0.36408
vn 0 0 0
v 9.16593 -1.05955 -0.0548437 0.330607 0.534358 0.364372
vn 0 0 0
v 9.17662 -0.889734 -0.0577855 0.326514 0.530655 0.363788
vn 0 0 0
v 9.16826 -0.735127 -0.0574912 0.326923 0.531026 0.363846
vn 0 0 0
v 9.16681 -0.506451 -0.0602369 0.323103 0.52757 0.3633
vn 0 0 0
v 9.14564 -0.29268 -0.0599426 0.323513 0.52794 0.363359
vn 0 0 0
v 9.10644 -0.0671314 -0.0574912 0.326923 0.531026 0.363846
vn -0.00709748 -0.0116127 0.999907
v 9.06522 0.143248 -0.0553666 0.329879 0.5337 0.364268
vn -0.00714145 -0.0146007 0.999868
v 9.03723 0.295391 -0.0548436 0.330607 0.534358 0.364372
vn -0.00813615 -0.012133 0.999893
v 9.16715 4.93547 0.0150126 0.427794 0.62229 0.378256
vn 0.126209 0.0895102 0.987957
v 9.06706 5.04537 0.0174722 0.431216 0.625386 0.378745
vn -0.0132298 -0.0128474 0.99983
v 9.08211 8.37042 0.0234553 0.43954 0.632917 0.379934
vn -0.0189672 -0.0369985 0.999135
v 9.06441 10.5522 0.0893759 0.531253 0.715895 0.393036
vn 0.0592596 0.0830458 0.994782
v 9.07761 13.6284 0.0536104 0.481494 0.670875 0.385928
vn -0.0121202 -0.00571504 0.99991
v 9.12246 15.9799 0.0815928 0.520424 0.706098 0.391489
vn 0.00256523 -0.017241 0.999848
v 9.0625 16.0093 0.0815928 0.520424 0.706098 0.391489
vn 0.036121 0.0759907 0.996454
v 9.19538 18.5959 0.137237 0.59784 0.776141 0.402549
vn 0.00494682 -0.0177184 0.999831
v 9.09363 18.6351 0.137516 0.598228 0.776492 0.402604
vn -0.00349772 -0.0162708 0.999862
v 9.04468 20.2673 0.167512 0.639959 0.814249 0.408566
vn 0.00542078 -0.0178506 0.999826
v 9.07849 22.1907 0.196641 0.680486 0.850915 0.414355
vn 0.0134265 -0.0135782 0.999818
v 9.30023 -25.9593 -0.191316 0.16 0.38 0.34
vn 0.0239756 -0.0670972 0.997458
v 9.24494 -25.7865 -0.17862 0.16 0.38 0.34
vn 0.0229446 -0.0658188 0.997568
v 9.21018 -25.1599 -0.136487 0.21702 0.431589 0.348146
vn 0.0235878 -0.0651029 0.9976
v 9.28971 -22.103 -0.203725 0.16 0.38 0.34
vn 0.0308077 -0.0750615 0.996703
v 9.27955 -19.0576 -0.208585 0.16 0.38 0.34
vn -0.0186555 0.0657529 0.997662
v 9.29616 -14.9497 -0.106398 0.258882 0.469465 0.354126
vn 0 0 0
v 9.25967 -12.1466 -0.129119 0.227271 0.440864 0.34961
vn -0.00607489 0.00952796 0.999936
v 9.32347 -8.09594 -0.0791454 0.296797 0.503768 0.359542
vn 0 0 0
v 9.39653 4.57709 0.0173184 0.431002 0.625193 0.378715
vn -0.017519 -0.002256 0.999844
v 9.32999 4.6752 0.0174209 0.431145 0.625322 0.378735
vn -0.0140267 -0.0126797 0.999821
v 9.23061 4.81544 0.0177797 0.431644 0.625773 0.378806
vn -0.0143681 -0.0112017 0.999834
v 9.27134 8.23184 0.0205091 0.435441 0.629209 0.379349
vn -0.0157726 -0.039593 0.999091
v 9.325 10.3151 0.0933742 0.536815 0.720928 0.393831
vn -0.0310119 -0.0267946 0.99916
v 9.20884 10.4115 0.0925174 0.535623 0.71985 0.39366
vn -0.0284426 -0.0275673 0.999215
v 9.26328 13.5087 0.0546329 0.482916 0.672162 0.386131
vn -0.00385591 -0.0107814 0.999934
v 9.30221 15.9087 0.0802369 0.518538 0.704391 0.39122
vn -0.00128925 -0.0158341 0.999874
v 9.30868 18.5642 0.136121 0.596287 0.774736 0.402327
vn 0.0106704 -0.0174847 0.99979
v 9.3181 20.1931 0.165465 0.637112 0.811672 0.408159
vn -0.00142079 -0.018311 0.999831
v 9.20453 20.2451 0.165081 0.636578 0.811189 0.408083
vn 0.0103533 -0.013826 0.999851
v 9.3479 22.1816 0.191757 0.673691 0.844768 0.413384
vn 0.0202624 0.054621 0.998302
v 9.21996 22.2053 0.193036 0.675471 0.846378 0.413639
vn 0.020078 0.0571809 0.998162
v 9.49535 -25.6766 -0.177225 0.160343 0.38031 0.340049
vn 0.0235527 -0.0657765 0.997556
v 9.53859 -22.1 -0.211319 0.16 0.38 0.34
vn -0.00561718 0.0366651 0.999312
v 9.48812 -21.9805 -0.200742 0.16 0.38 0.34
vn 0.0323551 -0.0731249 0.996798
v 9.42539 -19.0012 -0.209793 0.16 0.38 0.34
vn -0.0877925 0.0296623 0.995697
v 9.51233 -18.9426 -0.208492 0.16 0.38 0.34
vn -0.0467962 0.0707161 0.996398
v 9.40931 -14.8671 -0.105398 0.260273 0.470723 0.354325
vn 0 0 0
v 9.55137 -14.7754 -0.105398 0.260273 0.470723 0.354325
vn 0 0 0
v 9.43089 -12.0279 -0.130844 0.22487 0.438692 0.349267
vn 0.000424429 0.0156353 0.999878
v 9.52888 -11.9412 -0.130171 0.225807 0.43954 0.349401
vn 0.0787295 -0.0953406 0.992326
v 9.49378 -7.87505 -0.0789149 0.297117 0.504059 0.359588
vn 0.106742 -0.0797542 0.991083
v 9.5926 -7.74661 -0.0792223 0.29669 0.503672 0.359527
vn 0.106742 -0.0797542 0.991083
v 9.53894 4.36657 0.0163961 0.429719 0.624032 0.378531
vn -0.00408605 -0.0257129 0.999661
v 9.45639 4.46344 0.0191632 0.433569 0.627515 0.379081
vn -0.0116144 -0.0181343 0.999768
v 9.59564 7.94952 0.0183204 0.432396 0.626454 0.378914
vn -0.0286045 -0.0268308 0.999231
v 9.47749 8.06711 0.0179416 0.431869 0.625977 0.378838
vn -0.0223958 -0.0335966 0.999185
v 9.51188 10.1676 0.0937669 0.537362 0.721422 0.393909
vn -0.0265915 -0.0328558 0.999106
v 9.42168 10.2335 0.0940881 0.537808 0.721827 0.393973
vn -0.0209792 -0.0356639 0.999144
v 9.52455 13.3682 0.0534246 0.481235 0.670641 0.385891
vn -0.00452356 -0.0102474 0.999937
v 9.42583 13.4347 0.0528669 0.480459 0.669939 0.38578
vn -0.00243567 -0.0116653 0.999929
v 9.47692 15.8277 0.0796401 0.517708 0.70364 0.391101
vn -0.00696202 -0.0127936 0.999894
v 9.48105 18.5348 0.133122 0.592114 0.77096 0.401731
vn 0.00415829 -0.0171945 0.999844
v 9.49304 20.1528 0.16361 0.634531 0.809338 0.40779
vn 0.00534725 -0.0146669 0.999878
v 9.47357 22.1388 0.191525 0.673368 0.844475 0.413338
vn 0.0126467 -0.0136855 0.999826
v 9.67483 -25.6515 -0.179876 0.16 0.38 0.34
vn 0.0249961 -0.0671211 0.997432
v 9.65072 -25.5989 -0.17583 0.162284 0.382067 0.340326
vn 0.0242428 -0.0650894 0.997585
v 9.70018 -21.9743 -0.207088 0.16 0.38 0.34
vn 0.0323707 -0.0745593 0.996691
v 9.64945 -18.8726 -0.208399 0.16 0.38 0.34
vn -0.0367009 0.0856284 0.995651
v 9.76611 -18.7626 -0.204216 0.16 0.38 0.34
vn 0.041941 -0.0809904 0.995832
v 9.7086 -14.6539 -0.103827 0.262458 0.4727 0.354637
vn 0 0 0
v 9.68495 -11.8641 -0.135348 0.218605 0.433023 0.348372
vn -0.00461774 0.0134888 0.999898
v 9.7706 -11.7927 -0.135474 0.218429 0.432864 0.348347
vn -0.0115324 0.0108528 0.999875
v 9.64786 -7.65545 -0.0778388 0.298615 0.505413 0.359802
vn 0.106742 -0.0797542 0.991083
v 9.74284 -7.52124 -0.0777875 0.298686 0.505478 0.359812
vn 0 0 0
v 9.72191 4.12898 0.0112036 0.422495 0.617496 0.377499
vn -0.00773169 -0.0238102 0.999687
v 9.63118 4.27374 0.0117843 0.423303 0.618226 0.377615
vn 0.133036 0.0831214 0.987619
v 9.74642 7.78844 0.0193305 0.433802 0.627725 0.379115
vn -0.0223544 -0.0304977 0.999285
v 9.65078 7.87853 0.0198356 0.434504 0.628361 0.379215
vn 0.0862031 0.0881386 0.992371
v 9.76901 9.9486 0.094945 0.539001 0.722905 0.394143
vn -0.0225737 -0.0347181 0.999142
v 9.65185 10.0432 0.0949449 0.539 0.722905 0.394143
vn -0.0298112 -0.0303826 0.999094
v 9.70516 13.2692 0.0524331 0.479856 0.669393 0.385694
vn 0.000660794 -0.0133885 0.99991
v 9.71362 15.6933 0.0803453 0.518689 0.704528 0.391241
vn -0.0095339 -0.00989496 0.999906
v 9.69277 18.4587 0.131866 0.590367 0.76938 0.401481
vn -0.00355112 -0.0155038 0.999874
v 9.69392 20.1131 0.160988 0.630883 0.806037 0.407269
vn 0.0110075 -0.0153331 0.999822
v 9.72901 22.1336 0.186486 0.666358 0.838133 0.412337
vn 0.0105695 -0.0118443 0.999874
v 9.68479 22.2336 0.18199 0.660102 0.832473 0.411443
vn 0.0208859 0.0603529 0.997959
v 9.92842 -25.496 -0.1759 0.162695 0.382438 0.340385
vn 0.0247898 -0.0654236 0.99755
v 9.88934 -21.9129 -0.208716 0.16 0.38 0.34
vn 0.032514 -0.0730247 0.9968
v 9.93273 -18.7451 -0.209979 0.16 0.38 0.34
vn -0.027619 0.0692446 0.997217
v 9.92058 -14.5125 -0.104113 0.262061 0.472341 0.35458
vn 0 0 0
v 9.89244 -11.6991 -0.136653 0.216789 0.431381 0.348113
vn -0.000680267 0.0215798 0.999767
v 9.80208 -7.42414 -0.0767628 0.300111 0.506768 0.360016
vn 0 0 0
v 9.88538 -7.30131 -0.0768652 0.299969 0.506639 0.359996
vn 0 0 0
v 9.97717 -7.16975 -0.0775825 0.298971 0.505736 0.359853
vn 0 0 0
v 9.98123 3.73574 0.0057889 0.414962 0.61068 0.376423
vn -0.00857561 -0.0235183 0.999687
v 9.87222 3.90006 0.0085048 0.41874 0.614098 0.376963
vn -0.0114969 -0.0195165 0.999743
v 9.9625 7.56076 0.0196673 0.43427 0.628149 0.379181
vn -0.024366 -0.0250327 0.99939
v 9.86181 7.68165 0.0183204 0.432396 0.626454 0.378914
vn -0.0228207 -0.028404 0.999336
v 9.99217 9.79034 0.0926602 0.535822 0.720029 0.393689
vn -0.0187029 -0.0366707 0.999152
v 9.88188 9.88818 0.0922318 0.535226 0.71949 0.393604
vn 0.0683163 0.0829763 0.994207
v 9.93238 13.1287 0.0521233 0.479425 0.669003 0.385632
vn -0.00980899 -0.00799109 0.99992
v 9.81509 13.2159 0.0511939 0.478132 0.667833 0.385447
vn -0.00670468 -0.0100801 0.999927
v 9.95852 15.5608 0.0802912 0.518613 0.70446 0.39123
vn -0.00431757 -0.0125265 0.999912
v 9.86733 15.6064 0.0806166 0.519066 0.704869 0.391295
vn -0.00631733 -0.0120836 0.999907
v 9.93759 18.3632 0.13068 0.588717 0.767887 0.401245
vn 0.00271263 -0.01883 0.999819
v 9.81722 18.4177 0.13082 0.588911 0.768063 0.401273
vn -0.00691318 -0.0160495 0.999847
v 9.93259 20.0573 0.158238 0.627057 0.802575 0.406722
vn 0.00590931 -0.0123338 0.999906
v 9.89163 22.1135 0.184122 0.663068 0.835157 0.411867
vn 0.0146636 -0.0108337 0.999834
v 10.022 -25.2881 -0.164669 0.177812 0.396116 0.342545
vn 0.0246557 -0.0645953 0.997607
v 10.1782 -24.2459 -0.101051 0.266321 0.476195 0.355189
vn -0.0017257 0.00539125 0.999984
v 10.1413 -21.8451 -0.212133 0.16 0.38 0.34
vn 0.0334921 -0.0733138 0.996746
v 10.0722 -18.6755 -0.210351 0.16 0.38 0.34
vn -0.0453122 0.0649935 0.996856
v 10.1006 -18.4382 -0.192134 0.16 0.38 0.34
vn 0.0441104 -0.0780489 0.995973
v 10.0882 -14.4111 -0.105541 0.260074 0.470543 0.354296
vn 0 0 0
v 10.0252 -11.6091 -0.139262 0.213159 0.428096 0.347594
vn -0.0112914 0.0141163 0.999837
v 10.1305 -11.5045 -0.138421 0.21433 0.429156 0.347761
vn -0.016188 0.00990228 0.99982
v 10.041 -7.07305 -0.07789 0.298543 0.505349 0.359792
vn 0 0 0
v 10.143 -6.87315 -0.0751229 0.302393 0.508832 0.360342
vn 0 0 0
v 10.132 3.4953 0.0019458 0.409615 0.605842 0.375659
vn -0.00895144 -0.0204509 0.999751
v 10.0629 3.61507 0.0031756 0.411326 0.60739 0.375904
vn -0.011086 -0.0180078 0.999776
v 10.199 7.3582 0.0149533 0.427712 0.622215 0.378245
vn -0.0216766 -0.0258266 0.999431
v 10.0618 7.47355 0.0179837 0.431928 0.62603 0.378847
vn -0.00793032 -0.0373928 0.999269
v 10.1159 9.69197 0.0920176 0.534928 0.71922 0.393561
vn -0.0192986 -0.0369377 0.999131
v 10.1842 12.97 0.0515657 0.478649 0.668301 0.385521
vn -0.00320126 -0.011999 0.999923
v 10.0807 13.0294 0.0523092 0.479683 0.669237 0.385669
vn -0.00495242 -0.0113721 0.999923
v 10.0672 15.5206 0.0788266 0.516576 0.702616 0.390939
vn 0.0394131 0.0702101 0.996753
v 10.137 18.2575 0.131308 0.589591 0.768677 0.40137
vn 0.0308248 0.0628324 0.997548
v 10.1773 19.9655 0.157278 0.625722 0.801368 0.406532
vn -0.00379574 -0.014643 0.999886
v 10.1104 20.0041 0.156767 0.62501 0.800723 0.40643
vn 0.00159639 -0.00891948 0.999959
v 10.1056 22.1061 0.179897 0.65719 0.829839 0.411027
vn 0.0117384 -0.00950949 0.999886
v 10.2036 -25.5042 -0.183364 0.16 0.38 0.34
vn 0.0258243 -0.0661615 0.997475
v 10.2659 -25.2973 -0.171505 0.168301 0.387511 0.341186
vn 0.0257817 -0.0648181 0.997564
v 10.274 -24.9481 -0.149043 0.199551 0.415784 0.34565
vn 0.0257814 -0.0644759 0.997586
v 10.3272 -24.4002 -0.115002 0.246911 0.458634 0.352416
vn 0.0267351 -0.0645367 0.997557
v 10.3185 -21.7094 -0.208173 0.16 0.38 0.34
vn 0.0342955 -0.0733878 0.996714
v 10.3154 -20.9005 -0.148506 0.200299 0.416461 0.345757
vn 0.0343743 -0.0729461 0.996743
v 10.2656 -20.289 -0.101965 0.265048 0.475044 0.355007
vn -0.0155661 0.00955086 0.999833
v 10.3468 -18.4921 -0.207655 0.16 0.38 0.34
vn -0.0301171 0.0766728 0.996601
v 10.262 -14.2888 -0.105826 0.259677 0.470184 0.35424
vn 0 0 0
v 10.2651 -11.3624 -0.136821 0.216555 0.431169 0.348079
vn -0.0135175 0.0117383 0.99984
v 10.2405 -6.66277 -0.0716384 0.307241 0.513218 0.361034
vn 0.142371 -0.0785206 0.986694
v 10.3196 -6.46846 -0.0675903 0.312873 0.518313 0.361839
vn 0.137811 -0.0753359 0.987589
v 10.38 -6.38145 -0.0693837 0.310378 0.516056 0.361483
vn 0.140236 -0.0754327 0.987241
v 10.3436 3.15626 -0.0053307 0.399492 0.596683 0.374213
vn -0.00732925 -0.0206964 0.999759
v 10.2418 3.3259 -0.00199992 0.404126 0.600876 0.374875
vn -0.00621258 -0.0240022 0.999693
v 10.2834 7.25504 0.0156267 0.428649 0.623063 0.378378
vn -0.0222503 -0.025156 0.999436
v 10.3141 9.54975 0.0893759 0.531253 0.715895 0.393036
vn -0.0145131 -0.0407227 0.999065
v 10.231 9.60789 0.0906611 0.533041 0.717513 0.393292
vn -0.0154819 -0.0401361 0.999074
v 10.2965 12.9023 0.0509151 0.477744 0.667483 0.385392
vn -0.00147546 -0.013244 0.999911
v 10.3402 15.3596 0.079152 0.517028 0.703026 0.391004
vn 0.00116405 -0.0142067 0.999898
v 10.2204 15.4198 0.0798028 0.517934 0.703845 0.391133
vn -0.00608955 -0.0104773 0.999927
v 10.3549 18.2359 0.125937 0.582118 0.761916 0.400303
vn 0.0015211 -0.0182896 0.999832
v 10.333 19.9167 0.155999 0.623942 0.799757 0.406277
vn -0.00248651 -0.0067176 0.999974
v 10.2969 22.1097 0.175478 0.651043 0.824277 0.410149
vn 0.0223359 0.0556192 0.998202
v 10.4789 -25.2137 -0.171644 0.168107 0.387335 0.341158
vn 0.0266186 -0.0647408 0.997547
v 10.4116 -24.3519 -0.114165 0.248075 0.459687 0.352582
vn 0.0277947 -0.0632185 0.997613
v 10.4639 -21.5595 -0.202206 0.16 0.38 0.34
vn 0.0353128 -0.0732595 0.996688
v 10.425 -20.0289 -0.088947 0.28316 0.491431 0.357594
vn 0.0371386 -0.0724804 0.996678
v 10.4413 -19.9081 -0.0808106 0.29448 0.501672 0.359211
vn -0.0312964 0.0432947 0.998572
v 10.4401 -18.4111 -0.205332 0.16 0.38 0.34
vn 0.0452402 -0.0801041 0.995759
v 10.5322 -18.3701 -0.206261 0.16 0.38 0.34
vn -0.0184969 0.0270893 0.999462
v 10.4682 -14.1388 -0.106112 0.259279 0.469824 0.354183
vn 0 0 0
v 10.4087 -11.2336 -0.137579 0.215501 0.430215 0.347929
vn -0.0119673 0.012381 0.999852
v 10.5363 -11.0832 -0.135306 0.218663 0.433076 0.34838
vn -0.0150153 0.00765988 0.999858
v 10.4083 -6.28996 -0.0666167 0.314227 0.519539 0.362032
vn 0.138297 -0.0726298 0.987724
v 10.4834 -6.12791 -0.0654893 0.315796 0.520958 0.362257
vn 0.148602 -0.0757635 0.985991
v 10.5767 -5.88905 -0.0621757 0.320406 0.525129 0.362915
vn 0 0 0
v 10.5655 2.73056 -0.0113773 0.391079 0.589072 0.373011
vn -0.00902418 -0.0159163 0.999833
v 10.4868 2.9107 -0.0106257 0.392125 0.590018 0.373161
vn -0.00907014 -0.0141096 0.999859
v 10.4043 3.0631 -0.00809773 0.395642 0.5932 0.373663
vn -0.00442813 -0.0241401 0.999699
v 10.4699 7.06298 0.0135503 0.42576 0.620449 0.377966
vn -0.0121741 -0.0329098 0.999384
v 10.536 9.3817 0.0865914 0.527379 0.71239 0.392483
vn -0.0225798 -0.0339963 0.999167
v 10.4348 9.46169 0.0876623 0.528868 0.713738 0.392695
vn -0.0172686 -0.0382798 0.999118
v 10.4847 12.7561 0.0521234 0.479425 0.669003 0.385632
vn 0.052973 0.0746918 0.995799
v 10.4144 12.8321 0.0500786 0.47658 0.66643 0.385226
vn -0.00461747 -0.0112053 0.999927
v 10.4784 15.2978 0.0777688 0.515104 0.701285 0.390729
vn -0.00354446 -0.0113628 0.999929
v 10.5007 18.1424 0.127192 0.583865 0.763497 0.400552
vn -0.00641608 -0.012595 0.9999
v 10.5348 19.7748 0.158813 0.627858 0.8033 0.406837
vn 0.00217485 -0.0196749 0.999804
v 10.4683 19.8235 0.15779 0.626434 0.802012 0.406633
vn -0.00707225 -0.0126038 0.999896
v 10.5255 22.0857 0.171641 0.645705 0.819447 0.409386
vn 0.0231479 0.0562343 0.998149
v 10.6838 -21.3858 -0.197324 0.16 0.38 0.34
vn 0.0363703 -0.0730455 0.996665
v 10.6997 -18.2798 -0.206819 0.16 0.38 0.34
vn -0.031757 0.0605478 0.99766
v 10.6993 -13.9343 -0.103863 0.262408 0.472655 0.35463
vn -0.0141975 0.00269295 0.999896
v 10.6948 -10.9152 -0.134654 0.219571 0.433897 0.34851
vn -0.00641181 0.0160527 0.999851
v 10.6691 -5.66809 -0.0608092 0.322307 0.526849 0.363187
vn 0 0 0
v 10.7392 -5.46578 -0.0582129 0.325919 0.530117 0.363703
vn 0.154346 -0.0639914 0.985942
v 10.7941 -5.31598 -0.0570856 0.327487 0.531536 0.363927
vn 0.143241 -0.0581076 0.987981
v 10.7552 2.29442 -0.015545 0.385281 0.583826 0.372183
vn -0.0113133 -0.0100161 0.999886
v 10.6688 2.49302 -0.013222 0.388513 0.58675 0.372645
vn -0.0105091 -0.0152256 0.999829
v 10.6097 2.62818 -0.0119922 0.390224 0.588298 0.372889
vn -0.0108651 -0.0140335 0.999842
v 10.7613 6.75438 0.00960793 0.420275 0.615487 0.377182
vn -0.00377335 -0.0322486 0.999473
v 10.654 6.8694 0.0111652 0.422442 0.617447 0.377492
vn -0.0107946 -0.0310251 0.99946
v 10.7783 9.16421 0.0855204 0.525889 0.711042 0.39227
vn -0.0234406 -0.03105 0.999243
v 10.6664 9.2638 0.086163 0.526783 0.711851 0.392398
vn -0.0263502 -0.0304098 0.99919
v 10.7972 12.5533 0.0504502 0.477097 0.666897 0.3853
vn -0.00831998 -0.0078439 0.999935
v 10.6792 12.6454 0.0499856 0.476451 0.666313 0.385207
vn -0.00533437 -0.0102736 0.999933
v 10.6885 15.165 0.0781757 0.51567 0.701797 0.39081
vn -0.00431023 -0.0111986 0.999928
v 10.6967 18.0313 0.12782 0.584738 0.764287 0.400677
vn -0.0053272 -0.0136008 0.999893
v 10.6991 19.7467 0.155914 0.623824 0.79965 0.406261
vn 0.000566274 -0.0106922 0.999943
v 10.7482 21.9509 0.173734 0.648616 0.822081 0.409802
vn 0.00187369 -0.00736064 0.999971
v 10.6241 22.0024 0.173851 0.648778 0.822228 0.409825
vn 0.00752393 -0.00855941 0.999935
v 10.8612 -25.2103 -0.181689 0.16 0.38 0.34
vn -0.0198894 0.0332206 0.99925
v 10.9398 -25.1508 -0.180015 0.16 0.38 0.34
vn 0.0270623 -0.063723 0.997601
v 10.8298 -21.1519 -0.185608 0.16 0.38 0.34
vn 0.0368985 -0.0727578 0.996667
v 10.8303 -20.9816 -0.173241 0.165886 0.385326 0.340841
vn 0.0370975 -0.0722016 0.9967
v 10.8737 -20.5637 -0.1446 0.205732 0.421377 0.346533
vn 0.038495 -0.0714456 0.996701
v 10.804 -18.2183 -0.206819 0.16 0.38 0.34
vn -0.0751146 0.0449399 0.996162
v 10.895 -18.0684 -0.199197 0.16 0.38 0.34
vn 0.0469869 -0.0788895 0.995775
v 10.9575 -17.9395 -0.191948 0.16 0.38 0.34
vn 0.0447568 -0.0766169 0.996056
v 10.8122 -13.8293 -0.102542 0.264246 0.474318 0.354892
vn -0.0068285 0.00984157 0.999928
v 10.9367 -13.7283 -0.102542 0.264246 0.474318 0.354892
vn -0.00494105 0.0131256 0.999902
v 10.9077 -10.7327 -0.138252 0.214564 0.429368 0.347795
vn -0.00508918 0.0185956 0.999814
v 10.8218 -5.26338 -0.058008 0.326204 0.530375 0.363743
vn 0.143241 -0.0581076 0.987981
v 10.8613 -5.11606 -0.0553433 0.329911 0.533729 0.364273
vn 0.136218 -0.0543879 0.989185
v 10.9276 -4.91121 -0.053806 0.33205 0.535664 0.364579
vn 0.132372 -0.0466467 0.990102
v 10.9935 -4.73738 -0.0544209 0.331195 0.53489 0.364456
vn 0.143721 -0.0490973 0.9884
v 10.961 1.7307 -0.0197811 0.379388 0.578493 0.371341
vn -0.00732307 -0.0133968 0.999883
v 10.9037 1.89494 -0.0184146 0.381289 0.580214 0.371613
vn -0.0112018 -0.00592443 0.99992
v 10.8296 2.11749 -0.0177314 0.382239 0.581074 0.371748
vn -0.00983224 -0.0116631 0.999884
v 10.939 6.55807 0.0069563 0.416586 0.612149 0.376655
vn -0.00292695 -0.0297237 0.999554
v 10.8504 6.63993 0.00960795 0.420275 0.615487 0.377182
vn 0.105755 0.0823325 0.990978
v 10.9098 9.06446 0.0831999 0.52266 0.708121 0.391809
vn -0.0168696 -0.034459 0.999264
v 10.9208 12.4699 0.0497997 0.476192 0.666079 0.38517
vn 0.000863438 -0.016037 0.999871
v 10.9967 14.9654 0.0786639 0.516349 0.702411 0.390907
vn -0.0105121 -0.00618926 0.999926
v 10.9054 15.0386 0.0776061 0.514878 0.70108 0.390697
vn -0.00744589 -0.00906111 0.999931
v 10.9053 17.9403 0.126634 0.583088 0.762794 0.400441
vn -0.00194026 -0.0155931 0.999877
v 10.9041 19.6625 0.15504 0.622608 0.79855 0.406087
vn 0.000347015 -0.0119926 0.999928
v 10.9289 21.9239 0.170944 0.644734 0.818569 0.409248
vn 0.0276671 0.0623149 0.997673
v 11.1094 -25.0904 -0.180852 0.16 0.38 0.34
vn -0.0530887 0.0130349 0.998505
v 11.1268 -24.9041 -0.169412 0.171213 0.390145 0.341602
vn 0.0274986 -0.0639837 0.997572
v 11.0904 -17.8931 -0.194798 0.16 0.38 0.34
vn -0.0596409 0.0362274 0.997562
v 11.1461 -17.6668 -0.179679 0.16 0.38 0.34
vn 0.0462157 -0.0759335 0.996041
v 11.0633 -13.6446 -0.104256 0.261862 0.472161 0.354552
vn 0.069061 -0.0821736 0.994222
v 11.1308 -13.549 -0.101043 0.266332 0.476205 0.35519
vn -0.0135548 0.00732052 0.999881
v 11.1244 -10.5378 -0.141872 0.209528 0.424811 0.347075
vn -0.0115934 0.0142466 0.999831
v 11.0135 -4.6457 -0.0527812 0.333476 0.536954 0.364782
vn 0.143721 -0.0490973 0.9884
v 11.0584 -4.50757 -0.0527812 0.333476 0.536954 0.364782
vn 0.164991 -0.0536833 0.984833
v 11.1262 -4.31306 -0.0538573 0.331979 0.5356 0.364568
vn 0.133969 -0.0391128 0.990213
v 11.1728 -4.13935 -0.0532936 0.332763 0.536309 0.36468
vn 0.145203 -0.040271 0.988582
v 11.192 -3.9594 -0.0487843 0.339037 0.541986 0.365577
vn 0.144645 -0.0387278 0.988725
v 11.1991 0.983645 -0.0281849 0.367696 0.567915 0.369671
vn -0.00655887 -0.0174239 0.999827
v 11.155 1.13616 -0.0264426 0.37012 0.570108 0.370017
vn -0.00777019 -0.0122045 0.999895
v 11.1168 1.27116 -0.0253152 0.371688 0.571527 0.370241
vn -0.00783757 -0.0100017 0.999919
v 11.0488 1.51044 -0.0240171 0.373494 0.573161 0.370499
vn -0.00636799 -0.0141964 0.999879
v 11.0077 1.64678 -0.0232655 0.37454 0.574107 0.370649
vn 0.149007 0.0418311 0.987951
v 11.1559 6.33638 0.00142854 0.408895 0.605191 0.375556
vn -0.00297536 -0.0278539 0.999608
v 11.0382 6.46319 0.00405213 0.412546 0.608494 0.376078
vn -0.00669901 -0.0256984 0.999647
v 11.1103 8.8902 0.0809509 0.519531 0.70529 0.391362
vn -0.0164312 -0.032481 0.999337
v 11.1281 12.3509 0.0469185 0.472184 0.662452 0.384598
vn 0.00133123 -0.016017 0.999871
v 11.0811 14.9111 0.0786638 0.516349 0.702411 0.390907
vn -0.00428201 -0.0112924 0.999927
v 11.1286 17.8435 0.125146 0.581018 0.760921 0.400145
vn -0.0040001 -0.0148574 0.999882
v 11.1353 19.5833 0.152993 0.61976 0.795974 0.40568
vn 0.00142891 -0.0147614 0.99989
v 11.1903 21.7688 0.17292 0.647484 0.821057 0.409641
vn -0.0019444 -0.00742265 0.999971
v 11.0793 21.8281 0.172455 0.646837 0.820472 0.409548
vn -0.000507579 -0.00711718 0.999975
v 11.2715 -24.7787 -0.165506 0.176647 0.395062 0.342378
vn -0.0370403 0.0108356 0.999255
v 11.3056 -24.5268 -0.150438 0.19761 0.414028 0.345373
vn 0.028152 -0.063279 0.997599
v 11.2179 -21.0492 -0.192768 0.16 0.38 0.34
vn 0.0379088 -0.0725777 0.996642
v 11.2364 -20.9174 -0.183981 0.16 0.38 0.34
vn 0.0383564 -0.0716229 0.996694
v 11.3112 -17.741 -0.193807 0.16 0.38 0.34
vn -0.0227347 0.0391438 0.998975
v 11.3294 -17.5798 -0.182096 0.16 0.38 0.34
vn 0.0504065 -0.0765383 0.995792
v 11.2612 -13.4427 -0.101471 0.265736 0.475666 0.355105
vn 0.0690235 -0.0806693 0.994348
v 11.3732 -13.3134 -0.0989007 0.269312 0.478901 0.355616
vn -0.009838 0.0134827 0.999861
v 11.2349 -10.4062 -0.141283 0.210348 0.425553 0.347193
vn -0.0144489 0.0127494 0.999814
v 11.3304 -10.2975 -0.141451 0.210114 0.425341 0.347159
vn -0.012999 0.0140198 0.999817
v 11.2407 -3.87384 -0.0527812 0.333476 0.536954 0.364782
vn 0.148775 -0.0385775 0.988118
v 11.2734 -3.69617 -0.0511414 0.335757 0.539019 0.365108
vn 0.143486 -0.0355231 0.989015
v 11.3172 -3.45409 -0.0495017 0.338039 0.541082 0.365434
vn 0 0 0
v 11.3526 -3.26797 -0.0490918 0.338609 0.541598 0.365516
vn 0 0 0
v 11.3751 -3.08471 -0.0473239 0.341068 0.543824 0.365867
vn 0 0 0
v 11.3802 0.274639 -0.0374085 0.354863 0.556305 0.367838
vn -0.00706918 -0.0117248 0.999906
v 11.3332 0.495291 -0.0351538 0.358 0.559143 0.368286
vn -0.00645575 -0.0157689 0.999855
v 11.2655 0.711126 -0.030337 0.364701 0.565206 0.369243
vn -0.00803222 -0.012941 0.999884
v 11.2314 0.875986 -0.0298246 0.365414 0.565851 0.369345
vn -0.0087481 -0.010027 0.999911
v 11.2746 6.16388 0.00173725 0.409325 0.60558 0.375618
vn 0.108267 0.0763099 0.991189
v 11.2981 8.75446 0.0763815 0.513174 0.699538 0.390453
vn -0.0144368 -0.0317455 0.999392
v 11.2792 12.2317 0.0470114 0.472313 0.662569 0.384616
vn 0.00123527 -0.0146232 0.999892
v 11.3481 14.7689 0.0763857 0.51318 0.699544 0.390454
vn -0.00390282 -0.0108733 0.999933
v 11.2503 14.835 0.0763043 0.513067 0.699441 0.390438
vn 0.0454562 0.0701609 0.996499
v 11.2923 17.7443 0.125658 0.58173 0.761565 0.400247
vn -0.00423634 -0.0137601 0.999896
v 11.3113 19.5263 0.151138 0.61718 0.793639 0.405311
vn 0.000726612 -0.0123707 0.999923
v 11.3281 21.736 0.171292 0.645219 0.819008 0.409317
vn 0.025645 0.0558377 0.99811
v 11.417 -24.4583 -0.149322 0.199163 0.415433 0.345595
vn 0.0288836 -0.0628174 0.997607
v 11.5306 -24.379 -0.147648 0.201492 0.41754 0.345927
vn 0.0287393 -0.0616594 0.997683
v 11.5095 -20.8462 -0.189514 0.16 0.38 0.34
vn 0.0395533 -0.0720834 0.996614
v 11.5462 -20.6709 -0.178448 0.16 0.38 0.34
vn 0.0390784 -0.0706169 0.996738
v 11.4209 -19.5395 -0.0931779 0.277274 0.486105 0.356753
vn -0.00714046 0.0116137 0.999907
v 11.5225 -17.6247 -0.19548 0.16 0.38 0.34
vn -0.0246068 0.0441667 0.998721
v 11.4337 -13.2518 -0.0982581 0.270206 0.47971 0.355744
vn -0.0180733 0.00945934 0.999792
v 11.5226 -13.1639 -0.0976156 0.2711 0.480519 0.355871
vn -0.0154652 0.0116263 0.999813
v 11.507 -10.0955 -0.142166 0.209118 0.42444 0.347017
vn -0.0158491 0.0114646 0.999809
v 11.4097 -2.91381 -0.0481694 0.339892 0.54276 0.365699
vn 0 0 0
v 11.4414 -2.70157 -0.0481353 0.33994 0.542803 0.365706
vn 0 0 0
v 11.4699 -2.50146 -0.0484769 0.339464 0.542373 0.365638
vn 0 0 0
v 11.4894 -2.25667 -0.0472812 0.341128 0.543878 0.365875
vn 0 0 0
v 11.4979 -2.10578 -0.0464271 0.342316 0.544953 0.366045
vn 0 0 0
v 11.5081 -1.93803 -0.0460172 0.342886 0.545469 0.366127
vn 0 0 0
v 11.511 -1.71146 -0.0443774 0.345168 0.547533 0.366453
vn 0 0 0
v 11.5249 -1.48587 -0.0451973 0.344027 0.546501 0.36629
vn 0 0 0
v 11.5158 -1.28804 -0.0431988 0.346807 0.549016 0.366687
vn 0 0 0
v 11.5094 -1.07134 -0.0422253 0.348162 0.550242 0.36688
vn 0 0 0
v 11.5124 -0.900733 -0.0431476 0.346879 0.549081 0.366697
vn 0 0 0
v 11.5 -0.732461 -0.0421228 0.348305 0.550371 0.366901
vn 0 0 0
v 11.4868 -0.506262 -0.0419179 0.34859 0.550629 0.366941
vn 0 0 0
v 11.4705 -0.268317 -0.0420887 0.348352 0.550414 0.366907
vn 0 0 0
v 11.4375 -0.0579478 -0.0400731 0.351156 0.552951 0.367308
vn 0 0 0
v 11.4136 0.108438 -0.0392533 0.352297 0.553983 0.367471
vn 0 0 0
v 11.5636 5.90951 -0.0107213 0.391992 0.589898 0.373142
vn -0.00208339 -0.0295464 0.999561
v 11.4428 6.03459 -0.00668065 0.397614 0.594984 0.373945
vn -0.000135195 -0.0303432 0.99954
v 11.5008 8.53113 0.0765243 0.513373 0.699718 0.390482
vn -0.0180624 -0.0272717 0.999465
v 11.4019 8.67869 0.0737397 0.509499 0.696213 0.389928
vn 0.0797019 0.072211 0.9942
v 11.4974 12.112 0.0429683 0.466688 0.65748 0.383813
vn 0.00641039 -0.0177226 0.999822
v 11.4789 14.6636 0.0775248 0.514765 0.700978 0.390681
vn -0.00556703 -0.0112242 0.999922
v 11.4758 17.6494 0.1251 0.580953 0.760862 0.400136
vn -0.00583245 -0.012676 0.999903
v 11.4745 19.4461 0.150883 0.616824 0.793317 0.405261
vn -0.0012452 -0.0114549 0.999934
v 11.4801 21.6603 0.171525 0.645543 0.819301 0.409363
vn 0.000372473 -0.0073555 0.999973
v 11.7497 -24.5229 -0.163274 0.179753 0.397872 0.342822
vn -0.0100709 0.02604 0.99961
v 11.7215 -20.7439 -0.190653 0.16 0.38 0.34
vn 0.0405297 -0.0712287 0.996636
v 11.7661 -20.4363 -0.170637 0.169509 0.388603 0.341358
vn 0.0398394 -0.0705944 0.996709
v 11.6615 -17.5234 -0.194798 0.16 0.38 0.34
vn -0.0067265 0.00316478 0.999972
v 11.6908 -17.3225 -0.180794 0.16 0.38 0.34
vn 0.0527483 -0.07698 0.995636
v 11.7151 -17.1777 -0.170942 0.169084 0.388219 0.341298
vn 0.0503276 -0.0754768 0.995877
v 11.646 -13.0523 -0.0977226 0.270951 0.480384 0.35585
vn -0.0144971 0.0111394 0.999833
v 11.7483 -12.9748 -0.0991149 0.269014 0.478632 0.355573
vn -0.0135711 0.0103852 0.999854
v 11.6886 -9.86654 -0.141872 0.209528 0.424811 0.347075
vn -0.0173689 0.0106304 0.999793
v 11.7933 -9.73142 -0.141788 0.209645 0.424917 0.347092
vn -0.0161364 0.0127054 0.999789
v 11.7452 5.66543 -0.0135833 0.38801 0.586295 0.372573
vn -0.00572921 -0.0243771 0.999686
v 11.6467 5.81597 -0.0131624 0.388596 0.586825 0.372657
vn -0.00831574 -0.0224462 0.999713
v 11.7505 8.34358 0.06967 0.503837 0.69109 0.38912
vn -0.00898029 -0.0335133 0.999398
v 11.6499 8.4261 0.0720262 0.507115 0.694056 0.389588
vn -0.0011643 -0.0380488 0.999275
v 11.6869 11.9772 0.0414347 0.464554 0.655549 0.383508
vn 0.00475788 -0.0161325 0.999859
v 11.6845 14.532 0.0768195 0.513783 0.70009 0.39054
vn -0.00451116 -0.0115372 0.999923
v 11.6741 17.54 0.124751 0.580468 0.760423 0.400067
vn -0.00317663 -0.0146059 0.999888
v 11.6956 19.3402 0.150243 0.615934 0.792512 0.405133
vn -0.000644389 -0.0107411 0.999942
v 11.7424 21.5744 0.169432 0.642631 0.816666 0.408947
vn 0.0255671 0.0524488 0.998296
v 11.6169 21.6395 0.169199 0.642307 0.816373 0.408901
vn 0.0302239 0.0658967 0.997369
v 11.8826 -24.508 -0.166343 0.175483 0.394008 0.342212
vn 0.0044904 0.0481017 0.998832
v 11.8386 -24.1082 -0.139835 0.212361 0.427375 0.34748
vn 0.0301686 -0.0610179 0.997681
v 11.8592 -20.4422 -0.174868 0.163622 0.383277 0.340517
vn 0.0409059 -0.0703176 0.996686
v 11.8756 -17.0932 -0.173049 0.166406 0.385796 0.340915
vn 0.0518571 -0.0713471 0.996103
v 11.8496 -12.8582 -0.0975084 0.271249 0.480654 0.355893
vn -0.0099399 0.014637 0.999843
v 11.9482 -12.7755 -0.0984724 0.269908 0.479441 0.355701
vn -0.01101 0.0150534 0.999826
v 11.8597 -9.6459 -0.141914 0.20947 0.424758 0.347067
vn -0.0144748 0.014358 0.999792
v 11.9554 -9.51794 -0.141914 0.20947 0.424758 0.347067
vn -0.0180519 0.00904806 0.999796
v 11.8994 5.49953 -0.0194338 0.379871 0.578931 0.37141
vn -0.00765024 -0.0258675 0.999636
v 11.8943 8.23568 0.0653862 0.497877 0.685698 0.388268
vn 0.00099437 -0.0390454 0.999237
v 11.8895 11.8719 0.0366946 0.45796 0.649582 0.382566
vn 0.00689723 -0.0181216 0.999812
v 11.9298 14.3788 0.0754092 0.511821 0.698315 0.39026
vn -0.00295295 -0.0112306 0.999933
v 11.8597 14.4538 0.073782 0.509557 0.696266 0.389937
vn 0.047402 0.0659331 0.996697
v 11.9634 17.394 0.123147 0.578236 0.758404 0.399748
vn -0.00895995 -0.0121983 0.999885
v 11.8304 17.4672 0.123565 0.578818 0.758931 0.399831
vn -0.00203578 -0.0154382 0.999879
v 11.9176 19.2377 0.14922 0.61451 0.791224 0.40493
vn -0.00107565 -0.0118009 0.99993
v 11.8853 21.4798 0.170711 0.64441 0.818276 0.409201
vn 0.00346754 -0.00920172 0.999952
v 12.1915 -24.4194 -0.170249 0.170048 0.389091 0.341435
vn -0.0173595 0.0670164 0.997601
v 12.0734 -24.3843 -0.16439 0.1782 0.396467 0.3426
vn 0.0308789 -0.0624526 0.99757
v 12.1616 -20.6487 -0.201881 0.16 0.38 0.34
vn 0.043176 -0.070955 0.996545
v 12.1173 -20.42 -0.183981 0.16 0.38 0.34
vn 0.0413349 -0.0698795 0.996699
v 12.1737 -20.2864 -0.176983 0.160679 0.380615 0.340097
vn 0.04167 -0.0698516 0.996687
v 12.1127 -17.0361 -0.181538 0.16 0.38 0.34
vn 0.0542408 -0.0769871 0.995556
v 12.1829 -16.9557 -0.179307 0.16 0.38 0.34
vn 0.0529155 -0.0721308 0.995991
v 12.0419 -12.6906 -0.0990078 0.269163 0.478767 0.355595
vn -0.0137882 0.0119233 0.999834
v 12.1713 -12.5628 -0.0991149 0.269014 0.478632 0.355573
vn -0.0106988 0.0143163 0.99984
v 12.1007 -9.30248 -0.140806 0.211012 0.426153 0.347287
vn -0.0192796 0.00765103 0.999785
v 12.1987 -9.15217 -0.14002 0.212105 0.427142 0.347444
vn -0.016997 0.0104982 0.9998
v 12.1782 5.15515 -0.0283989 0.367398 0.567646 0.369628
vn -0.00475534 -0.0351516 0.999371
v 12.0506 5.31764 -0.0243583 0.373019 0.572732 0.370431
vn -0.0107728 -0.0264133 0.999593
v 12.0783 8.12458 0.0577466 0.487248 0.676082 0.38675
vn 0.000881706 -0.0338643 0.999426
v 12.1244 11.7312 0.0321713 0.451666 0.643889 0.381667
vn 0.0109771 -0.0219694 0.999698
v 12.1922 14.1757 0.0760602 0.512727 0.699134 0.39039
vn 0.000423876 -0.0145319 0.999894
v 12.081 14.2732 0.0750838 0.511369 0.697905 0.390196
vn -0.00833304 -0.00696605 0.999941
v 12.1261 17.2965 0.123007 0.578042 0.758228 0.39972
vn -0.0100581 -0.0113667 0.999885
v 12.1391 19.1417 0.147685 0.612375 0.789291 0.404625
vn -0.000223473 -0.0116904 0.999932
v 12.1821 21.3867 0.167804 0.640366 0.814617 0.408624
vn 0.00405353 -0.00962426 0.999945
v 12.0767 21.4625 0.166641 0.638748 0.813153 0.408393
vn 0.0304827 0.0628312 0.997559
v 12.3085 -24.3499 -0.169552 0.171019 0.389969 0.341574
vn -0.0425798 0.0479669 0.997941
v 12.38 -24.1909 -0.161879 0.181694 0.399628 0.343099
vn 0.0311932 -0.0620124 0.997588
v 12.3346 -20.1394 -0.173566 0.165434 0.384916 0.340776
vn 0.0428699 -0.069581 0.996655
v 12.3059 -16.8965 -0.181662 0.162252 0.382038 0.340322
vn 0.0565423 -0.0749776 0.995581
v 12.2977 -12.4508 -0.1004 0.267226 0.477014 0.355318
vn -0.00822633 0.0169626 0.999822
v 12.2636 -9.06623 -0.140651 0.211227 0.426348 0.347318
vn -0.0173446 0.0106492 0.999793
v 12.3471 -8.94401 -0.140778 0.211051 0.426189 0.347293
vn -0.0189248 0.00840126 0.999786
v 12.3553 4.90294 -0.0331128 0.36084 0.561712 0.368691
vn -0.0209659 -0.0188145 0.999603
v 12.2737 5.05043 -0.0326919 0.361425 0.562242 0.368775
vn -0.0192943 -0.0201153 0.999611
v 12.3346 7.91795 0.0500713 0.47657 0.66642 0.385224
vn 0.000241839 -0.0311248 0.999515
v 12.2269 8.03027 0.0516777 0.478805 0.668442 0.385544
vn 0.0806335 0.0630456 0.994748
v 12.2918 11.65 0.0274002 0.445029 0.637883 0.380718
vn 0.0169486 -0.0245306 0.999555
v 12.3245 14.1282 0.0726429 0.507973 0.694832 0.38971
vn 0.0500186 0.0658466 0.996575
v 12.2987 17.1506 0.125239 0.581147 0.761038 0.400164
vn -0.0121677 -0.00797578 0.999894
v 12.3163 19.0823 0.145382 0.609172 0.786393 0.404167
vn 0.0029775 -0.00848205 0.99996
v 12.3322 21.3376 0.166351 0.638344 0.812787 0.408335
vn 0.00397256 -0.0087531 0.999954
v 12.5861 -25.4067 -0.0867836 0.28617 0.494154 0.358024
vn -0.0382083 0.0545102 0.997782
v 12.5076 -24.1435 -0.162995 0.180141 0.398223 0.342877
vn 0.0315577 -0.0604472 0.997672
v 12.4737 -20.0321 -0.172101 0.167471 0.38676 0.341067
vn 0.0427223 -0.0686761 0.996724
v 12.554 -19.9415 -0.169335 0.17132 0.390242 0.341617
vn 0.0434751 -0.0667175 0.996824
v 12.492 -16.6538 -0.17401 0.164817 0.384358 0.340688
vn 0.0530164 -0.070932 0.996071
v 12.4632 -12.2774 -0.1004 0.267226 0.477014 0.355318
vn -0.00996051 0.0164363 0.999815
v 12.4104 -8.82617 -0.139262 0.213159 0.428096 0.347594
vn -0.0228839 4.40412e-05 0.999738
v 12.4836 -8.68884 -0.137663 0.215384 0.430109 0.347912
vn -0.0180895 0.00824211 0.999802
v 12.5754 -8.55176 -0.138252 0.214564 0.429368 0.347795
vn -0.0159366 0.0121101 0.9998
v 12.5736 4.51915 -0.0361012 0.356682 0.55795 0.368097
vn -0.0196633 -0.0223377 0.999557
v 12.4771 4.68115 -0.034123 0.359434 0.56044 0.368491
vn -0.022887 -0.0166486 0.999599
v 12.5353 7.70067 0.0471083 0.472448 0.662691 0.384635
vn -0.00307987 -0.0287412 0.999582
v 12.4356 7.8182 0.0480365 0.473739 0.663859 0.38482
vn -0.00877305 -0.021745 0.999725
v 12.4906 11.5524 0.0215757 0.436925 0.630551 0.379561
vn 0.00762613 -0.0191084 0.999788
v 12.4777 14.0243 0.0717478 0.506727 0.693706 0.389532
vn 0.00530255 -0.0170104 0.999841
v 12.5449 16.9733 0.126355 0.5827 0.762443 0.400386
vn 0.0378375 0.0583236 0.99758
v 12.4594 17.0503 0.1251 0.580953 0.760862 0.400136
vn -0.000816417 -0.0126373 0.99992
v 12.5096 18.9283 0.147685 0.612375 0.789292 0.404625
vn -0.00384837 -0.0124338 0.999915
v 12.4252 19.0263 0.144999 0.608638 0.78591 0.404091
vn -0.00616834 -0.00406694 0.999973
v 12.524 21.2769 0.164316 0.635513 0.810226 0.40793
vn 0.00204014 -0.00497004 0.999986
v 12.6824 -24.0886 -0.165227 0.177036 0.395413 0.342434
vn -0.039621 0.0558703 0.997652
v 12.6784 -19.9995 -0.178773 0.16 0.38 0.34
vn 0.0438088 -0.0690783 0.996649
v 12.7161 -16.5423 -0.178564 0.161826 0.381652 0.340261
vn 0.0570071 -0.0733429 0.995676
v 12.7869 -16.191 -0.157001 0.18848 0.405768 0.344069
vn 0.0573837 -0.0723913 0.995724
v 12.6631 -12.0774 -0.101578 0.265587 0.475531 0.355084
vn -0.0157041 0.0122529 0.999802
v 12.7528 -11.9498 -0.0995434 0.268418 0.478092 0.355488
vn -0.0179512 0.00841219 0.999803
v 12.6341 -8.46169 -0.138631 0.214037 0.428891 0.34772
vn -0.015902 0.012966 0.999789
v 12.7262 -8.31964 -0.139389 0.212983 0.427937 0.347569
vn -0.0183203 0.0094473 0.999788
v 12.7381 4.15517 -0.0357224 0.357209 0.558427 0.368173
vn 0.11569 0.0505556 0.991998
v 12.6654 4.32401 -0.0361432 0.356624 0.557898 0.368089
vn -0.0160753 -0.0221327 0.999626
v 12.7376 7.54227 0.0396829 0.462117 0.653344 0.38316
vn -0.00215252 -0.0281646 0.999601
v 12.6456 7.62133 0.0426816 0.466289 0.657119 0.383756
vn 0.00853 -0.0359394 0.999318
v 12.7253 11.3629 0.019407 0.433908 0.627822 0.37913
vn 0.00671152 -0.0199133 0.999779
v 12.6303 11.437 0.0205223 0.43546 0.629225 0.379351
vn -0.000675262 -0.0122756 0.999924
v 12.6822 13.9334 0.0672727 0.500501 0.688073 0.388643
vn 0.00497305 -0.015624 0.999866
v 12.6838 16.9088 0.124774 0.5805 0.760453 0.400071
vn -0.00502396 -0.0101026 0.999936
v 12.6731 18.8486 0.146725 0.61104 0.788084 0.404434
vn -0.00650428 -0.00698063 0.999954
v 12.7528 21.1502 0.164548 0.635836 0.810519 0.407977
vn 0.00317532 -0.00836759 0.99996
v 12.6491 21.2195 0.163851 0.634866 0.809641 0.407838
vn 0.0278483 0.0521146 0.998253
v 12.8856 -23.9423 -0.162855 0.180335 0.398398 0.342905
vn 0.031549 -0.059565 0.997726
v 12.8275 -20.0151 -0.186422 0.16 0.38 0.34
vn 0.0444416 -0.070828 0.996498
v 12.9565 -19.9265 -0.186096 0.16 0.38 0.34
vn 0.0441855 -0.065892 0.996848
v 12.8435 -16.4264 -0.177449 0.160533 0.380482 0.340076
vn 0.0584519 -0.0726736 0.995641
v 12.8014 -16.1127 -0.152168 0.195204 0.411851 0.345029
vn 0.0540844 -0.070162 0.996068
v 12.8395 -11.8577 -0.0999717 0.267822 0.477553 0.355403
vn -0.0150545 0.0130357 0.999802
v 12.9532 -11.7329 -0.1004 0.267226 0.477014 0.355318
vn -0.0133671 0.0140222 0.999812
v 12.8404 -8.10508 -0.138252 0.214564 0.429368 0.347795
vn -0.019162 0.00591845 0.999799
v 12.9418 -7.88192 -0.135685 0.218136 0.432599 0.348305
vn -0.0221005 -0.0016219 0.999754
v 12.9679 3.72857 -0.0416149 0.349011 0.55101 0.367002
vn -0.0111284 -0.0256857 0.999608
v 12.8855 3.87965 -0.0391737 0.352407 0.554083 0.367487
vn -0.0151467 -0.0161852 0.999754
v 12.8074 4.05933 -0.0389211 0.352759 0.554401 0.367537
vn -0.014211 -0.0200378 0.999698
v 12.9534 7.3165 0.0347564 0.455263 0.647143 0.38218
vn -0.00326711 -0.0280374 0.999602
v 12.856 7.43667 0.0359345 0.456902 0.648626 0.382415
vn 0.0825565 0.0572127 0.994943
v 12.886 11.2666 0.0154104 0.428348 0.622791 0.378335
vn 0.0122206 -0.0223035 0.999677
v 12.9421 13.775 0.0640182 0.495974 0.683976 0.387996
vn 0.00854538 -0.0180711 0.9998
v 12.8598 13.8369 0.0643436 0.496426 0.684386 0.388061
vn 0.0512122 0.0628101 0.996711
v 12.9743 16.736 0.123426 0.578624 0.758755 0.399803
vn 0.00227194 -0.0142454 0.999896
v 12.8411 16.8099 0.124402 0.579983 0.759984 0.399998
vn -0.00249051 -0.0119951 0.999925
v 12.9053 18.6855 0.147941 0.612731 0.789614 0.404676
vn -0.00641993 -0.00882172 0.99994
v 12.9032 21.1433 0.160711 0.630498 0.805689 0.407214
vn 0.0281752 0.051722 0.998264
v 13.0773 -23.8795 -0.165366 0.176841 0.395237 0.342406
vn -0.0261895 0.0514839 0.99833
v 13.1409 -23.7148 -0.157414 0.187905 0.405248 0.343986
vn 0.0320435 -0.0594632 0.997716
v 13.1477 -19.9316 -0.195046 0.16 0.38 0.34
vn 0.045546 -0.0716218 0.996391
v 13.0649 -16.2161 -0.175218 0.163135 0.382837 0.340448
vn 0.0590526 -0.0717291 0.995675
v 13.1523 -16.1643 -0.176705 0.161066 0.380965 0.340152
vn 0.0595517 -0.0716837 0.995648
v 13.1924 -15.899 -0.160161 0.184083 0.40179 0.34344
vn 0.0594891 -0.0709529 0.995704
v 13.0184 -11.6567 -0.1004 0.267226 0.477014 0.355318
vn -0.0141104 0.0132679 0.999812
v 13.1232 -11.5295 -0.100257 0.267425 0.477194 0.355346
vn -0.0173808 0.00963062 0.999803
v 13.0401 -7.65879 -0.133328 0.221415 0.435566 0.348774
vn -0.0207623 0.00102576 0.999784
v 13.1144 -7.49566 -0.132191 0.222996 0.436997 0.348999
vn -0.0197596 0.00327698 0.999799
v 13.1697 -7.38542 -0.132191 0.222996 0.436997 0.348999
vn -0.0209735 0.00140478 0.999779
v 13.1235 3.45374 -0.0475074 0.340813 0.543593 0.36583
vn -0.0120614 -0.0252674 0.999608
v 13.0402 3.60627 -0.044477 0.345029 0.547407 0.366433
vn -0.0105851 -0.0270114 0.999579
v 13.1448 7.11592 0.0298299 0.448409 0.640941 0.381201
vn -0.00713904 -0.0248342 0.999666
v 13.0343 7.23045 0.0328287 0.452581 0.644716 0.381797
vn -0.00386291 -0.0286449 0.999582
v 13.1148 11.1291 0.00943103 0.420029 0.615264 0.377147
vn 0.002487 -0.0175501 0.999843
v 13.0983 13.6999 0.0606009 0.491219 0.679675 0.387317
vn 0.00521415 -0.012861 0.999904
v 13.1261 16.6552 0.12203 0.576683 0.756999 0.399526
vn 0.00487181 -0.0142522 0.999887
v 13.1185 18.5656 0.147237 0.611752 0.788728 0.404536
vn -0.00120289 -0.0112015 0.999937
v 13.1779 20.993 0.160595 0.630336 0.805542 0.407191
vn 0.00247356 -0.0068422 0.999974
v 13.0771 21.0906 0.158502 0.627424 0.802908 0.406775
vn 0.0383438 0.0699787 0.996811
v 13.2938 -23.7118 -0.162436 0.180918 0.398925 0.342988
vn 0.0341253 -0.0606009 0.997579
v 13.248 -19.8694 -0.195372 0.16 0.38 0.34
vn 0.0451185 -0.0670457 0.996729
v 13.3278 -19.7769 -0.192768 0.16 0.38 0.34
vn 0.0448467 -0.0661234 0.996803
v 13.2294 -16.0947 -0.176333 0.161584 0.381433 0.340226
vn 0.0614088 -0.0715823 0.995543
v 13.3329 -15.902 -0.168898 0.171929 0.390793 0.341704
vn 0.0617417 -0.07131 0.995541
v 13.3576 -15.7806 -0.161834 0.181756 0.399684 0.343108
vn 0.0607072 -0.0692672 0.995749
v 13.3149 -11.2746 -0.0989245 0.269279 0.478871 0.355611
vn -0.017893 0.00954254 0.999794
v 13.2178 -7.27399 -0.131434 0.22405 0.43795 0.34915
vn -0.022156 -0.000157059 0.999755
v 13.2818 -7.10439 -0.129498 0.226744 0.440387 0.349535
vn -0.0219787 -0.000770477 0.999758
v 13.3575 -6.89889 -0.127309 0.229789 0.443142 0.34997
vn -0.02394 -0.0064528 0.999693
v 13.3963 2.94865 -0.0591241 0.324651 0.52897 0.363522
vn -0.0158126 -0.0277122 0.999491
v 13.3114 3.09893 -0.0549151 0.330507 0.534268 0.364358
vn -0.0135533 -0.0296862 0.999467
v 13.2271 3.2696 -0.0518846 0.334723 0.538083 0.36496
vn -0.0158289 -0.021276 0.999648
v 13.3162 6.90512 0.0267598 0.444138 0.637077 0.380591
vn -0.00822485 -0.0234045 0.999692
v 13.3263 10.9373 0.007789 0.417744 0.613197 0.376821
vn 0.000950376 -0.0158749 0.999874
v 13.298 13.552 0.059299 0.489408 0.678036 0.387058
vn 0.0114978 -0.0200635 0.999733
v 13.3118 16.5266 0.121891 0.576489 0.756823 0.399498
vn 0.0408332 0.0568132 0.997549
v 13.2958 18.5063 0.144359 0.607748 0.785105 0.403964
vn 0.00313069 -0.0112927 0.999931
v 13.3097 20.9549 0.158734 0.627748 0.8032 0.406821
vn 0.038323 0.0655785 0.997111
v 13.4764 -23.6683 -0.166064 0.175871 0.394359 0.342267
vn -0.0241959 0.0491688 0.998497
v 13.5721 -23.563 -0.162995 0.180141 0.398223 0.342877
vn 0.035157 -0.0606703 0.997539
v 13.4742 -19.7128 -0.195209 0.16 0.38 0.34
vn 0.0475553 -0.0671701 0.996608
v 13.5357 -19.4633 -0.181377 0.16 0.38 0.34
vn 0.044676 -0.0655699 0.996847
v 13.4947 -15.7321 -0.166853 0.174773 0.393366 0.34211
vn 0.0612142 -0.0692027 0.995723
v 13.4569 -11.0777 -0.0978297 0.270802 0.480249 0.355829
vn -0.0161476 0.0124017 0.999793
v 13.4228 -6.68882 -0.12411 0.234239 0.447169 0.350606
vn -0.0220709 -0.00184973 0.999755
v 13.4782 -6.54326 -0.123352 0.235293 0.448123 0.350756
vn -0.0224962 -0.0043782 0.999737
v 13.5378 -6.33142 -0.120154 0.239744 0.452149 0.351392
vn -0.0229773 -0.00454384 0.999726
v 13.5915 -6.17161 -0.119059 0.241266 0.453526 0.351609
vn -0.0235588 -0.00484346 0.999711
v 13.5406 2.66944 -0.0660829 0.31497 0.520211 0.362139
vn -0.0176184 -0.0271899 0.999475
v 13.455 2.84562 -0.0622387 0.320318 0.52505 0.362903
vn -0.0150212 -0.0326715 0.999353
v 13.5532 6.57185 0.0240467 0.440363 0.633662 0.380052
vn -0.0113227 -0.0231158 0.999669
v 13.4807 6.69657 0.0237254 0.439916 0.633257 0.379988
vn -0.0134248 -0.0176904 0.999753
v 13.5741 10.7512 0.002863 0.410891 0.606997 0.375842
vn 0.00730596 -0.0200261 0.999773
v 13.4778 10.8311 0.00435005 0.41296 0.608869 0.376137
vn 0.00526159 -0.0203442 0.999779
v 13.551 13.5017 0.0488844 0.474919 0.664926 0.384988
vn 0.0534701 0.0626052 0.996605
v 13.5185 16.4589 0.117287 0.570084 0.751028 0.398583
vn 0.000652913 -0.0125784 0.999921
v 13.5523 18.3801 0.142184 0.604723 0.782368 0.403532
vn -0.00192167 -0.00383702 0.999991
v 13.4547 18.4512 0.141801 0.604189 0.781885 0.403456
vn 0.0029908 -0.00895493 0.999955
v 13.561 20.768 0.160827 0.63066 0.805835 0.407237
vn -0.00451344 -0.00214808 0.999988
v 13.443 20.8391 0.160711 0.630498 0.805689 0.407214
vn -0.00306244 -0.00589848 0.999978
v 13.6081 -23.4454 -0.157135 0.188293 0.405599 0.344042
vn 0.034208 -0.060046 0.997609
v 13.7155 -23.3664 -0.156159 0.189652 0.406828 0.344236
vn 0.0355232 -0.059295 0.997608
v 13.7269 -19.3039 -0.179831 0.160679 0.380615 0.340097
vn 0.048023 -0.0669693 0.996599
v 13.6197 -15.6638 -0.169827 0.170635 0.389622 0.341519
vn 0.0632345 -0.0707694 0.995486
v 13.7017 -15.4581 -0.160719 0.183308 0.401088 0.34333
vn 0.0607932 -0.0664071 0.995939
v 13.6015 -10.9035 -0.0988293 0.269411 0.478991 0.35563
vn -0.0146753 0.0138795 0.999796
v 13.7466 -10.7107 -0.0990435 0.269113 0.478722 0.355588
vn -0.0181004 0.00875193 0.999798
v 13.6176 -6.07556 -0.117797 0.243023 0.455116 0.35186
vn -0.0247957 -0.00841417 0.999657
v 13.6655 -5.8829 -0.115019 0.246888 0.458613 0.352413
vn -0.0211315 0.00593627 0.999759
v 13.7615 -5.66181 -0.117207 0.243843 0.455858 0.351978
vn -0.023855 0.00372414 0.999708
v 13.799 -5.52793 -0.116281 0.245131 0.457023 0.352162
vn -0.0219847 0.0108408 0.9997
v 13.7541 2.1768 -0.0754548 0.301931 0.508414 0.360276
vn -0.0140024 -0.0331995 0.999351
v 13.6865 2.32942 -0.0720876 0.306616 0.512652 0.360945
vn -0.0210274 -0.0242717 0.999484
v 13.6246 2.48133 -0.0696464 0.310012 0.515725 0.36143
vn -0.0204825 -0.0227911 0.99953
v 13.7299 6.31034 0.0219048 0.437383 0.630966 0.379626
vn -0.014476 -0.024282 0.9996
v 13.6323 6.46625 0.0225473 0.438277 0.631774 0.379754
vn -0.0154835 -0.0186487 0.999706
v 13.6932 10.6729 -0.000390075 0.406365 0.602902 0.375195
vn -0.000939404 -0.015864 0.999874
v 13.7054 13.3676 0.0487218 0.474692 0.664722 0.384956
vn 0.0124317 -0.0215462 0.999691
v 13.6343 13.4416 0.0480708 0.473787 0.663902 0.384827
vn 0.0534264 0.0601615 0.996758
v 13.6816 16.3613 0.116031 0.568337 0.749448 0.398334
vn 0.00693172 -0.0169028 0.999833
v 13.6538 18.2781 0.144039 0.607303 0.784703 0.4039
vn -0.00161825 -0.0110138 0.999938
v 13.6669 20.6939 0.161409 0.631469 0.806567 0.407353
vn -0.0058085 -0.00408579 0.999975
v 13.9282 -23.3679 -0.163832 0.178977 0.397169 0.342711
vn 0.0359329 -0.0606783 0.99751
v 13.9352 -19.2252 -0.184632 0.16 0.38 0.34
vn 0.0483219 -0.0667887 0.996596
v 13.8181 -19.1973 -0.177146 0.160453 0.38041 0.340065
vn 0.0473781 -0.0640597 0.996821
v 13.8922 -15.2669 -0.159696 0.18473 0.402375 0.343533
vn 0.0638955 -0.0682721 0.995619
v 13.9689 -15.0558 -0.150309 0.19779 0.414191 0.345399
vn 0.0615005 -0.0659886 0.995923
v 13.8918 -13.7453 -0.0588518 0.32503 0.529313 0.363576
vn 0.0180088 -0.0163572 0.999704
v 13.882 -10.4947 -0.09733 0.271497 0.480879 0.355928
vn -0.0187099 0.00805713 0.999792
v 13.9715 -10.3749 -0.0978297 0.270802 0.48025 0.355829
vn -0.0169764 0.00988543 0.999807
v 13.8318 -5.4168 -0.115861 0.245717 0.457553 0.352245
vn 0.118239 -0.0371258 0.992291
v 13.8866 -5.3076 -0.118302 0.24232 0.45448 0.35176
vn -0.023127 0.00981183 0.999684
v 13.9255 -5.13081 -0.116492 0.244838 0.456758 0.35212
vn -0.0250469 0.00187445 0.999685
v 13.9567 -4.97599 -0.114766 0.247239 0.458931 0.352463
vn 0.121165 -0.0339372 0.992052
v 13.9901 1.28263 -0.0802529 0.295256 0.502374 0.359322
vn -0.0220833 -0.00510236 0.999743
v 13.9645 1.47972 -0.0818103 0.293089 0.500414 0.359013
vn -0.022862 -0.0108269 0.99968
v 13.8941 1.71147 -0.0791025 0.296856 0.503822 0.359551
vn -0.0223753 -0.0105071 0.999694
v 13.8613 1.90187 -0.0803792 0.29508 0.502215 0.359297
vn -0.0238753 -0.0115502 0.999648
v 13.8084 2.07253 -0.0789062 0.29713 0.50407 0.35959
vn -0.0190957 -0.0294379 0.999384
v 13.9506 5.922 0.021405 0.436688 0.630337 0.379527
vn -0.0214611 -0.0181907 0.999604
v 13.8712 6.0683 0.021405 0.436688 0.630337 0.379527
vn -0.0232537 -0.0145059 0.999624
v 13.807 6.20304 0.0204055 0.435297 0.629078 0.379328
vn 0.0878074 0.0492088 0.994921
v 13.8752 10.4873 -0.00147438 0.404857 0.601537 0.37498
vn -0.00134106 -0.0135409 0.999907
v 13.903 13.2467 0.0451959 0.469787 0.660283 0.384255
vn 0.000381216 -0.0135142 0.999909
v 13.8864 16.284 0.111776 0.562417 0.744092 0.397488
vn 0.00699952 -0.0193948 0.999787
v 13.8797 18.1727 0.141545 0.603833 0.781563 0.403405
vn 0.00328462 -0.0108201 0.999936
v 13.9363 20.5387 0.16106 0.630983 0.806128 0.407283
vn 0.000300546 -0.00667762 0.999978
v 13.8378 20.6335 0.159316 0.628557 0.803932 0.406937
vn 0.0358897 0.059933 0.997557
v 14.0916 -23.246 -0.162436 0.180918 0.398925 0.342988
vn 0.0358494 -0.0591354 0.997606
v 14.0543 -19.091 -0.181621 0.16 0.38 0.34
vn 0.0498476 -0.0659129 0.99658
v 14.1663 -18.948 -0.177797 0.160226 0.380205 0.340032
vn 0.0500449 -0.0654332 0.996601
v 14.0836 -14.918 -0.148512 0.20029 0.416453 0.345756
vn 0.0644199 -0.0657002 0.995758
v 14.0351 -10.268 -0.096973 0.271994 0.481328 0.355999
vn -0.0187495 0.00830917 0.99979
v 14.1352 -10.101 -0.095902 0.273484 0.482676 0.356212
vn -0.0186194 0.00967895 0.99978
v 14.0109 -4.87847 -0.118049 0.242672 0.454798 0.35181
vn -0.0269038 0.00140589 0.999637
v 14.0464 -4.69053 -0.116197 0.245248 0.457129 0.352178
vn -0.0256135 0.00982834 0.999624
v 14.128 -4.46254 -0.119144 0.241149 0.453421 0.351593
vn -0.0308079 0.00425299 0.999516
v 14.1655 -4.28483 -0.118554 0.241969 0.454162 0.35171
vn -0.0329692 0.00260975 0.999453
v 14.1827 -4.19089 -0.118049 0.242672 0.454798 0.35181
vn -0.0315997 0.00684738 0.999477
v 14.184 0.532703 -0.0899335 0.281788 0.490189 0.357398
vn -0.0229501 -0.0173029 0.999587
v 14.1469 0.69604 -0.0879974 0.284481 0.492626 0.357783
vn -0.0224542 -0.0172252 0.999599
v 14.096 0.886919 -0.0851354 0.288463 0.496228 0.358352
vn -0.0216604 -0.0187193 0.99959
v 14.032 1.13117 -0.0821049 0.292679 0.500043 0.358954
vn -0.0221134 -0.0153706 0.999637
v 14.1692 5.53631 0.0195487 0.434105 0.628 0.379158
vn -0.0193819 -0.0216926 0.999577
v 14.0968 5.69287 0.018906 0.433211 0.627191 0.37903
vn -0.0215905 -0.0168133 0.999626
v 14.0315 5.81905 0.0189061 0.433211 0.627191 0.37903
vn 0.0950025 0.0504727 0.994197
v 14.1515 10.1974 -0.0032713 0.402357 0.599275 0.374622
vn 0.0688963 0.0576038 0.995959
v 14.0742 10.3126 -0.00475842 0.400288 0.597403 0.374327
vn 0.00935551 -0.0217327 0.99972
v 14.0693 13.0971 0.0449247 0.46941 0.659942 0.384201
vn 0.0040585 -0.0179148 0.999831
v 14.1517 16.1599 0.107382 0.556303 0.73856 0.396615
vn 0.00639323 -0.0204276 0.999771
v 14.0501 16.2132 0.108777 0.558244 0.740316 0.396892
vn 0.00582728 -0.0200002 0.999783
v 14.1084 18.0719 0.138539 0.599651 0.777779 0.402807
vn 0.00670832 -0.0110743 0.999916
v 14.0976 20.4675 0.159665 0.629042 0.804371 0.407006
vn 0.00626273 -0.00965186 0.999934
v 14.307 -23.1231 -0.162995 0.180141 0.398223 0.342877
vn 0.0376172 -0.0598183 0.9975
v 14.2522 -22.6984 -0.13579 0.21799 0.432467 0.348284
vn 0.0369135 -0.0581472 0.997625
v 14.2252 -18.8329 -0.173241 0.165886 0.385326 0.340841
vn 0.0485199 -0.0639788 0.996771
v 14.2964 -18.6736 -0.166515 0.175244 0.393792 0.342178
vn 0.0495499 -0.0634777 0.996752
v 14.2805 -14.7107 -0.147707 0.201411 0.417467 0.345916
vn 0.0655102 -0.0652697 0.995715
v 14.2663 -9.8973 -0.0957592 0.273683 0.482856 0.35624
vn -0.0199156 0.00622362 0.999782
v 14.363 -9.74171 -0.0955807 0.273931 0.48308 0.356276
vn -0.0165878 0.010653 0.999806
v 14.2031 -4.09771 -0.118049 0.242672 0.454798 0.35181
vn -0.0270846 0.0173244 0.999483
v 14.2591 -3.92548 -0.120575 0.239158 0.451619 0.351308
vn -0.0307885 0.00929595 0.999483
v 14.2923 -3.70908 -0.11948 0.240681 0.452997 0.351526
vn -0.0303869 0.00509089 0.999525
v 14.3282 -3.46765 -0.118639 0.241852 0.454056 0.351693
vn -0.0312682 -0.00376595 0.999504
v 14.3284 -3.31362 -0.115524 0.246185 0.457977 0.352312
vn -0.0306593 -0.0168621 0.999388
v 14.3249 -3.14262 -0.111862 0.251279 0.462586 0.35304
vn -0.0299333 -0.0143512 0.999449
v 14.3232 -2.92609 -0.107948 0.256725 0.467513 0.353818
vn -0.0281127 -0.0120858 0.999532
v 14.3195 -2.69495 -0.103991 0.26223 0.472493 0.354604
vn -0.0262268 -0.00810212 0.999623
v 14.3302 -2.48403 -0.102602 0.264162 0.474242 0.35488
vn -0.0250052 -9.29594e-05 0.999687
v 14.3495 -2.27041 -0.102687 0.264045 0.474136 0.354864
vn -0.024528 0.00442901 0.999689
v 14.3683 -2.09257 -0.103402 0.263049 0.473235 0.354721
vn -0.0240772 0.00435829 0.999701
v 14.3676 -1.93818 -0.102139 0.264806 0.474825 0.354972
vn -0.023574 -0.000340536 0.999722
v 14.3852 -1.7116 -0.103023 0.263576 0.473712 0.354797
vn -0.0234246 0.00416165 0.999717
v 14.3895 -1.50814 -0.102771 0.263928 0.47403 0.354847
vn -0.0226409 0.00142077 0.999743
v 14.397 -1.28199 -0.103276 0.263225 0.473394 0.354746
vn -0.0229465 -0.00852176 0.9997
v 14.3784 -1.11544 -0.100877 0.266563 0.476414 0.355223
vn -0.0235232 -0.00551629 0.999708
v 14.3835 -0.948736 -0.101761 0.265333 0.475301 0.355048
vn -0.0257718 0.00130977 0.999667
v 14.3786 -0.721499 -0.101887 0.265158 0.475143 0.355023
vn -0.0265665 -0.0057596 0.99963
v 14.3754 -0.50867 -0.102602 0.264162 0.474242 0.35488
vn -0.0281051 -0.00788278 0.999574
v 14.3519 -0.282758 -0.101256 0.266036 0.475937 0.355148
vn -0.0284748 -0.0115339 0.999528
v 14.3135 -0.0721425 -0.0983514 0.270076 0.479593 0.355725
vn -0.0270131 -0.0158738 0.999509
v 14.2832 0.0921679 -0.0963311 0.272887 0.482136 0.356127
vn -0.0264045 -0.0140571 0.999552
v 14.2417 0.310713 -0.093918 0.276244 0.485173 0.356606
vn -0.0256664 -0.0152532 0.999554
v 14.2099 0.442464 -0.0917855 0.279211 0.487858 0.35703
vn -0.0243659 -0.0160127 0.999575
v 14.3426 5.31238 0.0133013 0.425413 0.620136 0.377916
vn -0.0117524 -0.0300573 0.999479
v 14.253 5.42939 0.0165499 0.429933 0.624225 0.378562
vn -0.0158428 -0.0250164 0.999561
v 14.38 9.99059 -0.0073608 0.396667 0.594128 0.37381
vn 0.0679755 0.0554257 0.996146
v 14.2794 10.1055 -0.0069271 0.397271 0.594673 0.373896
vn 0.0712758 0.0596363 0.995672
v 14.3079 12.9491 0.0402597 0.462919 0.65407 0.383274
vn 0.00346887 -0.0192097 0.999809
v 14.3113 16.0867 0.104522 0.552324 0.73496 0.396046
vn 0.00544103 -0.0202107 0.999781
v 14.3283 17.9268 0.138006 0.598909 0.777108 0.402701
vn 0.000351164 -0.00703708 0.999975
v 14.32 20.3623 0.157979 0.626696 0.802249 0.406671
vn 0.00634609 -0.00430186 0.999971
v 14.5209 -22.88 -0.156577 0.18907 0.406301 0.344153
vn 0.0378012 -0.0592968 0.997524
v 14.4771 -18.657 -0.174542 0.164075 0.383687 0.340582
vn 0.0504907 -0.0639793 0.996673
v 14.5467 -18.2436 -0.15176 0.195771 0.412364 0.34511
vn 0.0511901 -0.063178 0.996689
v 14.4921 -18.0618 -0.13744 0.215694 0.43039 0.347956
vn 0.0510833 -0.0614492 0.996802
v 14.4345 -14.4883 -0.143431 0.207359 0.422849 0.346766
vn 0.0668615 -0.0646721 0.995664
v 14.5985 -14.279 -0.141014 0.210721 0.425891 0.347246
vn 0.0677003 -0.063897 0.995657
v 14.4258 -9.63482 -0.0952594 0.274378 0.483485 0.35634
vn -0.0172677 0.0103747 0.999797
v 14.4981 -9.51397 -0.0951523 0.274527 0.48362 0.356361
vn -0.0169217 0.0116778 0.999789
v 14.5853 -9.36588 -0.0950452 0.274676 0.483754 0.356382
vn -0.0185338 0.0094416 0.999784
v 14.5627 4.99034 0.0062687 0.415629 0.611284 0.376518
vn -0.0103645 -0.0289746 0.999526
v 14.4809 5.10168 0.0093744 0.41995 0.615193 0.377136
vn -0.0137179 -0.0251863 0.999589
v 14.5723 9.7473 -0.00717495 0.396926 0.594361 0.373847
vn 0 0 0
v 14.4807 9.85476 -0.00671022 0.397572 0.594946 0.373939
vn 0.0672306 0.0546006 0.996242
v 14.5066 12.7772 0.0389579 0.461108 0.652431 0.383015
vn 0.00204643 -0.0173418 0.999848
v 14.4309 12.8518 0.038958 0.461108 0.652431 0.383015
vn -0.00429221 -0.0125462 0.999912
v 14.5333 15.9644 0.101522 0.548151 0.731184 0.39545
vn 0.0435549 0.0527441 0.997658
v 14.4659 16.0033 0.102359 0.549315 0.732238 0.395616
vn 0.00382821 -0.0200677 0.999791
v 14.5789 17.7834 0.136044 0.59618 0.774639 0.402311
vn 0.0085845 -0.0111039 0.999901
v 14.4677 17.8398 0.137324 0.59796 0.776249 0.402566
vn 0.0045004 -0.0115694 0.999923
v 14.5443 20.2603 0.155944 0.623865 0.799688 0.406266
vn 0.00319452 -0.00669365 0.999972
v 14.6866 -22.7638 -0.156019 0.189846 0.407004 0.344264
vn 0.0379198 -0.0569376 0.997657
v 14.6097 -18.6331 -0.17975 0.16 0.38 0.34
vn 0.0515129 -0.0660278 0.996487
v 14.6724 -18.5215 -0.175844 0.162264 0.382048 0.340323
vn 0.0527197 -0.0636349 0.99658
v 14.6975 -18.0421 -0.146879 0.202563 0.418509 0.34608
vn 0.0517319 -0.0606434 0.996818
v 14.7507 -14.146 -0.142966 0.208006 0.423434 0.346858
vn 0.0683218 -0.0630771 0.995667
v 14.6459 -9.25779 -0.0948311 0.274974 0.484024 0.356425
vn -0.0179233 0.00974098 0.999792
v 14.7597 -9.07789 -0.095902 0.273484 0.482676 0.356212
vn -0.0167719 0.0104357 0.999805
v 14.7417 4.66793 0.00227038 0.410067 0.606251 0.375724
vn -0.0122519 -0.0233329 0.999653
v 14.6399 4.86378 0.00412672 0.412649 0.608587 0.376093
vn -0.0158472 -0.0165798 0.999737
v 14.7439 9.5716 -0.00977745 0.393305 0.591086 0.373329
vn 0.0742797 0.0562129 0.995652
v 14.6568 9.65855 -0.0082903 0.395374 0.592958 0.373625
vn 0.0682669 0.0513157 0.996346
v 14.6655 12.7029 0.034076 0.454316 0.646286 0.382045
vn 0.0565204 0.0554061 0.996863
v 14.6847 15.9063 0.0979876 0.543234 0.726735 0.394748
vn 0.00144482 -0.01874 0.999823
v 14.6852 17.72 0.135277 0.595113 0.773673 0.402159
vn 0.00510139 -0.0181953 0.999821
v 14.6981 20.1697 0.155479 0.623218 0.799102 0.406174
vn 0.00376229 -0.00796656 0.999961
v 14.9062 -22.7298 -0.162437 0.180918 0.398925 0.342988
vn 0.0385239 -0.0586935 0.997532
v 14.934 -18.0598 -0.160385 0.183772 0.401508 0.343396
vn 0.0527475 -0.0631379 0.99661
v 14.9979 -17.9506 -0.156968 0.188526 0.405809 0.344075
vn 0.051987 -0.0600722 0.996839
v 14.8473 -14.0094 -0.141015 0.210721 0.42589 0.347246
vn 0.068643 -0.0614699 0.995746
v 14.9402 -13.9627 -0.144546 0.205807 0.421445 0.346544
vn 0.0686845 -0.0612917 0.995754
v 14.8551 -8.89082 -0.0951523 0.274527 0.48362 0.356361
vn -0.0212351 0.000508502 0.999774
v 14.9277 -8.71367 -0.0930461 0.277457 0.486271 0.35678
vn -0.0214581 -0.000342862 0.99977
v 14.9385 4.31765 -0.00337012 0.402219 0.599151 0.374603
vn -0.0143105 -0.0222281 0.99965
v 14.84 4.50636 -0.000942633 0.405597 0.602206 0.375085
vn -0.0123501 -0.0241146 0.999633
v 14.9548 9.34705 -0.0129375 0.388909 0.587108 0.372701
vn 0.0745431 0.0554532 0.995675
v 14.8503 9.44086 -0.0103351 0.392529 0.590384 0.373218
vn 0.0731414 0.0545292 0.99583
v 14.9086 12.5055 0.031147 0.450241 0.642599 0.381463
vn 0.00512872 -0.0194465 0.999798
v 14.8114 12.6002 0.0314725 0.450694 0.643009 0.381528
vn 0.0552235 0.0532308 0.997054
v 14.8843 15.7542 0.0972668 0.542231 0.725828 0.394604
vn 0.00437476 -0.018804 0.999814
v 14.9501 17.5935 0.131567 0.589952 0.769004 0.401422
vn 0.00569812 -0.0191636 0.9998
v 14.8175 17.691 0.131695 0.59013 0.769165 0.401447
vn 0.0128001 -0.00781247 0.999888
v 14.8856 20.1294 0.151409 0.617556 0.793979 0.405365
vn 0.0176558 -0.0114682 0.999778
v 15.0962 -22.6896 -0.167459 0.17393 0.392603 0.34199
vn 0.0393157 -0.0592073 0.997471
v 15.1457 -17.8901 -0.16109 0.182791 0.40062 0.343256
vn 0.0543733 -0.0631379 0.996523
v 15.0485 -13.88 -0.146963 0.202445 0.418403 0.346064
vn 0.0698844 -0.0613042 0.99567
v 15.1217 -13.7663 -0.145104 0.205032 0.420743 0.346433
vn 0.0688248 -0.0598843 0.99583
v 15.0215 -8.50463 -0.0916181 0.279444 0.488068 0.357063
vn -0.0203304 0.0017762 0.999792
v 15.1027 -8.31189 -0.0901187 0.28153 0.489956 0.357361
vn -0.020023 0.00319375 0.999794
v 15.1849 -8.11549 -0.0888336 0.283318 0.491573 0.357617
vn -0.0219677 -0.00199017 0.999757
v 15.1972 3.76266 -0.0091533 0.394173 0.591871 0.373453
vn 0.101168 0.0339405 0.99429
v 15.1212 3.90471 -0.0064403 0.397948 0.595286 0.373993
vn -0.0168251 -0.0221956 0.999612
v 15.0272 4.12505 -0.00497662 0.399984 0.597129 0.374283
vn -0.0186073 -0.0156637 0.999704
v 15.1503 9.10421 -0.0144247 0.38684 0.585236 0.372406
vn 0 0 0
v 15.0516 9.22471 -0.0134952 0.388133 0.586406 0.37259
vn 0.0713577 0.0518914 0.9961
v 15.1013 12.33 0.029601 0.448091 0.640653 0.381156
vn -0.00122551 -0.0148015 0.99989
v 15.017 12.4152 0.0298452 0.44843 0.640961 0.381204
vn -0.00385332 -0.0130434 0.999908
v 15.0987 15.6574 0.0927326 0.535923 0.72012 0.393703
vn 0.00611082 -0.020478 0.999772
v 15.0939 17.5237 0.129521 0.587104 0.766428 0.401015
vn 0.00297402 -0.0169166 0.999852
v 15.1108 20.0684 0.147029 0.611463 0.788466 0.404495
vn 0.0171628 0.00566441 0.999837
v 15.2929 -22.537 -0.166343 0.175483 0.394008 0.342212
vn 0.0403722 -0.0585309 0.997469
v 15.355 -22.349 -0.157972 0.187129 0.404545 0.343876
vn 0.0383484 -0.0564778 0.997667
v 15.2751 -17.8055 -0.162826 0.180376 0.398435 0.342911
vn 0.0550156 -0.0633487 0.996474
v 15.3581 -17.7189 -0.162012 0.181508 0.399459 0.343073
vn 0.0550102 -0.0612205 0.996607
v 15.3763 -17.5771 -0.154364 0.192148 0.409087 0.344593
vn 0.0519721 -0.0594886 0.996875
v 15.233 -13.6833 -0.147892 0.201152 0.417233 0.345879
vn 0.0710512 -0.0607396 0.995622
v 15.3395 -13.5147 -0.14529 0.204773 0.420509 0.346396
vn 0.0687443 -0.0578801 0.995954
v 15.2127 -8.01999 -0.08712 0.285702 0.49373 0.357957
vn -0.0224289 -0.00181966 0.999747
v 15.2627 -7.89101 -0.0861561 0.287043 0.494944 0.358149
vn -0.0216889 0.000308232 0.999765
v 15.3438 -7.68461 -0.084978 0.288682 0.496427 0.358383
vn -0.0224429 -0.00284963 0.999744
v 15.3877 -7.52008 -0.0821935 0.292556 0.499932 0.358937
vn -0.0236368 -0.00631264 0.999701
v 15.3597 3.39268 -0.0134373 0.388213 0.586479 0.372602
vn -0.0197517 -0.0232969 0.999533
v 15.3217 3.49328 -0.0127947 0.389107 0.587288 0.37273
vn -0.0172022 -0.0251834 0.999535
v 15.2295 3.66004 -0.00893925 0.394471 0.592141 0.373496
vn -0.0162445 -0.0273678 0.999493
v 15.3307 8.91235 -0.0179565 0.381926 0.58079 0.371704
vn 0 0 0
v 15.2356 9.0145 -0.0160976 0.384512 0.58313 0.372073
vn 0 0 0
v 15.3526 12.1236 0.0259396 0.442997 0.636045 0.380428
vn 0.00221322 -0.017435 0.999846
v 15.2746 12.2327 0.0246378 0.441185 0.634406 0.380169
vn 0.0600283 0.0552619 0.996666
v 15.2804 15.5469 0.0902679 0.532494 0.717018 0.393213
vn 0.0040417 -0.0189729 0.999812
v 15.3805 17.3578 0.126579 0.583011 0.762724 0.40043
vn 0.00388315 -0.0194154 0.999804
v 15.2614 17.4669 0.125811 0.581943 0.761758 0.400278
vn 0.0401502 0.0516375 0.997858
v 15.3171 19.9714 0.144897 0.608497 0.785783 0.404071
vn 0.00567146 -0.00285625 0.99998
v 15.4989 -22.3191 -0.162018 0.1815 0.399452 0.343071
vn 0.0400981 -0.0570519 0.997566
v 15.4648 -17.4973 -0.154364 0.192148 0.409087 0.344593
vn 0.054466 -0.0590534 0.996768
v 15.4625 -13.4016 -0.147335 0.201928 0.417935 0.34599
vn 0.0723322 -0.060276 0.995558
v 15.5253 -13.3189 -0.146963 0.202445 0.418403 0.346064
vn 0.0685657 -0.0564778 0.996047
v 15.4194 -7.4409 -0.0819795 0.292854 0.500201 0.358979
vn -0.0191264 0.00413201 0.999809
v 15.4701 -7.31445 -0.0817652 0.293152 0.500471 0.359022
vn -0.0215516 -0.00175288 0.999766
v 15.5305 -7.09711 -0.0789807 0.297026 0.503976 0.359575
vn -0.0237525 -0.00792644 0.999686
v 15.5821 -6.8801 -0.0756606 0.301645 0.508155 0.360235
vn -0.0237575 -0.00686121 0.999694
v 15.5496 2.90962 -0.0184351 0.38126 0.580188 0.371609
vn -0.0192632 -0.0301284 0.99936
v 15.4736 3.10761 -0.0163646 0.384141 0.582794 0.37202
vn -0.0223321 -0.0196533 0.999557
v 15.4042 3.29542 -0.0149366 0.386127 0.584591 0.372304
vn -0.0220096 -0.0190617 0.999576
v 15.5986 8.59227 -0.0220459 0.376236 0.575643 0.370891
vn 0 0 0
v 15.4945 8.70869 -0.0199393 0.379167 0.578294 0.37131
vn 0 0 0
v 15.4136 8.80536 -0.0187001 0.380891 0.579854 0.371556
vn 0 0 0
v 15.4905 12.0568 0.0212205 0.436431 0.630104 0.37949
vn 0.0143054 -0.0251588 0.999581
v 15.5092 15.391 0.0878497 0.529129 0.713974 0.392733
vn 0.0463928 0.0520879 0.997564
v 15.4261 15.4757 0.0872916 0.528353 0.713272 0.392622
vn 0.00575368 -0.019205 0.999799
v 15.53 17.2767 0.12466 0.580342 0.760309 0.400049
vn 0.000979188 -0.0172532 0.999851
v 15.4787 19.8929 0.143269 0.606232 0.783734 0.403747
vn 0.00624778 -0.00412685 0.999972
v 15.6909 -22.2861 -0.167878 0.173348 0.392076 0.341907
vn 0.0427839 -0.0593686 0.997319
v 15.777 -22.0967 -0.160623 0.183441 0.401208 0.343349
vn 0.0405095 -0.056308 0.997591
v 15.6605 -17.486 -0.164453 0.178112 0.396387 0.342587
vn 0.0553158 -0.0608313 0.996614
v 15.7227 -17.3798 -0.161524 0.182187 0.400074 0.34317
vn 0.0546679 -0.0585575 0.996786
v 15.6308 -13.2363 -0.149751 0.198566 0.414893 0.345509
vn 0.0713649 -0.0575522 0.995789
v 15.7458 -13.0922 -0.149751 0.198566 0.414893 0.345509
vn 0.0696279 -0.0548638 0.996063
v 15.6303 -6.67526 -0.0727691 0.305668 0.511795 0.36081
vn -0.0244643 -0.00718768 0.999675
v 15.6634 -6.5402 -0.0711626 0.307903 0.513817 0.361129
vn -0.0248448 -0.00905905 0.99965
v 15.7034 -6.33227 -0.0678426 0.312522 0.517996 0.361789
vn -0.0238525 -0.00205573 0.999713
v 15.7501 -6.0943 -0.0644869 0.31719 0.52222 0.362456
vn -0.0242426 0.0055435 0.999691
v 15.7687 2.36204 -0.0267174 0.369737 0.569762 0.369962
vn -0.0247682 -0.0088779 0.999654
v 15.7378 2.4527 -0.0257533 0.371079 0.570976 0.370154
vn -0.0239036 -0.0171414 0.999567
v 15.6534 2.70598 -0.0235758 0.374108 0.573717 0.370587
vn -0.0222187 -0.0225318 0.999499
v 15.6883 8.48338 -0.0235332 0.374167 0.57377 0.370595
vn 0.0737413 0.0455769 0.996235
v 15.6898 11.9254 0.0161216 0.429337 0.623686 0.378477
vn 0.0102658 -0.0232258 0.999678
v 15.6594 15.3051 0.0852687 0.525538 0.710725 0.39222
vn 0.00561564 -0.0167707 0.999844
v 15.7265 17.197 0.120695 0.574825 0.755318 0.399261
vn 0.00559278 -0.0204395 0.999775
v 15.6561 17.2287 0.121974 0.576604 0.756928 0.399515
vn 0.0114238 -0.0214767 0.999704
v 15.6841 19.7938 0.14106 0.603159 0.780953 0.403308
vn 0.0102966 -0.0085751 0.99991
v 15.6016 19.833 0.14199 0.604453 0.782124 0.403493
vn 0.0105063 -0.00808358 0.999912
v 15.8874 -21.9424 -0.156438 0.189264 0.406477 0.344181
vn 0.0402822 -0.05534 0.997655
v 15.8526 -17.2964 -0.163802 0.179017 0.397206 0.342717
vn 0.0554384 -0.0588383 0.996727
v 15.9738 -17.1455 -0.161687 0.18196 0.399869 0.343137
vn 0.0590758 -0.0590794 0.996504
v 15.9504 -16.9605 -0.149482 0.19894 0.415232 0.345563
vn 0.0561168 -0.0584805 0.99671
v 15.917 -16.751 -0.135325 0.218637 0.433052 0.348377
vn 0.0557712 -0.0578834 0.996764
v 15.8261 -13.0061 -0.150681 0.197273 0.413723 0.345325
vn 0.069908 -0.0542967 0.996075
v 15.8988 -12.9139 -0.150774 0.197144 0.413606 0.345306
vn 0.0773606 -0.0583626 0.995294
v 15.9687 -12.7817 -0.14845 0.200376 0.416531 0.345768
vn 0.0758127 -0.0573883 0.995469
v 15.8177 -5.90621 -0.0652722 0.316098 0.521231 0.3623
vn -0.022517 0.0115929 0.999679
v 15.8826 -5.71419 -0.0659148 0.315204 0.520422 0.362172
vn -0.0263037 2.95389e-05 0.999654
v 15.9255 -5.47652 -0.0632374 0.318929 0.523793 0.362704
vn -0.0268853 0.00239431 0.999636
v 15.964 -5.27645 -0.0615239 0.321313 0.52595 0.363045
vn -0.0299425 -0.00498096 0.999539
v 15.9838 -5.13893 -0.0598103 0.323697 0.528107 0.363385
vn -0.0292403 0.0029981 0.999568
v 15.9886 1.54142 -0.0320721 0.362288 0.563022 0.368898
vn -0.0222964 -0.0156492 0.999629
v 15.9577 1.688 -0.0316438 0.362883 0.563561 0.368983
vn -0.0238262 -0.0073169 0.999689
v 15.9022 1.92472 -0.0306799 0.364224 0.564775 0.369175
vn -0.0231968 -0.0138516 0.999635
v 15.8362 2.13101 -0.0283238 0.367502 0.56774 0.369643
vn -0.0222515 -0.016744 0.999612
v 15.8016 2.29048 -0.0284309 0.367353 0.567605 0.369622
vn 0.102899 0.023536 0.994413
v 15.9442 8.1505 -0.0272508 0.368995 0.569091 0.369856
vn 0.0774613 0.0471861 0.995878
v 15.8572 8.29004 -0.027189 0.369081 0.569169 0.369869
vn 0.0773325 0.0478181 0.995858
v 15.9212 11.7431 0.0115109 0.422923 0.617882 0.37756
vn 0 0 0
v 15.8077 11.8311 0.0138977 0.426243 0.620887 0.378035
vn 0 0 0
v 15.9267 15.076 0.0843619 0.524277 0.709584 0.39204
vn 0.04708 0.0490322 0.997687
v 15.8149 15.2156 0.0825482 0.521753 0.707301 0.391679
vn -0.0103166 -0.00982472 0.999899
v 15.8765 17.118 0.118477 0.57174 0.752527 0.39882
vn 0.00459494 -0.0200706 0.999788
v 15.8769 19.7162 0.138153 0.599114 0.777294 0.402731
vn 0.0125447 -0.00632507 0.999901
v 16.0772 -21.8966 -0.161739 0.181888 0.399803 0.343127
vn 0.0418138 -0.0566975 0.997515
v 16.1279 -16.6986 -0.144383 0.206034 0.42165 0.346576
vn 0.0588707 -0.0586132 0.996543
v 16.1638 -16.2065 -0.118238 0.242409 0.45456 0.351773
vn 0.0585356 -0.0550096 0.996769
v 16.0212 -12.6954 -0.14752 0.20167 0.417701 0.345953
vn 0.0772165 -0.0577021 0.995343
v 16.1044 -12.5904 -0.147892 0.201152 0.417233 0.345879
vn 0.0741833 -0.0539484 0.995784
v 16.0157 -4.93443 -0.0577754 0.326528 0.530668 0.36379
vn -0.0338462 -0.00542243 0.999412
v 16.0454 -4.71429 -0.0554194 0.329806 0.533634 0.364258
vn -0.0327347 0.0017165 0.999463
v 16.0881 -4.5419 -0.0558477 0.32921 0.533094 0.364173
vn -0.0299542 0.0143799 0.999448
v 16.1402 -4.34322 -0.0569187 0.32772 0.531746 0.36396
vn -0.0320012 0.00820066 0.999454
v 16.1778 -4.12679 -0.0563832 0.328465 0.53242 0.364066
vn -0.0322006 0.00618701 0.999462
v 16.1954 0.576649 -0.0391407 0.352453 0.554124 0.367493
vn -0.0260772 -0.0138852 0.999563
v 16.1757 0.708793 -0.0387122 0.35305 0.554664 0.367579
vn -0.0257058 -0.0115569 0.999603
v 16.141 0.922704 -0.0379625 0.354093 0.555608 0.367728
vn -0.0242748 -0.0133646 0.999616
v 16.0976 1.12208 -0.036356 0.356328 0.55763 0.368047
vn -0.0234062 -0.0145619 0.99962
v 16.0551 1.30328 -0.0348567 0.358413 0.559517 0.368345
vn -0.0221488 -0.017503 0.999601
v 16.1333 7.89815 -0.0302871 0.364771 0.565269 0.369253
vn 0.0776649 0.046187 0.995909
v 16.0415 8.06318 -0.0307828 0.364081 0.564645 0.369154
vn 0.0792492 0.0479594 0.9957
v 16.1631 11.5416 0.00690035 0.416508 0.612079 0.376644
vn 0.0603847 0.0483851 0.997002
v 16.0577 11.6314 0.008853 0.419225 0.614537 0.377032
vn 0 0 0
v 16.1485 14.9953 0.0778047 0.515154 0.70133 0.390736
vn -0.0107737 -0.0128722 0.999859
v 16.0891 15.0519 0.0778047 0.515154 0.70133 0.390736
vn -0.00324426 -0.0216796 0.99976
v 16.1351 16.9701 0.115066 0.566994 0.748233 0.398142
vn 0.00865741 -0.0217903 0.999725
v 16.0311 17.0373 0.11609 0.568418 0.749521 0.398345
vn 0.0026085 -0.0182851 0.999829
v 16.0711 19.6357 0.135246 0.59507 0.773635 0.402153
vn 0.0370915 0.0534897 0.997879
v 16.2743 -21.8586 -0.167878 0.173348 0.392077 0.341907
vn 0.0440513 -0.0594808 0.997257
v 16.3593 -21.7466 -0.165227 0.177035 0.395413 0.342434
vn 0.0420499 -0.0552573 0.997586
v 16.2177 -16.519 -0.13923 0.213203 0.428136 0.3476
vn 0.0579527 -0.0573071 0.996673
v 16.2137 -16.3552 -0.129629 0.226561 0.440222 0.349509
vn 0.057739 -0.0569849 0.996704
v 16.2293 -12.4908 -0.151796 0.195721 0.412319 0.345103
vn 0.0763853 -0.0564903 0.995477
v 16.3598 -12.2779 -0.150123 0.198049 0.414425 0.345436
vn 0.0732007 -0.0527114 0.995923
v 16.232 -3.91265 -0.0579897 0.32623 0.530398 0.363747
vn -0.0310699 0.00576051 0.999501
v 16.2624 -3.69631 -0.0573471 0.327124 0.531207 0.363875
vn -0.0317484 -0.000639397 0.999496
v 16.284 -3.47807 -0.056062 0.328912 0.532825 0.36413
vn -0.0317487 -0.0101696 0.999444
v 16.291 -3.25546 -0.0534916 0.332488 0.53606 0.364641
vn -0.0307181 -0.0112963 0.999464
v 16.306 -3.0911 -0.052849 0.333382 0.536869 0.364769
vn -0.028876 -0.00644828 0.999562
v 16.3258 -2.93016 -0.0529561 0.333233 0.536734 0.364748
vn -0.026772 -0.00589908 0.999624
v 16.3427 -2.71093 -0.0523135 0.334127 0.537543 0.364875
vn -0.0252785 -0.00128552 0.99968
v 16.3624 -2.49276 -0.0523135 0.334127 0.537543 0.364875
vn -0.0244779 0.00461499 0.99969
v 16.3878 -2.279 -0.0532775 0.332786 0.53633 0.364684
vn -0.0240625 0.00812174 0.999677
v 16.3939 -0.911602 -0.0500644 0.337256 0.540374 0.365322
vn -0.0241766 -0.00707838 0.999683
v 16.388 -0.700932 -0.0499931 0.337355 0.540464 0.365336
vn -0.0253131 -0.00706035 0.999655
v 16.3512 -0.515983 -0.0467445 0.341875 0.544553 0.365982
vn -0.0274272 -0.00762 0.999595
v 16.3362 -0.313208 -0.046209 0.34262 0.545227 0.366089
vn -0.0274665 -0.0128531 0.99954
v 16.2938 -0.105487 -0.0430436 0.347023 0.549212 0.366718
vn -0.0284104 -0.0121504 0.999522
v 16.2682 0.120561 -0.0421393 0.348282 0.55035 0.366897
vn -0.0280084 -0.0123003 0.999532
v 16.2439 0.281401 -0.0410683 0.349772 0.551698 0.36711
vn -0.0272291 -0.0115186 0.999563
v 16.2166 0.482972 -0.0403186 0.350815 0.552642 0.367259
vn -0.0267517 -0.0109206 0.999582
v 16.3885 7.57959 -0.0361735 0.356581 0.557859 0.368083
vn 0.00344237 -0.0215157 0.999763
v 16.2777 7.69343 -0.0323938 0.36184 0.562617 0.368834
vn 0.0786465 0.0434801 0.995954
v 16.3407 11.3702 0.0044594 0.413112 0.609006 0.376159
vn 0.0626065 0.0496262 0.996804
v 16.2712 11.4469 0.00494765 0.413791 0.609621 0.376256
vn 0.0635998 0.0513015 0.996656
v 16.2717 14.8809 0.0775722 0.514831 0.701037 0.39069
vn -0.000190352 -0.0144352 0.999896
v 16.3019 16.9086 0.111101 0.561478 0.743242 0.397354
vn 0.0113106 -0.0192725 0.99975
v 16.3202 19.553 0.130421 0.588356 0.76756 0.401194
vn 0.041189 0.0639538 0.997102
v 16.4741 -21.6736 -0.166064 0.175871 0.39436 0.342267
vn 0.0414022 -0.0526295 0.997755
v 16.5301 -16.3432 -0.147529 0.201657 0.41769 0.345951
vn 0.0593436 -0.057855 0.99656
v 16.4988 -12.0683 -0.149565 0.198825 0.415127 0.345546
vn 0.0736427 -0.0504583 0.996007
v 16.5785 -11.9411 -0.149008 0.199601 0.415829 0.345657
vn 0.0748715 -0.0508284 0.995897
v 16.4118 -2.07853 -0.0544911 0.331097 0.534802 0.364442
vn -0.0237484 0.000546339 0.999718
v 16.4179 -1.89522 -0.0541342 0.331594 0.535251 0.364513
vn -0.0234195 0.00420097 0.999717
v 16.4333 -1.73204 -0.055098 0.330253 0.534038 0.364322
vn -0.0232706 0.0026876 0.999726
v 16.4414 -1.51412 -0.0553122 0.329955 0.533768 0.364279
vn -0.023349 0.000561575 0.999727
v 16.4385 -1.29463 -0.0546696 0.330849 0.534577 0.364407
vn -0.0238354 -0.00533895 0.999702
v 16.4267 -1.0877 -0.0533845 0.332637 0.536195 0.364662
vn -0.0235212 -0.0109824 0.999663
v 16.413 -0.996432 -0.0519923 0.334574 0.537947 0.364939
vn -0.0208712 -0.0227305 0.999524
v 16.5751 7.35903 -0.0415643 0.349081 0.551074 0.367012
vn -0.00129626 -0.0171945 0.999851
v 16.4417 7.48337 -0.0361735 0.356581 0.557859 0.368083
vn 0.0793474 0.0423855 0.995946
v 16.5753 11.1531 0.00039115 0.407452 0.603885 0.37535
vn 0.0624477 0.0478735 0.996899
v 16.4558 11.281 0.00163883 0.409188 0.605456 0.375598
vn 0.0631767 0.0499447 0.996752
v 16.5073 14.534 0.0832458 0.522724 0.708179 0.391818
vn 0.0485943 0.0473934 0.997694
v 16.4393 14.6839 0.0791999 0.517095 0.703086 0.391014
vn 0.0494761 0.049916 0.997527
v 16.5903 16.797 0.104321 0.552046 0.734708 0.396007
vn 0.00562147 -0.00944582 0.99994
v 16.4754 16.8503 0.106624 0.555249 0.737606 0.396464
vn 0.0126746 -0.0171631 0.999772
v 16.5172 19.4748 0.127107 0.583746 0.763389 0.400535
vn 0.0367662 0.0502922 0.998058
v 16.6253 -21.6474 -0.171086 0.168883 0.388037 0.341269
vn 0.0459374 -0.0603581 0.997119
v 16.735 -21.5087 -0.168203 0.172895 0.391667 0.341842
vn 0.0418309 -0.0527722 0.99773
v 16.6446 -16.2459 -0.148831 0.199846 0.416051 0.345692
vn 0.0588571 -0.0555266 0.996721
v 16.7336 -16.1177 -0.146987 0.202412 0.418373 0.346059
vn 0.0588026 -0.0547017 0.99677
v 16.6396 -11.861 -0.149565 0.198825 0.415127 0.345546
vn 0.0783865 -0.0514125 0.995596
v 16.6535 -11.6939 -0.142037 0.209299 0.424604 0.347043
vn 0.0774347 -0.0512211 0.995681
v 16.7291 7.08313 -0.0423078 0.348047 0.550138 0.366864
vn -0.0107681 -0.00420431 0.999933
v 16.6449 7.25344 -0.0426796 0.34753 0.54967 0.36679
vn -0.0100583 -0.0034547 0.999943
v 16.7888 10.883 -9.7e-05 0.406773 0.603271 0.375253
vn 0.0642866 0.0480117 0.996776
v 16.6912 11.045 -0.00172432 0.404509 0.601222 0.37493
vn 0.0645667 0.0489016 0.996714
v 16.7089 14.5656 0.0716662 0.506614 0.693603 0.389516
vn 0.00278271 -0.0220105 0.999754
v 16.7429 16.6862 0.103106 0.550355 0.733178 0.395765
vn -0.00362967 -0.00690441 0.99997
v 16.7003 19.4216 0.123037 0.578084 0.758266 0.399726
vn 0.0434515 0.0690264 0.996668
v 16.8949 -21.419 -0.170249 0.170048 0.389091 0.341435
vn 0.0453898 -0.0568767 0.997349
v 16.9529 -21.3468 -0.168854 0.171989 0.390847 0.341713
vn 0.0427753 -0.0531492 0.99767
v 16.8621 -15.9311 -0.144383 0.206034 0.42165 0.346576
vn 0.0589446 -0.054257 0.996786
v 16.9194 -15.726 -0.136627 0.216826 0.431414 0.348118
vn 0.0590677 -0.0541877 0.996782
v 16.9168 -15.5761 -0.128327 0.228372 0.44186 0.349767
vn 0.0594301 -0.0540043 0.996771
v 16.8577 -11.4883 -0.147614 0.20154 0.417584 0.345934
vn 0.0790106 -0.0514624 0.995545
v 16.9821 -11.3302 -0.149565 0.198825 0.415127 0.345546
vn 0 0 0
v 16.999 6.58792 -0.0443526 0.345202 0.547564 0.366457
vn -0.00792893 -0.0105493 0.999913
v 16.9102 6.73767 -0.0429585 0.347142 0.549319 0.366735
vn -0.00739171 -0.0117141 0.999904
v 16.8336 6.87479 -0.0422149 0.348176 0.550255 0.366882
vn -0.0103585 -0.00731285 0.99992
v 16.9577 10.7454 -0.0044907 0.40066 0.59774 0.37438
vn 0.0648454 0.0472509 0.996776
v 16.8891 10.8218 -0.0036771 0.401792 0.598764 0.374542
vn 0.0655245 0.0490795 0.996643
v 16.8572 14.4662 0.0690852 0.503023 0.690354 0.389003
vn 0.00599409 -0.0187588 0.999806
v 16.8975 16.5772 0.101635 0.548308 0.731327 0.395473
vn 0.00832 -0.00691664 0.999941
v 16.8759 19.35 0.120014 0.573878 0.754461 0.399125
vn 0.0359673 0.0448907 0.998344
v 17.0696 -21.2752 -0.17011 0.170242 0.389267 0.341463
vn 0.0444217 -0.0544391 0.997528
v 17.1708 -21.1845 -0.169691 0.170825 0.389794 0.341546
vn 0.0479632 -0.0566018 0.997244
v 17.1897 -20.925 -0.156577 0.18907 0.406301 0.344153
vn 0.0444113 -0.0534724 0.997581
v 17.0409 -15.5287 -0.133372 0.221354 0.43551 0.348765
vn 0.0628153 -0.0540379 0.996561
v 17.0384 -15.2549 -0.118564 0.241956 0.454151 0.351708
vn 0.0611237 -0.0525749 0.996745
v 17.1509 -15.1786 -0.121493 0.237881 0.450463 0.351126
vn 0.0619048 -0.0524085 0.996705
v 17.056 -11.2182 -0.149937 0.198307 0.414659 0.345472
vn 0 0 0
v 17.1558 -11.0611 -0.150309 0.19779 0.414191 0.345399
vn 0 0 0
v 17.1161 6.31764 -0.0436091 0.346237 0.5485 0.366605
vn -0.00980608 -0.00574868 0.999935
v 17.0438 6.46958 -0.0434232 0.346495 0.548734 0.366642
vn -0.00978532 -0.00479194 0.999941
v 17.1405 10.5297 -0.00628075 0.39817 0.595487 0.374024
vn 0.0668997 0.0481317 0.996598
v 17.0422 10.6326 -0.0046534 0.400434 0.597535 0.374348
vn 0.0647203 0.0468559 0.996803
v 17.0772 14.3227 0.0648998 0.4972 0.685086 0.388171
vn 0.00811572 -0.0178521 0.999808
v 17.1339 16.1525 0.111229 0.561656 0.743403 0.397379
vn 0.000313681 -0.0192758 0.999814
v 17.0733 16.2099 0.111229 0.561656 0.743403 0.397379
vn -0.00952449 -0.00419811 0.999946
v 17.0817 16.468 0.0987785 0.544334 0.727731 0.394905
vn 0.00930312 -0.00791399 0.999925
v 17.0779 19.2735 0.116177 0.568539 0.749631 0.398363
vn 0.0358667 0.0438634 0.998394
v 17.2176 -21.0991 -0.16718 0.174318 0.392955 0.342045
vn 0.0451597 -0.0537041 0.997535
v 17.2045 -20.8031 -0.150718 0.197222 0.413677 0.345317
vn 0.0419868 -0.0525152 0.997737
v 17.2755 -20.7483 -0.150996 0.196834 0.413326 0.345262
vn 0.0451377 -0.0530762 0.99757
v 17.289 -15.0703 -0.124422 0.233806 0.446776 0.350544
vn 0.0635119 -0.0532818 0.996558
v 17.3693 -14.9676 -0.124097 0.234258 0.447186 0.350608
vn 0.0623399 -0.0516514 0.996718
v 17.3947 -14.7983 -0.116936 0.24422 0.456199 0.352031
vn 0.0616605 -0.0510461 0.996791
v 17.251 -10.8866 -0.149658 0.198695 0.41501 0.345528
vn 0 0 0
v 17.3312 -10.7423 -0.149379 0.199083 0.415361 0.345583
vn 0 0 0
v 17.3775 5.789 -0.0462115 0.342616 0.545224 0.366088
vn 0.0849976 0.0349402 0.995768
v 17.3248 5.90385 -0.0458397 0.343133 0.545692 0.366162
vn -0.00778295 -0.0125796 0.999891
v 17.2404 6.07375 -0.0449103 0.344426 0.546862 0.366347
vn -0.00980987 -0.00777542 0.999922
v 17.3111 10.2789 -0.00595527 0.398623 0.595897 0.374089
vn 0.0671213 0.0457508 0.996695
v 17.2049 10.4456 -0.0066062 0.397717 0.595077 0.37396
vn 0.0688362 0.0478095 0.996482
v 17.2768 14.0827 0.0661321 0.498915 0.686637 0.388416
vn 0.0500785 0.0464588 0.997664
v 17.3347 16.2479 0.0979257 0.543147 0.726657 0.394735
vn 0.044144 0.0464708 0.997944
v 17.3824 19.1758 0.109433 0.559156 0.741141 0.397022
vn 0.0385326 0.0466914 0.998166
v 17.286 19.203 0.111758 0.562392 0.744069 0.397485
vn 0.0363694 0.044423 0.998351
v 17.4733 -20.842 -0.164948 0.177424 0.395764 0.342489
vn 0.0465703 -0.0542962 0.997438
v 17.4689 -20.6985 -0.157135 0.188293 0.405599 0.344042
vn 0.0456315 -0.0528546 0.997559
v 17.4082 -20.498 -0.143742 0.206927 0.422457 0.346704
vn 0.0454709 -0.0506789 0.997679
v 17.4235 -14.9143 -0.124747 0.233353 0.446367 0.350479
vn 0.0651439 -0.0528326 0.996476
v 17.4924 -14.6836 -0.117262 0.243767 0.455789 0.351967
vn 0.0642963 -0.0513428 0.996609
v 17.5457 -14.5338 -0.113031 0.249653 0.461115 0.352808
vn 0.0633493 -0.049366 0.99677
v 17.4444 -10.5177 -0.148264 0.200635 0.416765 0.345805
vn 0 0 0
v 17.5304 -10.3157 -0.146219 0.20348 0.419339 0.346211
vn 0 0 0
v 17.5865 -10.1438 -0.143245 0.207618 0.423083 0.346803
vn 0.0860316 -0.0446249 0.995293
v 17.5745 5.3963 -0.0495574 0.337961 0.541012 0.365423
vn -0.00620671 -0.0135142 0.999889
v 17.5097 5.5255 -0.0483492 0.339642 0.542533 0.365663
vn -0.0082507 -0.00830465 0.999931
v 17.446 5.68054 -0.0482563 0.339771 0.54265 0.365682
vn -0.00674139 -0.0135078 0.999886
v 17.5556 9.963 -0.0080707 0.39568 0.593234 0.373669
vn 0.0665314 0.0440959 0.996809
v 17.4527 10.1278 -0.00855895 0.395 0.592619 0.373571
vn 0.0680665 0.046108 0.996615
v 17.5733 13.9263 0.0581334 0.487786 0.676569 0.386827
vn -0.00864265 -0.0110289 0.999902
v 17.4823 14.0067 0.0591101 0.489145 0.677798 0.387021
vn -0.00488379 -0.0107602 0.99993
v 17.4889 16.1048 0.09767 0.542792 0.726335 0.394685
vn 0.0444098 0.0453761 0.997982
v 17.4428 16.2328 0.0938324 0.537453 0.721505 0.393922
vn 0.00781939 -0.0124931 0.999891
v 17.5967 18.7995 0.11827 0.571451 0.752265 0.398779
vn 0.0168077 -0.00360996 0.999852
v 17.5511 18.9477 0.113386 0.564657 0.746118 0.397808
vn 0.0377261 0.0447731 0.998285
v 17.4584 19.0587 0.111874 0.562554 0.744215 0.397508
vn 0.0368986 0.0445457 0.998326
v 17.6929 -20.5495 -0.159553 0.184929 0.402555 0.343561
vn 0.0460809 -0.0524575 0.997559
v 17.7115 -14.4711 -0.120516 0.239239 0.451693 0.35132
vn 0.0644773 -0.0508806 0.996621
v 17.6206 -10.0448 -0.141758 0.209687 0.424955 0.347098
vn 0.08117 -0.042052 0.995813
v 17.6752 -9.94154 -0.141851 0.209557 0.424838 0.34708
vn 0.08117 -0.042052 0.995813
v 17.7396 -9.75353 -0.139248 0.213178 0.428113 0.347597
vn 0.0786416 -0.0407139 0.996071
v 17.7999 4.94088 -0.0543905 0.331237 0.534929 0.364462
vn 0.0876723 0.0311148 0.995663
v 17.718 5.08826 -0.0519121 0.334685 0.538048 0.364955
vn 0.084366 0.0300911 0.99598
v 17.6331 5.28316 -0.0508586 0.336151 0.539374 0.365164
vn -0.00567815 -0.0144374 0.99988
v 17.7392 9.72424 -0.0100235 0.392963 0.590776 0.37328
vn 0.0660218 0.0415461 0.996953
v 17.655 9.85496 -0.0100235 0.392963 0.590776 0.37328
vn 0.0684838 0.044993 0.996637
v 17.7353 13.7553 0.0575754 0.48701 0.675866 0.386716
vn -0.0130288 -0.0115872 0.999848
v 17.6494 13.8378 0.0582729 0.48798 0.676744 0.386854
vn -0.0081084 -0.0109295 0.999907
v 17.73 15.8162 0.0999724 0.545995 0.729234 0.395142
vn 0.0125189 -0.0204581 0.999712
v 17.7188 16.0694 0.0889716 0.53069 0.715386 0.392956
vn 0.0106807 -0.00797702 0.999911
v 17.7133 18.7213 0.117339 0.570157 0.751094 0.398594
vn 0.00197245 -0.00423708 0.999989
v 17.8787 -20.4829 -0.164669 0.177812 0.396116 0.342545
vn 0.0483388 -0.0546985 0.997332
v 17.9017 -20.3096 -0.156717 0.188876 0.406125 0.344125
vn 0.0460262 -0.0513567 0.997619
v 17.8682 -14.3093 -0.122578 0.236371 0.449098 0.35091
vn 0.063447 -0.0484276 0.99681
v 17.9569 -14.1902 -0.122469 0.236522 0.449235 0.350932
vn 0.0636501 -0.0480589 0.996814
v 17.8465 -9.52575 -0.138784 0.213825 0.428698 0.347689
vn 0 0 0
v 17.9565 -9.30502 -0.139156 0.213307 0.42823 0.347615
vn 0 0 0
v 17.9657 4.55787 -0.0573649 0.327099 0.531185 0.363871
vn 0 0 0
v 17.9028 4.70656 -0.0562495 0.328651 0.532589 0.364093
vn 0.0916167 0.0323361 0.995269
v 17.829 4.84684 -0.0540187 0.331754 0.535397 0.364536
vn 0.0876723 0.0311148 0.995663
v 17.9743 9.31298 -0.00855895 0.395 0.592619 0.373571
vn 0.0686422 0.042004 0.996757
v 17.8956 9.51206 -0.0115966 0.390774 0.588796 0.372968
vn 0.068548 0.0423246 0.99675
v 17.9801 13.548 0.0540875 0.482157 0.671476 0.386022
vn -0.014465 -0.0128032 0.999813
v 17.851 13.6435 0.0565987 0.485651 0.674637 0.386522
vn -0.0043403 -0.0219578 0.999749
v 17.9453 15.911 0.0859017 0.526419 0.711522 0.392346
vn 0.00744615 -0.0114808 0.999906
v 17.9269 18.6954 0.110363 0.560451 0.742312 0.397207
vn 0.0381172 0.0432377 0.998337
v 17.9157 18.816 0.105479 0.553656 0.736165 0.396237
vn 0.0380938 0.045029 0.998259
v 18.055 -20.2812 -0.162437 0.180917 0.398925 0.342988
vn 0.0474618 -0.0520477 0.997516
v 18.0761 -20.1077 -0.154484 0.191981 0.408935 0.344569
vn 0.0459478 -0.0503665 0.997673
v 18.0552 -14.1222 -0.125561 0.232221 0.445343 0.350317
vn 0.0667603 -0.0495139 0.99654
v 18.1409 -13.9928 -0.12491 0.233126 0.446162 0.350447
vn 0.065791 -0.0480208 0.996677
v 18.0542 -9.08407 -0.138784 0.213825 0.428698 0.347689
vn 0.081222 -0.0364946 0.996028
v 18.1411 -8.87297 -0.138133 0.21473 0.429517 0.347819
vn 0.0838912 -0.0369402 0.99579
v 18.1665 -8.72254 -0.134694 0.219514 0.433846 0.348502
vn 0.0835105 -0.036567 0.995836
v 18.1789 4.16428 -0.0651722 0.316237 0.521357 0.36232
vn 0.0851893 0.0261481 0.996022
v 18.1189 4.31029 -0.0638708 0.318047 0.522995 0.362578
vn 0.0851893 0.0261481 0.996022
v 18.0086 4.47822 -0.058852 0.32503 0.529313 0.363576
vn 0.0851893 0.0261481 0.996022
v 18.1501 9.08863 -0.011488 0.390925 0.588932 0.372989
vn 0.0697913 0.0409068 0.996723
v 18.0917 9.21854 -0.0127899 0.389114 0.587294 0.372731
vn 0.070538 0.0423849 0.996608
v 18.1445 13.3339 0.0549246 0.483322 0.67253 0.386189
vn -0.00934174 -0.0208181 0.99974
v 18.0449 13.447 0.0552036 0.48371 0.672881 0.386244
vn -0.0170699 -0.009189 0.999812
v 18.109 15.7152 0.0871809 0.528199 0.713132 0.3926
vn 0.0113389 -0.0192335 0.999751
v 18.0192 15.8588 0.0848784 0.524995 0.710234 0.392142
vn 0.0058314 -0.00501479 0.99997
v 18.1179 18.7673 0.0998978 0.545891 0.72914 0.395127
vn 0.0384716 0.0446729 0.998261
v 18.2344 -20.0837 -0.160762 0.183247 0.401033 0.343321
vn 0.0495296 -0.0516294 0.997437
v 18.2665 -19.9172 -0.153787 0.192952 0.409813 0.344707
vn 0.047009 -0.0504535 0.997619
v 18.3489 -19.7404 -0.148764 0.199939 0.416135 0.345706
vn 0.0495443 -0.0510658 0.997466
v 18.3555 -19.4992 -0.136906 0.216438 0.431063 0.348063
vn 0.0474389 -0.0503258 0.997606
v 18.2076 -19.0223 -0.105794 0.259721 0.470224 0.354246
vn 0.0474282 -0.049419 0.997651
v 18.2697 -13.8339 -0.125805 0.231881 0.445035 0.350269
vn 0.0654751 -0.0470498 0.996744
v 18.3928 -13.6663 -0.126049 0.231542 0.444728 0.35022
vn 0.0663459 -0.0468953 0.996694
v 18.3709 -13.5587 -0.11954 0.240597 0.452921 0.351514
vn 0.0656505 -0.0453048 0.996814
v 18.2199 -8.60256 -0.13488 0.219256 0.433612 0.348465
vn 0.0873487 -0.0368831 0.995495
v 18.2547 -8.47305 -0.133207 0.221583 0.435718 0.348798
vn 0.0867081 -0.0361655 0.995577
v 18.315 -8.31888 -0.132959 0.221928 0.43603 0.348847
vn 0.0922807 -0.0376562 0.995021
v 18.3821 -8.09499 -0.131069 0.224557 0.438409 0.349222
vn 0.0828708 -0.0318425 0.996051
v 18.3772 3.75541 -0.0722359 0.30641 0.512466 0.360916
vn 0 0 0
v 18.2885 3.91891 -0.0684561 0.311668 0.517224 0.361667
vn 0 0 0
v 18.2243 4.07617 -0.0668452 0.313909 0.519251 0.361987
vn 0 0 0
v 18.3415 8.79248 -0.0129527 0.388888 0.587089 0.372698
vn -0.000281771 -0.0176103 0.999845
v 18.2768 8.93599 -0.0141731 0.38719 0.585553 0.372456
vn 0.0709779 0.0409384 0.996637
v 18.3547 13.1471 0.0518553 0.479052 0.668666 0.385579
vn -0.0130982 -0.0186895 0.99974
v 18.2573 13.2162 0.0540876 0.482158 0.671476 0.386023
vn 0.0534406 0.0431306 0.997639
v 18.3429 15.5868 0.0820642 0.52108 0.706692 0.391583
vn 0.00684996 -0.0070013 0.999952
v 18.2815 15.6398 0.0825758 0.521792 0.707336 0.391685
vn 0.00176069 -0.00766488 0.999969
v 18.3211 18.2412 0.114898 0.56676 0.748021 0.398109
vn 0.00710095 -0.00535156 0.99996
v 18.3345 18.4686 0.104549 0.552362 0.734994 0.396052
vn 0.0386402 0.0432426 0.998317
v 18.2852 18.7505 0.0942001 0.537964 0.721968 0.393995
vn 0.0385245 0.0445939 0.998262
v 18.4991 -19.446 -0.141231 0.21042 0.425618 0.347203
vn 0.048897 -0.0500629 0.997548
v 18.4076 -13.7696 -0.131907 0.223391 0.437354 0.349056
vn 0.0671392 -0.0476845 0.996603
v 18.4817 -13.5392 -0.126049 0.231542 0.444728 0.35022
vn 0.0669901 -0.0462241 0.996682
v 18.4656 -7.8659 -0.130698 0.225074 0.438877 0.349296
vn 0.0863075 -0.0322719 0.995746
v 18.4849 -7.71401 -0.127445 0.2296 0.442972 0.349943
vn 0.085013 -0.0315309 0.995881
v 18.5439 -7.54175 -0.127166 0.229988 0.443323 0.349998
vn 0.0880146 -0.0313403 0.995626
v 18.581 -7.34536 -0.124377 0.233867 0.446832 0.350552
vn 0.0838527 -0.0291505 0.996052
v 18.5935 3.18765 -0.0783701 0.297875 0.504744 0.359696
vn 0.0884839 0.0215385 0.995845
v 18.5652 3.32655 -0.0789278 0.297099 0.504042 0.359586
vn 0.089547 0.022272 0.995734
v 18.4961 3.49149 -0.0765113 0.300461 0.507084 0.360066
vn 0.0865132 0.0216541 0.996015
v 18.4227 3.65395 -0.0738158 0.304211 0.510477 0.360602
vn 0 0 0
v 18.5345 8.52332 -0.0160986 0.384511 0.583129 0.372073
vn -0.00620757 -0.0112852 0.999917
v 18.436 8.68497 -0.0153936 0.385492 0.584016 0.372213
vn 0.0706525 0.03947 0.99672
v 18.5593 12.9039 0.0512974 0.478276 0.667964 0.385468
vn 0.0544908 0.0431975 0.997579
v 18.4746 13.0396 0.0500417 0.476529 0.666383 0.385218
vn -0.0136513 -0.0210645 0.999685
v 18.5421 15.3715 0.0821921 0.521258 0.706853 0.391608
vn -0.00471576 -0.0102465 0.999936
v 18.4479 15.5105 0.0805292 0.518945 0.704759 0.391278
vn -0.004002 -0.00310792 0.999987
v 18.4102 18.685 0.0922234 0.535214 0.719479 0.393602
vn 0.039267 0.0435958 0.998277
v 18.6924 -19.3341 -0.145137 0.204986 0.420701 0.346427
vn 0.0493794 -0.04922 0.997567
v 18.69 -13.4615 -0.136464 0.217052 0.431619 0.34815
vn 0.0671672 -0.0464177 0.996661
v 18.7918 -13.3465 -0.138091 0.214788 0.42957 0.347827
vn 0.0664108 -0.0443023 0.996808
v 18.6215 -7.23607 -0.124656 0.233479 0.446481 0.350497
vn 0.0889128 -0.0303959 0.995576
v 18.6401 -7.12039 -0.12289 0.235936 0.448704 0.350848
vn 0.0821548 -0.0281611 0.996222
v 18.6628 -6.88864 -0.118243 0.242402 0.454554 0.351772
vn 0.0866943 -0.0280658 0.99584
v 18.693 -6.69119 -0.115455 0.246281 0.458064 0.352326
vn 0.092277 -0.0281766 0.995335
v 18.7576 -6.53882 -0.117128 0.243953 0.455958 0.351993
vn 0.0908021 -0.0274857 0.99549
v 18.7403 2.71447 -0.0818401 0.293048 0.500377 0.359007
vn 0.0903056 0.0194714 0.995724
v 18.6724 2.89119 -0.0792066 0.296712 0.503691 0.35953
vn 0.0916216 0.0211214 0.99557
v 18.6414 3.06502 -0.0800432 0.295548 0.502638 0.359364
vn 0.0922156 0.0215986 0.995505
v 18.7248 8.11589 -0.0142544 0.387076 0.58545 0.372439
vn -0.0129977 -0.0015182 0.999914
v 18.6558 8.29988 -0.0162072 0.38436 0.582992 0.372051
vn -0.0124852 -0.00130335 0.999921
v 18.7375 12.7401 0.048507 0.474394 0.664451 0.384913
vn -0.00801838 -0.022142 0.999723
v 18.636 12.8125 0.0510183 0.477887 0.667612 0.385412
vn 0.0546588 0.0420342 0.99762
v 18.6761 15.1515 0.08539 0.525707 0.710878 0.392244
vn -0.0125492 -0.00844676 0.999886
v 18.6154 15.2715 0.0830875 0.522504 0.70798 0.391786
vn 0.047437 0.0431828 0.99794
v 18.7644 18.3903 0.0910606 0.533596 0.718016 0.393371
vn 0.039576 0.042693 0.998304
v 18.6859 18.4354 0.0922234 0.535214 0.719479 0.393602
vn 0.0391896 0.0431425 0.9983
v 18.9192 -19.3078 -0.155042 0.191205 0.408233 0.344458
vn 0.0542085 -0.0542183 0.997057
v 18.9912 -19.1867 -0.152671 0.194504 0.411218 0.344929
vn 0.0491975 -0.0484772 0.997612
v 18.8966 -13.2287 -0.139881 0.212298 0.427317 0.347471
vn 0.0664274 -0.0437975 0.99683
v 18.9958 -13.1614 -0.143624 0.207091 0.422606 0.346727
vn 0.0679674 -0.0447246 0.996685
v 18.8069 -6.40235 -0.117964 0.24279 0.454905 0.351827
vn 0.0832815 -0.023963 0.996238
v 18.831 -6.3031 -0.117592 0.243307 0.455373 0.351901
vn 0.0832815 -0.023963 0.996238
v 18.8809 -6.11458 -0.117407 0.243566 0.455607 0.351938
vn 0.0863049 -0.0227207 0.99601
v 18.9442 -5.91081 -0.118243 0.242402 0.454554 0.351772
vn 0.0863049 -0.0227207 0.99601
v 18.9481 -5.69357 -0.113627 0.248824 0.460365 0.352689
vn 0.0861456 -0.0223274 0.996032
v 18.9615 -5.47515 -0.110064 0.253781 0.464849 0.353397
vn 0.0904515 -0.0209282 0.995681
v 18.9432 -5.31974 -0.105138 0.260634 0.47105 0.354376
vn 0.0904515 -0.0209282 0.995681
v 18.9469 -5.12245 -0.101513 0.265677 0.475613 0.355097
vn 0.0971755 -0.0201183 0.995064
v 18.9718 -4.91192 -0.0997473 0.268134 0.477836 0.355448
vn 0 0 0
v 18.9896 -4.68311 -0.0972378 0.271626 0.480995 0.355947
vn 0.0957289 -0.0177074 0.99525
v 18.9516 1.68666 -0.0836679 0.290505 0.498076 0.358644
vn 0.092088 0.0138932 0.995654
v 18.9251 1.89335 -0.0843186 0.289599 0.497257 0.358514
vn 0.0981726 0.0157355 0.995045
v 18.8783 2.13105 -0.0838539 0.290246 0.497842 0.358607
vn 0.0946683 0.0182548 0.995341
v 18.8111 2.3327 -0.0811585 0.293996 0.501234 0.359142
vn 0.0909734 0.0180832 0.995689
v 18.8027 2.5078 -0.083575 0.290634 0.498193 0.358662
vn 0.0909734 0.0180832 0.995689
v 18.9681 7.68261 -0.0162073 0.38436 0.582992 0.372051
vn -0.00687775 -0.0133363 0.999887
v 18.8345 7.89349 -0.0140375 0.387378 0.585723 0.372483
vn -0.00914502 -0.00936278 0.999914
v 18.8685 12.3959 0.0557617 0.484487 0.673583 0.386355
vn 0.055416 0.0415069 0.9976
v 18.9022 12.5703 0.0465539 0.471676 0.661993 0.384525
vn -0.0141468 -0.00998856 0.99985
v 18.8173 12.6559 0.0476699 0.473229 0.663398 0.384747
vn -0.00452271 -0.0158836 0.999864
v 18.934 14.8728 0.0849636 0.525114 0.710341 0.392159
vn -0.0145649 -0.00820208 0.99986
v 18.8032 15.0404 0.0841109 0.523928 0.709268 0.39199
vn -0.00995298 -0.0107302 0.999893
v 18.8488 17.939 0.106874 0.555597 0.737921 0.396514
vn 0.00938777 -0.00977115 0.999908
v 18.8868 18.1066 0.0982699 0.543626 0.727091 0.394804
vn 0.0396177 0.0423475 0.998317
v 18.8904 18.314 0.0893164 0.53117 0.71582 0.393024
vn 0.0464401 0.0484412 0.997746
v 19.0838 -19.0891 -0.152531 0.194699 0.411394 0.344957
vn 0.0531107 -0.0497459 0.997349
v 19.0857 -18.8487 -0.140951 0.210809 0.42597 0.347258
vn 0.0494926 -0.0484363 0.997599
v 19.1594 -18.6732 -0.136208 0.217408 0.43194 0.348201
vn 0.0496163 -0.0471673 0.997654
v 19.0727 -13.0519 -0.144031 0.206525 0.422094 0.346646
vn 0.0671191 -0.0434676 0.996798
v 19.0222 -4.4914 -0.096959 0.272013 0.481345 0.356002
vn 0.0915122 -0.0161021 0.995674
v 19.0788 -4.34187 -0.0997473 0.268134 0.477836 0.355448
vn 0.0915122 -0.0161021 0.995674
v 19.0981 -4.14691 -0.0985389 0.269815 0.479357 0.355688
vn 0.0884127 -0.0149223 0.995972
v 19.1398 -3.9227 -0.0991897 0.26891 0.478538 0.355559
vn 0 0 0
v 19.1613 -3.69056 -0.0981362 0.270376 0.479864 0.355768
vn 0 0 0
v 19.1796 -3.48888 -0.0973928 0.27141 0.480799 0.355916
vn 0 0 0
v 19.1886 -3.32504 -0.0964014 0.272789 0.482047 0.356113
vn 0.0934739 -0.0101338 0.99557
v 19.1897 -3.09628 -0.0941706 0.275893 0.484855 0.356556
vn 0.0935889 -0.00958066 0.995565
v 19.1997 -2.86887 -0.0930554 0.277444 0.486259 0.356778
vn 0.0932797 -0.00830911 0.995605
v 19.1677 0.31751 -0.0885939 0.283651 0.491875 0.357664
vn 0.0914982 0.00783033 0.995774
v 19.1716 0.502653 -0.0904529 0.281065 0.489535 0.357295
vn 0.0917275 0.0080609 0.995752
v 19.1259 0.687475 -0.0878504 0.284686 0.492811 0.357812
vn 0.089424 0.00811165 0.995961
v 19.0812 0.924239 -0.0860845 0.287143 0.495034 0.358163
vn 0 0 0
v 19.0653 1.11694 -0.0867352 0.286237 0.494215 0.358034
vn 0 0 0
v 19.0427 1.26076 -0.0863634 0.286755 0.494683 0.358108
vn 0.0862521 0.0121268 0.9962
v 19.0221 1.45298 -0.086921 0.285979 0.493981 0.357997
vn 0.092088 0.0138932 0.995654
v 19.1421 7.37618 -0.0183227 0.381416 0.580329 0.371631
vn -0.00883734 -0.00722685 0.999935
v 19.0667 7.51343 -0.017509 0.382549 0.581353 0.371793
vn -0.00930272 -0.00758448 0.999928
v 19.0581 12.3206 0.048228 0.474005 0.6641 0.384858
vn -0.0109911 -0.0116017 0.999872
v 19.0687 14.6807 0.0865413 0.527309 0.712327 0.392473
vn -0.0123849 -0.0146624 0.999816
v 19.1161 18.0178 0.0928047 0.536023 0.720211 0.393718
vn 0.040484 0.042253 0.998286
v 19.3104 -18.5082 -0.136022 0.217667 0.432175 0.348238
vn 0.0503992 -0.047194 0.997613
v 19.2096 -12.8876 -0.146228 0.203468 0.419329 0.34621
vn 0.0660559 -0.0406027 0.996989
v 19.346 -12.7257 -0.148669 0.200072 0.416256 0.345725
vn 0.066683 -0.0407796 0.996941
v 19.2129 -3.10113 -0.0964013 0.272789 0.482048 0.356113
vn 0.095069 -0.00920901 0.995428
v 19.2405 -2.69712 -0.095472 0.274082 0.483217 0.356297
vn 0.0931526 -0.00809346 0.995619
v 19.2555 -2.48477 -0.0953789 0.274212 0.483334 0.356316
vn 0.0939023 -0.00649359 0.99556
v 19.2701 -2.27559 -0.0954719 0.274082 0.483217 0.356297
vn 0.0938909 -0.00515743 0.995569
v 19.3267 -2.05123 -0.0996543 0.268264 0.477953 0.355466
vn 0.0958153 -0.00437706 0.99539
v 19.3041 -1.9053 -0.0969589 0.272014 0.481346 0.356002
vn 0.0953671 -0.00348438 0.995436
v 19.2933 -1.72434 -0.0953789 0.274212 0.483334 0.356316
vn 0.0970581 -0.00286531 0.995275
v 19.329 -1.5152 -0.0982602 0.270203 0.479708 0.355743
vn 0.0958593 -0.00241492 0.995392
v 19.3457 -1.27198 -0.0995614 0.268393 0.47807 0.355485
vn 0.0929748 -0.000117614 0.995668
v 19.328 -1.12949 -0.0978883 0.27072 0.480176 0.355817
vn 0.0929748 -0.000117614 0.995668
v 19.3477 -0.9007 -0.0999332 0.267876 0.477602 0.355411
vn 0.0922844 0.00133289 0.995732
v 19.351 -0.674637 -0.100677 0.266841 0.476666 0.355263
vn 0.0881425 0.00197579 0.996106
v 19.3134 -0.49824 -0.0977025 0.270979 0.48041 0.355854
vn 0.0881425 0.00197579 0.996106
v 19.2975 -0.287989 -0.0970519 0.271884 0.481228 0.355983
vn 0 0 0
v 19.2802 -0.0771745 -0.0964943 0.27266 0.48193 0.356094
vn 0 0 0
v 19.242 0.0987138 -0.0939848 0.276151 0.485089 0.356593
vn 0.089559 0.0058804 0.995964
v 19.2091 0.223211 -0.0917541 0.279255 0.487897 0.357036
vn 0.0933931 0.00757326 0.995601
v 19.3554 6.86964 -0.0173464 0.382775 0.581558 0.371825
vn -0.00785606 -0.0114908 0.999903
v 19.273 7.06806 -0.0176718 0.382322 0.581149 0.37176
vn -0.0101682 -0.00478158 0.999937
v 19.2017 7.25113 -0.0184853 0.38119 0.580124 0.371599
vn -0.0109148 -0.00252603 0.999937
v 19.3154 11.9841 0.047391 0.472841 0.663047 0.384692
vn -0.0083232 -0.0172442 0.999817
v 19.215 12.1081 0.0480885 0.473811 0.663924 0.38483
vn -0.0100739 -0.0101782 0.999897
v 19.3398 14.3329 0.0876924 0.52891 0.713776 0.392701
vn -0.01491 -0.0125198 0.99981
v 19.2606 14.4586 0.0864134 0.527131 0.712166 0.392447
vn -0.0164826 -0.0095506 0.999819
v 19.2898 17.8633 0.0922233 0.535214 0.719479 0.393602
vn 0.0416441 0.0425477 0.998226
v 19.4672 -18.4071 -0.139277 0.213138 0.428077 0.347591
vn 0.0520901 -0.0485765 0.99746
v 19.5183 -18.3453 -0.138998 0.213526 0.428428 0.347647
vn 0.0507557 -0.0443606 0.997725
v 19.4379 -12.6258 -0.150784 0.197129 0.413593 0.345304
vn 0.0677727 -0.0410661 0.996855
v 19.5094 -12.5133 -0.151028 0.19679 0.413286 0.345256
vn 0.0690115 -0.0411817 0.996766
v 19.5441 -12.0277 -0.133372 0.221354 0.43551 0.348765
vn 0.0692107 -0.0403745 0.996785
v 19.5579 6.53151 -0.0219027 0.376436 0.575823 0.370919
vn -0.00740394 -0.0117121 0.999904
v 19.4612 6.70259 -0.0199499 0.379153 0.578281 0.371308
vn -0.00484949 -0.0163721 0.999854
v 19.5569 11.6957 0.0450192 0.469541 0.660061 0.38422
vn -0.00624639 -0.0163678 0.999847
v 19.4254 11.869 0.0457167 0.470512 0.660939 0.384359
vn -0.00534955 -0.0190855 0.999804
v 19.5384 14.1668 0.0846225 0.524639 0.709912 0.392091
vn 0.0493697 0.0402075 0.997971
v 19.4778 14.2818 0.0829596 0.522326 0.707819 0.391761
vn 0.0496342 0.0408994 0.99793
v 19.5357 17.518 0.0964094 0.541038 0.724749 0.394434
vn 0.00637205 -0.00761406 0.999951
v 19.461 17.7058 0.0917583 0.534567 0.718894 0.39351
vn 0.0415318 0.0416795 0.998267
v 19.7102 -18.3325 -0.148346 0.200521 0.416662 0.345789
vn 0.0523436 -0.0482883 0.997461
v 19.6533 -12.3121 -0.152737 0.194412 0.411135 0.344916
vn 0.0701729 -0.0409455 0.996694
v 19.7178 6.30933 -0.0272728 0.368965 0.569063 0.369852
vn 0 0 0
v 19.7145 11.5371 0.0420894 0.465465 0.656373 0.383638
vn -0.000395333 -0.0212297 0.999775
v 19.6037 13.9907 0.08846 0.529978 0.714742 0.392854
vn -0.00951881 -0.018614 0.999781
v 19.684 14.0658 0.0814246 0.52019 0.705887 0.391456
vn 0.0500699 0.0401995 0.997936
v 19.7714 17.4892 0.0878048 0.529067 0.713918 0.392724
vn 0.0466132 0.0472104 0.997797
v 19.8399 -18.2686 -0.152113 0.195281 0.411921 0.34504
vn 0.0619923 -0.0570061 0.996447
v 19.9554 -18.1032 -0.150508 0.197513 0.41394 0.345359
vn 0.050915 -0.0443315 0.997719
v 19.8405 -12.0231 -0.154201 0.192375 0.409292 0.344625
vn 0.0706556 -0.0400081 0.996698
v 19.9384 -11.9016 -0.156317 0.189432 0.406629 0.344205
vn 0.0716921 -0.0392621 0.996654
v 19.9165 -11.7144 -0.147367 0.201884 0.417895 0.345983
vn 0.0709874 -0.0392123 0.996706
v 19.9355 -11.5918 -0.143949 0.206638 0.422196 0.346663
vn 0.0709902 -0.0382316 0.996744
v 19.9448 5.93837 -0.0337819 0.359909 0.56087 0.368558
vn 0.0797623 0.0294472 0.996379
v 19.8628 6.09834 -0.0321004 0.362248 0.562987 0.368893
vn 0 0 0
v 19.9394 11.2768 0.0389504 0.461098 0.652422 0.383014
vn 0.00183859 -0.0199408 0.999799
v 19.8263 11.4193 0.0401363 0.462748 0.653915 0.38325
vn -0.000266592 -0.0197067 0.999806
v 19.9836 13.7601 0.0784827 0.516097 0.702183 0.390871
vn 0.0499852 0.0388468 0.997994
v 19.8679 13.913 0.0782907 0.51583 0.701942 0.390833
vn 0.0499953 0.0393837 0.997973
v 19.9256 17.1917 0.0933861 0.536832 0.720943 0.393833
vn 0.000651574 -0.00503212 0.999987
v 19.8668 17.2705 0.0926885 0.535861 0.720065 0.393694
vn 0.0415369 0.040208 0.998328
v 19.8682 17.4012 0.0873397 0.52842 0.713332 0.392631
vn 0.0428191 0.0413329 0.998227
v 20.0886 -18.0098 -0.153229 0.193728 0.410516 0.344818
vn 0.0701094 -0.0606446 0.995694
v 20.1187 -11.4944 -0.153388 0.193507 0.410316 0.344787
vn 0.071785 -0.0383263 0.996684
v 20.1688 -11.2005 -0.145902 0.203921 0.419738 0.346274
vn 0.0716487 -0.0370644 0.996741
v 20.1833 5.56758 -0.0419183 0.348589 0.550628 0.366941
vn 0.0786225 0.0284686 0.996498
v 20.08 5.68193 -0.0370364 0.355381 0.556773 0.367912
vn 0.0772373 0.0272794 0.996639
v 20.0028 5.80878 -0.0345956 0.358777 0.559846 0.368397
vn 0.0795103 0.0292578 0.996405
v 20.1099 11.127 0.0345557 0.454984 0.64689 0.382141
vn 0.0112725 -0.0215558 0.999704
v 20.1653 13.5288 0.0782268 0.515741 0.701861 0.39082
vn 0.0511545 0.0386814 0.997941
v 20.0304 13.6403 0.0807851 0.519301 0.705081 0.391329
vn -0.00755184 -0.0208058 0.999755
v 20.1549 17.1589 0.0850141 0.525184 0.710405 0.392169
vn 0.0424244 0.0398954 0.998303
v 20.0647 17.202 0.0871071 0.528096 0.713039 0.392585
vn 0.0422344 0.0403834 0.998291
v 20.2089 -17.8207 -0.150996 0.196834 0.413326 0.345262
vn 0.0539502 -0.0458083 0.997492
v 20.2972 -17.6638 -0.148625 0.200133 0.416311 0.345733
vn 0.0510508 -0.0438123 0.997735
v 20.3666 -17.5529 -0.147369 0.20188 0.417891 0.345983
vn 0.0532852 -0.0436045 0.997627
v 20.2009 -11.3466 -0.153713 0.193054 0.409906 0.344722
vn 0.0728261 -0.0375873 0.996636
v 20.3053 -11.1023 -0.152194 0.195167 0.411818 0.345024
vn 0.0731362 -0.0372058 0.996628
v 20.3996 -10.9735 -0.154364 0.192148 0.409087 0.344593
vn 0.0731002 -0.0364144 0.99666
v 20.3778 5.142 -0.0459865 0.342929 0.545507 0.366133
vn 0.0767148 0.0250475 0.996738
v 20.3345 5.28988 -0.0463663 0.342401 0.545029 0.366057
vn 0.0767148 0.0250475 0.996738
v 20.2392 5.47245 -0.0437083 0.346099 0.548375 0.366586
vn 0.0747802 0.0247529 0.996893
v 20.3237 10.9318 0.0291147 0.447414 0.640041 0.381059
vn 0.0572188 0.0345346 0.997764
v 20.2482 11.0271 0.0300913 0.448773 0.64127 0.381253
vn 0.00159835 -0.0207148 0.999784
v 20.3247 13.3287 0.0777152 0.515029 0.701217 0.390718
vn 0.0510283 0.037637 0.997988
v 20.2133 13.4051 0.0805293 0.518945 0.704759 0.391278
vn -0.0134322 -0.0137331 0.999815
v 20.3488 16.9566 0.0847816 0.524861 0.710112 0.392123
vn 0.0423891 0.0393789 0.998325
v 20.2826 17.0896 0.0823397 0.521463 0.707038 0.391638
vn 0.0500178 0.0496221 0.997515
v 20.5031 -17.4626 -0.150718 0.197222 0.413677 0.345317
vn 0.0587697 -0.048268 0.997104
v 20.4462 -10.8701 -0.154039 0.192601 0.409496 0.344657
vn 0.0702261 -0.0338054 0.996958
v 20.5295 -10.7396 -0.155503 0.190564 0.407653 0.344366
vn 0.0703485 -0.0331908 0.99697
v 20.5409 4.87079 -0.0520889 0.334439 0.537826 0.36492
vn 0.0743315 0.0210526 0.997011
v 20.4392 5.04773 -0.0484274 0.339533 0.542435 0.365648
vn 0.0793282 0.025813 0.996514
v 20.5918 10.482 0.0292542 0.447608 0.640217 0.381087
vn 0.0580042 0.0345396 0.997719
v 20.5198 10.7206 0.0250687 0.441785 0.634948 0.380255
vn -0.00474306 -0.0107369 0.999931
v 20.4227 10.8506 0.026185 0.443338 0.636353 0.380477
vn 0.000363851 -0.0175702 0.999846
v 20.4867 13.1288 0.0768837 0.513873 0.700171 0.390553
vn -0.00742575 -0.0183842 0.999803
v 20.504 16.8165 0.0836188 0.523243 0.708648 0.391892
vn 0.0436446 0.0397591 0.998256
v 20.6556 -17.2721 -0.150578 0.197416 0.413852 0.345345
vn 0.0549631 -0.0441886 0.99751
v 20.7032 -17.0784 -0.144718 0.205568 0.421228 0.34651
vn 0.0538742 -0.0432153 0.997612
v 20.6251 -10.6552 -0.159571 0.184904 0.402532 0.343558
vn 0.0749749 -0.0358069 0.996542
v 20.6616 -10.5308 -0.157944 0.187168 0.40458 0.343881
vn 0.0716194 -0.0334019 0.996873
v 20.7426 -10.3317 -0.15713 0.1883 0.405604 0.344043
vn 0.0723469 -0.0332471 0.996825
v 20.7855 -10.1444 -0.154039 0.192601 0.409496 0.344657
vn 0.0742193 -0.0330108 0.996695
v 20.7709 -9.97029 -0.147204 0.20211 0.418099 0.346016
vn 0.0735771 -0.0328251 0.996749
v 20.6977 -9.76814 -0.135162 0.218863 0.433257 0.348409
vn 0.0725235 -0.031615 0.996865
v 20.7863 4.39541 -0.0604695 0.32278 0.527277 0.363254
vn 0.081747 0.0230971 0.996385
v 20.7214 4.53035 -0.058354 0.325723 0.52994 0.363675
vn 0.0743315 0.0210526 0.997011
v 20.6592 4.68071 -0.0568894 0.32776 0.531783 0.363966
vn 0.0743315 0.0210526 0.997011
v 20.7707 10.3524 0.0229761 0.438874 0.632314 0.379839
vn 0.00193146 -0.0173638 0.999847
v 20.6399 10.5102 0.0253479 0.442173 0.6353 0.38031
vn -0.00413271 -0.0084994 0.999955
v 20.7155 12.9278 0.072428 0.507674 0.694562 0.389668
vn -0.0026031 -0.020149 0.999794
v 20.7783 16.5882 0.0805955 0.519037 0.704843 0.391291
vn 0.0431904 0.0380607 0.998342
v 20.6892 16.7033 0.0800142 0.518228 0.704111 0.391175
vn 0.0438419 0.0396882 0.99825
v 20.8693 -17.0387 -0.152113 0.195281 0.411921 0.34504
vn 0.0649155 -0.0496422 0.996655
v 20.8085 -16.8833 -0.142068 0.209256 0.424565 0.347037
vn 0.0550333 -0.0428383 0.997565
v 20.8462 -16.7435 -0.138161 0.214691 0.429482 0.347813
vn 0.054882 -0.042113 0.997604
v 20.9972 -16.579 -0.139556 0.21275 0.427726 0.347536
vn 0.0550458 -0.0418915 0.997605
v 20.8139 -10.2372 -0.159246 0.185357 0.402942 0.343622
vn 0.0781992 -0.0338522 0.996363
v 20.8615 -9.92192 -0.152411 0.194865 0.411545 0.344981
vn 0.0754323 -0.0324968 0.996621
v 20.9258 -9.72296 -0.150865 0.197016 0.413491 0.345288
vn 0.0769391 -0.0324168 0.996509
v 20.9749 -9.56173 -0.149482 0.19894 0.415232 0.345563
vn 0.073904 -0.0299408 0.996816
v 20.9531 4.1209 -0.0677923 0.312592 0.518059 0.361799
vn 0.0796932 0.0208887 0.996601
v 20.8512 4.26396 -0.0627476 0.31961 0.524409 0.362801
vn 0.0776021 0.0201306 0.996781
v 20.9909 10.1047 0.0180932 0.43208 0.626168 0.378869
vn 0.0028609 -0.0198111 0.9998
v 20.8872 10.2325 0.0200463 0.434797 0.628626 0.379257
vn 0.000731299 -0.0186151 0.999826
v 20.9748 12.7461 0.0654353 0.497945 0.68576 0.388278
vn 0.0527204 0.0364326 0.997945
v 20.8524 12.8181 0.0692727 0.503284 0.69059 0.389041
vn 0.00282724 -0.0222847 0.999748
v 20.9405 16.4547 0.0786188 0.516287 0.702355 0.390898
vn 0.120652 0.102027 0.987438
v 21.0511 -16.7321 -0.149043 0.199551 0.415784 0.34565
vn 0.0630064 -0.0463975 0.996934
v 21.0485 -16.4478 -0.136906 0.216438 0.431063 0.348063
vn 0.0558294 -0.0418401 0.997563
v 21.1316 -16.3463 -0.137324 0.215855 0.430536 0.347979
vn 0.0563488 -0.041806 0.997535
v 21.0147 -16.1554 -0.122815 0.236041 0.448799 0.350863
vn 0.0550852 -0.0405942 0.997656
v 21.1736 -15.9439 -0.123094 0.235653 0.448448 0.350808
vn 0.055232 -0.0398758 0.997677
v 21.0549 -9.46602 -0.152574 0.194639 0.41134 0.344948
vn 0.0757947 -0.0307231 0.99665
v 21.1562 -9.31826 -0.155747 0.190224 0.407346 0.344318
vn 0.0749487 -0.0295956 0.996748
v 21.0367 -8.83988 -0.132558 0.222486 0.436535 0.348927
vn 0.0745403 -0.0286045 0.996808
v 21.169 3.74401 -0.0773932 0.299234 0.505974 0.359891
vn 0.0826245 0.0219514 0.996339
v 21.0549 3.90504 -0.0714809 0.30746 0.513416 0.361066
vn 0.0791538 0.0203088 0.996656
v 21.1263 9.92433 0.015861 0.428975 0.623358 0.378425
vn 0.00333125 -0.0131008 0.999909
v 21.0964 12.6208 0.0635166 0.495276 0.683345 0.387897
vn 0.0019906 -0.0203418 0.999791
v 21.19 16.1423 0.0794328 0.517419 0.703379 0.39106
vn 0.0535824 0.0447404 0.997561
v 21.067 16.2807 0.0796653 0.517743 0.703672 0.391106
vn 0.0437202 0.0376339 0.998335
v 21.2762 -16.2374 -0.140952 0.210809 0.42597 0.347258
vn 0.0576822 -0.0419728 0.997452
v 21.2027 -16.074 -0.13007 0.225948 0.439667 0.349421
vn 0.0568262 -0.0408171 0.997549
v 21.2652 -15.8468 -0.12435 0.233906 0.446868 0.350558
vn 0.0564112 -0.0399401 0.997608
v 21.3923 -15.7745 -0.128675 0.227889 0.441424 0.349698
vn 0.0571179 -0.0398049 0.997574
v 21.2607 -15.0513 -0.0924011 0.278355 0.487083 0.356908
vn 0.057014 -0.0392655 0.997601
v 21.236 -14.9305 -0.0862625 0.286895 0.49481 0.358128
vn 0.0582472 -0.0364942 0.997635
v 21.229 -9.09916 -0.154771 0.191582 0.408575 0.344512
vn 0.0768238 -0.0291066 0.99662
v 21.2138 -8.83294 -0.145902 0.203921 0.419738 0.346274
vn 0.0765616 -0.0285847 0.996655
v 21.3016 -8.68632 -0.148506 0.200299 0.416461 0.345757
vn 0.0766532 -0.0276132 0.996675
v 21.3113 3.49966 -0.0841736 0.289801 0.497439 0.358543
vn 0 0 0
v 21.2314 3.64532 -0.0804852 0.294933 0.502082 0.359276
vn 0 0 0
v 21.2729 9.7055 0.0140473 0.426451 0.621075 0.378064
vn 0.0116912 -0.00867404 0.999894
v 21.2676 12.4763 0.0595512 0.489759 0.678353 0.387108
vn 0.00463809 -0.0224951 0.999736
v 21.355 15.9169 0.0804792 0.518875 0.704696 0.391268
vn 0.0483711 0.0399482 0.99803
v 21.2636 16.0237 0.0805955 0.519037 0.704843 0.391291
vn 0.0442536 0.037258 0.998325
v 21.4428 -8.46333 -0.153225 0.193733 0.410521 0.344819
vn 0.0780405 -0.0283099 0.996548
v 21.4648 -8.31464 -0.150947 0.196903 0.413388 0.345272
vn 0.0747813 -0.0260673 0.996859
v 21.5006 -8.09918 -0.148099 0.200865 0.416973 0.345838
vn 0.0741195 -0.0255113 0.996923
v 21.5576 -7.88307 -0.147041 0.202336 0.418304 0.346048
vn 0.0726668 -0.0227052 0.997098
v 21.5704 2.88937 -0.0945884 0.275312 0.48433 0.356473
vn 0 0 0
v 21.4624 3.11171 -0.0895166 0.282368 0.490714 0.357481
vn 0 0 0
v 21.4041 3.26783 -0.0874825 0.285198 0.493274 0.357885
vn 0 0 0
v 21.4106 9.00993 0.0275801 0.445279 0.638109 0.380754
vn 0.0616783 0.0298831 0.997649
v 21.5753 9.35948 0.0063742 0.415776 0.611417 0.376539
vn 0.0110225 -0.00613295 0.99992
v 21.478 9.49775 0.00804827 0.418105 0.613524 0.376872
vn 0.0118114 -0.0151195 0.999816
v 21.5903 12.1708 0.0528996 0.480505 0.669981 0.385786
vn -0.000456373 -0.0175154 0.999846
v 21.4854 12.3091 0.0537524 0.481691 0.671054 0.385956
vn 0.0522887 0.0335188 0.998069
v 21.5438 15.7082 0.0796653 0.517743 0.703672 0.391106
vn 0.0462784 0.0376934 0.998217
v 21.4366 15.8082 0.0808281 0.51936 0.705136 0.391337
vn 0.0464153 0.0380978 0.998195
v 21.6517 -15.8424 -0.146253 0.203433 0.419296 0.346205
vn 0.0608207 -0.0435546 0.997198
v 21.768 -15.6867 -0.146741 0.202754 0.418682 0.346108
vn 0.0578503 -0.0396923 0.997536
v 21.7569 -15.4928 -0.13844 0.214302 0.429131 0.347757
vn 0.0577259 -0.0390971 0.997567
v 21.6342 -7.66648 -0.147692 0.201431 0.417485 0.345919
vn 0.0726668 -0.0227052 0.997098
v 21.6692 -7.4971 -0.14639 0.203242 0.419124 0.346177
vn 0.0726668 -0.0227052 0.997098
v 21.7032 -7.32969 -0.14517 0.20494 0.42066 0.34642
vn 0 0 0
v 21.7206 -7.1141 -0.141671 0.209807 0.425064 0.347115
vn 0 0 0
v 21.75 -6.90663 -0.139474 0.212864 0.427829 0.347552
vn 0.0797287 -0.0210729 0.996594
v 21.7544 -6.73241 -0.136138 0.217505 0.432028 0.348215
vn 0.0789391 -0.0206454 0.996666
v 21.7939 -6.50697 -0.134674 0.219542 0.433872 0.348506
vn 0.076259 -0.0188681 0.99691
v 21.7961 -4.92984 -0.107824 0.256898 0.46767 0.353843
vn 0.0788339 -0.0139046 0.996791
v 21.7616 2.16755 -0.0996871 0.268218 0.477911 0.35546
vn 0.0822494 0.0134646 0.996521
v 21.7355 2.27845 -0.0990362 0.269124 0.478731 0.355589
vn 0.0822494 0.0134646 0.996521
v 21.6849 2.4757 -0.097653 0.271048 0.480472 0.355864
vn 0 0 0
v 21.6379 2.69217 -0.0970021 0.271954 0.481291 0.355993
vn 0 0 0
v 21.7671 9.08939 0.0027467 0.410729 0.60685 0.375818
vn 0.0627462 0.0307333 0.997556
v 21.6507 9.26235 0.0047 0.413447 0.609309 0.376207
vn 0.0113932 -0.0135707 0.999843
v 21.7663 11.9743 0.0500855 0.47659 0.666438 0.385227
vn 3.76322e-05 -0.0202518 0.999795
v 21.665 12.0642 0.0525159 0.479971 0.669497 0.38571
vn -0.00121694 -0.0191555 0.999816
v 21.729 15.4993 0.0788514 0.51661 0.702647 0.390944
vn 0.04656 0.0370028 0.99823
v 21.6446 15.6149 0.0785026 0.516125 0.702208 0.390875
vn 0.0781048 0.0646223 0.994849
v 21.8102 -6.6289 -0.138417 0.214335 0.42916 0.347762
vn 0.0796597 -0.0204464 0.996612
v 21.8429 -6.40158 -0.136464 0.217052 0.431618 0.34815
vn 0.0785297 -0.0192934 0.996725
v 21.8776 -6.29258 -0.137115 0.216146 0.430799 0.348021
vn 0.0797293 -0.0194609 0.996627
v 21.8816 -6.11961 -0.134186 0.220222 0.434486 0.348603
vn 0.0752878 -0.0182896 0.996994
v 21.8816 -5.88605 -0.129955 0.226108 0.439812 0.349444
vn 0.0741598 -0.0180453 0.997083
v 21.8962 -5.67796 -0.127514 0.229504 0.442885 0.349929
vn 0.0841814 -0.0167056 0.99631
v 21.9076 -5.4698 -0.124991 0.233013 0.446059 0.35043
vn 0.0790496 -0.0156574 0.996748
v 21.9416 -5.30314 -0.125073 0.2329 0.445957 0.350414
vn 0.07919 -0.0154243 0.99674
v 21.954 -5.13053 -0.123446 0.235164 0.448005 0.350738
vn 0.0799666 -0.0146364 0.99669
v 21.945 -4.84151 -0.118564 0.241956 0.454151 0.351708
vn 0.0801737 -0.0140115 0.996682
v 21.9606 -4.67616 -0.117587 0.243314 0.45538 0.351902
vn 0.079209 -0.0130174 0.996773
v 21.9735 -4.46862 -0.11596 0.245578 0.457428 0.352225
vn 0.0773416 -0.0121728 0.99693
v 21.9922 -4.26237 -0.114984 0.246937 0.458657 0.35242
vn 0.0769016 -0.0115652 0.996972
v 21.9958 -4.09398 -0.113356 0.249201 0.460705 0.352743
vn 0.0868082 -0.0114775 0.996159
v 21.9496 -0.447732 -0.0944798 0.275463 0.484466 0.356495
vn 0.0798893 0.00220228 0.996801
v 21.9983 1.52542 -0.111404 0.251917 0.463163 0.353131
vn 0.0793335 0.00955757 0.996802
v 21.9523 1.69135 -0.109451 0.254634 0.465621 0.353519
vn 0 0 0
v 21.875 1.90541 -0.105627 0.259954 0.470435 0.354279
vn 0 0 0
v 21.8117 2.06595 -0.102454 0.264369 0.474429 0.35491
vn 0.0822494 0.0134646 0.996521
v 21.9864 8.78741 -0.0019967 0.40413 0.60088 0.374876
vn 0.0625565 0.0290849 0.997618
v 21.9331 8.90075 -0.0019967 0.40413 0.60088 0.374876
vn 0.00976228 -0.00977894 0.999905
v 21.8709 9.00298 -0.00115965 0.405295 0.601933 0.375042
vn 0.0110349 -0.0144175 0.999835
v 21.9835 11.7508 0.0457363 0.470539 0.660964 0.384363
vn -0.00303458 -0.0145799 0.999889
v 21.8536 11.8752 0.0486784 0.474632 0.664667 0.384947
vn -0.00253028 -0.0177123 0.99984
v 21.8999 15.304 0.0780374 0.515478 0.701623 0.390783
vn 0.0490254 0.0381578 0.998068
v 22.104 -15.3438 -0.15281 0.19431 0.411043 0.344901
vn 0.0669111 -0.0469436 0.996654
v 22.1982 -15.1965 -0.152671 0.194504 0.411218 0.344929
vn 0.0585293 -0.0386253 0.997538
v 22.0179 -3.9265 -0.113356 0.249201 0.460705 0.352743
vn 0.0789051 -0.00957971 0.996836
v 22.0666 -3.71101 -0.115146 0.24671 0.458452 0.352387
vn 0.0759992 -0.00888206 0.997068
v 22.078 -3.48542 -0.114007 0.248295 0.459886 0.352614
vn 0.0800126 -0.0085542 0.996757
v 22.0752 -3.25863 -0.111892 0.251238 0.462549 0.353034
vn 0.0813576 -0.00766758 0.996655
v 22.1124 -3.09624 -0.113682 0.248748 0.460295 0.352678
vn 0.0837862 -0.00714332 0.996458
v 22.1099 -2.92457 -0.112299 0.250672 0.462037 0.352953
vn 0.0841364 -0.00678587 0.996431
v 22.1357 -2.72263 -0.113139 0.249502 0.460978 0.352786
vn 0.0841566 -0.00640136 0.996432
v 22.1788 -2.53785 -0.115635 0.246031 0.457837 0.35229
vn 0.0813308 -0.00500036 0.996675
v 22.1852 -0.661333 -0.113194 0.249427 0.46091 0.352775
vn 0.0813323 0.00207469 0.996685
v 22.1366 -0.557543 -0.109451 0.254634 0.465621 0.353519
vn 0.0816059 0.00269798 0.996661
v 22.1512 -0.29256 -0.111404 0.251917 0.463163 0.353131
vn 0.0813755 0.0032111 0.996678
v 22.1507 -0.0888193 -0.112136 0.250898 0.462241 0.352985
vn 0.0806831 0.0041523 0.996731
v 22.0877 0.115105 -0.107932 0.256747 0.467533 0.353821
vn 0.0803937 0.00442249 0.996753
v 22.1044 0.300116 -0.110265 0.253502 0.464597 0.353357
vn 0.0814336 0.00522382 0.996665
v 22.095 0.468566 -0.110509 0.253162 0.46429 0.353309
vn 0.0762707 0.00569439 0.997071
v 22.0747 0.690702 -0.110346 0.253389 0.464495 0.353341
vn 0 0 0
v 22.0648 0.915816 -0.111241 0.252144 0.463368 0.353163
vn 0 0 0
v 22.0636 1.14106 -0.113031 0.249653 0.461115 0.352808
vn 0 0 0
v 22.0409 1.30758 -0.112705 0.250106 0.461525 0.352872
vn 0.0793335 0.00955757 0.996802
v 22.0337 1.41826 -0.113194 0.249427 0.46091 0.352775
vn 0.0793335 0.00955757 0.996802
v 22.1768 8.56495 -0.0075773 0.396366 0.593855 0.373767
vn -0.000900418 -0.00517368 0.999986
v 22.0909 8.65696 -0.0047869 0.400248 0.597367 0.374321
vn 0.0186721 -0.00318709 0.999821
v 22.1332 11.5362 0.0445852 0.468937 0.659515 0.384134
vn -0.00369416 -0.0126597 0.999913
v 22.0817 11.6576 0.0434339 0.467336 0.658066 0.383905
vn 0.0562736 0.0336207 0.997849
v 22.1619 14.948 0.0785026 0.516125 0.702208 0.390875
vn 0.0457588 0.034769 0.998347
v 22.0851 15.0958 0.0768747 0.51386 0.700159 0.390551
vn 0.109239 0.0884701 0.990071
v 22.2972 -15.047 -0.15281 0.19431 0.411043 0.344901
vn 0.0586136 -0.0376687 0.99757
v 22.3678 -14.9326 -0.152671 0.194504 0.411218 0.344929
vn 0.0585547 -0.037191 0.997591
v 22.2453 -2.43058 -0.120516 0.239239 0.451693 0.35132
vn 0.084064 -0.00604717 0.996442
v 22.2415 -2.27688 -0.11954 0.240597 0.452922 0.351514
vn 0.0819215 -0.00434963 0.996629
v 22.269 -2.07115 -0.121005 0.23856 0.451078 0.351223
vn 0.0812065 -0.00349205 0.996691
v 22.2813 -1.90365 -0.121493 0.237881 0.450463 0.351126
vn 0.0818669 -0.00228025 0.996641
v 22.2613 -1.73048 -0.119459 0.240711 0.453024 0.35153
vn 0.0818669 -0.00228025 0.996641
v 22.2668 -1.50822 -0.11954 0.240597 0.452921 0.351514
vn 0.0862958 -0.00176593 0.996268
v 22.2531 -1.28207 -0.118238 0.242409 0.45456 0.351773
vn 0.0775513 -0.000198366 0.996988
v 22.2513 -1.11544 -0.118076 0.242635 0.454765 0.351805
vn 0.0811867 0.000554819 0.996699
v 22.2131 -0.946403 -0.115065 0.246823 0.458554 0.352403
vn 0.0786378 0.000295453 0.996903
v 22.2017 -0.773653 -0.114333 0.247842 0.459476 0.352549
vn 0.0805411 0.00131644 0.99675
v 22.3579 8.18542 -0.0084142 0.395202 0.592802 0.3736
vn 0.0633504 0.0266903 0.997634
v 22.2906 8.29996 -0.0072981 0.396754 0.594206 0.373822
vn 0.0621193 0.027651 0.997686
v 22.2418 8.44958 -0.0084143 0.395202 0.592801 0.3736
vn 0.00101751 -0.00845007 0.999964
v 22.2959 11.3891 0.0403639 0.463064 0.654201 0.383295
vn 0.0105856 -0.023748 0.999662
v 22.2175 11.4443 0.0429223 0.466624 0.657422 0.383803
vn 0.00316198 -0.019366 0.999807
v 22.2529 14.8461 0.0778049 0.515154 0.70133 0.390736
vn 0.0471093 0.0349089 0.99828
v 22.4224 -14.861 -0.153229 0.193728 0.410516 0.344818
vn 0.0583839 -0.0358072 0.997652
v 22.5276 -14.768 -0.156019 0.189846 0.407004 0.344264
vn 0.0590098 -0.0364722 0.997591
v 22.5608 7.9216 -0.0142737 0.38705 0.585426 0.372436
vn 0.0027719 -0.0131712 0.999909
v 22.4587 8.07928 -0.0119719 0.390252 0.588323 0.372893
vn 0.00198693 -0.00990354 0.999949
v 22.5633 11.1389 0.0334565 0.453454 0.645506 0.381922
vn 0.00464234 -0.0193743 0.999802
v 22.4566 11.2521 0.0358229 0.456747 0.648485 0.382392
vn 0.00353804 -0.0178889 0.999834
v 22.5171 14.5161 0.0767196 0.513644 0.699964 0.390521
vn 0.047398 0.0343095 0.998287
v 22.4026 14.7204 0.0751305 0.511434 0.697964 0.390205
vn 0.0700022 0.0535066 0.996111
v 22.6502 -14.6377 -0.15853 0.186352 0.403843 0.343765
vn 0.0599258 -0.036962 0.997518
v 22.7419 -14.483 -0.158391 0.186546 0.404018 0.343792
vn 0.0592886 -0.035846 0.997597
v 22.7992 -14.3601 -0.157414 0.187905 0.405248 0.343986
vn 0.0598857 -0.0354604 0.997575
v 22.6842 -13.9813 -0.137045 0.216244 0.430887 0.348035
vn 0.0589179 -0.034519 0.997666
v 22.7587 -12.0439 -0.0776127 0.298929 0.505698 0.359847
vn 0.0614845 -0.0303997 0.997645
v 22.7832 7.56472 -0.0192962 0.380062 0.579104 0.371437
vn 0.0644492 0.0253796 0.997598
v 22.7204 7.67363 -0.0180406 0.381809 0.580684 0.371687
vn 0.00562457 -0.0157518 0.99986
v 22.6052 7.80346 -0.0139947 0.387438 0.585777 0.372491
vn 0.0633567 0.0260204 0.997652
v 22.7287 10.9773 0.0292353 0.447582 0.640193 0.381083
vn 0.00501984 -0.0179683 0.999826
v 22.6397 11.0761 0.0311541 0.450251 0.642608 0.381464
vn 0.0577794 0.0328567 0.997789
v 22.6871 14.3172 0.0753631 0.511757 0.698257 0.390251
vn 0.049382 0.035423 0.998152
v 22.8875 -14.2974 -0.160483 0.183635 0.401384 0.343376
vn 0.0615151 -0.0360883 0.997454
v 22.9014 -14.1076 -0.154624 0.191787 0.40876 0.344541
vn 0.0603779 -0.0351425 0.997557
v 22.9391 7.36237 -0.0243188 0.373074 0.572782 0.370439
vn 0.0641928 0.0238881 0.997652
v 22.8807 7.46907 -0.0232027 0.374627 0.574186 0.370661
vn 0.0142336 -0.0234999 0.999623
v 22.9819 10.7665 0.0214326 0.436726 0.630371 0.379532
vn 0.0580693 0.0321601 0.997794
v 22.8703 10.8516 0.0251421 0.441887 0.635041 0.38027
vn 0.00942733 -0.0209481 0.999736
v 22.8545 14.1789 0.0719909 0.507066 0.694012 0.389581
vn 0.0493921 0.0354301 0.998151
v 23.1127 -13.9424 -0.161669 0.181985 0.399891 0.343141
vn 0.0607242 -0.0345849 0.997555
v 23.173 -13.6374 -0.154903 0.191399 0.408408 0.344486
vn 0.0603656 -0.0339073 0.9976
v 23.1832 -13.4947 -0.150717 0.197222 0.413677 0.345317
vn 0.0615902 -0.0334078 0.997542
v 23.1231 -13.2348 -0.138371 0.214399 0.429219 0.347771
vn 0.059676 -0.0327958 0.997679
v 23.1589 7.0662 -0.0314339 0.363175 0.563825 0.369025
vn 0.0645854 0.023631 0.997632
v 23.0795 7.27967 -0.0314339 0.363175 0.563825 0.369025
vn 0.0159543 -0.0243219 0.999577
v 23.0734 10.6624 0.0193858 0.433879 0.627795 0.379126
vn 0.00660498 -0.017465 0.999826
v 23.2247 -13.7743 -0.162716 0.180529 0.398574 0.342933
vn 0.0640423 -0.0341923 0.997361
v 23.2623 -13.0859 -0.142068 0.209256 0.424565 0.347037
vn 0.0622241 -0.0328832 0.99752
v 23.2786 -12.8937 -0.136859 0.216502 0.431121 0.348072
vn 0.0618915 -0.03162 0.997582
v 23.361 6.72058 -0.0365959 0.355994 0.557328 0.367999
vn 0.0665132 0.023603 0.997506
v 23.2381 6.87364 -0.0320618 0.362302 0.563035 0.3689
vn 0.064392 0.0230468 0.997659
v 23.2541 10.487 0.0143332 0.426849 0.621435 0.378121
vn 0.00919477 -0.0190781 0.999776
v 23.5749 6.30534 -0.0414789 0.3492 0.551181 0.367029
vn 0.0638328 0.0208901 0.997742
v 23.5095 6.45858 -0.0405022 0.350559 0.552411 0.367223
vn 0.0656219 0.0220707 0.9976
v 23.414 6.60356 -0.037433 0.354829 0.556274 0.367833
vn 0.0650178 0.0220257 0.997641
v 23.591 10.1864 0.0037802 0.412167 0.608151 0.376024
vn 0.0105065 -0.0168874 0.999802
v 23.4696 10.2951 0.00761755 0.417506 0.612982 0.376787
vn 0.00984991 -0.0185087 0.99978
v 23.6076 -12.8618 -0.156298 0.189458 0.406652 0.344208
vn 0.0632223 -0.0331764 0.997448
v 23.7149 -12.6933 -0.157693 0.187517 0.404896 0.343931
vn 0.0662413 -0.0324861 0.997275
v 23.6769 -12.4009 -0.146253 0.203433 0.419296 0.346205
vn 0.062423 -0.0310519 0.997567
v 23.7933 -12.353 -0.152113 0.195281 0.411921 0.34504
vn 0.0637263 -0.0308445 0.997491
v 23.7764 5.92748 -0.0469198 0.341631 0.544332 0.365947
vn 0 0 0
v 23.6913 6.09956 -0.0448272 0.344542 0.546967 0.366363
vn 0 0 0
v 23.6983 10.0586 0.0012219 0.408608 0.604931 0.375515
vn 0.00313181 -0.00527166 0.999981
v 23.8226 -12.218 -0.14988 0.198386 0.414731 0.345484
vn 0.062884 -0.0295651 0.997583
v 23.9234 -12.1171 -0.153229 0.193728 0.410516 0.344818
vn 0.0698402 -0.0324481 0.99703
v 23.9681 -11.9193 -0.150229 0.197901 0.414291 0.345414
vn 0.064403 -0.0291828 0.997497
v 23.9131 -11.6771 -0.139696 0.212556 0.42755 0.347508
vn 0.0628558 -0.0289707 0.997602
v 23.9796 -11.563 -0.140672 0.211197 0.426321 0.347314
vn 0.0644415 -0.0287224 0.997508
v 23.9285 5.53665 -0.0492916 0.338331 0.541347 0.365476
vn 0.066344 0.0187879 0.99762
v 23.8918 5.70432 -0.0501286 0.337166 0.540293 0.365309
vn 0.0669587 0.0196084 0.997563
v 23.8313 5.81626 -0.048315 0.33969 0.542576 0.36567
vn 0.0655549 0.0193022 0.997662
v 23.9758 9.77535 -0.0069646 0.397218 0.594626 0.373888
vn 0.056124 0.0260041 0.998085
v 23.8983 9.88766 -0.0055577 0.399176 0.596397 0.374168
vn 0.0580439 0.028138 0.997917
v 24.0084 -11.4784 -0.140114 0.211973 0.427023 0.347425
vn 0.0621936 -0.027085 0.997697
v 24.104 -11.3694 -0.143184 0.207703 0.42316 0.346815
vn 0.0638203 -0.0276011 0.99758
v 24.1993 -11.0758 -0.141231 0.21042 0.425618 0.347203
vn 0.0643736 -0.0270544 0.997559
v 24.1801 -10.9665 -0.137045 0.216244 0.430887 0.348035
vn 0.0621144 -0.0267766 0.99771
v 24.1183 -10.097 -0.110538 0.253122 0.464253 0.353303
vn 0.064709 -0.0246598 0.997599
v 24.1288 5.15334 -0.0555697 0.329596 0.533444 0.364228
vn 0.0659514 0.017404 0.997671
v 24.086 5.31742 -0.0557091 0.329402 0.533269 0.3642
vn 0.00518715 -0.0125446 0.999908
v 24.0267 5.43286 -0.0538954 0.331926 0.535552 0.364561
vn 0.00707849 -0.0120453 0.999902
v 24.1398 9.16508 -0.0003131 0.406472 0.602999 0.37521
vn 0.00616808 -0.0100472 0.999931
v 24.1601 9.26716 -0.0041505 0.401134 0.598169 0.374448
vn 0.0581594 0.0260569 0.997967
v 24.1524 9.51262 -0.0101625 0.392769 0.590601 0.373253
vn 0.0589725 0.0270667 0.997893
v 24.0619 9.66168 -0.00888335 0.394549 0.592211 0.373507
vn 0.0587779 0.0273685 0.997896
v 24.3829 -11.297 -0.159088 0.185576 0.40314 0.343654
vn 0.0703787 -0.0290478 0.997097
v 24.2034 -10.8896 -0.136487 0.21702 0.431589 0.348146
vn 0.0635031 -0.0260048 0.997643
v 24.2842 -10.7762 -0.138719 0.213914 0.428779 0.347702
vn 0.0648004 -0.026445 0.997548
v 24.2668 -10.4326 -0.128675 0.227889 0.441424 0.349698
vn 0.0642431 -0.0257156 0.997603
v 24.317 -10.3146 -0.128953 0.227501 0.441072 0.349643
vn 0.0653258 -0.0251 0.997548
v 24.3711 4.69579 -0.0639404 0.317951 0.522908 0.362564
vn 0.06657 0.0166755 0.997642
v 24.3034 4.87418 -0.0624058 0.320086 0.524839 0.362869
vn 0.00526952 -0.0144025 0.999882
v 24.2196 5.04577 -0.059755 0.323774 0.528176 0.363396
vn 0.00410217 -0.0130946 0.999906
v 24.2291 9.39651 -0.0115696 0.390812 0.58883 0.372973
vn 0.0587222 0.026284 0.997928
v 24.4812 -10.6608 -0.148485 0.200327 0.416487 0.345761
vn 0.0673238 -0.0262257 0.997386
v 24.5381 -10.1091 -0.138301 0.214497 0.429306 0.347785
vn 0.0653948 -0.024412 0.997561
v 24.576 -9.61338 -0.128953 0.227501 0.441072 0.349643
vn 0.0644883 -0.0222459 0.99767
v 24.5932 4.39541 -0.0741249 0.303781 0.510088 0.36054
vn 0.0173261 -0.0290385 0.999428
v 24.4751 4.53893 -0.0684048 0.31174 0.517288 0.361677
vn 0.00862776 -0.0192561 0.999777
v 24.591 8.77115 -0.0169421 0.383337 0.582067 0.371905
vn 0.0185586 -0.0211483 0.999604
v 24.4801 9.16411 -0.0202679 0.37871 0.577881 0.371244
vn 0.0590678 0.0258456 0.997919
v 24.6672 -10.0193 -0.144579 0.205762 0.421404 0.346537
vn 0.0662324 -0.0248135 0.997496
v 24.7326 -9.89832 -0.145974 0.203821 0.419648 0.34626
vn 0.0745447 -0.0271202 0.996849
v 24.6592 -9.73697 -0.137324 0.215855 0.430536 0.347979
vn 0.0654591 -0.023596 0.997576
v 24.7302 -9.51696 -0.136906 0.216437 0.431062 0.348062
vn 0.0662746 -0.0231551 0.997533
v 24.7867 -9.39545 -0.137882 0.215079 0.429833 0.347868
vn 0.0640415 -0.0207369 0.997732
v 24.7048 4.15675 -0.0780312 0.298347 0.505171 0.359764
vn 0.0661729 0.0132915 0.99772
v 24.6201 4.26969 -0.0739854 0.303976 0.510264 0.360568
vn 0.0678629 0.0156609 0.997572
v 24.7437 8.7363 -0.0251287 0.371948 0.571762 0.370278
vn 0.0591175 0.0242184 0.997957
v 24.6517 8.89479 -0.0235936 0.374083 0.573694 0.370583
vn 0.0593979 0.0249248 0.997923
v 24.6152 9.02717 -0.0247449 0.372482 0.572245 0.370355
vn 0.0598904 0.0260488 0.997865
v 24.9485 -9.36556 -0.147927 0.201104 0.417189 0.345872
vn 0.0668474 -0.0232443 0.997492
v 24.9405 -8.10859 -0.12128 0.238176 0.450731 0.351168
vn 0.0642103 -0.0203303 0.997729
v 24.9758 -7.97663 -0.121141 0.23837 0.450907 0.351196
vn 0.0662711 -0.0182522 0.997635
v 24.9131 3.89459 -0.0884017 0.283919 0.492117 0.357703
vn -0.0130618 0.0134295 0.999825
v 24.8037 4.05077 -0.0831933 0.291165 0.498673 0.358738
vn 0.00624591 -0.0150546 0.999867
v 24.9685 8.53265 -0.033571 0.360202 0.561135 0.3686
vn 0.0612495 0.0248574 0.997813
v 24.8878 8.6526 -0.0316522 0.362872 0.563551 0.368982
vn 0.0596084 0.0247854 0.997914
v 25.0284 -9.24604 -0.150578 0.197416 0.413853 0.345345
vn 0.0750537 -0.0263702 0.996831
v 25.019 -9.05011 -0.145695 0.204209 0.419999 0.346316
vn 0.0653132 -0.0211585 0.99764
v 25.0903 -8.89235 -0.14709 0.202268 0.418243 0.346038
vn 0.0679164 -0.0213313 0.997463
v 25.0654 -8.69762 -0.14137 0.210226 0.425443 0.347175
vn 0.0649066 -0.0204259 0.997682
v 25.1567 -8.49248 -0.143323 0.207509 0.422984 0.346787
vn 0.0665195 -0.0199855 0.997585
v 25.1269 -8.30501 -0.137603 0.215467 0.430184 0.347924
vn 0.0673804 -0.0192855 0.997541
v 25.1156 -7.8826 -0.128814 0.227695 0.441248 0.349671
vn 0.0674213 -0.0185061 0.997553
v 25.1014 -7.51797 -0.12128 0.238176 0.450731 0.351168
vn 0.0663251 -0.0175515 0.997644
v 25.1799 -7.35604 -0.123791 0.234683 0.44757 0.350669
vn 0.0683548 -0.0171232 0.997514
v 25.1075 -7.15894 -0.11556 0.246134 0.457931 0.352305
vn 0.0661981 -0.0162378 0.997674
v 25.1484 3.28163 -0.0963074 0.27292 0.482166 0.356131
vn -0.0247739 -0.0269405 0.99933
v 25.0927 3.45003 -0.0946332 0.275249 0.484273 0.356464
vn -0.0231592 -0.0171755 0.999584
v 25.0181 3.67619 -0.0925406 0.278161 0.486907 0.35688
vn -0.0218556 -0.0228431 0.9995
v 25.1252 8.2786 -0.0369607 0.355486 0.556869 0.367927
vn 0.0159444 -0.0233471 0.9996
v 25.008 8.45498 -0.0340826 0.35949 0.560491 0.368499
vn 0.0582304 0.0225965 0.998047
v 25.2703 -8.52407 -0.151555 0.196057 0.412623 0.345151
vn 0.0679917 -0.0200185 0.997485
v 25.2243 -7.73307 -0.133418 0.22129 0.435453 0.348756
vn 0.0703381 -0.0181171 0.997359
v 25.2748 -7.06133 -0.125326 0.232548 0.445638 0.350364
vn 0.0719455 -0.0171261 0.997262
v 25.2957 -6.88493 -0.123931 0.234489 0.447394 0.350641
vn 0.0669649 -0.0153603 0.997637
v 25.3582 -6.673 -0.124908 0.23313 0.446165 0.350447
vn 0.0694894 -0.0157169 0.997459
v 25.3487 -6.53991 -0.122257 0.236818 0.449502 0.350974
vn 0.0670411 -0.0148626 0.99764
v 25.3995 -6.28046 -0.121978 0.237206 0.449853 0.351029
vn 0.068027 -0.0138104 0.997588
v 25.3871 -5.65148 -0.11277 0.250016 0.461443 0.352859
vn 0.0688731 -0.0123372 0.997549
v 25.3678 2.68542 -0.104469 0.261565 0.471892 0.354509
vn -0.028439 -0.0217292 0.999359
v 25.298 2.89274 -0.101958 0.265059 0.475053 0.355008
vn -0.0285403 -0.019018 0.999412
v 25.2321 3.11998 -0.100074 0.267679 0.477424 0.355383
vn -0.0267857 -0.0248244 0.999333
v 25.3898 7.91419 -0.0445716 0.344898 0.547288 0.366414
vn 0.05972 0.0216595 0.99798
v 25.2615 8.08682 -0.0407342 0.350236 0.552119 0.367177
vn 0.0668922 0.0278477 0.997372
v 25.457 -6.47292 -0.128675 0.227889 0.441424 0.349698
vn 0.0695696 -0.0153123 0.99746
v 25.4948 -6.39048 -0.13007 0.225948 0.439667 0.349421
vn 0.0729156 -0.0162922 0.997205
v 25.5088 -6.12237 -0.127279 0.22983 0.44318 0.349976
vn 0.0683798 -0.0135059 0.997568
v 25.402 -5.74781 -0.115002 0.246911 0.458634 0.352416
vn 0.0681697 -0.0131758 0.997587
v 25.4101 -5.52204 -0.11277 0.250016 0.461443 0.352859
vn 0.0690918 -0.0121676 0.997536
v 25.4121 -5.39345 -0.111375 0.251957 0.4632 0.353137
vn 0.0685777 -0.0111307 0.997584
v 25.5778 1.92273 -0.111584 0.251666 0.462936 0.353095
vn -0.0278274 -0.0143194 0.99951
v 25.5043 2.11176 -0.108166 0.256421 0.467238 0.353774
vn 0.067312 0.00838846 0.997697
v 25.4912 2.28209 -0.108864 0.255451 0.466361 0.353636
vn -0.0317422 -0.0159739 0.999368
v 25.4443 2.45422 -0.107329 0.257586 0.468292 0.353941
vn -0.0291699 -0.0198131 0.999378
v 25.549 7.59021 -0.0471301 0.341338 0.544068 0.365905
vn 0.0596582 0.0211127 0.997996
v 25.5238 7.72056 -0.0484091 0.339559 0.542458 0.365651
vn 0.0642269 0.0232408 0.997665
v 25.459 7.84153 -0.0471301 0.341338 0.544068 0.365905
vn 0.0680149 0.0273314 0.99731
v 25.651 -5.92464 -0.134394 0.219931 0.434224 0.348562
vn -0.00190394 -0.00924482 0.999955
v 25.6779 -5.30401 -0.128674 0.227889 0.441424 0.349698
vn -0.0119572 -0.00453296 0.999918
v 25.7238 -5.1324 -0.12993 0.226142 0.439843 0.349449
vn -0.0183309 0.0219104 0.999592
v 25.6617 -4.94607 -0.123652 0.234877 0.447746 0.350697
vn 0.0685148 -0.0101686 0.997598
v 25.7884 -4.38221 -0.127 0.230218 0.443531 0.350031
vn 0.0682319 -0.00860703 0.997632
v 25.7992 0.172962 -0.116118 0.245358 0.457229 0.352194
vn 0.0727515 0.0041777 0.997341
v 25.79 0.299992 -0.115979 0.245552 0.457404 0.352222
vn 0.0741664 0.00434438 0.997236
v 25.773 0.474877 -0.11556 0.246134 0.457931 0.352305
vn 0 0 0
v 25.7468 0.694392 -0.114816 0.24717 0.458868 0.352453
vn 0.0721751 0.00591461 0.997374
v 25.7124 0.910272 -0.113607 0.248852 0.46039 0.352693
vn 0.0677299 0.00614191 0.997685
v 25.7212 1.08499 -0.115281 0.246523 0.458282 0.35236
vn 0.0675827 0.00627727 0.997694
v 25.7139 1.30251 -0.116211 0.245229 0.457112 0.352176
vn 0.069121 0.00709872 0.997583
v 25.6483 1.51633 -0.113189 0.249434 0.460916 0.352776
vn 0.066964 0.00704683 0.997731
v 25.643 1.68999 -0.114165 0.248075 0.459687 0.352582
vn 0.0691448 0.00772531 0.997577
v 25.654 7.30496 -0.0475138 0.340804 0.543585 0.365829
vn 0.059701 0.0192635 0.99803
v 25.6036 7.50688 -0.048665 0.339203 0.542136 0.3656
vn 0.061934 0.0215521 0.997848
v 25.8505 -4.84213 -0.13565 0.218184 0.432643 0.348312
vn -0.0291167 0.0224243 0.999324
v 25.866 -4.7053 -0.135371 0.218573 0.432994 0.348368
vn -0.0236346 0.00215344 0.999718
v 25.8009 -4.51759 -0.129093 0.227307 0.440897 0.349615
vn 0.0688501 -0.00931736 0.997584
v 25.9216 -4.26494 -0.135231 0.218767 0.43317 0.348395
vn -0.0301618 -0.00531855 0.999531
v 25.8766 -4.08547 -0.130628 0.225172 0.438965 0.34931
vn 0.0687073 -0.00802524 0.997605
v 25.8923 -3.9091 -0.130348 0.22556 0.439316 0.349366
vn -0.035599 -0.0103096 0.999313
v 25.9079 -3.71048 -0.13 0.226045 0.439755 0.349435
vn -0.0328751 0.000938013 0.999459
v 25.9261 -3.46772 -0.129651 0.226531 0.440194 0.349504
vn -0.0348637 -0.00251407 0.999389
v 25.9241 -3.27003 -0.128326 0.228375 0.441863 0.349768
vn -0.0363645 -0.00600412 0.999321
v 25.8966 -3.07503 -0.125326 0.232548 0.445638 0.350364
vn 0.069191 -0.00557185 0.997588
v 25.924 -2.9442 -0.126582 0.230801 0.444058 0.350114
vn -0.0323113 -0.00531119 0.999464
v 25.9576 -2.70282 -0.127837 0.229054 0.442477 0.349865
vn 0.0656202 -0.00385562 0.997837
v 25.9668 -2.50417 -0.127698 0.229248 0.442653 0.349893
vn 0.0728653 -0.00309742 0.997337
v 25.9415 -2.32603 -0.125326 0.232548 0.445638 0.350364
vn 0.0672638 -0.00364749 0.997729
v 25.9478 -2.10694 -0.12514 0.232806 0.445872 0.350401
vn 0.0753458 -0.00280757 0.997154
v 25.9615 -1.88945 -0.125605 0.232159 0.445287 0.350308
vn 0.0735355 -0.00237179 0.99729
v 25.9698 -1.71523 -0.125884 0.231771 0.444936 0.350253
vn 0.0649359 -0.00147891 0.997888
v 25.9571 -1.51635 -0.124768 0.233324 0.446341 0.350475
vn 0.0649359 -0.00147891 0.997888
v 25.9453 -1.2714 -0.123791 0.234683 0.44757 0.350669
vn 0.0734715 0.000511736 0.997297
v 25.9212 -1.07525 -0.122117 0.237012 0.449677 0.351002
vn 0.0694003 0.00052381 0.997589
v 25.9217 -0.883575 -0.122257 0.236818 0.449502 0.350974
vn 0.071004 0.000883778 0.997476
v 25.9002 -0.701889 -0.120955 0.238629 0.451141 0.351233
vn 0.0681935 0.00130528 0.997671
v 25.8958 -0.483195 -0.121001 0.238565 0.451082 0.351224
vn 0.0709928 0.00211057 0.997475
v 25.8604 -0.308163 -0.118909 0.241476 0.453716 0.351639
vn 0.0690553 0.00236907 0.99761
v 25.8498 -0.0676201 -0.118839 0.241573 0.453804 0.351653
vn 0.0712989 0.00315376 0.99745
v 25.8161 0.0770955 -0.116955 0.244194 0.456175 0.352028
vn 0.0702226 0.00339047 0.997526
v 25.8914 7.09201 -0.057619 0.326745 0.530865 0.363821
vn 0.0607017 0.0198988 0.997958
v 26.1719 5.94944 -0.0535258 0.33244 0.536017 0.364634
vn 0.00773694 -0.0168537 0.999828
v 26.1814 6.23614 -0.059154 0.32461 0.528933 0.363516
vn 0.0608886 0.0177294 0.997987
v 26.1003 6.46109 -0.0582587 0.325855 0.53006 0.363694
vn 0.0598197 0.0184835 0.998038
v 26.1081 6.70191 -0.0632473 0.318915 0.52378 0.362702
vn 0.0658355 0.0203361 0.997623
v 26.0431 6.92185 -0.0635032 0.318559 0.523458 0.362651
vn 0.0676223 0.022575 0.997456
v 26.2505 5.87529 -0.0571074 0.327457 0.531509 0.363922
vn 0.0214432 -0.0258419 0.999436
v 26.2781 6.12398 -0.0631194 0.319093 0.523941 0.362728
vn 0.0619156 0.0175675 0.997927
v 26.2205 6.34429 -0.0635032 0.318559 0.523458 0.362651
vn 0.0636878 0.0189548 0.99779
v 26.5667 5.575 -0.0716898 0.307169 0.513153 0.361024
vn 0.0202658 -0.0272202 0.999424
v 26.5245 5.71127 -0.0713059 0.307703 0.513636 0.3611
vn 0.0617925 0.0164758 0.997953
v 26.4676 5.83841 -0.0698988 0.309661 0.515408 0.36138
vn 0.0653044 0.0190351 0.997684
v 26.6324 3.60859 -0.0484092 0.339559 0.542458 0.365651
vn -0.0134583 0.00152936 0.999908
v 26.7844 5.15209 -0.0785971 0.29756 0.504459 0.359651
vn 0.00414946 -0.00597774 0.999974
v 26.7403 5.31017 -0.0782773 0.298004 0.504861 0.359715
vn 0.0620492 0.0155165 0.997952
v 26.674 5.51103 -0.077318 0.299339 0.506069 0.359906
vn 0.0690531 0.0201923 0.997409
v 26.9079 4.74738 -0.0803879 0.295068 0.502204 0.359295
vn -0.00635821 0.0252093 0.999662
v 26.8639 4.92995 -0.08026 0.295246 0.502365 0.359321
vn 0.00435882 -0.0106354 0.999934
v 26.8324 5.07199 -0.0803879 0.295068 0.502204 0.359295
vn 0.0678939 0.0171161 0.997546
v 27.1912 3.8986 -0.0870395 0.285814 0.493832 0.357973
vn 0.0630856 0.0120138 0.997936
v 27.1209 4.1728 -0.0860161 0.287238 0.49512 0.358177
vn 0.0629151 0.0126155 0.997939
v 27.0411 4.3029 -0.0826904 0.291865 0.499306 0.358838
vn 0.0616863 0.0130719 0.99801
v 27.0123 4.53473 -0.0839696 0.290085 0.497696 0.358584
vn 0.0619378 0.0133973 0.99799
v 27.039 4.63694 -0.0870395 0.285814 0.493832 0.357973
vn 0.0658293 0.0150601 0.997717
v 27.3629 -4.62532 -0.0812833 0.293822 0.501077 0.359117
vn -0.0344822 0.000487797 0.999405
v 27.2312 3.52768 -0.0852488 0.288305 0.496086 0.358329
vn 0.0629652 0.0116132 0.997948
f 273//273 285//285 274//274
f 2847//2847 2886//2886 2867//2867
f 2886//2886 2847//2847 2806//2806
f 3037//3037 2886//2886 3083//3083
f 3893//3893 3869//3869 3892//3892
f 5303//5303 5302//5302 5306//5306
f 5304//5304 5303//5303 5306//5306
f 642//642 425//425 424//424
f 2028//2028 2063//2063 2064//2064
f 2827//2827 2847//2847 2867//2867
f 2847//2847 2827//2827 2806//2806
f 2827//2827 2786//2786 2806//2806
f 2966//2966 3011//3011 2988//2988
f 2966//2966 3037//3037 3011//3011
f 2966//2966 2928//2928 3037//3037
f 2886//2886 2906//2906 2867//2867
f 3037//3037 2906//2906 2886//2886
f 2928//2928 2906//2906 3037//3037
f 3011//3011 3085//3085 2988//2988
f 4775//4775 4892//4892 4877//4877
f 4892//4892 4878//4878 4877//4877
f 4870//4870 4878//4878 4858//4858
f 4878//4878 4870//4870 4877//4877
f 959//959 1181//1181 985//985
f 1516//1516 1515//1515 1791//1791
f 2550//2550 2592//2592 2570//2570
f 4797//4797 4796//4796 4826//4826
f 4735//4735 4662//4662 4801//4801
f 5153//5153 5144//5144 5163//5163
f 5166//5166 5153//5153 5163//5163
f 3869//3869 4069//4069 3892//3892
f 722//722 612//612 525//525
f 81//81 80//80 197//197
f 7//7 100//100 8//8
f 199//199 220//220 200//200
f 199//199 219//219 220//220
f 219//219 248//248 220//220
f 183//183 175//175 324//324
f 328//328 343//343 353//353
f 378//378 518//518 390//390
f 379//379 392//392 364//364
f 663//663 628//628 661//661
f 628//628 629//629 661//661
f 629//629 628//628 610//610
f 755//755 777//777 756//756
f 836//836 815//815 928//928
f 2094//2094 2093//2093 2064//2064
f 2063//2063 2094//2094 2064//2064
f 3464//3464 3592//3592 3593//3593
f 3639//3639 3592//3592 3591//3591
f 3752//3752 3862//3862 3839//3839
f 3061//3061 3037//3037 3083//3083
f 2966//2966 2947//2947 2928//2928
f 2947//2947 2966//2966 2988//2988
f 3085//3085 2947//2947 2988//2988
f 4245//4245 4267//4267 4268//4268
f 4289//4289 4314//4314 4315//4315
f 4406//4406 4426//4426 4390//4390
f 4426//4426 4406//4406 4424//4424
f 4373//4373 4423//4423 4315//4315
f 4245//4245 4205//4205 4223//4223
f 4742//4742 4741//4741 4743//4743
f 5120//5120 5113//5113 5127//5127
f 5200//5200 5184//5184 5167//5167
f 5184//5184 5176//5176 5167//5167
f 2690//2690 2647//2647 2560//2560
f 2416//2416 2392//2392 2516//2516
f 751//751 736//736 752//752
f 695//695 658//658 694//694
f 734//734 607//607 606//606
f 658//658 539//539 625//625
f 959//959 1147//1147 1181//1181
f 1759//1759 1760//1760 1488//1488
f 1760//1760 1489//1489 1488//1488
f 2040//2040 1747//1747 1746//1746
f 482//482 465//465 688//688
f 710//710 482//482 688//688
f 710//710 483//483 482//482
f 1073//1073 1030//1030 1246//1246
f 2592//2592 2612//2612 2570//2570
f 2193//2193 2243//2243 2167//2167
f 1471//1471 1500//1500 1432//1432
f 1500//1500 1471//1471 1526//1526
f 4662//4662 4679//4679 4801//4801
f 4796//4796 4798//4798 4769//4769
f 4798//4798 4796//4796 4797//4797
f 4626//4626 4735//4735 4609//4609
f 4735//4735 4626//4626 4662//4662
f 4625//4625 4626//4626 4609//4609
f 4664//4664 4665//4665 4663//4663
f 4593//4593 4678//4678 4624//4624
f 5164//5164 5166//5166 5163//5163
f 5166//5166 5182//5182 5192//5192
f 5164//5164 5182//5182 5175//5175
f 5182//5182 5164//5164 5163//5163
f 5181//5181 5182//5182 5163//5163
f 5182//5182 5181//5181 5192//5192
f 5154//5154 5136//5136 5144//5144
f 5153//5153 5154//5154 5144//5144
f 5154//5154 5153//5153 5166//5166
f 4749//4749 4750//4750 4729//4729
f 4051//4051 4069//4069 3869//3869
f 4089//4089 3893//3893 3892//3892
f 2875//2875 2836//2836 2815//2815
f 2836//2836 2857//2857 2815//2815
f 2917//2917 2979//2979 2895//2895
f 3021//3021 3046//3046 2975//2975
f 3023//3023 3048//3048 3022//3022
f 3070//3070 3023//3023 2998//2998
f 302//302 286//286 287//287
f 286//286 303//303 287//287
f 303//303 286//286 302//302
f 1047//1047 1024//1024 1048//1048
f 723//723 722//722 740//740
f 20//20 21//21 18//18
f 19//19 20//20 18//18
f 20//20 22//22 21//21
f 24//24 2//2 1//1
f 21//21 23//23 1//1
f 22//22 23//23 21//21
f 23//23 24//24 1//1
f 44//44 47//47 18//18
f 47//47 44//44 46//46
f 83//83 82//82 197//197
f 82//82 81//81 197//197
f 11//11 82//82 83//83
f 81//81 9//9 80//80
f 9//9 79//79 80//80
f 100//100 79//79 8//8
f 79//79 9//9 8//8
f 214//214 195//195 99//99
f 195//195 100//100 99//99
f 216//216 195//195 214//214
f 195//195 79//79 100//100
f 2//2 3//3 1//1
f 3//3 7//7 1//1
f 3//3 4//4 7//7
f 4//4 6//6 7//7
f 5//5 6//6 4//4
f 100//100 6//6 99//99
f 6//6 100//100 7//7
f 85//85 84//84 83//83
f 25//25 84//84 85//85
f 84//84 13//13 83//83
f 13//13 84//84 25//25
f 13//13 11//11 83//83
f 13//13 12//12 11//11
f 198//198 219//219 199//199
f 198//198 83//83 197//197
f 198//198 85//85 83//83
f 198//198 199//199 85//85
f 69//69 68//68 153//153
f 67//67 68//68 56//56
f 68//68 69//69 56//56
f 68//68 152//152 153//153
f 138//138 43//43 64//64
f 400//400 276//276 399//399
f 205//205 206//206 207//207
f 206//206 205//205 369//369
f 536//536 554//554 437//437
f 144//144 145//145 132//132
f 309//309 175//175 297//297
f 175//175 309//309 324//324
f 310//310 309//309 297//297
f 309//309 310//310 324//324
f 261//261 272//272 284//284
f 272//272 283//283 284//284
f 283//283 272//272 261//261
f 283//283 298//298 284//284
f 260//260 261//261 237//237
f 260//260 283//283 261//261
f 260//260 361//361 283//283
f 260//260 360//360 361//361
f 184//184 185//185 176//176
f 183//183 184//184 176//176
f 187//187 184//184 203//203
f 326//326 312//312 437//437
f 438//438 326//326 437//437
f 312//312 326//326 328//328
f 488//488 518//518 378//378
f 362//362 488//488 378//378
f 488//488 362//362 353//353
f 439//439 440//440 407//407
f 440//440 439//439 470//470
f 490//490 504//504 505//505
f 504//504 490//490 586//586
f 285//285 299//299 274//274
f 697//697 698//698 663//663
f 698//698 721//721 663//663
f 660//660 794//794 719//719
f 774//774 660//660 659//659
f 660//660 774//774 794//794
f 794//794 814//814 719//719
f 814//814 835//835 719//719
f 835//835 858//858 877//877
f 588//588 611//611 572//572
f 611//611 628//628 663//663
f 628//628 611//611 610//610
f 611//611 588//588 610//610
f 572//572 558//558 542//542
f 558//558 541//541 542//542
f 524//524 523//523 542//542
f 541//541 524//524 542//542
f 523//523 524//524 506//506
f 1408//1408 1341//1341 1364//1364
f 776//776 754//754 775//775
f 3687//3687 3752//3752 3593//3593
f 3592//3592 3687//3687 3593//3593
f 3687//3687 3592//3592 3639//3639
f 3662//3662 3687//3687 3639//3639
f 3662//3662 3639//3639 3591//3591
f 3569//3569 3504//3504 3484//3484
f 3526//3526 3504//3504 3569//3569
f 3527//3527 3592//3592 3464//3464
f 3958//3958 3931//3931 4119//4119
f 3664//3664 3641//3641 3866//3866
f 3865//3865 3866//3866 3773//3773
f 3866//3866 3865//3865 3935//3935
f 3772//3772 3796//3796 3773//3773
f 3085//3085 3136//3136 3110//3110
f 3324//3324 3349//3349 3325//3325
f 3463//3463 3348//3348 3399//3399
f 3463//3463 3462//3462 3484//3484
f 3504//3504 3463//3463 3484//3484
f 3526//3526 3463//3463 3504//3504
f 3463//3463 3527//3527 3464//3464
f 3527//3527 3463//3463 3526//3526
f 3208//3208 3184//3184 3164//3164
f 3163//3163 3230//3230 3253//3253
f 3348//3348 3163//3163 3253//3253
f 3136//3136 3163//3163 3110//3110
f 3163//3163 3136//3136 3162//3162
f 3349//3349 3374//3374 3325//3325
f 3374//3374 3400//3400 3325//3325
f 2750//2750 2771//2771 2772//2772
f 2751//2751 2750//2750 2772//2772
f 4805//4805 4806//4806 4718//4718
f 4857//4857 4870//4870 4858//4858
f 3866//3866 3754//3754 3717//3717
f 3887//3887 3866//3866 3935//3935
f 4357//4357 4358//4358 4268//4268
f 4318//4318 4357//4357 4268//4268
f 4267//4267 4292//4292 4268//4268
f 4292//4292 4318//4318 4268//4268
f 4245//4245 4266//4266 4267//4267
f 4266//4266 4292//4292 4267//4267
f 4242//4242 4289//4289 4315//4315
f 4647//4647 4698//4698 4718//4718
f 4314//4314 4353//4353 4315//4315
f 4353//4353 4373//4373 4315//4315
f 4423//4423 4388//4388 4405//4405
f 4373//4373 4388//4388 4423//4423
f 4353//4353 4388//4388 4373//4373
f 4405//4405 4388//4388 4314//4314
f 4388//4388 4353//4353 4314//4314
f 4406//4406 4375//4375 4424//4424
f 4422//4422 4423//4423 4405//4405
f 4422//4422 4444//4444 4423//4423
f 4423//4423 4464//4464 4483//4483
f 4444//4444 4464//4464 4423//4423
f 4932//4932 4948//4948 4933//4933
f 4742//4742 4725//4725 4741//4741
f 5062//5062 5037//5037 5061//5061
f 5200//5200 5193//5193 5184//5184
f 5193//5193 5200//5200 5187//5187
f 4744//4744 4742//4742 4743//4743
f 5053//5053 5054//5054 5055//5055
f 5054//5054 5078//5078 5055//5055
f 5052//5052 5054//5054 5053//5053
f 5012//5012 5030//5030 5031//5031
f 4934//4934 4932//4932 4933//4933
f 4932//4932 4934//4934 4935//4935
f 4950//4950 4951//4951 4935//4935
f 5155//5155 5158//5158 5106//5106
f 5148//5148 5155//5155 5106//5106
f 5155//5155 5156//5156 5158//5158
f 5176//5176 5169//5169 5167//5167
f 4948//4948 4949//4949 4933//4933
f 4949//4949 4948//4948 4950//4950
f 4949//4949 4934//4934 4933//4933
f 4949//4949 4950//4950 4935//4935
f 4934//4934 4949//4949 4935//4935
f 2794//2794 2875//2875 2815//2815
f 2857//2857 2794//2794 2815//2815
f 2711//2711 2794//2794 2774//2774
f 2711//2711 2669//2669 2690//2690
f 2711//2711 2691//2691 2669//2669
f 2875//2875 2711//2711 2690//2690
f 2794//2794 2711//2711 2875//2875
f 2795//2795 2794//2794 2816//2816
f 2794//2794 2795//2795 2774//2774
f 2774//2774 2775//2775 2755//2755
f 2775//2775 2756//2756 2755//2755
f 2795//2795 2775//2775 2774//2774
f 2756//2756 2775//2775 2757//2757
f 2756//2756 2735//2735 2755//2755
f 2668//2668 2647//2647 2690//2690
f 2668//2668 2584//2584 2647//2647
f 2897//2897 2877//2877 2896//2896
f 2818//2818 2795//2795 2816//2816
f 2694//2694 2738//2738 2715//2715
f 717//717 658//658 695//695
f 609//609 751//751 752//752
f 657//657 658//658 625//625
f 658//658 657//657 694//694
f 505//505 522//522 540//540
f 522//522 539//539 540//540
f 539//539 522//522 625//625
f 2018//2018 2083//2083 2055//2055
f 1566//1566 1851//1851 1567//1567
f 1595//1595 1851//1851 1596//1596
f 1851//1851 1595//1595 1567//1567
f 1953//1953 1974//1974 1856//1856
f 2231//2231 2463//2463 2255//2255
f 2052//2052 2231//2231 2255//2255
f 2440//2440 2415//2415 2560//2560
f 2361//2361 2207//2207 2206//2206
f 2228//2228 2099//2099 2227//2227
f 2099//2099 2228//2228 2071//2071
f 336//336 384//384 373//373
f 1972//1972 2204//2204 2205//2205
f 1747//1747 1444//1444 1746//1746
f 75//75 76//76 74//74
f 402//402 310//310 297//297
f 48//48 34//34 33//33
f 129//129 52//52 128//128
f 127//127 129//129 128//128
f 292//292 164//164 291//291
f 164//164 292//292 307//307
f 909//909 876//876 875//875
f 871//871 853//853 851//851
f 1095//1095 1075//1075 1094//1094
f 2501//2501 2401//2401 2475//2475
f 2826//2826 2805//2805 2846//2846
f 2701//2701 2679//2679 2657//2657
f 2679//2679 2701//2701 2721//2721
f 2613//2613 2593//2593 2656//2656
f 2612//2612 2593//2593 2570//2570
f 2657//2657 2635//2635 2656//2656
f 2635//2635 2613//2613 2656//2656
f 2592//2592 2525//2525 2569//2569
f 2525//2525 2592//2592 2550//2550
f 2548//2548 2452//2452 2524//2524
f 2144//2144 2193//2193 2167//2167
f 1431//1431 1471//1471 1432//1432
f 1342//1342 1410//1410 1432//1432
f 1410//1410 1431//1431 1432//1432
f 1431//1431 1410//1410 1409//1409
f 1366//1366 1342//1342 1365//1365
f 1366//1366 1410//1410 1342//1342
f 1605//1605 1581//1581 1679//1679
f 1629//1629 1605//1605 1679//1679
f 2092//2092 2091//2091 2116//2116
f 2144//2144 2092//2092 2116//2116
f 2092//2092 2144//2144 2167//2167
f 2211//2211 2085//2085 2057//2057
f 1675//1675 1550//1550 1648//1648
f 1675//1675 1700//1700 1550//1550
f 1700//1700 1675//1675 1829//1829
f 2400//2400 2425//2425 2343//2343
f 2291//2291 2400//2400 2343//2343
f 2242//2242 2342//2342 2268//2268
f 2242//2242 2316//2316 2342//2342
f 2088//2088 1981//1981 2003//2003
f 1981//1981 2088//2088 2004//2004
f 2090//2090 2141//2141 2191//2191
f 2061//2061 2141//2141 2090//2090
f 4828//4828 4802//4802 4801//4801
f 4802//4802 4828//4828 4803//4803
f 4802//4802 4735//4735 4801//4801
f 4828//4828 4856//4856 4803//4803
f 4856//4856 4828//4828 4801//4801
f 4868//4868 4856//4856 4801//4801
f 4856//4856 4868//4868 4869//4869
f 4803//4803 4876//4876 4917//4917
f 4868//4868 4876//4876 4869//4869
f 4856//4856 4876//4876 4803//4803
f 4876//4876 4856//4856 4869//4869
f 4916//4916 4927//4927 4917//4917
f 4711//4711 4712//4712 4678//4678
f 4679//4679 4694//4694 4801//4801
f 4694//4694 4868//4868 4801//4801
f 4868//4868 4694//4694 4712//4712
f 4712//4712 4694//4694 4678//4678
f 4694//4694 4679//4679 4678//4678
f 4679//4679 4661//4661 4678//4678
f 4661//4661 4679//4679 4662//4662
f 4678//4678 4661//4661 4624//4624
f 4875//4875 4874//4874 4888//4888
f 4796//4796 4853//4853 4826//4826
f 4853//4853 4926//4926 4826//4826
f 4926//4926 4853//4853 4852//4852
f 4642//4642 4625//4625 4624//4624
f 4642//4642 4626//4626 4625//4625
f 4626//4626 4642//4642 4662//4662
f 4661//4661 4642//4642 4624//4624
f 4642//4642 4661//4661 4662//4662
f 4735//4735 4695//4695 4680//4680
f 3156//3156 3157//3157 3132//3132
f 3105//3105 3156//3156 3132//3132
f 3710//3710 3744//3744 3745//3745
f 4671//4671 4672//4672 4689//4689
f 4730//4730 4707//4707 4729//4729
f 4750//4750 4730//4730 4729//4729
f 4707//4707 4708//4708 4690//4690
f 4730//4730 4708//4708 4707//4707
f 4524//4524 4525//4525 4501//4501
f 4674//4674 4675//4675 4657//4657
f 3926//3926 3810//3810 3831//3831
f 3743//3743 3880//3880 3709//3709
f 3980//3980 4062//4062 3955//3955
f 4591//4591 4592//4592 4576//4576
f 4874//4874 4752//4752 4769//4769
f 4752//4752 4751//4751 4769//4769
f 4623//4623 4711//4711 4678//4678
f 4663//4663 4580//4580 4680//4680
f 4581//4581 4580//4580 4663//4663
f 4460//4460 4440//4440 4459//4459
f 4309//4309 4194//4194 4349//4349
f 4366//4366 4194//4194 4214//4214
f 5305//5305 5304//5304 5306//5306
f 5299//5299 5305//5305 5306//5306
f 5305//5305 5299//5299 5304//5304
f 5300//5300 5299//5299 5306//5306
f 5287//5287 5298//5298 5288//5288
f 5292//5292 5298//5298 5293//5293
f 5298//5298 5294//5294 5293//5293
f 5294//5294 5298//5298 5287//5287
f 5285//5285 5286//5286 5284//5284
f 5290//5290 5285//5285 5284//5284
f 5239//5239 5283//5283 5288//5288
f 5283//5283 5255//5255 5286//5286
f 5283//5283 5287//5287 5288//5288
f 5287//5287 5283//5283 5286//5286
f 5240//5240 5239//5239 5288//5288
f 5240//5240 5198//5198 5227//5227
f 5198//5198 5190//5190 5181//5181
f 5144//5144 5070//5070 5163//5163
f 5165//5165 5182//5182 5166//5166
f 5182//5182 5165//5165 5175//5175
f 5164//5164 5165//5165 5166//5166
f 5165//5165 5164//5164 5175//5175
f 5098//5098 5111//5111 5099//5099
f 4998//4998 4999//4999 4985//4985
f 4913//4913 4998//4998 4985//4985
f 4051//4051 4052//4052 4069//4069
f 4069//4069 4070//4070 3892//3892
f 4070//4070 4089//4089 3892//3892
f 4089//4089 4070//4070 4268//4268
f 4070//4070 4052//4052 4268//4268
f 4052//4052 4070//4070 4069//4069
f 3893//3893 4090//4090 3913//3913
f 4089//4089 4090//4090 3893//3893
f 4090//4090 4089//4089 4268//4268
f 2876//2876 2836//2836 2895//2895
f 2836//2836 2876//2876 2857//2857
f 2938//2938 2876//2876 2895//2895
f 2877//2877 2876//2876 2896//2896
f 2876//2876 2877//2877 2857//2857
f 2937//2937 2875//2875 2956//2956
f 2856//2856 2836//2836 2875//2875
f 2937//2937 2856//2856 2875//2875
f 2856//2856 2937//2937 2917//2917
f 2836//2836 2856//2856 2895//2895
f 2856//2856 2917//2917 2895//2895
f 2360//2360 2537//2537 2361//2361
f 2415//2415 2391//2391 2560//2560
f 2391//2391 2537//2537 2560//2560
f 2515//2515 2690//2690 2560//2560
f 2515//2515 2488//2488 2690//2690
f 2537//2537 2515//2515 2560//2560
f 2515//2515 2360//2360 2334//2334
f 2360//2360 2515//2515 2537//2537
f 3073//3073 3049//3049 2936//2936
f 3049//3049 3024//3024 2936//2936
f 2915//2915 2955//2955 2936//2936
f 3024//3024 2915//2915 2936//2936
f 2915//2915 3024//3024 3025//3025
f 2875//2875 2978//2978 2956//2956
f 2876//2876 2918//2918 2896//2896
f 2918//2918 2876//2876 2938//2938
f 2938//2938 2957//2957 3002//3002
f 2979//2979 2957//2957 2895//2895
f 2957//2957 2938//2938 2895//2895
f 3627//3627 3848//3848 3849//3849
f 3848//3848 3626//3626 3874//3874
f 3848//3848 3627//3627 3626//3626
f 4281//4281 4280//4280 4306//4306
f 4129//4129 4305//4305 4110//4110
f 4280//4280 4305//4305 4306//4306
f 4305//4305 4280//4280 4110//4110
f 398//398 400//400 399//399
f 632//632 529//529 546//546
f 511//511 529//529 632//632
f 1368//1368 1215//1215 1257//1257
f 1214//1214 1215//1215 1192//1192
f 1162//1162 1137//1137 1021//1021
f 590//590 573//573 525//525
f 722//722 664//664 612//612
f 723//723 664//664 722//722
f 507//507 508//508 393//393
f 508//508 493//493 393//393
f 560//560 593//593 507//507
f 593//593 758//758 725//725
f 615//615 702//702 632//632
f 578//578 632//632 546//546
f 1688//1688 1708//1708 1873//1873
f 1505//1505 1664//1664 1506//1506
f 1557//1557 1473//1473 1368//1368
f 1872//1872 1967//1967 1841//1841
f 9//9 10//10 8//8
f 10//10 12//12 8//8
f 12//12 10//10 11//11
f 10//10 82//82 11//11
f 82//82 10//10 81//81
f 10//10 9//9 81//81
f 213//213 247//247 214//214
f 79//79 196//196 80//80
f 195//195 196//196 79//79
f 80//80 196//196 197//197
f 196//196 216//216 248//248
f 196//196 195//195 216//216
f 31//31 29//29 101//101
f 31//31 30//30 29//29
f 25//25 26//26 16//16
f 87//87 26//26 25//25
f 86//86 25//25 85//85
f 86//86 87//87 25//25
f 87//87 86//86 200//200
f 86//86 199//199 200//200
f 199//199 86//86 85//85
f 29//29 89//89 101//101
f 218//218 198//198 197//197
f 196//196 218//218 197//197
f 217//217 248//248 219//219
f 198//198 217//217 219//219
f 218//218 217//217 198//198
f 217//217 196//196 248//248
f 217//217 218//218 196//196
f 276//276 275//275 399//399
f 275//275 398//398 399//399
f 59//59 44//44 18//18
f 70//70 148//148 149//149
f 138//138 115//115 43//43
f 383//383 239//239 238//238
f 98//98 214//214 99//99
f 6//6 98//98 99//99
f 98//98 6//6 5//5
f 194//194 213//213 214//214
f 247//247 194//194 193//193
f 194//194 247//247 213//213
f 193//193 194//194 94//94
f 194//194 96//96 94//94
f 96//96 95//95 94//94
f 24//24 95//95 2//2
f 95//95 3//3 2//2
f 3//3 95//95 4//4
f 95//95 96//96 4//4
f 133//133 258//258 143//143
f 133//133 144//144 132//132
f 144//144 133//133 143//143
f 311//311 312//312 284//284
f 298//298 311//311 284//284
f 361//361 377//377 283//283
f 377//377 388//388 283//283
f 389//389 298//298 283//283
f 388//388 389//389 283//283
f 388//388 534//534 535//535
f 186//186 187//187 185//185
f 184//184 186//186 185//185
f 186//186 184//184 187//187
f 184//184 351//351 203//203
f 342//342 351//351 184//184
f 343//343 327//327 438//438
f 327//327 326//326 438//438
f 327//327 343//343 328//328
f 326//326 327//327 328//328
f 343//343 487//487 353//353
f 487//487 488//488 353//353
f 363//363 379//379 364//364
f 717//717 557//557 658//658
f 539//539 557//557 540//540
f 557//557 539//539 658//658
f 299//299 313//313 300//300
f 313//313 331//331 300//300
f 329//329 313//313 285//285
f 313//313 299//299 285//285
f 1342//1342 1323//1323 1365//1365
f 1323//1323 1342//1342 1432//1432
f 1301//1301 1323//1323 1432//1432
f 697//697 662//662 698//698
f 662//662 663//663 661//661
f 662//662 697//697 663//663
f 739//739 755//755 756//756
f 660//660 696//696 659//659
f 696//696 660//660 719//719
f 720//720 696//696 719//719
f 875//875 773//773 752//752
f 773//773 774//774 659//659
f 773//773 609//609 752//752
f 609//609 773//773 659//659
f 963//963 858//858 927//927
f 1100//1100 963//963 927//927
f 835//835 737//737 719//719
f 737//737 720//720 719//719
f 558//558 559//559 541//541
f 559//559 558//558 572//572
f 559//559 611//611 663//663
f 611//611 559//559 572//572
f 472//472 524//524 541//541
f 559//559 472//472 541//541
f 524//524 472//472 506//506
f 471//471 472//472 441//441
f 392//392 472//472 364//364
f 441//441 472//472 408//408
f 472//472 392//392 408//408
f 1083//1083 1104//1104 1156//1156
f 1062//1062 1083//1083 1156//1156
f 1104//1104 1083//1083 1041//1041
f 1083//1083 1042//1042 1041//1041
f 1280//1280 1323//1323 1301//1301
f 1323//1323 1280//1280 1365//1365
f 1255//1255 1301//1301 1156//1156
f 1255//1255 1280//1280 1301//1301
f 1280//1280 1255//1255 1279//1279
f 1341//1341 1340//1340 1364//1364
f 1036//1036 1035//1035 1013//1013
f 1060//1060 1082//1082 1103//1103
f 1082//1082 1060//1060 1059//1059
f 878//878 894//894 775//775
f 878//878 835//835 877//877
f 894//894 795//795 775//775
f 795//795 776//776 775//775
f 3687//3687 3751//3751 3752//3752
f 3686//3686 3662//3662 3750//3750
f 3662//3662 3686//3686 3687//3687
f 3527//3527 3547//3547 3592//3592
f 3547//3547 3526//3526 3569//3569
f 3547//3547 3527//3527 3526//3526
f 3838//3838 3862//3862 3752//3752
f 3487//3487 3507//3507 3529//3529
f 3753//3753 3772//3772 3773//3773
f 3689//3689 3866//3866 3717//3717
f 3689//3689 3664//3664 3866//3866
f 3528//3528 3548//3548 3506//3506
f 3548//3548 3572//3572 3506//3506
f 3572//3572 3594//3594 3616//3616
f 3840//3840 3864//3864 3865//3865
f 3772//3772 3817//3817 3796//3796
f 3817//3817 3840//3840 3865//3865
f 3796//3796 3817//3817 3773//3773
f 3817//3817 3865//3865 3773//3773
f 3183//3183 3207//3207 3229//3229
f 3230//3230 3183//3183 3229//3229
f 3207//3207 3183//3183 3083//3083
f 3084//3084 3136//3136 3085//3085
f 3084//3084 3085//3085 3011//3011
f 3084//3084 3061//3061 3083//3083
f 3037//3037 3084//3084 3011//3011
f 3061//3061 3084//3084 3037//3037
f 3183//3183 3084//3084 3083//3083
f 3462//3462 3427//3427 3484//3484
f 3428//3428 3463//3463 3399//3399
f 3463//3463 3428//3428 3462//3462
f 3427//3427 3428//3428 3399//3399
f 3428//3428 3427//3427 3462//3462
f 3400//3400 3430//3430 3325//3325
f 3430//3430 3486//3486 3325//3325
f 3373//3373 3374//3374 3349//3349
f 3374//3374 3373//3373 3400//3400
f 2686//2686 2707//2707 2708//2708
f 2686//2686 2687//2687 2664//2664
f 2687//2687 2686//2686 2708//2708
f 2707//2707 2730//2730 2708//2708
f 2730//2730 2707//2707 2751//2751
f 2751//2751 2729//2729 2750//2750
f 2707//2707 2729//2729 2751//2751
f 2302//2302 2277//2277 2151//2151
f 2275//2275 2250//2250 2172//2172
f 2224//2224 2097//2097 2120//2120
f 3326//3326 3276//3276 3325//3325
f 3326//3326 3375//3375 3350//3350
f 2889//2889 2931//2931 2909//2909
f 2405//2405 2379//2379 2347//2347
f 2506//2506 2505//2505 2529//2529
f 4806//4806 4829//4829 4718//4718
f 4829//4829 4857//4857 4858//4858
f 4425//4425 4426//4426 4424//4424
f 4465//4465 4425//4425 4424//4424
f 4425//4425 4445//4445 4426//4426
f 4445//4445 4425//4425 4465//4465
f 4717//4717 4738//4738 4718//4718
f 4738//4738 4717//4717 4716//4716
f 4698//4698 4717//4717 4718//4718
f 4756//4756 4716//4716 4775//4775
f 4756//4756 4738//4738 4716//4716
f 4738//4738 4756//4756 4718//4718
f 4756//4756 4805//4805 4718//4718
f 4870//4870 4804//4804 4877//4877
f 4804//4804 4775//4775 4877//4877
f 4857//4857 4804//4804 4870//4870
f 4829//4829 4804//4804 4857//4857
f 4805//4805 4804//4804 4806//4806
f 4804//4804 4829//4829 4806//4806
f 4973//4973 4974//4974 4962//4962
f 4974//4974 4973//4973 5002//5002
f 3842//3842 3818//3818 3841//3841
f 3818//3818 3842//3842 3798//3798
f 3754//3754 3775//3775 3798//3798
f 4181//4181 4159//4159 4084//4084
f 4289//4289 4263//4263 4314//4314
f 4242//4242 4263//4263 4289//4289
f 4180//4180 4200//4200 4241//4241
f 4065//4065 4083//4083 4066//4066
f 4158//4158 4180//4180 4066//4066
f 4120//4120 4158//4158 4066//4066
f 4563//4563 4534//4534 4583//4583
f 4630//4630 4647//4647 4629//4629
f 4716//4716 4714//4714 4775//4775
f 4714//4714 4697//4697 4681//4681
f 4714//4714 4698//4698 4697//4697
f 4666//4666 4682//4682 4647//4647
f 4682//4682 4698//4698 4647//4647
f 4682//4682 4666//4666 4681//4681
f 4697//4697 4682//4682 4681//4681
f 4698//4698 4682//4682 4697//4697
f 4426//4426 4376//4376 4390//4390
f 4376//4376 4426//4426 4356//4356
f 4422//4422 4463//4463 4444//4444
f 4463//4463 4464//4464 4444//4444
f 4463//4463 4422//4422 4405//4405
f 4669//4669 4670//4670 4668//4668
f 4653//4653 4669//4669 4668//4668
f 4931//4931 4932//4932 4935//4935
f 4932//4932 4931//4931 4948//4948
f 4722//4722 4724//4724 4723//4723
f 4393//4393 4394//4394 4166//4166
f 4165//4165 4393//4393 4166//4166
f 4226//4226 4451//4451 4227//4227
f 5273//5273 5274//5274 5272//5272
f 5268//5268 5269//5269 5270//5270
f 5269//5269 5271//5271 5270//5270
f 5271//5271 5269//5269 5272//5272
f 4833//4833 4834//4834 4816//4816
f 4832//4832 4833//4833 4816//4816
f 5078//5078 5056//5056 5055//5055
f 5056//5056 5078//5078 5057//5057
f 5103//5103 5102//5102 5113//5113
f 5104//5104 5103//5103 5113//5113
f 5105//5105 5123//5123 5106//5106
f 5105//5105 5103//5103 5104//5104
f 5103//5103 5105//5105 5102//5102
f 5105//5105 5122//5122 5123//5123
f 5076//5076 5077//5077 4978//4978
f 5048//5048 5003//5003 5002//5002
f 5004//5004 5003//5003 5048//5048
f 4977//4977 4978//4978 4962//4962
f 4976//4976 4974//4974 5002//5002
f 4974//4974 4976//4976 4975//4975
f 5003//5003 4976//4976 5002//5002
f 4976//4976 5003//5003 5004//5004
f 4976//4976 4977//4977 4975//4975
f 4977//4977 4976//4976 5004//5004
f 5203//5203 5194//5194 5187//5187
f 5200//5200 5201//5201 5187//5187
f 5201//5201 5203//5203 5187//5187
f 5186//5186 5193//5193 5187//5187
f 5186//5186 5185//5185 5184//5184
f 5193//5193 5186//5186 5184//5184
f 5242//5242 5241//5241 5307//5307
f 4783//4783 4784//4784 4785//4785
f 4763//4763 4762//4762 4761//4761
f 4744//4744 4760//4760 4761//4761
f 5267//5267 5268//5268 5270//5270
f 4815//4815 4832//4832 4816//4816
f 4832//4832 4815//4815 4814//4814
f 5051//5051 5052//5052 5050//5050
f 5262//5262 5260//5260 5307//5307
f 5263//5263 5262//5262 5307//5307
f 4810//4810 4808//4808 4809//4809
f 4808//4808 4788//4788 4809//4809
f 4784//4784 4786//4786 4785//4785
f 5012//5012 5029//5029 5030//5030
f 4951//4951 4966//4966 4935//4935
f 4979//4979 4966//4966 4965//4965
f 5157//5157 5156//5156 5167//5167
f 5156//5156 5157//5157 5158//5158
f 5169//5169 5157//5157 5167//5167
f 5149//5149 5155//5155 5148//5148
f 5156//5156 5149//5149 5167//5167
f 5155//5155 5149//5149 5156//5156
f 5146//5146 5139//5139 5167//5167
f 5140//5140 5129//5129 5139//5139
f 5123//5123 5129//5129 5106//5106
f 5129//5129 5140//5140 5106//5106
f 5170//5170 5169//5169 5176//5176
f 5183//5183 5176//5176 5184//5184
f 5183//5183 5177//5177 5176//5176
f 5185//5185 5183//5183 5184//5184
f 5177//5177 5183//5183 5185//5185
f 2647//2647 2582//2582 2560//2560
f 2582//2582 2583//2583 2465//2465
f 2582//2582 2440//2440 2560//2560
f 2440//2440 2582//2582 2465//2465
f 2584//2584 2646//2646 2647//2647
f 2646//2646 2582//2582 2647//2647
f 2582//2582 2646//2646 2583//2583
f 2392//2392 2490//2490 2516//2516
f 2794//2794 2837//2837 2816//2816
f 2837//2837 2794//2794 2857//2857
f 2877//2877 2837//2837 2857//2857
f 2734//2734 2774//2774 2755//2755
f 2734//2734 2711//2711 2774//2774
f 2735//2735 2734//2734 2755//2755
f 2711//2711 2734//2734 2691//2691
f 2736//2736 2756//2756 2757//2757
f 2736//2736 2735//2735 2756//2756
f 2737//2737 2736//2736 2757//2757
f 2561//2561 2646//2646 2584//2584
f 2561//2561 2539//2539 2624//2624
f 2646//2646 2561//2561 2624//2624
f 2538//2538 2416//2416 2516//2516
f 2624//2624 2538//2538 2516//2516
f 2539//2539 2538//2538 2624//2624
f 2777//2777 2776//2776 2797//2797
f 2776//2776 2777//2777 2757//2757
f 2775//2775 2776//2776 2757//2757
f 2858//2858 2878//2878 2859//2859
f 2858//2858 2877//2877 2897//2897
f 2878//2878 2858//2858 2897//2897
f 2858//2858 2837//2837 2877//2877
f 2839//2839 2819//2819 2818//2818
f 2648//2648 2605//2605 2585//2585
f 2669//2669 2648//2648 2690//2690
f 2648//2648 2668//2668 2690//2690
f 2648//2648 2669//2669 2626//2626
f 2605//2605 2648//2648 2626//2626
f 2604//2604 2540//2540 2584//2584
f 2668//2668 2604//2604 2584//2584
f 2491//2491 2561//2561 2584//2584
f 2258//2258 2416//2416 2417//2417
f 2416//2416 2258//2258 2392//2392
f 2395//2395 2444//2444 2445//2445
f 2650//2650 2692//2692 2671//2671
f 2650//2650 2670//2670 2692//2692
f 2758//2758 2737//2737 2757//2757
f 2777//2777 2758//2758 2757//2757
f 2779//2779 2778//2778 2798//2798
f 2759//2759 2778//2778 2760//2760
f 2778//2778 2779//2779 2760//2760
f 1151//1151 1295//1295 1152//1152
f 1381//1381 1251//1251 1359//1359
f 1828//1828 1953//1953 1856//1856
f 1929//1929 1798//1798 1766//1766
f 1828//1828 1929//1929 1953//1953
f 1929//1929 1828//1828 1798//1798
f 1699//1699 1721//1721 1573//1573
f 1252//1252 1231//1231 1337//1337
f 1493//1493 1672//1672 1520//1520
f 718//718 717//717 695//695
f 751//751 608//608 587//587
f 608//608 609//609 587//587
f 609//609 608//608 751//751
f 521//521 522//522 505//505
f 504//504 521//521 505//505
f 522//522 521//521 625//625
f 607//607 521//521 606//606
f 521//521 586//586 606//606
f 521//521 504//504 586//586
f 1931//1931 1976//1976 1829//1829
f 2083//2083 1976//1976 2055//2055
f 1799//1799 1931//1931 1829//1829
f 1974//1974 1997//1997 1975//1975
f 1672//1672 1673//1673 1520//1520
f 1645//1645 1673//1673 1672//1672
f 1673//1673 1547//1547 1520//1520
f 1463//1463 1645//1645 1672//1672
f 1493//1493 1463//1463 1672//1672
f 1463//1463 1493//1493 1464//1464
f 1851//1851 1878//1878 1596//1596
f 1878//1878 1851//1851 2128//2128
f 1762//1762 1972//1972 1793//1793
f 1543//1543 1762//1762 1793//1793
f 1796//1796 1673//1673 1645//1645
f 2052//2052 2051//2051 2231//2231
f 2256//2256 2052//2052 2255//2255
f 2052//2052 2256//2256 2081//2081
f 2305//2305 2280//2280 2488//2488
f 2158//2158 2305//2305 2334//2334
f 2305//2305 2158//2158 2131//2131
f 2256//2256 2106//2106 2081//2081
f 2106//2106 2256//2256 2280//2280
f 2081//2081 2106//2106 1950//1950
f 2305//2305 2106//2106 2280//2280
f 2106//2106 2305//2305 2131//2131
f 1973//1973 2106//2106 2131//2131
f 2207//2207 2054//2054 2206//2206
f 2306//2306 2440//2440 2465//2465
f 2440//2440 2306//2306 2282//2282
f 2306//2306 2182//2182 2181//2181
f 2282//2282 2306//2306 2181//2181
f 1872//1872 1989//1989 1967//1967
f 1942//1942 1966//1966 2098//2098
f 2099//2099 2252//2252 2227//2227
f 2277//2277 2123//2123 2151//2151
f 2252//2252 2123//2123 2277//2277
f 2123//2123 2252//2252 2099//2099
f 2013//2013 2034//2034 2201//2201
f 2228//2228 2034//2034 2071//2071
f 2034//2034 2228//2228 2201//2201
f 562//562 600//600 547//547
f 600//600 825//825 826//826
f 824//824 825//825 600//600
f 619//619 824//824 600//600
f 1330//1330 1115//1115 1140//1140
f 1591//1591 1396//1396 1614//1614
f 958//958 1147//1147 959//959
f 1146//1146 1180//1180 1147//1147
f 958//958 1146//1146 1147//1147
f 1146//1146 958//958 957//957
f 1146//1146 957//957 956//956
f 1146//1146 956//956 1145//1145
f 1180//1180 1146//1146 1145//1145
f 1759//1759 1487//1487 1758//1758
f 1487//1487 1486//1486 1758//1758
f 1487//1487 1759//1759 1488//1488
f 1789//1789 1489//1489 1760//1760
f 1790//1790 1789//1789 2077//2077
f 1515//1515 1514//1514 1791//1791
f 1514//1514 1790//1790 1791//1791
f 1972//1972 1994//1994 1793//1793
f 1994//1994 1972//1972 2205//2205
f 2231//2231 1994//1994 2205//2205
f 1995//1995 1994//1994 2231//2231
f 2015//2015 1995//1995 2231//2231
f 2015//2015 2051//2051 2016//2016
f 2051//2051 2015//2015 2231//2231
f 2015//2015 1826//1826 1995//1995
f 1826//1826 2015//2015 2016//2016
f 1456//1456 1755//1755 1457//1457
f 1445//1445 1444//1444 1747//1747
f 1790//1790 2078//2078 1791//1791
f 2078//2078 1790//1790 2077//2077
f 2413//2413 2156//2156 2155//2155
f 2129//2129 2105//2105 2388//2388
f 2105//2105 2129//2129 2128//2128
f 2129//2129 1878//1878 2128//2128
f 2040//2040 1748//1748 1747//1747
f 1751//1751 1752//1752 1451//1451
f 2413//2413 2389//2389 2388//2388
f 2389//2389 2413//2413 2155//2155
f 2389//2389 2129//2129 2388//2388
f 233//233 232//232 251//251
f 51//51 35//35 50//50
f 253//253 127//127 235//235
f 254//254 253//253 251//251
f 129//129 254//254 130//130
f 254//254 129//129 127//127
f 253//253 254//254 127//127
f 679//679 680//680 651//651
f 310//310 436//436 324//324
f 564//564 765//765 565//565
f 564//564 533//533 765//765
f 564//564 551//551 533//533
f 564//564 565//565 552//552
f 551//551 564//564 552//552
f 455//455 456//456 457//457
f 452//452 454//454 453//453
f 454//454 455//455 453//453
f 48//48 49//49 34//34
f 35//35 49//49 50//50
f 49//49 35//35 34//34
f 49//49 108//108 50//50
f 108//108 49//49 48//48
f 52//52 40//40 128//128
f 38//38 40//40 34//34
f 40//40 38//38 39//39
f 54//54 130//130 55//55
f 54//54 129//129 130//130
f 465//465 464//464 688//688
f 463//463 464//464 465//465
f 65//65 140//140 66//66
f 66//66 141//141 142//142
f 140//140 141//141 66//66
f 142//142 141//141 271//271
f 141//141 140//140 271//271
f 254//254 131//131 130//130
f 130//130 131//131 55//55
f 140//140 257//257 271//271
f 257//257 131//131 256//256
f 131//131 257//257 140//140
f 165//165 75//75 74//74
f 164//164 165//165 74//74
f 165//165 164//164 307//307
f 155//155 271//271 291//291
f 155//155 142//142 271//271
f 565//565 582//582 552//552
f 360//360 486//486 361//361
f 486//486 501//501 515//515
f 1293//1293 1423//1423 1424//1424
f 1878//1878 1617//1617 1596//1596
f 922//922 1149//1149 1182//1182
f 1294//1294 1293//1293 1424//1424
f 1294//1294 1461//1461 1315//1315
f 926//926 910//910 927//927
f 858//858 926//926 927//927
f 910//910 892//892 909//909
f 892//892 876//876 909//909
f 926//926 892//892 910//910
f 876//876 793//793 875//875
f 793//793 773//773 875//875
f 773//773 793//793 774//774
f 774//774 793//793 794//794
f 892//892 793//793 876//876
f 793//793 814//814 794//794
f 793//793 892//892 814//814
f 657//657 771//771 694//694
f 771//771 772//772 694//694
f 812//812 813//813 695//695
f 813//813 718//718 695//695
f 857//857 909//909 875//875
f 857//857 1034//1034 909//909
f 736//736 856//856 752//752
f 833//833 856//856 736//736
f 856//856 875//875 752//752
f 856//856 857//857 875//875
f 988//988 813//813 812//812
f 604//604 605//605 518//518
f 488//488 503//503 518//518
f 503//503 604//604 518//518
f 487//487 503//503 488//488
f 853//853 852//852 851//851
f 536//536 553//553 554//554
f 554//554 553//553 566//566
f 553//553 536//536 535//535
f 534//534 553//553 535//535
f 748//748 769//769 733//733
f 768//768 748//748 889//889
f 748//748 733//733 889//889
f 710//710 711//711 483//483
f 711//711 712//712 483//483
f 712//712 711//711 710//710
f 765//765 766//766 565//565
f 766//766 767//767 565//565
f 767//767 808//808 565//565
f 808//808 582//582 565//565
f 1292//1292 1118//1118 1096//1096
f 1095//1095 1290//1290 1096//1096
f 1073//1073 1074//1074 851//851
f 1074//1074 1075//1075 851//851
f 1074//1074 1267//1267 1268//1268
f 1094//1094 1074//1074 1268//1268
f 1075//1075 1074//1074 1094//1094
f 1267//1267 1074//1074 1246//1246
f 1074//1074 1073//1073 1246//1246
f 2243//2243 2244//2244 2293//2293
f 2244//2244 2270//2270 2293//2293
f 3081//3081 3109//3109 3082//3082
f 2987//2987 3010//3010 3036//3036
f 2316//2316 2290//2290 2342//2342
f 2290//2290 2398//2398 2342//2342
f 2216//2216 2289//2289 2241//2241
f 2679//2679 2658//2658 2657//2657
f 2658//2658 2635//2635 2657//2657
f 2401//2401 2451//2451 2426//2426
f 2501//2501 2451//2451 2401//2401
f 2451//2451 2501//2501 2524//2524
f 2452//2452 2451//2451 2524//2524
f 2476//2476 2548//2548 2502//2502
f 2476//2476 2452//2452 2548//2548
f 2476//2476 2451//2451 2452//2452
f 2451//2451 2476//2476 2426//2426
f 1388//1388 1366//1366 1365//1365
f 1410//1410 1388//1388 1409//1409
f 1366//1366 1388//1388 1410//1410
f 1605//1605 1582//1582 1581//1581
f 1582//1582 1605//1605 1629//1629
f 2062//2062 2092//2092 2027//2027
f 2092//2092 2062//2062 2091//2091
f 2092//2092 2005//2005 2027//2027
f 1680//1680 1629//1629 1679//1679
f 1704//1704 1680//1680 1679//1679
f 1680//1680 1704//1704 1629//1629
f 1805//1805 1773//1773 1679//1679
f 2026//2026 1981//1981 2004//2004
f 2141//2141 2026//2026 2004//2004
f 2026//2026 2141//2141 2061//2061
f 1889//1889 1936//1936 1912//1912
f 1960//1960 1936//1936 1889//1889
f 1977//1977 1885//1885 1955//1955
f 1885//1885 1977//1977 1999//1999
f 1909//1909 1885//1885 1999//1999
f 2021//2021 1909//1909 1999//1999
f 1909//1909 2021//2021 1933//1933
f 1909//1909 1933//1933 1886//1886
f 1885//1885 1909//1909 1886//1886
f 2187//2187 2137//2137 2162//2162
f 2188//2188 2187//2187 2162//2162
f 1933//1933 1802//1802 1886//1886
f 1802//1802 1769//1769 1886//1886
f 1497//1497 1467//1467 1550//1550
f 1340//1340 1467//1467 1364//1364
f 1430//1430 1467//1467 1322//1322
f 1467//1467 1340//1340 1322//1322
f 2425//2425 2474//2474 2343//2343
f 2401//2401 2474//2474 2475//2475
f 2474//2474 2401//2401 2343//2343
f 2400//2400 2269//2269 2268//2268
f 2291//2291 2269//2269 2400//2400
f 2317//2317 2291//2291 2343//2343
f 2142//2142 2216//2216 2241//2241
f 2216//2216 2142//2142 2191//2191
f 2090//2090 2142//2142 2115//2115
f 2142//2142 2090//2090 2191//2191
f 2217//2217 2166//2166 2316//2316
f 2089//2089 2114//2114 2004//2004
f 2088//2088 2089//2089 2004//2004
f 2089//2089 2164//2164 2114//2114
f 2088//2088 2060//2060 2113//2113
f 2114//2114 2140//2140 2004//2004
f 2140//2140 2141//2141 2004//2004
f 2141//2141 2165//2165 2191//2191
f 2165//2165 2141//2141 2215//2215
f 4890//4890 4868//4868 4889//4889
f 4890//4890 4876//4876 4868//4868
f 4902//4902 4890//4890 4889//4889
f 5021//5021 5047//5047 5022//5022
f 5021//5021 5022//5022 5000//5000
f 5075//5075 5047//5047 5074//5074
f 5047//5047 5075//5075 5022//5022
f 4941//4941 4864//4864 4873//4873
f 5093//5093 5075//5075 5074//5074
f 4927//4927 4943//4943 4917//4917
f 4942//4942 4943//4943 4927//4927
f 4941//4941 4865//4865 4864//4864
f 4865//4865 4926//4926 4852//4852
f 4865//4865 4941//4941 4926//4926
f 4802//4802 4773//4773 4735//4735
f 4773//4773 4774//4774 4735//4735
f 4773//4773 4802//4802 4803//4803
f 4755//4755 4773//4773 4803//4803
f 4773//4773 4755//4755 4774//4774
f 4736//4736 4695//4695 4735//4735
f 4736//4736 4755//4755 4737//4737
f 4774//4774 4736//4736 4735//4735
f 4755//4755 4736//4736 4774//4774
f 4696//4696 4665//4665 4664//4664
f 4695//4695 4696//4696 4680//4680
f 4665//4665 4696//4696 4643//4643
f 4696//4696 4663//4663 4680//4680
f 4696//4696 4664//4664 4663//4663
f 3834//3834 3881//3881 3907//3907
f 3980//3980 4080//4080 4062//4062
f 4198//4198 4218//4218 4199//4199
f 4218//4218 4421//4421 4199//4199
f 4218//4218 4288//4288 4421//4421
f 4197//4197 4287//4287 4177//4177
f 4287//4287 4197//4197 4217//4217
f 3684//3684 3635//3635 3659//3659
f 3857//3857 3812//3812 3908//3908
f 3857//3857 3791//3791 3812//3812
f 3791//3791 3857//3857 3836//3836
f 3251//3251 3252//3252 3227//3227
f 3251//3251 3250//3250 3272//3272
f 3057//3057 3079//3079 3107//3107
f 3079//3079 3133//3133 3107//3107
f 3681//3681 3710//3710 3745//3745
f 3813//3813 3791//3791 3836//3836
f 5161//5161 5162//5162 5150//5150
f 5160//5160 5161//5161 5150//5150
f 5162//5162 5161//5161 5284//5284
f 5161//5161 5174//5174 5284//5284
f 5174//5174 5161//5161 5160//5160
f 5125//5125 5213//5213 5181//5181
f 5198//5198 5213//5213 5227//5227
f 4575//4575 4556//4556 4557//4557
f 4574//4574 4749//4749 4729//4729
f 4556//4556 4574//4574 4729//4729
f 4574//4574 4556//4556 4575//4575
f 4795//4795 4767//4767 4589//4589
f 4885//4885 4898//4898 4985//4985
f 4898//4898 4913//4913 4985//4985
f 4691//4691 4674//4674 4690//4690
f 4708//4708 4691//4691 4690//4690
f 4502//4502 4476//4476 4501//4501
f 4525//4525 4502//4502 4501//4501
f 4213//4213 4073//4073 4232//4232
f 4153//4153 4040//4040 4059//4059
f 3678//3678 3808//3808 3809//3809
f 3808//3808 3707//3707 3828//3828
f 3808//3808 3678//3678 3707//3707
f 3952//3952 3978//3978 4097//4097
f 3878//3878 4041//4041 3853//3853
f 4060//4060 4041//4041 3904//3904
f 4041//4041 3878//3878 3904//3904
f 3830//3830 3979//3979 3831//3831
f 3810//3810 3830//3830 3831//3831
f 3979//3979 3953//3953 3831//3831
f 3953//3953 3979//3979 4007//4007
f 3788//3788 3926//3926 3789//3789
f 3788//3788 3810//3810 3926//3926
f 3880//3880 3764//3764 3789//3789
f 3764//3764 3880//3880 3743//3743
f 3764//3764 3788//3788 3789//3789
f 3879//3879 3880//3880 3789//3789
f 4577//4577 4558//4558 4576//4576
f 4675//4675 4658//4658 4657//4657
f 4770//4770 4796//4796 4769//4769
f 4751//4751 4770//4770 4769//4769
f 4607//4607 4592//4592 4591//4591
f 4692//4692 4855//4855 4827//4827
f 4593//4593 4608//4608 4678//4678
f 4608//4608 4623//4623 4678//4678
f 4478//4478 4460//4460 4459//4459
f 4385//4385 4368//4368 4401//4401
f 4368//4368 4385//4385 4369//4369
f 4665//4665 4627//4627 4663//4663
f 4441//4441 4420//4420 4369//4369
f 4385//4385 4441//4441 4369//4369
f 4735//4735 4594//4594 4609//4609
f 4594//4594 4625//4625 4609//4609
f 4594//4594 4735//4735 4680//4680
f 4580//4580 4594//4594 4680//4680
f 4594//4594 4580//4580 4581//4581
f 4478//4478 4594//4594 4581//4581
f 4312//4312 4443//4443 4421//4421
f 4443//4443 4595//4595 4421//4421
f 4420//4420 4350//4350 4369//4369
f 4402//4402 4350//4350 4420//4420
f 4350//4350 4402//4402 4310//4310
f 4386//4386 4370//4370 4285//4285
f 4439//4439 4438//4438 4458//4458
f 4417//4417 4439//4439 4418//4418
f 4439//4439 4417//4417 4438//4438
f 4308//4308 4438//4438 4283//4283
f 4438//4438 4308//4308 4458//4458
f 4172//4172 4309//4309 4151//4151
f 4172//4172 4194//4194 4309//4309
f 4194//4194 4172//4172 4214//4214
f 4173//4173 4153//4153 4059//4059
f 4075//4075 4173//4173 4059//4059
f 4173//4173 4075//4075 4195//4195
f 4132//4132 4284//4284 4258//4258
f 4284//4284 4132//4132 4309//4309
f 4284//4284 4259//4259 4258//4258
f 4215//4215 4132//4132 4258//4258
f 4259//4259 4215//4215 4258//4258
f 4215//4215 4259//4259 4235//4235
f 4215//4215 4235//4235 4195//4195
f 4075//4075 4215//4215 4195//4195
f 4215//4215 4075//4075 4096//4096
f 5289//5289 5292//5292 5293//5293
f 5294//5294 5289//5289 5293//5293
f 5289//5289 5290//5290 5284//5284
f 5289//5289 5294//5294 5290//5290
f 5301//5301 5300//5300 5306//5306
f 5300//5300 5301//5301 5296//5296
f 5298//5298 5301//5301 5306//5306
f 5297//5297 5292//5292 5296//5296
f 5297//5297 5298//5298 5292//5292
f 5301//5301 5297//5297 5296//5296
f 5297//5297 5301//5301 5298//5298
f 5285//5285 5291//5291 5286//5286
f 5291//5291 5285//5285 5290//5290
f 5291//5291 5287//5287 5286//5286
f 5291//5291 5294//5294 5287//5287
f 5294//5294 5291//5291 5290//5290
f 5283//5283 5256//5256 5255//5255
f 5256//5256 5283//5283 5239//5239
f 5181//5181 5191//5191 5192//5192
f 5190//5190 5191//5191 5181//5181
f 5199//5199 5190//5190 5198//5198
f 5191//5191 5199//5199 5192//5192
f 5199//5199 5191//5191 5190//5190
f 5018//5018 5044//5044 5132//5132
f 5044//5044 5137//5137 5132//5132
f 4995//4995 4997//4997 4984//4984
f 5071//5071 5070//5070 5144//5144
f 4995//4995 5071//5071 5042//5042
f 5071//5071 4995//4995 5089//5089
f 5070//5070 5090//5090 5163//5163
f 5090//5090 5097//5097 5163//5163
f 5097//5097 5090//5090 5089//5089
f 5090//5090 5071//5071 5089//5089
f 5071//5071 5090//5090 5070//5070
f 5046//5046 5019//5019 4925//4925
f 4969//4969 5098//5098 5099//5099
f 4969//4969 4995//4995 4984//4984
f 5019//5019 5020//5020 4925//4925
f 4998//4998 5020//5020 5019//5019
f 5020//5020 4913//4913 4925//4925
f 5020//5020 4998//4998 4913//4913
f 3845//3845 4051//4051 3869//3869
f 4107//4107 3941//3941 3913//3913
f 4090//4090 4107//4107 3913//3913
f 4107//4107 4090//4090 4268//4268
f 2955//2955 2976//2976 2977//2977
f 2999//2999 2976//2976 2955//2955
f 2537//2537 2390//2390 2361//2361
f 2391//2391 2390//2390 2537//2537
f 2390//2390 2207//2207 2361//2361
f 2257//2257 2391//2391 2415//2415
f 2514//2514 2515//2515 2334//2334
f 2515//2515 2514//2514 2488//2488
f 2305//2305 2514//2514 2334//2334
f 2514//2514 2305//2305 2488//2488
f 3073//3073 3072//3072 3219//3219
f 3243//3243 3072//3072 3100//3100
f 2915//2915 2894//2894 2875//2875
f 2894//2894 2978//2978 2875//2875
f 2978//2978 2894//2894 3000//3000
f 3024//3024 3150//3150 3025//3025
f 3389//3389 3243//3243 3264//3264
f 3737//3737 3736//3736 4000//4000
f 3071//3071 3047//3047 3070//3070
f 3047//3047 3048//3048 3023//3023
f 3070//3070 3047//3047 3023//3023
f 3148//3148 3310//3310 3289//3289
f 3707//3707 3852//3852 3828//3828
f 3741//3741 3852//3852 3707//3707
f 4095//4095 4112//4112 4113//4113
f 4231//4231 4256//4256 4232//4232
f 4073//4073 4231//4231 4232//4232
f 3603//3603 3849//3849 3824//3824
f 3603//3603 3627//3627 3849//3849
f 4346//4346 4128//4128 4148//4148
f 4111//4111 4093//4093 4110//4110
f 4111//4111 4280//4280 4281//4281
f 4280//4280 4111//4111 4110//4110
f 4111//4111 4255//4255 4093//4093
f 4255//4255 4281//4281 4282//4282
f 4255//4255 4111//4111 4281//4281
f 4345//4345 4346//4346 4148//4148
f 4363//4363 4345//4345 4148//4148
f 475//475 444//444 443//443
f 275//275 413//413 398//398
f 785//785 786//786 804//804
f 528//528 527//527 546//546
f 529//529 528//528 546//546
f 1479//1479 1308//1308 1307//1307
f 1021//1021 1020//1020 1045//1045
f 1020//1020 934//934 1045//1045
f 722//722 757//757 740//740
f 757//757 723//723 740//740
f 1343//1343 1213//1213 1433//1433
f 1656//1656 1528//1528 1606//1606
f 1630//1630 1656//1656 1606//1606
f 1656//1656 1630//1630 1705//1705
f 1528//1528 1501//1501 1606//1606
f 1554//1554 1501//1501 1528//1528
f 1019//1019 1044//1044 1045//1045
f 1215//1215 1236//1236 1257//1257
f 1214//1214 1236//1236 1215//1215
f 919//919 802//802 935//935
f 702//702 802//802 632//632
f 865//865 801//801 820//820
f 801//801 758//758 784//784
f 1238//1238 1021//1021 1045//1045
f 1238//1238 1259//1259 1216//1216
f 1137//1137 1087//1087 1021//1021
f 1164//1164 1195//1195 1216//1216
f 573//573 591//591 592//592
f 590//590 591//591 573//573
f 591//591 666//666 592//592
f 664//664 630//630 612//612
f 591//591 630//630 666//666
f 630//630 591//591 590//590
f 612//612 613//613 525//525
f 593//593 575//575 592//592
f 575//575 593//593 560//560
f 573//573 543//543 525//525
f 934//934 842//842 841//841
f 842//842 780//780 841//841
f 492//492 508//508 507//507
f 593//593 492//492 507//507
f 508//508 492//492 493//493
f 847//847 822//822 848//848
f 803//803 823//823 804//804
f 803//803 822//822 823//823
f 596//596 615//615 632//632
f 578//578 596//596 632//632
f 366//366 365//365 393//393
f 493//493 366//366 393//393
f 527//527 545//545 546//546
f 545//545 578//578 546//546
f 1967//1967 1813//1813 1841//1841
f 1688//1688 1709//1709 1708//1708
f 1707//1707 1687//1687 1686//1686
f 1474//1474 1435//1435 1473//1473
f 1532//1532 1504//1504 1417//1417
f 1504//1504 1475//1475 1417//1417
f 1661//1661 1417//1417 1660//1660
f 1661//1661 1635//1635 1417//1417
f 1557//1557 1558//1558 1473//1473
f 1558//1558 1609//1609 1531//1531
f 1558//1558 1557//1557 1609//1609
f 1609//1609 1608//1608 1811//1811
f 1608//1608 1685//1685 1811//1811
f 2149//2149 2224//2224 2120//2120
f 2250//2250 2149//2149 2172//2172
f 2224//2224 2149//2149 2250//2250
f 1966//1966 1988//1988 2098//2098
f 1988//1988 2122//2122 2098//2098
f 2150//2150 2011//2011 2032//2032
f 2121//2121 2150//2150 2174//2174
f 1417//1417 1610//1610 1587//1587
f 1635//1635 1610//1610 1417//1417
f 2095//2095 2118//2118 2065//2065
f 2221//2221 2169//2169 2246//2246
f 2272//2272 2296//2296 2295//2295
f 2296//2296 2272//2272 2246//2246
f 2906//2906 2927//2927 2867//2867
f 2927//2927 2906//2906 2928//2928
f 2947//2947 2927//2927 2928//2928
f 1106//1106 1213//1213 1107//1107
f 1157//1157 1063//1063 1017//1017
f 2029//2029 2095//2095 2065//2065
f 1658//1658 1730//1730 1632//1632
f 1984//1984 1983//1983 2064//2064
f 1836//1836 1892//1892 1775//1775
f 1808//1808 1836//1836 1775//1775
f 1836//1836 1808//1808 1807//1807
f 1774//1774 1808//1808 1775//1775
f 1631//1631 1632//1632 1607//1607
f 1631//1631 1658//1658 1632//1632
f 1655//1655 1606//1606 1654//1654
f 1655//1655 1630//1630 1606//1606
f 1630//1630 1681//1681 1705//1705
f 1655//1655 1681//1681 1630//1630
f 1681//1681 1655//1655 1654//1654
f 1214//1214 1085//1085 1108//1108
f 1085//1085 1214//1214 1192//1192
f 212//212 247//247 193//193
f 247//247 212//212 211//211
f 212//212 193//193 94//94
f 32//32 30//30 31//31
f 34//34 32//32 33//33
f 30//30 32//32 34//34
f 32//32 48//48 33//33
f 26//26 17//17 16//16
f 17//17 30//30 34//34
f 28//28 89//89 29//29
f 30//30 28//28 29//29
f 88//88 26//26 87//87
f 88//88 28//28 26//26
f 28//28 88//88 89//89
f 426//426 428//428 427//427
f 433//433 452//452 453//453
f 433//433 432//432 452//452
f 452//452 431//431 430//430
f 431//431 432//432 430//430
f 432//432 431//431 452//452
f 188//188 190//190 189//189
f 189//189 190//190 177//177
f 205//205 240//240 369//369
f 178//178 179//179 177//177
f 178//178 192//192 179//179
f 192//192 335//335 336//336
f 335//335 384//384 336//336
f 58//58 59//59 56//56
f 59//59 58//58 70//70
f 61//61 70//70 149//149
f 146//146 70//70 69//69
f 115//115 45//45 43//43
f 44//44 45//45 46//46
f 45//45 44//44 43//43
f 117//117 47//47 46//46
f 47//47 117//117 18//18
f 669//669 670//670 633//633
f 668//668 669//669 633//633
f 669//669 668//668 704//704
f 400//400 382//382 276//276
f 98//98 97//97 214//214
f 97//97 194//194 214//214
f 194//194 97//97 96//96
f 97//97 98//98 5//5
f 97//97 5//5 4//4
f 96//96 97//97 4//4
f 648//648 452//452 647//647
f 648//648 649//649 452//452
f 452//452 650//650 651//651
f 649//649 650//650 452//452
f 650//650 679//679 651//651
f 1744//1744 1441//1441 1485//1485
f 340//340 280//280 258//258
f 281//281 280//280 293//293
f 374//374 280//280 340//340
f 293//293 280//280 375//375
f 280//280 374//374 375//375
f 167//167 166//166 175//175
f 166//166 167//167 159//159
f 183//183 168//168 175//175
f 168//168 167//167 175//175
f 168//168 183//183 176//176
f 167//167 168//168 159//159
f 145//145 168//168 176//176
f 158//158 168//168 145//145
f 168//168 158//158 159//159
f 158//158 166//166 159//159
f 166//166 158//158 157//157
f 144//144 150//150 145//145
f 150//150 144//144 143//143
f 405//405 311//311 298//298
f 389//389 405//405 298//298
f 312//312 405//405 437//437
f 311//311 405//405 312//312
f 405//405 536//536 437//437
f 515//515 517//517 516//516
f 377//377 376//376 388//388
f 376//376 534//534 388//388
f 376//376 517//517 534//534
f 517//517 376//376 516//516
f 376//376 377//377 361//361
f 236//236 360//360 260//260
f 236//236 260//260 237//237
f 204//204 236//236 237//237
f 236//236 204//204 203//203
f 351//351 236//236 203//203
f 469//469 343//343 438//438
f 469//469 487//487 343//343
f 354//354 330//330 329//329
f 331//331 330//330 354//354
f 330//330 313//313 329//329
f 313//313 330//330 331//331
f 344//344 331//331 354//354
f 344//344 363//363 364//364
f 363//363 344//344 354//354
f 300//300 344//344 364//364
f 331//331 344//344 300//300
f 964//964 963//963 1100//1100
f 964//964 1151//1151 990//990
f 964//964 990//990 877//877
f 858//858 964//964 877//877
f 963//963 964//964 858//858
f 472//472 491//491 506//506
f 491//491 472//472 471//471
f 1339//1339 1254//1254 1233//1233
f 1340//1340 1300//1300 1322//1322
f 1300//1300 1430//1430 1322//1322
f 1191//1191 1255//1255 1156//1156
f 1190//1190 1191//1191 1156//1156
f 1191//1191 1129//1129 1212//1212
f 1129//1129 1191//1191 1190//1190
f 1104//1104 1129//1129 1156//1156
f 1129//1129 1190//1190 1156//1156
f 1056//1056 1035//1035 1036//1036
f 1057//1057 1056//1056 1036//1036
f 1252//1252 1208//1208 1231//1231
f 878//878 893//893 894//894
f 894//894 893//893 1013//1013
f 990//990 893//893 877//877
f 893//893 878//878 877//877
f 738//738 737//737 835//835
f 878//878 738//738 835//835
f 738//738 753//753 737//737
f 753//753 738//738 754//754
f 754//754 738//738 775//775
f 738//738 878//878 775//775
f 911//911 795//795 894//894
f 911//911 1056//1056 928//928
f 1056//1056 911//911 1035//1035
f 911//911 894//894 1013//1013
f 1035//1035 911//911 1013//1013
f 776//776 796//796 815//815
f 795//795 796//796 776//776
f 815//815 796//796 928//928
f 796//796 911//911 928//928
f 911//911 796//796 795//795
f 3795//3795 3838//3838 3752//3752
f 3838//3838 3795//3795 3816//3816
f 3715//3715 3686//3686 3750//3750
f 3686//3686 3715//3715 3687//3687
f 3751//3751 3715//3715 3750//3750
f 3715//3715 3751//3751 3687//3687
f 3592//3592 3570//3570 3591//3591
f 3547//3547 3570//3570 3592//3592
f 3570//3570 3547//3547 3569//3569
f 3570//3570 3662//3662 3591//3591
f 3662//3662 3570//3570 3569//3569
f 4011//4011 4045//4045 4012//4012
f 4045//4045 4065//4065 4066//4066
f 4012//4012 4045//4045 4066//4066
f 4065//4065 4045//4045 4119//4119
f 3885//3885 3959//3959 3985//3985
f 4011//4011 3885//3885 3985//3985
f 3959//3959 3885//3885 3862//3862
f 3885//3885 4011//4011 4012//4012
f 3885//3885 4012//4012 4066//4066
f 3932//3932 3959//3959 3862//3862
f 3932//3932 3884//3884 3931//3931
f 3884//3884 3932//3932 3862//3862
f 3958//3958 3932//3932 3931//3931
f 3959//3959 3932//3932 3958//3958
f 3860//3860 3838//3838 3816//3816
f 3884//3884 3860//3860 3931//3931
f 3375//3375 3401//3401 3432//3432
f 3401//3401 3431//3431 3432//3432
f 3326//3326 3401//3401 3375//3375
f 3466//3466 3487//3487 3432//3432
f 3431//3431 3466//3466 3432//3432
f 3466//3466 3507//3507 3487//3487
f 3549//3549 3487//3487 3529//3529
f 3548//3548 3571//3571 3572//3572
f 3571//3571 3594//3594 3572//3572
f 3571//3571 3548//3548 3528//3528
f 3865//3865 3934//3934 3935//3935
f 3865//3865 3886//3886 3910//3910
f 3864//3864 3886//3886 3865//3865
f 3163//3163 3161//3161 3230//3230
f 3161//3161 3183//3183 3230//3230
f 3161//3161 3163//3163 3162//3162
f 3136//3136 3161//3161 3162//3162
f 3084//3084 3161//3161 3136//3136
f 3161//3161 3084//3084 3183//3183
f 3348//3348 3372//3372 3399//3399
f 3347//3347 3372//3372 3348//3348
f 3207//3207 3323//3323 3229//3229
f 3323//3323 3427//3427 3399//3399
f 3427//3427 3323//3323 3484//3484
f 3372//3372 3323//3323 3399//3399
f 3323//3323 3372//3372 3347//3347
f 3299//3299 3347//3347 3348//3348
f 3299//3299 3323//3323 3347//3347
f 3323//3323 3299//3299 3229//3229
f 3275//3275 3254//3254 3208//3208
f 3254//3254 3275//3275 3325//3325
f 3231//3231 3184//3184 3208//3208
f 3254//3254 3231//3231 3208//3208
f 3231//3231 3254//3254 3325//3325
f 2687//2687 2642//2642 2664//2664
f 2642//2642 2687//2687 2665//2665
f 2302//2302 2301//2301 2324//2324
f 2301//2301 2200//2200 2324//2324
f 2068//2068 1942//1942 2098//2098
f 2249//2249 2322//2322 2299//2299
f 2224//2224 2199//2199 2097//2097
f 3185//3185 3166//3166 3165//3165
f 3166//3166 3185//3185 3186//3186
f 3277//3277 3255//3255 3276//3276
f 3276//3276 3255//3255 3325//3325
f 3301//3301 3326//3326 3350//3350
f 3326//3326 3301//3301 3276//3276
f 3301//3301 3277//3277 3276//3276
f 3088//3088 3112//3112 3063//3063
f 3040//3040 2992//2992 3015//3015
f 2969//2969 2991//2991 2949//2949
f 2991//2991 3014//3014 2949//2949
f 2950//2950 2931//2931 2970//2970
f 2931//2931 2950//2950 2909//2909
f 3089//3089 3064//3064 3090//3090
f 3169//3169 3190//3190 3191//3191
f 2662//2662 2706//2706 2639//2639
f 2728//2728 2662//2662 2684//2684
f 2662//2662 2728//2728 2706//2706
f 2682//2682 2704//2704 2683//2683
f 2682//2682 2726//2726 2704//2704
f 2406//2406 2379//2379 2432//2432
f 4466//4466 4465//4465 4484//4484
f 4466//4466 4445//4445 4465//4465
f 4244//4244 4266//4266 4245//4245
f 4244//4244 4245//4245 4223//4223
f 4756//4756 4776//4776 4805//4805
f 4776//4776 4804//4804 4805//4805
f 4776//4776 4756//4756 4775//4775
f 4804//4804 4776//4776 4775//4775
f 4963//4963 4974//4974 4975//4975
f 4974//4974 4963//4963 4962//4962
f 4977//4977 4963//4963 4975//4975
f 4963//4963 4977//4977 4962//4962
f 4961//4961 4973//4973 4962//4962
f 4973//4973 4959//4959 5002//5002
f 4961//4961 4959//4959 4973//4973
f 4959//4959 5048//5048 5002//5002
f 4959//4959 4944//4944 5048//5048
f 3774//3774 3775//3775 3754//3754
f 3774//3774 3754//3754 3866//3866
f 3797//3797 3818//3818 3798//3798
f 3775//3775 3797//3797 3798//3798
f 4086//4086 4085//4085 4084//4084
f 4105//4105 4086//4086 4084//4084
f 4105//4105 4140//4140 4121//4121
f 4159//4159 4105//4105 4084//4084
f 4140//4140 4105//4105 4159//4159
f 3867//3867 3842//3842 3841//3841
f 3888//3888 3887//3887 3935//3935
f 3888//3888 3867//3867 3841//3841
f 3818//3818 3888//3888 3841//3841
f 3797//3797 3888//3888 3818//3818
f 3888//3888 3797//3797 3775//3775
f 3774//3774 3888//3888 3775//3775
f 3887//3887 3888//3888 3866//3866
f 3888//3888 3774//3774 3866//3866
f 4220//4220 4242//4242 4241//4241
f 4220//4220 4263//4263 4242//4242
f 4263//4263 4220//4220 4219//4219
f 4200//4200 4220//4220 4241//4241
f 4220//4220 4200//4200 4219//4219
f 4104//4104 4120//4120 4066//4066
f 4083//4083 4104//4104 4066//4066
f 4179//4179 4200//4200 4180//4180
f 4158//4158 4179//4179 4180//4180
f 4200//4200 4179//4179 4219//4219
f 4219//4219 4179//4179 4119//4119
f 4139//4139 4158//4158 4120//4120
f 4179//4179 4139//4139 4119//4119
f 4139//4139 4179//4179 4158//4158
f 4597//4597 4613//4613 4629//4629
f 4613//4613 4630//4630 4629//4629
f 4715//4715 4714//4714 4716//4716
f 4714//4714 4715//4715 4698//4698
f 4717//4717 4715//4715 4716//4716
f 4715//4715 4717//4717 4698//4698
f 4376//4376 4389//4389 4390//4390
f 4389//4389 4406//4406 4390//4390
f 4389//4389 4375//4375 4406//4406
f 4317//4317 4355//4355 4356//4356
f 4355//4355 4376//4376 4356//4356
f 4389//4389 4355//4355 4375//4375
f 4355//4355 4389//4389 4376//4376
f 4205//4205 4204//4204 4223//4223
f 4204//4204 4244//4244 4223//4223
f 4244//4244 4204//4204 4203//4203
f 4534//4534 4533//4533 4583//4583
f 4533//4533 4463//4463 4583//4583
f 4920//4920 4931//4931 4935//4935
f 4919//4919 4920//4920 4935//4935
f 4722//4722 4703//4703 4702//4702
f 4703//4703 4701//4701 4702//4702
f 4703//4703 4722//4722 4723//4723
f 4109//4109 4108//4108 4294//4294
f 4411//4411 4189//4189 4410//4410
f 4189//4189 4411//4411 4429//4429
f 4411//4411 4430//4430 4429//4429
f 4225//4225 4448//4448 4226//4226
f 4451//4451 4228//4228 4227//4227
f 4209//4209 4208//4208 4431//4431
f 4208//4208 4430//4430 4431//4431
f 5277//5277 5278//5278 5276//5276
f 5275//5275 5277//5277 5276//5276
f 5278//5278 5277//5277 5279//5279
f 5083//5083 5082//5082 5081//5081
f 5038//5038 5068//5068 5069//5069
f 5063//5063 5062//5062 5061//5061
f 5063//5063 5064//5064 5062//5062
f 5280//5280 5278//5278 5279//5279
f 5037//5037 5060//5060 5061//5061
f 5059//5059 5060//5060 5037//5037
f 5078//5078 5079//5079 5057//5057
f 4836//4836 4835//4835 4834//4834
f 4475//4475 4279//4279 4278//4278
f 4301//4301 4523//4523 4302//4302
f 4882//4882 4893//4893 4894//4894
f 4881//4881 4882//4882 4861//4861
f 4879//4879 4881//4881 4861//4861
f 4880//4880 4881//4881 4879//4879
f 4881//4881 4893//4893 4882//4882
f 4893//4893 4881//4881 4880//4880
f 4859//4859 4860//4860 4861//4861
f 4871//4871 4879//4879 4861//4861
f 4860//4860 4871//4871 4861//4861
f 5121//5121 5105//5105 5120//5120
f 5105//5105 5121//5121 5122//5122
f 5121//5121 5120//5120 5127//5127
f 5122//5122 5121//5121 5127//5127
f 5120//5120 5114//5114 5113//5113
f 5105//5105 5114//5114 5120//5120
f 5114//5114 5104//5104 5113//5113
f 5114//5114 5105//5105 5104//5104
f 5077//5077 5094//5094 4978//4978
f 5094//5094 5105//5105 4978//4978
f 5102//5102 5049//5049 5048//5048
f 5049//5049 5004//5004 5048//5048
f 5049//5049 4977//4977 5004//5004
f 5049//5049 5076//5076 4978//4978
f 4977//4977 5049//5049 4978//4978
f 5216//5216 5229//5229 5217//5217
f 5205//5205 5194//5194 5203//5203
f 5216//5216 5205//5205 5215//5215
f 5194//5194 5178//5178 5187//5187
f 5178//5178 5186//5186 5187//5187
f 5186//5186 5178//5178 5185//5185
f 5177//5177 5178//5178 5159//5159
f 5178//5178 5177//5177 5185//5185
f 5203//5203 5202//5202 5215//5215
f 5201//5201 5202//5202 5203//5203
f 5202//5202 5200//5200 5215//5215
f 5202//5202 5201//5201 5200//5200
f 5231//5231 5241//5241 5222//5222
f 5230//5230 5229//5229 5241//5241
f 5229//5229 5230//5230 5221//5221
f 5231//5231 5230//5230 5241//5241
f 5230//5230 5231//5231 5221//5221
f 5228//5228 5221//5221 5220//5220
f 5228//5228 5229//5229 5221//5221
f 5219//5219 5228//5228 5220//5220
f 5229//5229 5228//5228 5217//5217
f 5228//5228 5219//5219 5217//5217
f 4783//4783 4781//4781 4782//4782
f 5025//5025 5024//5024 5023//5023
f 5034//5034 5035//5035 5012//5012
f 5033//5033 5034//5034 5012//5012
f 5232//5232 5233//5233 5222//5222
f 5232//5232 5242//5242 5233//5233
f 5241//5241 5232//5232 5222//5222
f 5242//5242 5232//5232 5241//5241
f 4297//4297 4514//4514 4515//4515
f 4298//4298 4297//4297 4515//4515
f 4274//4274 4273//4273 4295//4295
f 4273//4273 4493//4493 4295//4295
f 4518//4518 4539//4539 4323//4323
f 4322//4322 4518//4518 4323//4323
f 4518//4518 4322//4322 4517//4517
f 4297//4297 4495//4495 4514//4514
f 4544//4544 4327//4327 4543//4543
f 4544//4544 4328//4328 4327//4327
f 4328//4328 4544//4544 4545//4545
f 5260//5260 5261//5261 5245//5245
f 5261//5261 5262//5262 5245//5245
f 5262//5262 5261//5261 5260//5260
f 5264//5264 5263//5263 5307//5307
f 5029//5029 5028//5028 5030//5030
f 4981//4981 4979//4979 4988//4988
f 4989//4989 4981//4981 4988//4988
f 4966//4966 4981//4981 4989//4989
f 4966//4966 4964//4964 4965//4965
f 4964//4964 4966//4966 4951//4951
f 4964//4964 4951//4951 4950//4950
f 4948//4948 4964//4964 4950//4950
f 5157//5157 5168//5168 5158//5158
f 5168//5168 5157//5157 5169//5169
f 5170//5170 5168//5168 5169//5169
f 5158//5158 5168//5168 5159//5159
f 5168//5168 5170//5170 5159//5159
f 5141//5141 5140//5140 5139//5139
f 5146//5146 5141//5141 5139//5139
f 5145//5145 5148//5148 5106//5106
f 5140//5140 5145//5145 5106//5106
f 5141//5141 5145//5145 5140//5140
f 5145//5145 5141//5141 5146//5146
f 5147//5147 5149//5149 5148//5148
f 5145//5145 5147//5147 5148//5148
f 5147//5147 5145//5145 5146//5146
f 5149//5149 5147//5147 5167//5167
f 5147//5147 5146//5146 5167//5167
f 5129//5129 5138//5138 5139//5139
f 5139//5139 5138//5138 5127//5127
f 5138//5138 5122//5122 5127//5127
f 5177//5177 5171//5171 5176//5176
f 5171//5171 5170//5170 5176//5176
f 5171//5171 5177//5177 5159//5159
f 5170//5170 5171//5171 5159//5159
f 2603//2603 2646//2646 2624//2624
f 2646//2646 2603//2603 2583//2583
f 2603//2603 2624//2624 2516//2516
f 2490//2490 2603//2603 2516//2516
f 2583//2583 2489//2489 2465//2465
f 2489//2489 2335//2335 2465//2465
f 2603//2603 2489//2489 2583//2583
f 2489//2489 2603//2603 2490//2490
f 2489//2489 2362//2362 2335//2335
f 2362//2362 2489//2489 2490//2490
f 2734//2734 2712//2712 2691//2691
f 2712//2712 2734//2734 2735//2735
f 2692//2692 2712//2712 2735//2735
f 2712//2712 2670//2670 2691//2691
f 2670//2670 2712//2712 2692//2692
f 2691//2691 2649//2649 2669//2669
f 2670//2670 2649//2649 2691//2691
f 2669//2669 2649//2649 2626//2626
f 2650//2650 2649//2649 2670//2670
f 3271//3271 3320//3320 3272//3272
f 3250//3250 3271//3271 3272//3272
f 2744//2744 2765//2765 2721//2721
f 2593//2593 2634//2634 2656//2656
f 2634//2634 2593//2593 2612//2612
f 2568//2568 2548//2548 2524//2524
f 2611//2611 2612//2612 2592//2592
f 2611//2611 2592//2592 2569//2569
f 2677//2677 2655//2655 2698//2698
f 2699//2699 2677//2677 2698//2698
f 2677//2677 2634//2634 2655//2655
f 2678//2678 2657//2657 2656//2656
f 2678//2678 2677//2677 2699//2699
f 2634//2634 2678//2678 2656//2656
f 2677//2677 2678//2678 2634//2634
f 2845//2845 2866//2866 2846//2846
f 2866//2866 2826//2826 2846//2846
f 2905//2905 2866//2866 2885//2885
f 2946//2946 2905//2905 2926//2926
f 2765//2765 2784//2784 2805//2805
f 2784//2784 2744//2744 2764//2764
f 2784//2784 2765//2765 2744//2744
f 2825//2825 2804//2804 2824//2824
f 2825//2825 2845//2845 2846//2846
f 2805//2805 2825//2825 2846//2846
f 2784//2784 2825//2825 2805//2805
f 2825//2825 2784//2784 2804//2804
f 2880//2880 2861//2861 2860//2860
f 2821//2821 2820//2820 2841//2841
f 2630//2630 2567//2567 2589//2589
f 3710//3710 3657//3657 3744//3744
f 3744//3744 3657//3657 3765//3765
f 3811//3811 3657//3657 3656//3656
f 3519//3519 3390//3390 3418//3418
f 3390//3390 3497//3497 3391//3391
f 3497//3497 3519//3519 3520//3520
f 3519//3519 3497//3497 3390//3390
f 3075//3075 3001//3001 3102//3102
f 3001//3001 3052//3052 2979//2979
f 3001//3001 3075//3075 3052//3052
f 2917//2917 3001//3001 2979//2979
f 2937//2937 3001//3001 2917//2917
f 2957//2957 3028//3028 3002//3002
f 3028//3028 2957//2957 2979//2979
f 3129//3129 3153//3153 3176//3176
f 3131//3131 3156//3156 3105//3105
f 2776//2776 2796//2796 2797//2797
f 2796//2796 2819//2819 2797//2797
f 2819//2819 2796//2796 2818//2818
f 2818//2818 2796//2796 2795//2795
f 2796//2796 2775//2775 2795//2795
f 2796//2796 2776//2776 2775//2775
f 2820//2820 2840//2840 2841//2841
f 2861//2861 2840//2840 2860//2860
f 2840//2840 2861//2861 2841//2841
f 2817//2817 2839//2839 2818//2818
f 2817//2817 2818//2818 2816//2816
f 2695//2695 2694//2694 2715//2715
f 2609//2609 2630//2630 2589//2589
f 2286//2286 2395//2395 2420//2420
f 2286//2286 2261//2261 2395//2395
f 2566//2566 2609//2609 2589//2589
f 2522//2522 2566//2566 2589//2589
f 2625//2625 2648//2648 2585//2585
f 2648//2648 2625//2625 2668//2668
f 2625//2625 2604//2604 2668//2668
f 2540//2540 2517//2517 2584//2584
f 2517//2517 2491//2491 2584//2584
f 2441//2441 2538//2538 2539//2539
f 2416//2416 2441//2441 2417//2417
f 2538//2538 2441//2441 2416//2416
f 2561//2561 2467//2467 2539//2539
f 2491//2491 2467//2467 2561//2561
f 2467//2467 2491//2491 2393//2393
f 2604//2604 2562//2562 2540//2540
f 2562//2562 2625//2625 2585//2585
f 2625//2625 2562//2562 2604//2604
f 2605//2605 2541//2541 2585//2585
f 2541//2541 2562//2562 2585//2585
f 2562//2562 2541//2541 2518//2518
f 2651//2651 2628//2628 2671//2671
f 2446//2446 2339//2339 2420//2420
f 2446//2446 2396//2396 2339//2339
f 2495//2495 2447//2447 2421//2421
f 2495//2495 2520//2520 2447//2447
f 2396//2396 2495//2495 2421//2421
f 1249//1249 1123//1123 1100//1100
f 1519//1519 1335//1335 1316//1316
f 1335//1335 1334//1334 1316//1316
f 1229//1229 1335//1335 1359//1359
f 1952//1952 1929//1929 1928//1928
f 1929//1929 1952//1952 1953//1953
f 2107//2107 1952//1952 1928//1928
f 1798//1798 1797//1797 1766//1766
f 1797//1797 1622//1622 1600//1600
f 1383//1383 1493//1493 1520//1520
f 1252//1252 1383//1383 1274//1274
f 1383//1383 1252//1252 1337//1337
f 1622//1622 1465//1465 1600//1600
f 1319//1319 1465//1465 1338//1338
f 1674//1674 1699//1699 1573//1573
f 1674//1674 1828//1828 1856//1856
f 1828//1828 1674//1674 1647//1647
f 1857//1857 1674//1674 1856//1856
f 1674//1674 1857//1857 1699//1699
f 1974//1974 1857//1857 1856//1856
f 1857//1857 1974//1974 1975//1975
f 1799//1799 1906//1906 1931//1931
f 1906//1906 1997//1997 2018//2018
f 1251//1251 1273//1273 1125//1125
f 1273//1273 1296//1296 1125//1125
f 1273//1273 1251//1251 1403//1403
f 1296//1296 1273//1273 1403//1403
f 1231//1231 1318//1318 1337//1337
f 1427//1427 1296//1296 1403//1403
f 1427//1427 1463//1463 1464//1464
f 1184//1184 1036//1036 1013//1013
f 1184//1184 1229//1229 1036//1036
f 1334//1334 1184//1184 1316//1316
f 1184//1184 1295//1295 1316//1316
f 1295//1295 1184//1184 1152//1152
f 1251//1251 1250//1250 1359//1359
f 570//570 557//557 717//717
f 718//718 570//570 717//717
f 570//570 718//718 571//571
f 627//627 609//609 659//659
f 627//627 626//626 609//609
f 696//696 627//627 659//659
f 521//521 624//624 625//625
f 624//624 521//521 607//607
f 624//624 607//607 734//734
f 1884//1884 1998//1998 2020//2020
f 1859//1859 1998//1998 1884//1884
f 1998//1998 2083//2083 2108//2108
f 1998//1998 1976//1976 2083//2083
f 1976//1976 1954//1954 2055//2055
f 1954//1954 1976//1976 1931//1931
f 1954//1954 2018//2018 2055//2055
f 1675//1675 1800//1800 1829//1829
f 1800//1800 1799//1799 1829//1829
f 2182//2182 2159//2159 2181//2181
f 1542//1542 1564//1564 1541//1541
f 1823//1823 1542//1542 1541//1541
f 1564//1564 1542//1542 1565//1565
f 1822//1822 1541//1541 1540//1540
f 1822//1822 1823//1823 1541//1541
f 1823//1823 1822//1822 2080//2080
f 1850//1850 1566//1566 1565//1565
f 1850//1850 1851//1851 1566//1566
f 1719//1719 1765//1765 1600//1600
f 1797//1797 1765//1765 1766//1766
f 1765//1765 1797//1797 1600//1600
f 1383//1383 1548//1548 1405//1405
f 1547//1547 1548//1548 1520//1520
f 1548//1548 1383//1383 1520//1520
f 1547//1547 1697//1697 1698//1698
f 1697//1697 1547//1547 1673//1673
f 1697//1697 1719//1719 1698//1698
f 1570//1570 1381//1381 1545//1545
f 1251//1251 1382//1382 1403//1403
f 1381//1381 1382//1382 1251//1251
f 1570//1570 1382//1382 1381//1381
f 1427//1427 1621//1621 1463//1463
f 1642//1642 1902//1902 1668//1668
f 1902//1902 1642//1642 1641//1641
f 1517//1517 1356//1356 1491//1491
f 1949//1949 1717//1717 1694//1694
f 1717//1717 1949//1949 1972//1972
f 1461//1461 1490//1490 1315//1315
f 1765//1765 1882//1882 1766//1766
f 1519//1519 1643//1643 1545//1545
f 2051//2051 1881//1881 2016//2016
f 2360//2360 2180//2180 2334//2334
f 2180//2180 2158//2158 2334//2334
f 2180//2180 2361//2361 2206//2206
f 2180//2180 2360//2360 2361//2361
f 2158//2158 2180//2180 2017//2017
f 2106//2106 1951//1951 1950//1950
f 1973//1973 1951//1951 2106//2106
f 2082//2082 2054//2054 2207//2207
f 2082//2082 2107//2107 1928//1928
f 2335//2335 2307//2307 2465//2465
f 2307//2307 2306//2306 2465//2465
f 2175//2175 2302//2302 2151//2151
f 2175//2175 2301//2301 2302//2302
f 2301//2301 2175//2175 2200//2200
f 1664//1664 1665//1665 1506//1506
f 1665//1665 1477//1477 1506//1506
f 1477//1477 1665//1665 1637//1637
f 1560//1560 1590//1590 1738//1738
f 1708//1708 1897//1897 1873//1873
f 2070//2070 2099//2099 2071//2071
f 2070//2070 2123//2123 2099//2099
f 1943//1943 1813//1813 1967//1967
f 1710//1710 1560//1560 1738//1738
f 1710//1710 1534//1534 1560//1560
f 1710//1710 1689//1689 1534//1534
f 1505//1505 1689//1689 1664//1664
f 1534//1534 1689//1689 1505//1505
f 746//746 728//728 747//747
f 548//548 549//549 373//373
f 639//639 420//420 638//638
f 421//421 420//420 639//639
f 641//641 422//422 640//640
f 422//422 639//639 640//640
f 422//422 421//421 639//639
f 422//422 423//423 421//421
f 423//423 422//422 641//641
f 423//423 642//642 424//424
f 423//423 641//641 642//642
f 420//420 418//418 638//638
f 418//418 420//420 419//419
f 216//216 215//215 248//248
f 215//215 216//216 214//214
f 247//247 215//215 214//214
f 600//600 581//581 580//580
f 562//562 581//581 600//600
f 562//562 563//563 373//373
f 563//563 562//562 547//547
f 563//563 548//548 373//373
f 548//548 563//563 547//547
f 371//371 370//370 369//369
f 370//370 206//206 369//369
f 372//372 384//384 359//359
f 372//372 371//371 384//384
f 936//936 920//920 937//937
f 902//902 885//885 903//903
f 1396//1396 1420//1420 1614//1614
f 1397//1397 1372//1372 1396//1396
f 1591//1591 1397//1397 1396//1396
f 1397//1397 1591//1591 1592//1592
f 1561//1561 1397//1397 1592//1592
f 1092//1092 1093//1093 1091//1091
f 1071//1071 1093//1093 1070//1070
f 1140//1140 1139//1139 1167//1167
f 1139//1139 1166//1166 1167//1167
f 886//886 885//885 887//887
f 1309//1309 1115//1115 1330//1330
f 869//869 868//868 887//887
f 868//868 886//886 887//887
f 1535//1535 1561//1561 1536//1536
f 1350//1350 1535//1535 1536//1536
f 1789//1789 1513//1513 1489//1489
f 1513//1513 1789//1789 1790//1790
f 1514//1514 1513//1513 1790//1790
f 2439//2439 2414//2414 2413//2413
f 2439//2439 2413//2413 2388//2388
f 2439//2439 2231//2231 2205//2205
f 2231//2231 2439//2439 2463//2463
f 2414//2414 2179//2179 2178//2178
f 2179//2179 1949//1949 2178//2178
f 2179//2179 2204//2204 1972//1972
f 1949//1949 2179//2179 1972//1972
f 1640//1640 1639//1639 1924//1924
f 1166//1166 1351//1351 1167//1167
f 1351//1351 1166//1166 1376//1376
f 1818//1818 1537//1537 1848//1848
f 2357//2357 2078//2078 2077//2077
f 1971//1971 1946//1946 1691//1691
f 1971//1971 1690//1690 1713//1713
f 1690//1690 1971//1971 1691//1691
f 2176//2176 2013//2013 2201//2201
f 2176//2176 1990//1990 2013//2013
f 1712//1712 1971//1971 1713//1713
f 1507//1507 1350//1350 1536//1536
f 1350//1350 1507//1507 1328//1328
f 1328//1328 1507//1507 1307//1307
f 1507//1507 1479//1479 1307//1307
f 1715//1715 1753//1753 2045//2045
f 1452//1452 1753//1753 1715//1715
f 1752//1752 1753//1753 1451//1451
f 1753//1753 1452//1452 1451//1451
f 1450//1450 1751//1751 1451//1451
f 1446//1446 1445//1445 1747//1747
f 1748//1748 1446//1446 1747//1747
f 1446//1446 1748//1748 1447//1447
f 2156//2156 2157//2157 1926//1926
f 2157//2157 2414//2414 2178//2178
f 2414//2414 2157//2157 2413//2413
f 2157//2157 2156//2156 2413//2413
f 1486//1486 1757//1757 1758//1758
f 1459//1459 1757//1757 1486//1486
f 1748//1748 1749//1749 1447//1447
f 1749//1749 1448//1448 1447//1447
f 1444//1444 1745//1745 1746//1746
f 1745//1745 1444//1444 1443//1443
f 2130//2130 2389//2389 2155//2155
f 2389//2389 2130//2130 2129//2129
f 235//235 234//234 251//251
f 234//234 233//233 251//251
f 233//233 231//231 232//232
f 36//36 51//51 37//37
f 51//51 36//36 35//35
f 35//35 36//36 34//34
f 38//38 36//36 37//37
f 36//36 38//38 34//34
f 252//252 235//235 251//251
f 253//253 252//252 251//251
f 252//252 253//253 235//235
f 435//435 436//436 310//310
f 325//325 183//183 324//324
f 481//481 684//684 685//685
f 686//686 481//481 685//685
f 458//458 481//481 459//459
f 481//481 458//458 457//457
f 456//456 481//481 457//457
f 129//129 53//53 52//52
f 54//54 53//53 129//129
f 462//462 687//687 463//463
f 464//464 687//687 688//688
f 687//687 464//464 463//463
f 687//687 686//686 685//685
f 131//131 255//255 256//256
f 255//255 131//131 254//254
f 255//255 254//254 251//251
f 387//387 401//401 402//402
f 294//294 387//387 402//402
f 387//387 294//294 293//293
f 808//808 601//601 582//582
f 501//501 485//485 484//484
f 486//486 485//485 501//501
f 1400//1400 1378//1378 1641//1641
f 1618//1618 1617//1617 1878//1878
f 1618//1618 1902//1902 1641//1641
f 905//905 768//768 889//889
f 892//892 834//834 814//814
f 834//834 892//892 926//926
f 814//814 834//834 835//835
f 834//834 858//858 835//835
f 834//834 926//926 858//858
f 791//791 925//925 961//961
f 925//925 791//791 772//772
f 716//716 734//734 606//606
f 792//792 791//791 812//812
f 792//792 695//695 694//694
f 792//792 812//812 695//695
f 772//772 792//792 694//694
f 791//791 792//792 772//772
f 750//750 657//657 625//625
f 750//750 771//771 657//657
f 624//624 750//750 625//625
f 750//750 624//624 734//734
f 771//771 750//750 772//772
f 750//750 925//925 772//772
f 925//925 750//750 924//924
f 813//813 735//735 718//718
f 735//735 751//751 587//587
f 751//751 735//735 736//736
f 571//571 735//735 587//587
f 718//718 735//735 571//571
f 857//857 1011//1011 1034//1034
f 856//856 1011//1011 857//857
f 1099//1099 1078//1078 1228//1228
f 1099//1099 1100//1100 927//927
f 910//910 1099//1099 927//927
f 1034//1034 1055//1055 909//909
f 962//962 961//961 1150//1150
f 988//988 962//962 1150//1150
f 962//962 988//988 812//812
f 791//791 962//962 812//812
f 962//962 791//791 961//961
f 832//832 833//833 736//736
f 735//735 832//832 736//736
f 832//832 735//735 813//813
f 583//583 567//567 566//566
f 469//469 567//567 487//487
f 555//555 556//556 439//439
f 605//605 519//519 518//518
f 518//518 519//519 390//390
f 829//829 621//621 828//828
f 829//829 828//828 851//851
f 852//852 829//829 851//851
f 621//621 829//829 622//622
f 733//733 732//732 889//889
f 732//732 715//715 889//889
f 654//654 852//852 853//853
f 623//623 519//519 605//605
f 769//769 749//749 768//768
f 749//749 748//748 768//768
f 748//748 749//749 769//769
f 828//828 827//827 851//851
f 827//827 620//620 603//603
f 621//621 827//827 828//828
f 620//620 827//827 621//621
f 1119//1119 888//888 1118//1118
f 1291//1291 1292//1292 1096//1096
f 1290//1290 1291//1291 1096//1096
f 1269//1269 1095//1095 1094//1094
f 1269//1269 1290//1290 1095//1095
f 1269//1269 1094//1094 1268//1268
f 2401//2401 2374//2374 2343//2343
f 2374//2374 2317//2317 2343//2343
f 3035//3035 3082//3082 3036//3036
f 3035//3035 3060//3060 3082//3082
f 3010//3010 3035//3035 3036//3036
f 3060//3060 3035//3035 3034//3034
f 3060//3060 3059//3059 3082//3082
f 3059//3059 3081//3081 3082//3082
f 3059//3059 3060//3060 3034//3034
f 2965//2965 2987//2987 2946//2946
f 2965//2965 2964//2964 2987//2987
f 2865//2865 2866//2866 2845//2845
f 2866//2866 2865//2865 2885//2885
f 2864//2864 2865//2865 2845//2845
f 3008//3008 3033//3033 3034//3034
f 3033//3033 3059//3059 3034//3034
f 2112//2112 2086//2086 2187//2187
f 2086//2086 2137//2137 2187//2187
f 2137//2137 2086//2086 2058//2058
f 2086//2086 1979//1979 2058//2058
f 2086//2086 2112//2112 2024//2024
f 2370//2370 2340//2340 2421//2421
f 2399//2399 2400//2400 2268//2268
f 2399//2399 2425//2425 2400//2400
f 2398//2398 2423//2423 2342//2342
f 2423//2423 2398//2398 2498//2498
f 2522//2522 2423//2423 2498//2498
f 2398//2398 2497//2497 2498//2498
f 2289//2289 2314//2314 2241//2241
f 2265//2265 2216//2216 2191//2191
f 2265//2265 2289//2289 2216//2216
f 2165//2165 2265//2265 2191//2191
f 2164//2164 2139//2139 2214//2214
f 2139//2139 2088//2088 2113//2113
f 2139//2139 2089//2089 2088//2088
f 2089//2089 2139//2139 2164//2164
f 2141//2141 2190//2190 2215//2215
f 2140//2140 2190//2190 2141//2141
f 2164//2164 2190//2190 2114//2114
f 2190//2190 2140//2140 2114//2114
f 1581//1581 1553//1553 1526//1526
f 1582//1582 1553//1553 1581//1581
f 1933//1933 1861//1861 1832//1832
f 1887//1887 1861//1861 1933//1933
f 1726//1726 1833//1833 1862//1862
f 1861//1861 1833//1833 1832//1832
f 1862//1862 1833//1833 1887//1887
f 1833//1833 1861//1861 1887//1887
f 1910//1910 1862//1862 1887//1887
f 1910//1910 2001//2001 1934//1934
f 1727//1727 1704//1704 1679//1679
f 1773//1773 1727//1727 1679//1679
f 1890//1890 1866//1866 1805//1805
f 1913//1913 1890//1890 1805//1805
f 2002//2002 2086//2086 2024//2024
f 2086//2086 2002//2002 1979//1979
f 1937//1937 1961//1961 1912//1912
f 1936//1936 1937//1937 1912//1912
f 1981//1981 1937//1937 2003//2003
f 1961//1961 1937//1937 1981//1981
f 1980//1980 1936//1936 1960//1960
f 2002//2002 1980//1980 1960//1960
f 1937//1937 1980//1980 2003//2003
f 1980//1980 1937//1937 1936//1936
f 1980//1980 2024//2024 2003//2003
f 1980//1980 2002//2002 2024//2024
f 1384//1384 1299//1299 1276//1276
f 1299//1299 1188//1188 1276//1276
f 1362//1362 1406//1406 1384//1384
f 1300//1300 1407//1407 1430//1430
f 1363//1363 1339//1339 1466//1466
f 1385//1385 1363//1363 1466//1466
f 1624//1624 1601//1601 1721//1721
f 1979//1979 2023//2023 2058//2058
f 2023//2023 2001//2001 2058//2058
f 2001//2001 2023//2023 1934//1934
f 1956//1956 1887//1887 1933//1933
f 1956//1956 1910//1910 1887//1887
f 2021//2021 1956//1956 1933//1933
f 2022//2022 1956//1956 2021//2021
f 2001//2001 2111//2111 2058//2058
f 2111//2111 2137//2137 2058//2058
f 2056//2056 2134//2134 2160//2160
f 2084//2084 2056//2056 2160//2160
f 1858//1858 1700//1700 1829//1829
f 1858//1858 1859//1859 1700//1700
f 1976//1976 1858//1858 1829//1829
f 1998//1998 1858//1858 1976//1976
f 1858//1858 1998//1998 1859//1859
f 1907//1907 1859//1859 1884//1884
f 1885//1885 1860//1860 1955//1955
f 1860//1860 1885//1885 1886//1886
f 1723//1723 1860//1860 1886//1886
f 1860//1860 1723//1723 1701//1701
f 1768//1768 1801//1801 1625//1625
f 1907//1907 1801//1801 1768//1768
f 1769//1769 1724//1724 1886//1886
f 1724//1724 1723//1723 1886//1886
f 1831//1831 1933//1933 1832//1832
f 1831//1831 1802//1802 1933//1933
f 1724//1724 1677//1677 1723//1723
f 1801//1801 1650//1650 1625//1625
f 1650//1650 1626//1626 1625//1625
f 1626//1626 1650//1650 1577//1577
f 1387//1387 1408//1408 1364//1364
f 1387//1387 1468//1468 1408//1408
f 1467//1467 1387//1387 1364//1364
f 1408//1408 1469//1469 1470//1470
f 1468//1468 1469//1469 1408//1408
f 1469//1469 1499//1499 1470//1470
f 1499//1499 1469//1469 1468//1468
f 1700//1700 1575//1575 1550//1550
f 1576//1576 1575//1575 1700//1700
f 1575//1575 1497//1497 1550//1550
f 1602//1602 1576//1576 1625//1625
f 1575//1575 1602//1602 1497//1497
f 1602//1602 1575//1575 1576//1576
f 1626//1626 1602//1602 1625//1625
f 1524//1524 1602//1602 1626//1626
f 1722//1722 1768//1768 1625//1625
f 1576//1576 1722//1722 1625//1625
f 1722//1722 1576//1576 1700//1700
f 1859//1859 1722//1722 1700//1700
f 1907//1907 1722//1722 1859//1859
f 1722//1722 1907//1907 1768//1768
f 2317//2317 2292//2292 2291//2291
f 2292//2292 2269//2269 2291//2291
f 2142//2142 2143//2143 2115//2115
f 2143//2143 2142//2142 2166//2166
f 2242//2242 2218//2218 2316//2316
f 2218//2218 2217//2217 2316//2316
f 2217//2217 2218//2218 2242//2242
f 2060//2060 2025//2025 2113//2113
f 2025//2025 2088//2088 2003//2003
f 2025//2025 2060//2060 2088//2088
f 4916//4916 4901//4901 4889//4889
f 4901//4901 4902//4902 4889//4889
f 4901//4901 4916//4916 4917//4917
f 4890//4890 4891//4891 4876//4876
f 4891//4891 4890//4890 4902//4902
f 4901//4901 4891//4891 4902//4902
f 4876//4876 4891//4891 4917//4917
f 4891//4891 4901//4901 4917//4917
f 4874//4874 4887//4887 4888//4888
f 5093//5093 5101//5101 5075//5075
f 5101//5101 5093//5093 5100//5100
f 5101//5101 5112//5112 5119//5119
f 5112//5112 5101//5101 5100//5100
f 4987//4987 4971//4971 4972//4972
f 4958//4958 4942//4942 4972//4972
f 4958//4958 4943//4943 4942//4942
f 4971//4971 4958//4958 4972//4972
f 4958//4958 4971//4971 5022//5022
f 5075//5075 4958//4958 5022//5022
f 5101//5101 4958//4958 5075//5075
f 4713//4713 4736//4736 4737//4737
f 4736//4736 4713//4713 4695//4695
f 4713//4713 4696//4696 4695//4695
f 4713//4713 4737//4737 4643//4643
f 4696//4696 4713//4713 4643//4643
f 3834//3834 3835//3835 3812//3812
f 3835//3835 3834//3834 3907//3907
f 3812//3812 3835//3835 3908//3908
f 3835//3835 3907//3907 3908//3908
f 3834//3834 3856//3856 3881//3881
f 4288//4288 4352//4352 4421//4421
f 4352//4352 4372//4372 4421//4421
f 4352//4352 4238//4238 4372//4372
f 4387//4387 4286//4286 4312//4312
f 4238//4238 4387//4387 4372//4372
f 3424//3424 3482//3482 3460//3460
f 3501//3501 3481//3481 3524//3524
f 3660//3660 3635//3635 3684//3684
f 3635//3635 3660//3660 3636//3636
f 3636//3636 3660//3660 3637//3637
f 3544//3544 3543//3543 3567//3567
f 3543//3543 3566//3566 3567//3567
f 3613//3613 3636//3636 3637//3637
f 3613//3613 3635//3635 3636//3636
f 3614//3614 3613//3613 3637//3637
f 4080//4080 4156//4156 4062//4062
f 3907//3907 3928//3928 3908//3908
f 3881//3881 3928//3928 3907//3907
f 3982//3982 3928//3928 4044//4044
f 4062//4062 4043//4043 3955//3955
f 4043//4043 3927//3927 3955//3955
f 4118//4118 4043//4043 4062//4062
f 3252//3252 3228//3228 3227//3227
f 3206//3206 3228//3228 3252//3252
f 3079//3079 3106//3106 3133//3133
f 3157//3157 3106//3106 3132//3132
f 3133//3133 3106//3106 3157//3157
f 3078//3078 3106//3106 3079//3079
f 3078//3078 3105//3105 3132//3132
f 3106//3106 3078//3078 3132//3132
f 3634//3634 3612//3612 3541//3541
f 3563//3563 3634//3634 3541//3541
f 3712//3712 3684//3684 3659//3659
f 3768//3768 3748//3748 3767//3767
f 3682//3682 3711//3711 3767//3767
f 3711//3711 3682//3682 3659//3659
f 3682//3682 3683//3683 3659//3659
f 3683//3683 3712//3712 3659//3659
f 3712//3712 3683//3683 3748//3748
f 3748//3748 3683//3683 3767//3767
f 3683//3683 3682//3682 3767//3767
f 3792//3792 3711//3711 3747//3747
f 3711//3711 3792//3792 3767//3767
f 3792//3792 3768//3768 3767//3767
f 3813//3813 3766//3766 3791//3791
f 3791//3791 3766//3766 3812//3812
f 5173//5173 5160//5160 5172//5172
f 5173//5173 5174//5174 5160//5160
f 5174//5174 5173//5173 5284//5284
f 5173//5173 5180//5180 5284//5284
f 5173//5173 5172//5172 5180//5180
f 5135//5135 5130//5130 5131//5131
f 5226//5226 5240//5240 5227//5227
f 5240//5240 5226//5226 5239//5239
f 5214//5214 5198//5198 5181//5181
f 5213//5213 5214//5214 5181//5181
f 5214//5214 5213//5213 5198//5198
f 5124//5124 5115//5115 5131//5131
f 5115//5115 5124//5124 5125//5125
f 5130//5130 5124//5124 5131//5131
f 5116//5116 5115//5115 5125//5125
f 5116//5116 5107//5107 5115//5115
f 5116//5116 5181//5181 5163//5163
f 5116//5116 5125//5125 5181//5181
f 5107//5107 5108//5108 5109//5109
f 5108//5108 5116//5116 5163//5163
f 5116//5116 5108//5108 5107//5107
f 4911//4911 4895//4895 4896//4896
f 4895//4895 4897//4897 4896//4896
f 4895//4895 4883//4883 4897//4897
f 4590//4590 4575//4575 4589//4589
f 4590//4590 4574//4574 4575//4575
f 4767//4767 4590//4590 4589//4589
f 4590//4590 4767//4767 4768//4768
f 4749//4749 4590//4590 4768//4768
f 4574//4574 4590//4590 4749//4749
f 4913//4913 4912//4912 4925//4925
f 4898//4898 4912//4912 4913//4913
f 4170//4170 4171//4171 4149//4149
f 4213//4213 4055//4055 4073//4073
f 4133//4133 4040//4040 4153//4153
f 4040//4040 4133//4133 4005//4005
f 3978//3978 4133//4133 4097//4097
f 4133//4133 3978//3978 4005//4005
f 3829//3829 3808//3808 3828//3828
f 3808//3808 3829//3829 3809//3809
f 3878//3878 3903//3903 3904//3904
f 3924//3924 3952//3952 4097//4097
f 4076//4076 4077//4077 4060//4060
f 4260//4260 4236//4236 4216//4216
f 3979//3979 4006//4006 4007//4007
f 4006//4006 3979//3979 3853//3853
f 4041//4041 4006//4006 3853//3853
f 3979//3979 3854//3854 3853//3853
f 3830//3830 3854//3854 3979//3979
f 3954//3954 3926//3926 3831//3831
f 3953//3953 3954//3954 3831//3831
f 3954//3954 3953//3953 4007//4007
f 3926//3926 3905//3905 3789//3789
f 3905//3905 3879//3879 3789//3789
f 3880//3880 3832//3832 3709//3709
f 4398//4398 4382//4382 4383//4383
f 4382//4382 4398//4398 4397//4397
f 4398//4398 4416//4416 4397//4397
f 4308//4308 4477//4477 4458//4458
f 4658//4658 4639//4639 4657//4657
f 4622//4622 4606//4606 4591//4591
f 4606//4606 4607//4607 4591//4591
f 4528//4528 4560//4560 4624//4624
f 4560//4560 4593//4593 4624//4624
f 4560//4560 4579//4579 4593//4593
f 4560//4560 4528//4528 4505//4505
f 4506//4506 4478//4478 4505//4505
f 4594//4594 4506//4506 4625//4625
f 4506//4506 4594//4594 4478//4478
f 4644//4644 4665//4665 4643//4643
f 4627//4627 4644//4644 4643//4643
f 4644//4644 4627//4627 4665//4665
f 4595//4595 4610//4610 4643//4643
f 4610//4610 4627//4627 4643//4643
f 4627//4627 4610//4610 4663//4663
f 4441//4441 4442//4442 4420//4420
f 4562//4562 4508//4508 4532//4532
f 4562//4562 4582//4582 4595//4595
f 4443//4443 4562//4562 4595//4595
f 4508//4508 4462//4462 4482//4482
f 4562//4562 4462//4462 4508//4508
f 4462//4462 4562//4562 4443//4443
f 4311//4311 4386//4386 4285//4285
f 4402//4402 4311//4311 4310//4310
f 4386//4386 4311//4311 4402//4402
f 4403//4403 4386//4386 4402//4402
f 4403//4403 4402//4402 4420//4420
f 4370//4370 4403//4403 4482//4482
f 4386//4386 4403//4403 4370//4370
f 4442//4442 4403//4403 4420//4420
f 4257//4257 4417//4417 4418//4418
f 4257//4257 4233//4233 4283//4283
f 4438//4438 4257//4257 4283//4283
f 4417//4417 4257//4257 4438//4438
f 4307//4307 4308//4308 4283//4283
f 4308//4308 4307//4307 4348//4348
f 4307//4307 4347//4347 4348//4348
f 4384//4384 4367//4367 4366//4366
f 4194//4194 4367//4367 4349//4349
f 4366//4366 4367//4367 4194//4194
f 4578//4578 4560//4560 4505//4505
f 4560//4560 4578//4578 4579//4579
f 4578//4578 4608//4608 4593//4593
f 4579//4579 4578//4578 4593//4593
f 4623//4623 4578//4578 4641//4641
f 4608//4608 4578//4578 4623//4623
f 4234//4234 4366//4366 4214//4214
f 4173//4173 4174//4174 4153//4153
f 4174//4174 4173//4173 4195//4195
f 4114//4114 4215//4215 4096//4096
f 4215//4215 4114//4114 4132//4132
f 3923//3923 3901//3901 3785//3785
f 5043//5043 5071//5071 5144//5144
f 5071//5071 5043//5043 5042//5042
f 5136//5136 5043//5043 5144//5144
f 5043//5043 4995//4995 5042//5042
f 4995//4995 5043//5043 5044//5044
f 5137//5137 5043//5043 5136//5136
f 5044//5044 5043//5043 5137//5137
f 4997//4997 5110//5110 4984//4984
f 5110//5110 4969//4969 4984//4984
f 5110//5110 5118//5118 5111//5111
f 5118//5118 5110//5110 4997//4997
f 5098//5098 5110//5110 5111//5111
f 4969//4969 5110//5110 5098//5098
f 5017//5017 5044//5044 5018//5018
f 4995//4995 5017//5017 5018//5018
f 5017//5017 4995//4995 5044//5044
f 5088//5088 5097//5097 5089//5089
f 5097//5097 5088//5088 5109//5109
f 5046//5046 4924//4924 5045//5045
f 4924//4924 5046//5046 4925//4925
f 5045//5045 5072//5072 5073//5073
f 5072//5072 5092//5092 5073//5073
f 4924//4924 5072//5072 5045//5045
f 5072//5072 4924//4924 4940//4940
f 4939//4939 5072//5072 4940//4940
f 5092//5092 5072//5072 4955//4955
f 5072//5072 4939//4939 4955//4955
f 4954//4954 4969//4969 5099//5099
f 4954//4954 5092//5092 4955//4955
f 3845//3845 4018//4018 4051//4051
f 3844//3844 3845//3845 3820//3820
f 3844//3844 3991//3991 4017//4017
f 3991//3991 3844//3844 3820//3820
f 4018//4018 3844//3844 4017//4017
f 3844//3844 4018//4018 3845//3845
f 3990//3990 3963//3963 3962//3962
f 3991//3991 3963//3963 3990//3990
f 4124//4124 3964//3964 3941//3941
f 4107//4107 4124//4124 3941//3941
f 4124//4124 4107//4107 4268//4268
f 2997//2997 3021//3021 2975//2975
f 3190//3190 3212//3212 3191//3191
f 2233//2233 2132//2132 2107//2107
f 3072//3072 3218//3218 3219//3219
f 3218//3218 3072//3072 3243//3243
f 2894//2894 2916//2916 3000//3000
f 2916//2916 2894//2894 2915//2915
f 3000//3000 2916//2916 3025//3025
f 2916//2916 2915//2915 3025//3025
f 3173//3173 3024//3024 3049//3049
f 3173//3173 3150//3150 3024//3024
f 3198//3198 3126//3126 3220//3220
f 3632//3632 3539//3539 3655//3655
f 3539//3539 3632//3632 3518//3518
f 3455//3455 3519//3519 3418//3418
f 3872//3872 3871//3871 3870//3870
f 3916//3916 3915//3915 3942//3942
f 3943//3943 3916//3916 3942//3942
f 3451//3451 3411//3411 3412//3412
f 3121//3121 3122//3122 3145//3145
f 3121//3121 3145//3145 3046//3046
f 3122//3122 3144//3144 3145//3145
f 3723//3723 3722//3722 3700//3700
f 3722//3722 3699//3699 3700//3700
f 3149//3149 3148//3148 3289//3289
f 3124//3124 3123//3123 3264//3264
f 3124//3124 3243//3243 3100//3100
f 3243//3243 3124//3124 3264//3264
f 3123//3123 3124//3124 2977//2977
f 2955//2955 3124//3124 3100//3100
f 3124//3124 2955//2955 2977//2977
f 3736//3736 3999//3999 4000//4000
f 4342//4342 4341//4341 4554//4554
f 3946//3946 3974//3974 3947//3947
f 3946//3946 3973//3973 3974//3974
f 4168//4168 4167//4167 4380//4380
f 4363//4363 4169//4169 4362//4362
f 4169//4169 4147//4147 4168//4168
f 4169//4169 4363//4363 4148//4148
f 4147//4147 4169//4169 4148//4148
f 4381//4381 4168//4168 4380//4380
f 4169//4169 4381//4381 4362//4362
f 4381//4381 4169//4169 4168//4168
f 4278//4278 4277//4277 4473//4473
f 4279//4279 4252//4252 4278//4278
f 4252//4252 4277//4277 4278//4278
f 4004//4004 3977//3977 3851//3851
f 3951//3951 3827//3827 3977//3977
f 3827//3827 3951//3951 3806//3806
f 3761//3761 3852//3852 3741//3741
f 3877//3877 3761//3761 3876//3876
f 3761//3761 3877//3877 3852//3852
f 4150//4150 4131//4131 4130//4130
f 3976//3976 4131//4131 4112//4112
f 4130//4130 3976//3976 3975//3975
f 4131//4131 3976//3976 4130//4130
f 4094//4094 4231//4231 4073//4073
f 4231//4231 4094//4094 4256//4256
f 4094//4094 4255//4255 4256//4256
f 4255//4255 4094//4094 4093//4093
f 3948//3948 3673//3673 3947//3947
f 3675//3675 3674//3674 3917//3917
f 3673//3673 3674//3674 3672//3672
f 3674//3674 3948//3948 3917//3917
f 3674//3674 3673//3673 3948//3948
f 4636//4636 4656//4656 4637//4637
f 4636//4636 4655//4655 4656//4656
f 4305//4305 4304//4304 4346//4346
f 4304//4304 4128//4128 4346//4346
f 4304//4304 4305//4305 4129//4129
f 4128//4128 4304//4304 4129//4129
f 4605//4605 4795//4795 4589//4589
f 726//726 727//727 744//744
f 444//444 445//445 303//303
f 445//445 444//444 411//411
f 303//303 412//412 287//287
f 412//412 275//275 287//287
f 412//412 413//413 275//275
f 445//445 412//412 303//303
f 412//412 445//445 411//411
f 786//786 760//760 759//759
f 743//743 726//726 744//744
f 1262//1262 1287//1287 1440//1440
f 1287//1287 1262//1262 1286//1286
f 1308//1308 1287//1287 1286//1286
f 1256//1256 1368//1368 1257//1257
f 1236//1236 1256//1256 1257//1257
f 1256//1256 1236//1236 1214//1214
f 1159//1159 1213//1213 1131//1131
f 1583//1583 1631//1631 1607//1607
f 1656//1656 1583//1583 1528//1528
f 1389//1389 1343//1343 1433//1433
f 1411//1411 1389//1389 1433//1433
f 1434//1434 1411//1411 1433//1433
f 934//934 999//999 1045//1045
f 999//999 1019//1019 1045//1045
f 846//846 865//865 820//820
f 846//846 781//781 844//844
f 783//783 801//801 784//784
f 801//801 783//783 820//820
f 758//758 783//783 784//784
f 593//593 783//783 758//758
f 742//742 702//702 725//725
f 742//742 802//802 702//702
f 758//758 742//742 725//725
f 801//801 821//821 802//802
f 821//821 974//974 935//935
f 802//802 821//821 935//935
f 1259//1259 1258//1258 1283//1283
f 1195//1195 1194//1194 1216//1216
f 1238//1238 1194//1194 1021//1021
f 1194//1194 1238//1238 1216//1216
f 1194//1194 1162//1162 1021//1021
f 1194//1194 1195//1195 1162//1162
f 1237//1237 1238//1238 1045//1045
f 1238//1238 1237//1237 1259//1259
f 1258//1258 1237//1237 1045//1045
f 1237//1237 1258//1258 1259//1259
f 1195//1195 1163//1163 1162//1162
f 1164//1164 1163//1163 1195//1195
f 1112//1112 1087//1087 1137//1137
f 589//589 630//630 590//590
f 589//589 590//590 525//525
f 613//613 589//589 525//525
f 630//630 589//589 612//612
f 589//589 613//613 612//612
f 574//574 575//575 560//560
f 574//574 543//543 573//573
f 543//543 574//574 560//560
f 574//574 573//573 592//592
f 575//575 574//574 592//592
f 543//543 526//526 525//525
f 525//525 526//526 393//393
f 526//526 507//507 393//393
f 526//526 560//560 507//507
f 526//526 543//543 560//560
f 699//699 664//664 723//723
f 724//724 699//699 723//723
f 799//799 699//699 724//724
f 799//799 724//724 723//723
f 757//757 799//799 723//723
f 799//799 757//757 780//780
f 799//799 843//843 844//844
f 781//781 799//799 844//844
f 595//595 596//596 578//578
f 594//594 595//595 577//577
f 596//596 595//595 615//615
f 595//595 594//594 615//615
f 314//314 316//316 302//302
f 334//334 314//314 333//333
f 528//528 381//381 527//527
f 381//381 347//347 346//346
f 356//356 366//366 355//355
f 1474//1474 1503//1503 1531//1531
f 1503//1503 1474//1474 1473//1473
f 1503//1503 1558//1558 1531//1531
f 1558//1558 1503//1503 1473//1473
f 1417//1417 1416//1416 1531//1531
f 1416//1416 1474//1474 1531//1531
f 1304//1304 1325//1325 1417//1417
f 1325//1325 1346//1346 1417//1417
f 1588//1588 1417//1417 1587//1587
f 1532//1532 1533//1533 1504//1504
f 1476//1476 1475//1475 1504//1504
f 1781//1781 1943//1943 1735//1735
f 1813//1813 1781//1781 1780//1780
f 1943//1943 1781//1781 1813//1813
f 1735//1735 1736//1736 1708//1708
f 1736//1736 1897//1897 1708//1708
f 1897//1897 1736//1736 1920//1920
f 1736//1736 1943//1943 1920//1920
f 1943//1943 1736//1736 1735//1735
f 1965//1965 1916//1916 1811//1811
f 1916//1916 1894//1894 1811//1811
f 1685//1685 1733//1733 1811//1811
f 1986//1986 2010//2010 1965//1965
f 1986//1986 1965//1965 1811//1811
f 1838//1838 1986//1986 1811//1811
f 2122//2122 1987//1987 2121//2121
f 1988//1988 1987//1987 2122//2122
f 1987//1987 2150//2150 2121//2121
f 1987//1987 1988//1988 2011//2011
f 2150//2150 1987//1987 2011//2011
f 2319//2319 2272//2272 2295//2295
f 2194//2194 2245//2245 2220//2220
f 2195//2195 2194//2194 2220//2220
f 2168//2168 2195//2195 2220//2220
f 2195//2195 2145//2145 2194//2194
f 2145//2145 2195//2195 2168//2168
f 2659//2659 2702//2702 2680//2680
f 3111//3111 3086//3086 2989//2989
f 1130//1130 1063//1063 1157//1157
f 1063//1063 1130//1130 1131//1131
f 1130//1130 1159//1159 1131//1131
f 1105//1105 1063//1063 1131//1131
f 1063//1063 1105//1105 1106//1106
f 1213//1213 1105//1105 1131//1131
f 1106//1106 1105//1105 1213//1213
f 1557//1557 1586//1586 1609//1609
f 1586//1586 1608//1608 1609//1609
f 1586//1586 1557//1557 1368//1368
f 1608//1608 1659//1659 1685//1685
f 2007//2007 2028//2028 2064//2064
f 1983//1983 2007//2007 2064//2064
f 2007//2007 2063//2063 2028//2028
f 2007//2007 2094//2094 2063//2063
f 1867//1867 1891//1891 1892//1892
f 1836//1836 1867//1867 1892//1892
f 1867//1867 1836//1836 1807//1807
f 1681//1681 1867//1867 1807//1807
f 1867//1867 1681//1681 1891//1891
f 1729//1729 1681//1681 1807//1807
f 1681//1681 1729//1729 1705//1705
f 1808//1808 1729//1729 1807//1807
f 1774//1774 1729//1729 1808//1808
f 1891//1891 1914//1914 1892//1892
f 1914//1914 1939//1939 1892//1892
f 1681//1681 1914//1914 1891//1891
f 1939//1939 1963//1963 1892//1892
f 1963//1963 1984//1984 2064//2064
f 1914//1914 1963//1963 1939//1939
f 1963//1963 1983//1983 1984//1984
f 1963//1963 1914//1914 1983//1983
f 971//971 1085//1085 1018//1018
f 1085//1085 1084//1084 1108//1108
f 1108//1108 1084//1084 1107//1107
f 1084//1084 1106//1106 1107//1107
f 1084//1084 1063//1063 1106//1106
f 1019//1019 998//998 1044//1044
f 999//999 998//998 1019//1019
f 998//998 934//934 841//841
f 998//998 999//999 934//934
f 780//780 840//840 841//841
f 32//32 106//106 48//48
f 17//17 15//15 16//16
f 15//15 25//25 16//16
f 27//27 17//17 26//26
f 28//28 27//27 26//26
f 17//17 27//27 30//30
f 27//27 28//28 30//30
f 89//89 202//202 101//101
f 202//202 221//221 101//101
f 88//88 202//202 89//89
f 249//249 202//202 220//220
f 249//249 250//250 224//224
f 429//429 452//452 430//430
f 383//383 368//368 239//239
f 368//368 240//240 239//239
f 240//240 368//368 369//369
f 368//368 371//371 369//369
f 192//192 180//180 179//179
f 180//180 169//169 179//179
f 161//161 162//162 152//152
f 152//152 162//162 153//153
f 162//162 290//290 153//153
f 304//304 305//305 171//171
f 305//305 160//160 171//171
f 160//160 305//305 161//161
f 162//162 288//288 290//290
f 288//288 162//162 161//161
f 288//288 289//289 290//290
f 478//478 707//707 708//708
f 730//730 729//729 705//705
f 270//270 247//247 211//211
f 191//191 178//178 177//177
f 178//178 191//191 192//192
f 190//190 191//191 177//177
f 191//191 335//335 192//192
f 338//338 317//317 192//192
f 317//317 180//180 192//192
f 318//318 317//317 373//373
f 317//317 338//338 373//373
f 337//337 192//192 336//336
f 337//337 338//338 192//192
f 337//337 336//336 373//373
f 338//338 337//337 373//373
f 348//348 190//190 188//188
f 384//384 348//348 359//359
f 70//70 57//57 69//69
f 58//58 57//57 70//70
f 69//69 57//57 56//56
f 57//57 58//58 56//56
f 60//60 59//59 70//70
f 61//61 60//60 70//70
f 59//59 60//60 44//44
f 63//63 62//62 64//64
f 63//63 61//61 62//62
f 43//43 63//63 64//64
f 44//44 63//63 43//43
f 60//60 63//63 44//44
f 63//63 60//60 61//61
f 134//134 61//61 149//149
f 61//61 134//134 62//62
f 62//62 134//134 64//64
f 134//134 136//136 64//64
f 137//137 138//138 64//64
f 136//136 137//137 64//64
f 137//137 242//242 138//138
f 147//147 148//148 70//70
f 146//146 147//147 70//70
f 116//116 117//117 46//46
f 45//45 116//116 46//46
f 116//116 45//45 115//115
f 212//212 91//91 211//211
f 263//263 262//262 238//238
f 262//262 263//263 287//287
f 275//275 262//262 287//287
f 262//262 383//383 238//238
f 262//262 382//382 383//383
f 677//677 678//678 676//676
f 636//636 678//678 677//677
f 416//416 678//678 417//417
f 678//678 636//636 417//417
f 984//984 938//938 983//983
f 938//938 984//984 939//939
f 645//645 428//428 426//426
f 295//295 402//402 297//297
f 295//295 294//294 402//402
f 282//282 281//281 293//293
f 294//294 282//282 293//293
f 295//295 282//282 294//294
f 323//323 339//339 340//340
f 280//280 259//259 258//258
f 259//259 280//280 281//281
f 258//258 259//259 143//143
f 259//259 150//150 143//143
f 259//259 281//281 157//157
f 150//150 259//259 157//157
f 150//150 151//151 145//145
f 151//151 150//150 157//157
f 151//151 158//158 145//145
f 158//158 151//151 157//157
f 404//404 405//405 389//389
f 404//404 388//388 535//535
f 404//404 389//389 388//388
f 536//536 404//404 535//535
f 405//405 404//404 536//536
f 486//486 502//502 361//361
f 502//502 376//376 361//361
f 376//376 502//502 516//516
f 502//502 515//515 516//516
f 502//502 486//486 515//515
f 236//236 352//352 360//360
f 352//352 236//236 351//351
f 485//485 352//352 351//351
f 352//352 486//486 360//360
f 352//352 485//485 486//486
f 468//468 469//469 438//438
f 468//468 438//438 437//437
f 554//554 468//468 437//437
f 468//468 554//554 566//566
f 567//567 468//468 566//566
f 468//468 567//567 469//469
f 1124//1124 964//964 1100//1100
f 964//964 1124//1124 1151//1151
f 1123//1123 1124//1124 1100//1100
f 1124//1124 1295//1295 1151//1151
f 1124//1124 1123//1123 1295//1295
f 1499//1499 1552//1552 1579//1579
f 1235//1235 1191//1191 1212//1212
f 1191//1191 1235//1235 1255//1255
f 1234//1234 1235//1235 1212//1212
f 1255//1255 1235//1235 1279//1279
f 1235//1235 1234//1234 1279//1279
f 836//836 966//966 859//859
f 1101//1101 1251//1251 1125//1125
f 1101//1101 1250//1250 1251//1251
f 1038//1038 895//895 1014//1014
f 1232//1232 1319//1319 1338//1338
f 1319//1319 1232//1232 1298//1298
f 1275//1275 1252//1252 1274//1274
f 1275//1275 1187//1187 1252//1252
f 1042//1042 1016//1016 1041//1041
f 1127//1127 1128//1128 1103//1103
f 1188//1188 1127//1127 1276//1276
f 1082//1082 1127//1127 1103//1103
f 1299//1299 1189//1189 1188//1188
f 861//861 860//860 881//881
f 861//861 838//838 860//860
f 860//860 837//837 797//797
f 838//838 837//837 860//860
f 893//893 1012//1012 1013//1013
f 1012//1012 893//893 990//990
f 1012//1012 1184//1184 1013//1013
f 1184//1184 1012//1012 1152//1152
f 3751//3751 3771//3771 3752//3752
f 3771//3771 3795//3795 3752//3752
f 3771//3771 3751//3751 3750//3750
f 3959//3959 3984//3984 3985//3985
f 3984//3984 4011//4011 3985//3985
f 3984//3984 4045//4045 4011//4011
f 3984//3984 3959//3959 3958//3958
f 3984//3984 3958//3958 4119//4119
f 4045//4045 3984//3984 4119//4119
f 3862//3862 3863//3863 3839//3839
f 3863//3863 3885//3885 3839//3839
f 3885//3885 3863//3863 3862//3862
f 3861//3861 3860//3860 3884//3884
f 3860//3860 3861//3861 3838//3838
f 3861//3861 3884//3884 3862//3862
f 3838//3838 3861//3861 3862//3862
f 3640//3640 3663//3663 3616//3616
f 3594//3594 3640//3640 3616//3616
f 3753//3753 3716//3716 3772//3772
f 3772//3772 3716//3716 3839//3839
f 4046//4046 4013//4013 4084//4084
f 4013//4013 3987//3987 3986//3986
f 3934//3934 3987//3987 3935//3935
f 3987//3987 3934//3934 3986//3986
f 3986//3986 3933//3933 3910//3910
f 3934//3934 3933//3933 3986//3986
f 3933//3933 3865//3865 3910//3910
f 3933//3933 3934//3934 3865//3865
f 3274//3274 3348//3348 3253//3253
f 3274//3274 3299//3299 3348//3348
f 3230//3230 3274//3274 3253//3253
f 3274//3274 3230//3230 3229//3229
f 3299//3299 3274//3274 3229//3229
f 3324//3324 3300//3300 3208//3208
f 3300//3300 3275//3275 3208//3208
f 3300//3300 3324//3324 3325//3325
f 3275//3275 3300//3300 3325//3325
f 3430//3430 3485//3485 3486//3486
f 3465//3465 3485//3485 3430//3430
f 3373//3373 3429//3429 3400//3400
f 3429//3429 3430//3430 3400//3400
f 3429//3429 3465//3465 3430//3430
f 2530//2530 2575//2575 2554//2554
f 2507//2507 2531//2531 2456//2456
f 2300//2300 2383//2383 2276//2276
f 2383//2383 2300//2300 2408//2408
f 2275//2275 2223//2223 2299//2299
f 2223//2223 2249//2249 2299//2299
f 2322//2322 2274//2274 2348//2348
f 2249//2249 2274//2274 2322//2322
f 2274//2274 2380//2380 2348//2348
f 2173//2173 2199//2199 2174//2174
f 2199//2199 2173//2173 2097//2097
f 2150//2150 2173//2173 2174//2174
f 3232//3232 3255//3255 3277//3277
f 3255//3255 3232//3232 3325//3325
f 2930//2930 2969//2969 2949//2949
f 3138//3138 3112//3112 3088//3088
f 3166//3166 3138//3138 3165//3165
f 3112//3112 3138//3138 3166//3166
f 3138//3138 3185//3185 3165//3165
f 2748//2748 2727//2727 2769//2769
f 2790//2790 2748//2748 2769//2769
f 2748//2748 2790//2790 2770//2770
f 2831//2831 2809//2809 2830//2830
f 2789//2789 2809//2809 2831//2831
f 2810//2810 2789//2789 2831//2831
f 2810//2810 2790//2790 2769//2769
f 2789//2789 2810//2810 2769//2769
f 2851//2851 2831//2831 2830//2830
f 3067//3067 3019//3019 3044//3044
f 3573//3573 3549//3549 3595//3595
f 3690//3690 3691//3691 3718//3718
f 2728//2728 2749//2749 2706//2706
f 2749//2749 2728//2728 2727//2727
f 2749//2749 2748//2748 2770//2770
f 2748//2748 2749//2749 2727//2727
f 2705//2705 2728//2728 2684//2684
f 2728//2728 2705//2705 2727//2727
f 2727//2727 2705//2705 2769//2769
f 2706//2706 2663//2663 2639//2639
f 2685//2685 2663//2663 2706//2706
f 2431//2431 2430//2430 2456//2456
f 2480//2480 2507//2507 2456//2456
f 2430//2430 2480//2480 2456//2456
f 2247//2247 2221//2221 2246//2246
f 2272//2272 2247//2247 2246//2246
f 4511//4511 4585//4585 4586//4586
f 4585//4585 4511//4511 4564//4564
f 4598//4598 4511//4511 4586//4586
f 4903//4903 4878//4878 4892//4892
f 4946//4946 4959//4959 4947//4947
f 4946//4946 4947//4947 4962//4962
f 4878//4878 4904//4904 4858//4858
f 4903//4903 4904//4904 4878//4878
f 4947//4947 4960//4960 4962//4962
f 4960//4960 4961//4961 4962//4962
f 4959//4959 4960//4960 4947//4947
f 4960//4960 4959//4959 4961//4961
f 4140//4140 4122//4122 4121//4121
f 4067//4067 4086//4086 4047//4047
f 4067//4067 4085//4085 4086//4086
f 4085//4085 4067//4067 4084//4084
f 4067//4067 4046//4046 4084//4084
f 4046//4046 4067//4067 4047//4047
f 3889//3889 3890//3890 3842//3842
f 3867//3867 3889//3889 3842//3842
f 3889//3889 3867//3867 3890//3890
f 4103//4103 4104//4104 4083//4083
f 4104//4104 4103//4103 4120//4120
f 4139//4139 4103//4103 4119//4119
f 4103//4103 4139//4139 4120//4120
f 4613//4613 4645//4645 4630//4630
f 4645//4645 4612//4612 4681//4681
f 4666//4666 4645//4645 4681//4681
f 4596//4596 4611//4611 4597//4597
f 4613//4613 4611//4611 4612//4612
f 4611//4611 4613//4613 4597//4597
f 4611//4611 4596//4596 4583//4583
f 4584//4584 4596//4596 4597//4597
f 4563//4563 4584//4584 4629//4629
f 4584//4584 4597//4597 4629//4629
f 4584//4584 4563//4563 4583//4583
f 4596//4596 4584//4584 4583//4583
f 4291//4291 4290//4290 4374//4374
f 4354//4354 4291//4291 4374//4374
f 4354//4354 4355//4355 4317//4317
f 4375//4375 4354//4354 4374//4374
f 4355//4355 4354//4354 4375//4375
f 4123//4123 4106//4106 4141//4141
f 4221//4221 4202//4202 4201//4201
f 4202//4202 4221//4221 4222//4222
f 4204//4204 4184//4184 4203//4203
f 4184//4184 4183//4183 4203//4203
f 4184//4184 4204//4204 4205//4205
f 3756//3756 3939//3939 3778//3778
f 3939//3939 3756//3756 3912//3912
f 4463//4463 4509//4509 4464//4464
f 4533//4533 4509//4509 4463//4463
f 4464//4464 4509//4509 4483//4483
f 4509//4509 4534//4534 4483//4483
f 4509//4509 4533//4533 4534//4534
f 3800//3800 3779//3779 3778//3778
f 3779//3779 3756//3756 3778//3778
f 3598//3598 3599//3599 3620//3620
f 3945//3945 3965//3965 3944//3944
f 3965//3965 3945//3945 3966//3966
f 4930//4930 4920//4920 4919//4919
f 4920//4920 4930//4930 4931//4931
f 4931//4931 4930//4930 4948//4948
f 4908//4908 4919//4919 4894//4894
f 4907//4907 4908//4908 4894//4894
f 4908//4908 4930//4930 4919//4919
f 3780//3780 3781//3781 3802//3802
f 4189//4189 4188//4188 4410//4410
f 4188//4188 4409//4409 4410//4410
f 4145//4145 4359//4359 4360//4360
f 4319//4319 4109//4109 4294//4294
f 4126//4126 4319//4319 4320//4320
f 4587//4587 4601//4601 4588//4588
f 4127//4127 4126//4126 4320//4320
f 4127//4127 4359//4359 4145//4145
f 4359//4359 4127//4127 4320//4320
f 4125//4125 4108//4108 4109//4109
f 4319//4319 4125//4125 4109//4109
f 4125//4125 4319//4319 4126//4126
f 4165//4165 4379//4379 4393//4393
f 4378//4378 4379//4379 4165//4165
f 4146//4146 4378//4378 4165//4165
f 4146//4146 4145//4145 4360//4360
f 4361//4361 4146//4146 4360//4360
f 4146//4146 4361//4361 4378//4378
f 4450//4450 4451//4451 4226//4226
f 4432//4432 4225//4225 4209//4209
f 4432//4432 4448//4448 4225//4225
f 4432//4432 4209//4209 4431//4431
f 4448//4448 4432//4432 4431//4431
f 4248//4248 4471//4471 4249//4249
f 4470//4470 4471//4471 4248//4248
f 4469//4469 4228//4228 4451//4451
f 4469//4469 4470//4470 4248//4248
f 4228//4228 4469//4469 4248//4248
f 4207//4207 4189//4189 4429//4429
f 4430//4430 4207//4207 4429//4429
f 4208//4208 4207//4207 4430//4430
f 5086//5086 5087//5087 5037//5037
f 5086//5086 5085//5085 5087//5087
f 5084//5084 5086//5086 5037//5037
f 5086//5086 5084//5084 5085//5085
f 5300//5300 5196//5196 5299//5299
f 5224//5224 5225//5225 5210//5210
f 5295//5295 5224//5224 5223//5223
f 5237//5237 5295//5295 5223//5223
f 5295//5295 5225//5225 5224//5224
f 5295//5295 5308//5308 5302//5302
f 5225//5225 5295//5295 5210//5210
f 5295//5295 5211//5211 5210//5210
f 5303//5303 5295//5295 5302//5302
f 5295//5295 5303//5303 5304//5304
f 5299//5299 5295//5295 5304//5304
f 5196//5196 5295//5295 5299//5299
f 5252//5252 5254//5254 5253//5253
f 5281//5281 5280//5280 5279//5279
f 5058//5058 5060//5060 5059//5059
f 5087//5087 5058//5058 5037//5037
f 5058//5058 5059//5059 5037//5037
f 5281//5281 5282//5282 5280//5280
f 4572//4572 4573//4573 4335//4335
f 4549//4549 4338//4338 4337//4337
f 4571//4571 4572//4572 4335//4335
f 4570//4570 4571//4571 4335//4335
f 4334//4334 4333//4333 4569//4569
f 4570//4570 4334//4334 4569//4569
f 4334//4334 4570//4570 4335//4335
f 4336//4336 4334//4334 4335//4335
f 4842//4842 4841//4841 4840//4840
f 4840//4840 4841//4841 4839//4839
f 5082//5082 5080//5080 5081//5081
f 5080//5080 5079//5079 5078//5078
f 4837//4837 4836//4836 4839//4839
f 4838//4838 4837//4837 4839//4839
f 4837//4837 4835//4835 4836//4836
f 4474//4474 4278//4278 4473//4473
f 4474//4474 4475//4475 4278//4278
f 5179//5179 5189//5189 5188//5188
f 5289//5289 5179//5179 5292//5292
f 5189//5189 5179//5179 5180//5180
f 5180//5180 5179//5179 5284//5284
f 5179//5179 5289//5289 5284//5284
f 4551//4551 4552//4552 4339//4339
f 4552//4552 4340//4340 4339//4339
f 4844//4844 4842//4842 4843//4843
f 4500//4500 4474//4474 4473//4473
f 4277//4277 4275//4275 4276//4276
f 4344//4344 4521//4521 4300//4300
f 4342//4342 4519//4519 4343//4343
f 4301//4301 4522//4522 4523//4523
f 4522//4522 4301//4301 4300//4300
f 4521//4521 4522//4522 4300//4300
f 4229//4229 4433//4433 4434//4434
f 4906//4906 4907//4907 4894//4894
f 4893//4893 4906//4906 4894//4894
f 4906//4906 4908//4908 4907//4907
f 4831//4831 4861//4861 4830//4830
f 4831//4831 4859//4859 4861//4861
f 5105//5105 5095//5095 5102//5102
f 5094//5094 5095//5095 5105//5105
f 5095//5095 5049//5049 5102//5102
f 5049//5049 5095//5095 5076//5076
f 5076//5076 5095//5095 5077//5077
f 5095//5095 5094//5094 5077//5077
f 5006//5006 4991//4991 5005//5005
f 5010//5010 5009//5009 5023//5023
f 5205//5205 5195//5195 5194//5194
f 5204//5204 5203//5203 5215//5215
f 5205//5205 5204//5204 5215//5215
f 5204//5204 5205//5205 5203//5203
f 4990//4990 4966//4966 4989//4989
f 5209//5209 5218//5218 5220//5220
f 5218//5218 5219//5219 5220//5220
f 5218//5218 5209//5209 5217//5217
f 5219//5219 5218//5218 5217//5217
f 4780//4780 4763//4763 4779//4779
f 5011//5011 5010//5010 5023//5023
f 5024//5024 5011//5011 5023//5023
f 5036//5036 5035//5035 5050//5050
f 5032//5032 5012//5012 5031//5031
f 5032//5032 5033//5033 5012//5012
f 5259//5259 5260//5260 5245//5245
f 5244//5244 5259//5259 5245//5245
f 4272//4272 4273//4273 4271//4271
f 4299//4299 4298//4298 4515//4515
f 4322//4322 4516//4516 4517//4517
f 4516//4516 4299//4299 4515//4515
f 4327//4327 4326//4326 4543//4543
f 4324//4324 4325//4325 4323//4323
f 4539//4539 4324//4324 4323//4323
f 4540//4540 4324//4324 4539//4539
f 4324//4324 4540//4540 4541//4541
f 4325//4325 4324//4324 4541//4541
f 4329//4329 4328//4328 4545//4545
f 4329//4329 4546//4546 4330//4330
f 4546//4546 4329//4329 4545//4545
f 4493//4493 4494//4494 4295//4295
f 4494//4494 4495//4495 4295//4295
f 4495//4495 4296//4296 4295//4295
f 4296//4296 4495//4495 4297//4297
f 4296//4296 4274//4274 4295//4295
f 5267//5267 5265//5265 5307//5307
f 5265//5265 5264//5264 5307//5307
f 5265//5265 5267//5267 5266//5266
f 5264//5264 5265//5265 5266//5266
f 4980//4980 4966//4966 4979//4979
f 4981//4981 4980//4980 4979//4979
f 4980//4980 4981//4981 4966//4966
f 5128//5128 5129//5129 5123//5123
f 5128//5128 5138//5138 5129//5129
f 5122//5122 5128//5128 5123//5123
f 5138//5138 5128//5128 5122//5122
f 4565//4565 4566//4566 4588//4588
f 4566//4566 4587//4587 4588//4588
f 2363//2363 2490//2490 2392//2392
f 2363//2363 2362//2362 2490//2490
f 2208//2208 2307//2307 2335//2335
f 2306//2306 2208//2208 2182//2182
f 2307//2307 2208//2208 2306//2306
f 2714//2714 2736//2736 2737//2737
f 2713//2713 2692//2692 2735//2735
f 2736//2736 2713//2713 2735//2735
f 2692//2692 2713//2713 2671//2671
f 2713//2713 2693//2693 2671//2671
f 2714//2714 2713//2713 2736//2736
f 2713//2713 2714//2714 2693//2693
f 3398//3398 3370//3370 3397//3397
f 3156//3156 3180//3180 3157//3157
f 3204//3204 3180//3180 3156//3156
f 3204//3204 3226//3226 3227//3227
f 3226//3226 3251//3251 3227//3227
f 3251//3251 3226//3226 3250//3250
f 2826//2826 2785//2785 2805//2805
f 2785//2785 2765//2765 2805//2805
f 2568//2568 2549//2549 2548//2548
f 2548//2548 2549//2549 2502//2502
f 2525//2525 2549//2549 2569//2569
f 2549//2549 2525//2525 2502//2502
f 2501//2501 2547//2547 2524//2524
f 2547//2547 2568//2568 2524//2524
f 2568//2568 2547//2547 2590//2590
f 2547//2547 2567//2567 2590//2590
f 2547//2547 2500//2500 2567//2567
f 2611//2611 2633//2633 2612//2612
f 2633//2633 2634//2634 2612//2612
f 2634//2634 2633//2633 2655//2655
f 2591//2591 2611//2611 2569//2569
f 2549//2549 2591//2591 2569//2569
f 2591//2591 2549//2549 2568//2568
f 2591//2591 2568//2568 2590//2590
f 2743//2743 2763//2763 2764//2764
f 2763//2763 2784//2784 2764//2764
f 2743//2743 2720//2720 2699//2699
f 2701//2701 2720//2720 2721//2721
f 2720//2720 2744//2744 2721//2721
f 2744//2744 2720//2720 2764//2764
f 2720//2720 2743//2743 2764//2764
f 2844//2844 2864//2864 2845//2845
f 2825//2825 2844//2844 2845//2845
f 2844//2844 2825//2825 2824//2824
f 2884//2884 2905//2905 2885//2885
f 2865//2865 2884//2884 2885//2885
f 2862//2862 2843//2843 2842//2842
f 2799//2799 2779//2779 2798//2798
f 2820//2820 2799//2799 2798//2798
f 2821//2821 2799//2799 2820//2820
f 2546//2546 2522//2522 2589//2589
f 2567//2567 2546//2546 2589//2589
f 2546//2546 2449//2449 2522//2522
f 3681//3681 3611//3611 3710//3710
f 3657//3657 3790//3790 3765//3765
f 3790//3790 3657//3657 3811//3811
f 3680//3680 3743//3743 3709//3709
f 3811//3811 3680//3680 3709//3709
f 3680//3680 3811//3811 3656//3656
f 3496//3496 3562//3562 3476//3476
f 3562//3562 3496//3496 3584//3584
f 3562//3562 3455//3455 3476//3476
f 3657//3657 3633//3633 3656//3656
f 3633//3633 3657//3657 3710//3710
f 3477//3477 3478//3478 3391//3391
f 3497//3497 3477//3477 3391//3391
f 3074//3074 3174//3174 3151//3151
f 3174//3174 3074//3074 3101//3101
f 3001//3001 3026//3026 3102//3102
f 3026//3026 3051//3051 3102//3102
f 3026//3026 2937//2937 2956//2956
f 3026//3026 3001//3001 2937//2937
f 3052//3052 3027//3027 2979//2979
f 3027//3027 3028//3028 2979//2979
f 2941//2941 2920//2920 2960//2960
f 3268//3268 3248//3248 3223//3223
f 3222//3222 3175//3175 3247//3247
f 3202//3202 3155//3155 3177//3177
f 3248//3248 3224//3224 3223//3223
f 3224//3224 3177//3177 3223//3223
f 3224//3224 3202//3202 3177//3177
f 2838//2838 2817//2817 2816//2816
f 2837//2837 2838//2838 2816//2816
f 2858//2858 2838//2838 2837//2837
f 2838//2838 2858//2858 2859//2859
f 2839//2839 2838//2838 2859//2859
f 2817//2817 2838//2838 2839//2839
f 2674//2674 2673//2673 2694//2694
f 2695//2695 2674//2674 2694//2694
f 2738//2738 2716//2716 2715//2715
f 2716//2716 2695//2695 2715//2715
f 2396//2396 2369//2369 2339//2339
f 2339//2339 2312//2312 2420//2420
f 2312//2312 2286//2286 2420//2420
f 2369//2369 2312//2312 2339//2339
f 2312//2312 2369//2369 2287//2287
f 2566//2566 2545//2545 2544//2544
f 2545//2545 2522//2522 2498//2498
f 2545//2545 2566//2566 2522//2522
f 2443//2443 2517//2517 2540//2540
f 2441//2441 2309//2309 2417//2417
f 2466//2466 2441//2441 2539//2539
f 2467//2467 2466//2466 2539//2539
f 2466//2466 2467//2467 2393//2393
f 2084//2084 2110//2110 2135//2135
f 2135//2135 2110//2110 2210//2210
f 2110//2110 2184//2184 2210//2210
f 2110//2110 2084//2084 2160//2160
f 2285//2285 2260//2260 2337//2337
f 2260//2260 2188//2188 2162//2162
f 2260//2260 2285//2285 2188//2188
f 2285//2285 2212//2212 2188//2188
f 2586//2586 2605//2605 2626//2626
f 2541//2541 2469//2469 2518//2518
f 2444//2444 2469//2469 2445//2445
f 2518//2518 2469//2469 2444//2444
f 2395//2395 2469//2469 2420//2420
f 2469//2469 2395//2395 2445//2445
f 2419//2419 2518//2518 2444//2444
f 2366//2366 2285//2285 2337//2337
f 2443//2443 2366//2366 2337//2337
f 2673//2673 2672//2672 2694//2694
f 2652//2652 2672//2672 2673//2673
f 2672//2672 2652//2652 2651//2651
f 2628//2628 2608//2608 2588//2588
f 2651//2651 2608//2608 2628//2628
f 2565//2565 2628//2628 2588//2588
f 2565//2565 2607//2607 2628//2628
f 2446//2446 2470//2470 2396//2396
f 2470//2470 2495//2495 2396//2396
f 1123//1123 1272//1272 1295//1295
f 1272//1272 1123//1123 1249//1249
f 1295//1295 1272//1272 1316//1316
f 1358//1358 1519//1519 1545//1545
f 1358//1358 1335//1335 1519//1519
f 1335//1335 1358//1358 1359//1359
f 1381//1381 1358//1358 1545//1545
f 1358//1358 1381//1381 1359//1359
f 1360//1360 1383//1383 1337//1337
f 1383//1383 1360//1360 1493//1493
f 1383//1383 1404//1404 1274//1274
f 1404//1404 1383//1383 1405//1405
f 1404//1404 1275//1275 1274//1274
f 1275//1275 1404//1404 1405//1405
f 1465//1465 1428//1428 1600//1600
f 1548//1548 1428//1428 1405//1405
f 1275//1275 1428//1428 1298//1298
f 1428//1428 1275//1275 1405//1405
f 1428//1428 1319//1319 1298//1298
f 1428//1428 1465//1465 1319//1319
f 1465//1465 1494//1494 1338//1338
f 1699//1699 1720//1720 1721//1721
f 1720//1720 1906//1906 1799//1799
f 1185//1185 1318//1318 1231//1231
f 1207//1207 1184//1184 1334//1334
f 1184//1184 1207//1207 1229//1229
f 1335//1335 1207//1207 1334//1334
f 1207//1207 1335//1335 1229//1229
f 1998//1998 2019//2019 2020//2020
f 2019//2019 2056//2056 2020//2020
f 2056//2056 2019//2019 2134//2134
f 1906//1906 1930//1930 1931//1931
f 1930//1930 1954//1954 1931//1931
f 1930//1930 1906//1906 2018//2018
f 1954//1954 1930//1930 2018//2018
f 1649//1649 1675//1675 1648//1648
f 1649//1649 1800//1800 1675//1675
f 1624//1624 1649//1649 1648//1648
f 2233//2233 2281//2281 2132//2132
f 2281//2281 2233//2233 2257//2257
f 2281//2281 2282//2282 2181//2181
f 2281//2281 2257//2257 2415//2415
f 2440//2440 2281//2281 2415//2415
f 2281//2281 2440//2440 2282//2282
f 2132//2132 2133//2133 2107//2107
f 2281//2281 2133//2133 2132//2132
f 2159//2159 2133//2133 2181//2181
f 2133//2133 2281//2281 2181//2181
f 1542//1542 1824//1824 1565//1565
f 1824//1824 1542//1542 1823//1823
f 1824//1824 1850//1850 1565//1565
f 1824//1824 1823//1823 2080//2080
f 1516//1516 1792//1792 1540//1540
f 1792//1792 1822//1822 1540//1540
f 1792//1792 1516//1516 1791//1791
f 2078//2078 1792//1792 1791//1791
f 1572//1572 1548//1548 1547//1547
f 1572//1572 1719//1719 1600//1600
f 1428//1428 1572//1572 1600//1600
f 1572//1572 1428//1428 1548//1548
f 1719//1719 1572//1572 1698//1698
f 1572//1572 1547//1547 1698//1698
f 1571//1571 1382//1382 1570//1570
f 1571//1571 1695//1695 1599//1599
f 1463//1463 1644//1644 1645//1645
f 1621//1621 1644//1644 1463//1463
f 1620//1620 1599//1599 1718//1718
f 1692//1692 1925//1925 1926//1926
f 1925//1925 2156//2156 1926//1926
f 1948//1948 1949//1949 1694//1694
f 1693//1693 1948//1948 1694//1694
f 1949//1949 1948//1948 2178//2178
f 1948//1948 1692//1692 1926//1926
f 1948//1948 1693//1693 1692//1692
f 1948//1948 2157//2157 2178//2178
f 2157//2157 1948//1948 1926//1926
f 1461//1461 1460//1460 1694//1694
f 1460//1460 1693//1693 1694//1694
f 1693//1693 1460//1460 1424//1424
f 1460//1460 1294//1294 1424//1424
f 1294//1294 1460//1460 1461//1461
f 1518//1518 1543//1543 1544//1544
f 1517//1517 1518//1518 1356//1356
f 1518//1518 1357//1357 1356//1356
f 1761//1761 1518//1518 1517//1517
f 1762//1762 1761//1761 1972//1972
f 1761//1761 1717//1717 1972//1972
f 1761//1761 1762//1762 1543//1543
f 1518//1518 1761//1761 1543//1543
f 1717//1717 1716//1716 1694//1694
f 1490//1490 1716//1716 1491//1491
f 1716//1716 1517//1517 1491//1491
f 1716//1716 1461//1461 1694//1694
f 1716//1716 1490//1490 1461//1461
f 1716//1716 1761//1761 1517//1517
f 1761//1761 1716//1716 1717//1717
f 1490//1490 1333//1333 1315//1315
f 1356//1356 1333//1333 1491//1491
f 1333//1333 1490//1490 1491//1491
f 1905//1905 2082//2082 1928//1928
f 1929//1929 1905//1905 1928//1928
f 1905//1905 1882//1882 2017//2017
f 1905//1905 1929//1929 1766//1766
f 1882//1882 1905//1905 1766//1766
f 1880//1880 1853//1853 2016//2016
f 1881//1881 1880//1880 2016//2016
f 1904//1904 2051//2051 2052//2052
f 1904//1904 1881//1881 2051//2051
f 2180//2180 2053//2053 2017//2017
f 2053//2053 1905//1905 2017//2017
f 2054//2054 2053//2053 2206//2206
f 2053//2053 2180//2180 2206//2206
f 2082//2082 2053//2053 2054//2054
f 1905//1905 2053//2053 2082//2082
f 1764//1764 1644//1644 1621//1621
f 1620//1620 1764//1764 1621//1621
f 1763//1763 1764//1764 1718//1718
f 1764//1764 1620//1620 1718//1718
f 1918//1918 2012//2012 1896//1896
f 2012//2012 1918//1918 2033//2033
f 2012//2012 1872//1872 1896//1896
f 2012//2012 1989//1989 1872//1872
f 1919//1919 1918//1918 1896//1896
f 1918//1918 1919//1919 1942//1942
f 1478//1478 1477//1477 1637//1637
f 1478//1478 1638//1638 1437//1437
f 1638//1638 1478//1478 1637//1637
f 1590//1590 1737//1737 1738//1738
f 1589//1589 1590//1590 1611//1611
f 1737//1737 1589//1589 1783//1783
f 1589//1589 1737//1737 1590//1590
f 763//763 762//762 788//788
f 358//358 372//372 359//359
f 370//370 358//358 206//206
f 348//348 358//358 359//359
f 358//358 348//348 188//188
f 206//206 358//358 207//207
f 358//358 188//188 207//207
f 670//670 634//634 633//633
f 579//579 600//600 580//580
f 619//619 597//597 618//618
f 598//598 597//597 619//619
f 1199//1199 1375//1375 1376//1376
f 1166//1166 1199//1199 1376//1376
f 1219//1219 1399//1399 1220//1220
f 806//806 787//787 600//600
f 1309//1309 1116//1116 1115//1115
f 1117//1117 1116//1116 1309//1309
f 619//619 850//850 824//824
f 849//849 850//850 619//619
f 1535//1535 1373//1373 1561//1561
f 1397//1397 1373//1373 1372//1372
f 1373//1373 1397//1397 1561//1561
f 1372//1372 1373//1373 1349//1349
f 1373//1373 1350//1350 1349//1349
f 1373//1373 1535//1535 1350//1350
f 1598//1598 1852//1852 1853//1853
f 1852//1852 1598//1598 1826//1826
f 1853//1853 1852//1852 2016//2016
f 1852//1852 1826//1826 2016//2016
f 1794//1794 1543//1543 1793//1793
f 2439//2439 2464//2464 2463//2463
f 2256//2256 2464//2464 2280//2280
f 2463//2463 2464//2464 2255//2255
f 2464//2464 2256//2256 2255//2255
f 2439//2439 2438//2438 2414//2414
f 2179//2179 2438//2438 2204//2204
f 2438//2438 2179//2179 2414//2414
f 2204//2204 2438//2438 2205//2205
f 2438//2438 2439//2439 2205//2205
f 1639//1639 1667//1667 1924//1924
f 1640//1640 1900//1900 1615//1615
f 1900//1900 1901//1901 1615//1615
f 1900//1900 1640//1640 1924//1924
f 1563//1563 1562//1562 1848//1848
f 1537//1537 1563//1563 1848//1848
f 1538//1538 1818//1818 1819//1819
f 1538//1538 1537//1537 1818//1818
f 1538//1538 1820//1820 1539//1539
f 1820//1820 1538//1538 1819//1819
f 1593//1593 1875//1875 1876//1876
f 1901//1901 1875//1875 1615//1615
f 1310//1310 1092//1092 1091//1091
f 1117//1117 1310//1310 1091//1091
f 1310//1310 1117//1117 1309//1309
f 1562//1562 1847//1847 1848//1848
f 1846//1846 1847//1847 1562//1562
f 1847//1847 1818//1818 1848//1848
f 1877//1877 1593//1593 1876//1876
f 2230//2230 2229//2229 2202//2202
f 2513//2513 2512//2512 2535//2535
f 1484//1484 1741//1741 1742//1742
f 1743//1743 1744//1744 1485//1485
f 1484//1484 1743//1743 1485//1485
f 1743//1743 1484//1484 1742//1742
f 2411//2411 2354//2354 2386//2386
f 1754//1754 2047//2047 1755//1755
f 1757//1757 2049//2049 1758//1758
f 2049//2049 1757//1757 2048//2048
f 1691//1691 1947//1947 1666//1666
f 1946//1946 1947//1947 1691//1691
f 2124//2124 1945//1945 1944//1944
f 1874//1874 1898//1898 1899//1899
f 1969//1969 1968//1968 1991//1991
f 2152//2152 2176//2176 2124//2124
f 2152//2152 2124//2124 1944//1944
f 1969//1969 2152//2152 1944//1944
f 2152//2152 1969//1969 1991//1991
f 1990//1990 2152//2152 1991//1991
f 2176//2176 2152//2152 1990//1990
f 2014//2014 1816//1816 1845//1845
f 1817//1817 1816//1816 2014//2014
f 1845//1845 1816//1816 1844//1844
f 1784//1784 1817//1817 2014//2014
f 1287//1287 1439//1439 1440//1440
f 1754//1754 1454//1454 1715//1715
f 1449//1449 1749//1749 1750//1750
f 1749//1749 1449//1449 1448//1448
f 1751//1751 1714//1714 1750//1750
f 1450//1450 1714//1714 1751//1751
f 1714//1714 1449//1449 1750//1750
f 1449//1449 1714//1714 1450//1450
f 1757//1757 1756//1756 2048//2048
f 2047//2047 1756//1756 1755//1755
f 1756//1756 2047//2047 2048//2048
f 1755//1755 1756//1756 1457//1457
f 1756//1756 1458//1458 1457//1457
f 1458//1458 1756//1756 1459//1459
f 1756//1756 1757//1757 1459//1459
f 51//51 113//113 37//37
f 113//113 38//38 37//37
f 38//38 113//113 39//39
f 231//231 123//123 230//230
f 109//109 51//51 50//50
f 108//108 109//109 50//50
f 402//402 403//403 310//310
f 403//403 435//435 310//310
f 401//401 403//403 402//402
f 436//436 466//466 324//324
f 466//466 325//325 324//324
f 480//480 680//680 681//681
f 680//680 480//480 651//651
f 454//454 480//480 455//455
f 480//480 452//452 651//651
f 480//480 454//454 452//452
f 480//480 456//456 455//455
f 480//480 481//481 456//456
f 460//460 481//481 686//686
f 460//460 462//462 461//461
f 459//459 460//460 461//461
f 481//481 460//460 459//459
f 687//687 460//460 686//686
f 460//460 687//687 462//462
f 41//41 40//40 52//52
f 53//53 41//41 52//52
f 165//165 172//172 75//75
f 172//172 173//173 75//75
f 172//172 165//165 307//307
f 182//182 340//340 258//258
f 182//182 323//323 340//340
f 78//78 182//182 132//132
f 323//323 182//182 322//322
f 182//182 133//133 132//132
f 133//133 182//182 258//258
f 308//308 321//321 322//322
f 292//292 308//308 307//307
f 308//308 172//172 307//307
f 172//172 308//308 173//173
f 72//72 65//65 66//66
f 71//71 72//72 66//66
f 72//72 77//77 78//78
f 164//164 163//163 291//291
f 163//163 164//164 74//74
f 374//374 385//385 375//375
f 467//467 351//351 342//342
f 467//467 485//485 351//351
f 466//466 467//467 342//342
f 485//485 467//467 484//484
f 467//467 466//466 484//484
f 1182//1182 1331//1331 1332//1332
f 1149//1149 1331//1331 1182//1182
f 1291//1291 1312//1312 1292//1292
f 1312//1312 1313//1313 1120//1120
f 1119//1119 1312//1312 1120//1120
f 1312//1312 1118//1118 1292//1292
f 1312//1312 1119//1119 1118//1118
f 1313//1313 1148//1148 1120//1120
f 1148//1148 1313//1313 1149//1149
f 922//922 1148//1148 1149//1149
f 1401//1401 1642//1642 1668//1668
f 1642//1642 1401//1401 1641//1641
f 1401//1401 1400//1400 1641//1641
f 1247//1247 1226//1226 1378//1378
f 1400//1400 1247//1247 1378//1378
f 1226//1226 1247//1247 1031//1031
f 1879//1879 1618//1618 1878//1878
f 1618//1618 1879//1879 1902//1902
f 2129//2129 1879//1879 1878//1878
f 2130//2130 1879//1879 2129//2129
f 1377//1377 1355//1355 1354//1354
f 1226//1226 1377//1377 1378//1378
f 1355//1355 1377//1377 1226//1226
f 1225//1225 1226//1226 1031//1031
f 1225//1225 1355//1355 1226//1226
f 1355//1355 1225//1225 1205//1205
f 1204//1204 1182//1182 1332//1332
f 1353//1353 1204//1204 1332//1332
f 1204//1204 1355//1355 1205//1205
f 1355//1355 1204//1204 1354//1354
f 1204//1204 1353//1353 1354//1354
f 905//905 906//906 768//768
f 906//906 905//905 922//922
f 904//904 905//905 889//889
f 904//904 1119//1119 1120//1120
f 1148//1148 904//904 1120//1120
f 888//888 904//904 889//889
f 1119//1119 904//904 888//888
f 905//905 904//904 922//922
f 904//904 1148//1148 922//922
f 656//656 568//568 556//556
f 692//692 656//656 655//655
f 555//555 656//656 556//556
f 656//656 537//537 655//655
f 656//656 555//555 537//537
f 656//656 693//693 568//568
f 693//693 656//656 692//692
f 1010//1010 856//856 833//833
f 1010//1010 1011//1011 856//856
f 1011//1011 1010//1010 1034//1034
f 1248//1248 1099//1099 1228//1228
f 1248//1248 1249//1249 1100//1100
f 1099//1099 1248//1248 1100//1100
f 1079//1079 1099//1099 910//910
f 1099//1099 1079//1079 1078//1078
f 1079//1079 910//910 909//909
f 1055//1055 1079//1079 909//909
f 1079//1079 1055//1055 1078//1078
f 391//391 406//406 407//407
f 406//406 439//439 407//407
f 829//829 652//652 622//622
f 654//654 653//653 852//852
f 653//653 829//829 852//852
f 653//653 652//652 829//829
f 623//623 520//520 519//519
f 537//537 520//520 655//655
f 520//520 623//623 655//655
f 520//520 406//406 391//391
f 406//406 520//520 537//537
f 520//520 391//391 390//390
f 519//519 520//520 390//390
f 809//809 808//808 851//851
f 827//827 809//809 851//851
f 809//809 601//601 808//808
f 2244//2244 2219//2219 2270//2270
f 2193//2193 2219//2219 2243//2243
f 2219//2219 2244//2244 2243//2243
f 3081//3081 3135//3135 3109//3109
f 3108//3108 3135//3135 3081//3081
f 3109//3109 3135//3135 3160//3160
f 3135//3135 3159//3159 3160//3160
f 3035//3035 3009//3009 3034//3034
f 3009//3009 3035//3035 3010//3010
f 3009//3009 3008//3008 3034//3034
f 2945//2945 2965//2965 2946//2946
f 2945//2945 2964//2964 2965//2965
f 2945//2945 2946//2946 2926//2926
f 2925//2925 2945//2945 2926//2926
f 2883//2883 2865//2865 2864//2864
f 2884//2884 2883//2883 2903//2903
f 2883//2883 2884//2884 2865//2865
f 3080//3080 3057//3057 3107//3107
f 3080//3080 3108//3108 3081//3081
f 2944//2944 2945//2945 2925//2925
f 2944//2944 2963//2963 2964//2964
f 2945//2945 2944//2944 2964//2964
f 2139//2139 2189//2189 2214//2214
f 2189//2189 2139//2139 2113//2113
f 2112//2112 2059//2059 2024//2024
f 2024//2024 2059//2059 2003//2003
f 2059//2059 2025//2025 2003//2003
f 2287//2287 2288//2288 2215//2215
f 2369//2369 2288//2288 2287//2287
f 2399//2399 2473//2473 2425//2425
f 2473//2473 2399//2399 2449//2449
f 2546//2546 2473//2473 2449//2449
f 2423//2423 2373//2373 2342//2342
f 2399//2399 2373//2373 2449//2449
f 2342//2342 2373//2373 2268//2268
f 2373//2373 2399//2399 2268//2268
f 2266//2266 2142//2142 2241//2241
f 2142//2142 2266//2266 2166//2166
f 2266//2266 2341//2341 2290//2290
f 2240//2240 2165//2165 2215//2215
f 2240//2240 2265//2265 2165//2165
f 2288//2288 2240//2240 2215//2215
f 2240//2240 2288//2288 2340//2340
f 2239//2239 2164//2164 2214//2214
f 2239//2239 2190//2190 2164//2164
f 2312//2312 2239//2239 2286//2286
f 2263//2263 2287//2287 2215//2215
f 2190//2190 2263//2263 2215//2215
f 2239//2239 2263//2263 2190//2190
f 2263//2263 2312//2312 2287//2287
f 2263//2263 2239//2239 2312//2312
f 1553//1553 1527//1527 1526//1526
f 1527//1527 1553//1553 1582//1582
f 1527//1527 1500//1500 1526//1526
f 1500//1500 1527//1527 1432//1432
f 1527//1527 1582//1582 1432//1432
f 1703//1703 1772//1772 1804//1804
f 1726//1726 1772//1772 1703//1703
f 1806//1806 1773//1773 1805//1805
f 2005//2005 1806//1806 1866//1866
f 1704//1704 1806//1806 1629//1629
f 1938//1938 1890//1890 1913//1913
f 1962//1962 1938//1938 1913//1913
f 1938//1938 2005//2005 1866//1866
f 1890//1890 1938//1938 1866//1866
f 2002//2002 1959//1959 1979//1979
f 1959//1959 2002//2002 1960//1960
f 1339//1339 1321//1321 1466//1466
f 1321//1321 1189//1189 1299//1299
f 1624//1624 1429//1429 1601//1601
f 1321//1321 1429//1429 1466//1466
f 1429//1429 1321//1321 1406//1406
f 1721//1721 1574//1574 1573//1573
f 1601//1601 1574//1574 1721//1721
f 1429//1429 1574//1574 1601//1601
f 1574//1574 1429//1429 1406//1406
f 1495//1495 1385//1385 1466//1466
f 1495//1495 1496//1496 1385//1385
f 1495//1495 1624//1624 1648//1648
f 1550//1550 1495//1495 1648//1648
f 1429//1429 1495//1495 1466//1466
f 1495//1495 1429//1429 1624//1624
f 1407//1407 1386//1386 1385//1385
f 1386//1386 1363//1363 1385//1385
f 2185//2185 2186//2186 2211//2211
f 2136//2136 2135//2135 2210//2210
f 2235//2235 2136//2136 2210//2210
f 2161//2161 2136//2136 2235//2235
f 2161//2161 2186//2186 2185//2185
f 1910//1910 1978//1978 2001//2001
f 1956//1956 1978//1978 1910//1910
f 2085//2085 1978//1978 2057//2057
f 1978//1978 2022//2022 2057//2057
f 1978//1978 1956//1956 2022//2022
f 1860//1860 1932//1932 1955//1955
f 2056//2056 1932//1932 2020//2020
f 1628//1628 1678//1678 1653//1653
f 1771//1771 1726//1726 1703//1703
f 1676//1676 1801//1801 1701//1701
f 1676//1676 1650//1650 1801//1801
f 1387//1387 1523//1523 1468//1468
f 1523//1523 1524//1524 1468//1468
f 1468//1468 1551//1551 1577//1577
f 1524//1524 1551//1551 1468//1468
f 1551//1551 1626//1626 1577//1577
f 1551//1551 1524//1524 1626//1626
f 2450//2450 2474//2474 2425//2425
f 2473//2473 2450//2450 2425//2425
f 2474//2474 2523//2523 2475//2475
f 2547//2547 2523//2523 2500//2500
f 2450//2450 2523//2523 2474//2474
f 2523//2523 2450//2450 2500//2500
f 2523//2523 2501//2501 2475//2475
f 2523//2523 2547//2547 2501//2501
f 2217//2217 2192//2192 2166//2166
f 2192//2192 2143//2143 2166//2166
f 2192//2192 2217//2217 2242//2242
f 4623//4623 4753//4753 4711//4711
f 4754//4754 4753//4753 4889//4889
f 4711//4711 4734//4734 4712//4712
f 4734//4734 4868//4868 4712//4712
f 4868//4868 4734//4734 4889//4889
f 4693//4693 4692//4692 4827//4827
f 4660//4660 4623//4623 4641//4641
f 4660//4660 4753//4753 4623//4623
f 4926//4926 4915//4915 4826//4826
f 4914//4914 4915//4915 4926//4926
f 4915//4915 4797//4797 4826//4826
f 4915//4915 4914//4914 4899//4899
f 4900//4900 4887//4887 4874//4874
f 4798//4798 4900//4900 4769//4769
f 4900//4900 4874//4874 4769//4769
f 4900//4900 4798//4798 4797//4797
f 4915//4915 4900//4900 4797//4797
f 4887//4887 4900//4900 4899//4899
f 4900//4900 4915//4915 4899//4899
f 4970//4970 4885//4885 4985//4985
f 4970//4970 4886//4886 4885//4885
f 4957//4957 4941//4941 4873//4873
f 4957//4957 4956//4956 4941//4941
f 4886//4886 4957//4957 4873//4873
f 4970//4970 4957//4957 4886//4886
f 4957//4957 4970//4970 4956//4956
f 3856//3856 3906//3906 3881//3881
f 3906//3906 3981//3981 3881//3881
f 4240//4240 4218//4218 4198//4198
f 4287//4287 4155//4155 4177//4177
f 4136//4136 4155//4155 4137//4137
f 4313//4313 4287//4287 4217//4217
f 4238//4238 4313//4313 4217//4217
f 4313//4313 4238//4238 4352//4352
f 4287//4287 4313//4313 4288//4288
f 4313//4313 4352//4352 4288//4288
f 4372//4372 4404//4404 4421//4421
f 4387//4387 4404//4404 4372//4372
f 4404//4404 4312//4312 4421//4421
f 4404//4404 4387//4387 4312//4312
f 4387//4387 4237//4237 4286//4286
f 4237//4237 4387//4387 4238//4238
f 4286//4286 4237//4237 4261//4261
f 4261//4261 4237//4237 4217//4217
f 4237//4237 4238//4238 4217//4217
f 3298//3298 3251//3251 3272//3272
f 3502//3502 3501//3501 3524//3524
f 3502//3502 3482//3482 3501//3501
f 3502//3502 3525//3525 3482//3482
f 3545//3545 3568//3568 3524//3524
f 3482//3482 3503//3503 3460//3460
f 3525//3525 3503//3503 3482//3482
f 3503//3503 3483//3483 3460//3460
f 3425//3425 3424//3424 3460//3460
f 3424//3424 3425//3425 3397//3397
f 3425//3425 3398//3398 3397//3397
f 3500//3500 3545//3545 3524//3524
f 3481//3481 3500//3500 3524//3524
f 3394//3394 3342//3342 3367//3367
f 3342//3342 3394//3394 3316//3316
f 3394//3394 3368//3368 3316//3316
f 3459//3459 3481//3481 3501//3501
f 3482//3482 3459//3459 3501//3501
f 3424//3424 3459//3459 3482//3482
f 3421//3421 3393//3393 3367//3367
f 3341//3341 3292//3292 3366//3366
f 3660//3660 3661//3661 3637//3637
f 3661//3661 3614//3614 3637//3637
f 3614//3614 3661//3661 3638//3638
f 3638//3638 3661//3661 3615//3615
f 3566//3566 3588//3588 3567//3567
f 3614//3614 3588//3588 3566//3566
f 3588//3588 3614//3614 3638//3638
f 3568//3568 3588//3588 3638//3638
f 3588//3588 3545//3545 3567//3567
f 3588//3588 3568//3568 3545//3545
f 3587//3587 3614//3614 3566//3566
f 3587//3587 3613//3613 3614//3614
f 3613//3613 3587//3587 3635//3635
f 3882//3882 3857//3857 3908//3908
f 3928//3928 3882//3882 3908//3908
f 3882//3882 3928//3928 3982//3982
f 4010//4010 3982//3982 4044//4044
f 3909//3909 3815//3815 3883//3883
f 4138//4138 4118//4118 4062//4062
f 4156//4156 4138//4138 4062//4062
f 4117//4117 4136//4136 4137//4137
f 4156//4156 4117//4117 4198//4198
f 4117//4117 4240//4240 4198//4198
f 4240//4240 4117//4117 4137//4137
f 4178//4178 4198//4198 4199//4199
f 4178//4178 4156//4156 4198//4198
f 4138//4138 4178//4178 4199//4199
f 4138//4138 4102//4102 4118//4118
f 4102//4102 4138//4138 4199//4199
f 4081//4081 3956//3956 3981//3981
f 3981//3981 3956//3956 3881//3881
f 3956//3956 3928//3928 3881//3881
f 3928//3928 3956//3956 4044//4044
f 3956//3956 4081//4081 4044//4044
f 4101//4101 4043//4043 4118//4118
f 4102//4102 4101//4101 4118//4118
f 4101//4101 4102//4102 4081//4081
f 4009//4009 4081//4081 3981//3981
f 4043//4043 4009//4009 3927//3927
f 4009//4009 4101//4101 4081//4081
f 4101//4101 4009//4009 4043//4043
f 4009//4009 3906//3906 3927//3927
f 3906//3906 4009//4009 3981//3981
f 3056//3056 3079//3079 3031//3031
f 3056//3056 3078//3078 3079//3079
f 3837//3837 3792//3792 3813//3813
f 3746//3746 3766//3766 3813//3813
f 3746//3746 3792//3792 3747//3747
f 3792//3792 3746//3746 3813//3813
f 5162//5162 5151//5151 5150//5150
f 5151//5151 5152//5152 5150//5150
f 5135//5135 5134//5134 5130//5130
f 5134//5134 5135//5135 5133//5133
f 5096//5096 5097//5097 5109//5109
f 5108//5108 5096//5096 5109//5109
f 5097//5097 5096//5096 5163//5163
f 5096//5096 5108//5108 5163//5163
f 4923//4923 4912//4912 4898//4898
f 4924//4924 4923//4923 4940//4940
f 4912//4912 4923//4923 4925//4925
f 4923//4923 4924//4924 4925//4925
f 4923//4923 4939//4939 4940//4940
f 4939//4939 4923//4923 4955//4955
f 4170//4170 4036//4036 4193//4193
f 4115//4115 4133//4133 4153//4153
f 4133//4133 4115//4115 4097//4097
f 3742//3742 3708//3708 3763//3763
f 4098//4098 3924//3924 4097//4097
f 4115//4115 4098//4098 4097//4097
f 4098//4098 4077//4077 4076//4076
f 3925//3925 4076//4076 4060//4060
f 3925//3925 4060//4060 3904//3904
f 3925//3925 4098//4098 4076//4076
f 4098//4098 3925//3925 3924//3924
f 3903//3903 3925//3925 3904//3904
f 3924//3924 3925//3925 3903//3903
f 3679//3679 3583//3583 3708//3708
f 3583//3583 3679//3679 3560//3560
f 3632//3632 3609//3609 3518//3518
f 3609//3609 3496//3496 3518//3518
f 3496//3496 3609//3609 3584//3584
f 3833//3833 3811//3811 3709//3709
f 3832//3832 3833//3833 3709//3709
f 3855//3855 3832//3832 3880//3880
f 3855//3855 3833//3833 3832//3832
f 4854//4854 4855//4855 4692//4692
f 4854//4854 4867//4867 4855//4855
f 4559//4559 4526//4526 4558//4558
f 4577//4577 4559//4559 4558//4558
f 4640//4640 4639//4639 4658//4658
f 4986//4986 5001//5001 5000//5000
f 4986//4986 4971//4971 4987//4987
f 5022//5022 4986//4986 5000//5000
f 4971//4971 4986//4986 5022//5022
f 4875//4875 4866//4866 4874//4874
f 4867//4867 4866//4866 4875//4875
f 4866//4866 4854//4854 4874//4874
f 4854//4854 4866//4866 4867//4867
f 4528//4528 4529//4529 4505//4505
f 4529//4529 4506//4506 4505//4505
f 4506//4506 4529//4529 4625//4625
f 4625//4625 4529//4529 4624//4624
f 4529//4529 4528//4528 4624//4624
f 4461//4461 4385//4385 4401//4401
f 4461//4461 4441//4441 4385//4385
f 4461//4461 4442//4442 4441//4441
f 4531//4531 4419//4419 4440//4440
f 4236//4236 4351//4351 4312//4312
f 4351//4351 4443//4443 4312//4312
f 4351//4351 4462//4462 4443//4443
f 4371//4371 4370//4370 4482//4482
f 4462//4462 4371//4371 4482//4482
f 4351//4351 4371//4371 4462//4462
f 4370//4370 4371//4371 4285//4285
f 4371//4371 4260//4260 4285//4285
f 4371//4371 4236//4236 4260//4260
f 4371//4371 4351//4351 4236//4236
f 4481//4481 4508//4508 4482//4482
f 4403//4403 4481//4481 4482//4482
f 4481//4481 4403//4403 4508//4508
f 4114//4114 4152//4152 4132//4132
f 4309//4309 4152//4152 4151//4151
f 4132//4132 4152//4152 4309//4309
f 3901//3901 3902//3902 3785//3785
f 3902//3902 3761//3761 3785//3785
f 3761//3761 3902//3902 3876//3876
f 5126//5126 5018//5018 5132//5132
f 5126//5126 5118//5118 4997//4997
f 5118//5118 5117//5117 5111//5111
f 5126//5126 5117//5117 5118//5118
f 5117//5117 5126//5126 5132//5132
f 4638//4638 4850//4850 4619//4619
f 4850//4850 4851//4851 4619//4619
f 5091//5091 4954//4954 5099//5099
f 4954//4954 5091//5091 5092//5092
f 5073//5073 5091//5091 5099//5099
f 5092//5092 5091//5091 5073//5073
f 4124//4124 4143//4143 3964//3964
f 4143//4143 4124//4124 4268//4268
f 3238//3238 3237//3237 3259//3259
f 2082//2082 2232//2232 2107//2107
f 2232//2232 2233//2233 2107//2107
f 2232//2232 2082//2082 2207//2207
f 2390//2390 2232//2232 2207//2207
f 2233//2233 2232//2232 2257//2257
f 2232//2232 2390//2390 2391//2391
f 2257//2257 2232//2232 2391//2391
f 3218//3218 3339//3339 3219//3219
f 3389//3389 3363//3363 3243//3243
f 3363//3363 3218//3218 3243//3243
f 3126//3126 3125//3125 3220//3220
f 3150//3150 3125//3125 3025//3025
f 3125//3125 3000//3000 3025//3025
f 3125//3125 3101//3101 3000//3000
f 3125//3125 3126//3126 3101//3101
f 3679//3679 3561//3561 3560//3560
f 3539//3539 3561//3561 3655//3655
f 3561//3561 3679//3679 3655//3655
f 3222//3222 3152//3152 3175//3175
f 3365//3365 3390//3390 3391//3391
f 3199//3199 3174//3174 3101//3101
f 3126//3126 3199//3199 3101//3101
f 3199//3199 3126//3126 3198//3198
f 3341//3341 3266//3266 3292//3292
f 3266//3266 3341//3341 3315//3315
f 4321//4321 4322//4322 4323//4323
f 4321//4321 4516//4516 4322//4322
f 4516//4516 4321//4321 4299//4299
f 4331//4331 4546//4546 4547//4547
f 4546//4546 4331//4331 4330//4330
f 4333//4333 4568//4568 4569//4569
f 4332//4332 4568//4568 4333//4333
f 3290//3290 3149//3149 3289//3289
f 3149//3149 3290//3290 3123//3123
f 3123//3123 3290//3290 3264//3264
f 3972//3972 3702//3702 3701//3701
f 3899//3899 3651//3651 3898//3898
f 3873//3873 3651//3651 3899//3899
f 4453//4453 4254//4254 4253//4253
f 4254//4254 4453//4453 4454//4454
f 4433//4433 4254//4254 4454//4454
f 4254//4254 4433//4433 4229//4229
f 4167//4167 4191//4191 4380//4380
f 4191//4191 4396//4396 4380//4380
f 4396//4396 4191//4191 4190//4190
f 4413//4413 4211//4211 4210//4210
f 3971//3971 3972//3972 3701//3701
f 4039//4039 4038//4038 4058//4058
f 4039//4039 4004//4004 4038//4038
f 4038//4038 3900//3900 4058//4058
f 3875//3875 3900//3900 4038//4038
f 3875//3875 3850//3850 3851//3851
f 3850//3850 3875//3875 4038//4038
f 3850//3850 4004//4004 3851//3851
f 4004//4004 3850//3850 4038//4038
f 3900//3900 4057//4057 4058//4058
f 4074//4074 4057//4057 3921//3921
f 4057//4057 3900//3900 3921//3921
f 3977//3977 3826//3826 3851//3851
f 3827//3827 3826//3826 3977//3977
f 3784//3784 3923//3923 3785//3785
f 3807//3807 3784//3784 3785//3785
f 3784//3784 3807//3807 3806//3806
f 3538//3538 3362//3362 3361//3361
f 3388//3388 3538//3538 3361//3361
f 4307//4307 4365//4365 4347//4347
f 3557//3557 3556//3556 3783//3783
f 4395//4395 4396//4396 4190//4190
f 4795//4795 4603//4603 4794//4794
f 4603//4603 4825//4825 4794//4794
f 4825//4825 4603//4603 4620//4620
f 1282//1282 1302//1302 1368//1368
f 1256//1256 1282//1282 1368//1368
f 1302//1302 1324//1324 1368//1368
f 1324//1324 1391//1391 1368//1368
f 1213//1213 1158//1158 1157//1157
f 1159//1159 1158//1158 1213//1213
f 1158//1158 1130//1130 1157//1157
f 1130//1130 1158//1158 1159//1159
f 1584//1584 1554//1554 1528//1528
f 1583//1583 1584//1584 1528//1528
f 1554//1554 1584//1584 1607//1607
f 1584//1584 1583//1583 1607//1607
f 1657//1657 1583//1583 1656//1656
f 1583//1583 1657//1657 1631//1631
f 1631//1631 1657//1657 1658//1658
f 1657//1657 1730//1730 1658//1658
f 1529//1529 1555//1555 1502//1502
f 1554//1554 1529//1529 1501//1501
f 1529//1529 1502//1502 1433//1433
f 1501//1501 1529//1529 1433//1433
f 1555//1555 1585//1585 1632//1632
f 1632//1632 1585//1585 1607//1607
f 1585//1585 1554//1554 1607//1607
f 1585//1585 1529//1529 1554//1554
f 1529//1529 1585//1585 1555//1555
f 1391//1391 1413//1413 1368//1368
f 1412//1412 1389//1389 1411//1411
f 1412//1412 1413//1413 1391//1391
f 1502//1502 1472//1472 1433//1433
f 1472//1472 1434//1434 1433//1433
f 1555//1555 1472//1472 1502//1502
f 1434//1434 1472//1472 1411//1411
f 1472//1472 1412//1412 1411//1411
f 1109//1109 1065//1065 1018//1018
f 1085//1085 1109//1109 1018//1018
f 1109//1109 1085//1085 1192//1192
f 1160//1160 1109//1109 1192//1192
f 974//974 975//975 935//935
f 865//865 845//845 844//844
f 845//845 846//846 844//844
f 846//846 845//845 865//865
f 800//800 846//846 820//820
f 846//846 800//800 781//781
f 783//783 800//800 820//820
f 865//865 883//883 1021//1021
f 917//917 842//842 934//934
f 741//741 742//742 758//758
f 742//742 741//741 802//802
f 801//801 741//741 758//758
f 741//741 801//801 802//802
f 1066//1066 1067//1067 1046//1046
f 1022//1022 821//821 1046//1046
f 1067//1067 1022//1022 1046//1046
f 1022//1022 1067//1067 1000//1000
f 1136//1136 1163//1163 1164//1164
f 1136//1136 1137//1137 1162//1162
f 1163//1163 1136//1136 1162//1162
f 1326//1326 1348//1348 1327//1327
f 1348//1348 1326//1326 1347//1347
f 1395//1395 1394//1394 1419//1419
f 799//799 819//819 843//843
f 917//917 819//819 842//842
f 842//842 819//819 780//780
f 819//819 799//799 780//780
f 799//799 665//665 699//699
f 699//699 665//665 664//664
f 665//665 781//781 666//666
f 665//665 799//799 781//781
f 630//630 665//665 666//666
f 665//665 630//630 664//664
f 576//576 614//614 577//577
f 594//594 614//614 615//615
f 614//614 594//594 577//577
f 442//442 366//366 493//493
f 595//595 509//509 577//577
f 509//509 545//545 527//527
f 381//381 509//509 527//527
f 301//301 303//303 302//302
f 316//316 301//301 302//302
f 301//301 316//316 443//443
f 301//301 444//444 303//303
f 444//444 301//301 443//443
f 315//315 316//316 314//314
f 315//315 334//334 475//475
f 334//334 315//315 314//314
f 315//315 475//475 443//443
f 316//316 315//315 443//443
f 334//334 474//474 475//475
f 510//510 529//529 511//511
f 510//510 528//528 529//529
f 510//510 381//381 528//528
f 356//356 345//345 366//366
f 345//345 381//381 346//346
f 1662//1662 1663//1663 1636//1636
f 1663//1663 1814//1814 1815//1815
f 1842//1842 1688//1688 1873//1873
f 1842//1842 1662//1662 1688//1688
f 1842//1842 1663//1663 1662//1662
f 1369//1369 1416//1416 1417//1417
f 1416//1416 1369//1369 1393//1393
f 1369//1369 1392//1392 1393//1393
f 1303//1303 1325//1325 1304//1304
f 1303//1303 1304//1304 1283//1283
f 1258//1258 1303//1303 1283//1283
f 1325//1325 1303//1303 1346//1346
f 1414//1414 1392//1392 1435//1435
f 1414//1414 1435//1435 1474//1474
f 1414//1414 1416//1416 1393//1393
f 1416//1416 1414//1414 1474//1474
f 1559//1559 1532//1532 1417//1417
f 1588//1588 1559//1559 1417//1417
f 1559//1559 1533//1533 1532//1532
f 1559//1559 1588//1588 1587//1587
f 1610//1610 1559//1559 1587//1587
f 1941//1941 1916//1916 1965//1965
f 2010//2010 1941//1941 1965//1965
f 1839//1839 1840//1840 1811//1811
f 1894//1894 1871//1871 1811//1811
f 1871//1871 1839//1839 1811//1811
f 1964//1964 1940//1940 1915//1915
f 1985//1985 1940//1940 1964//1964
f 2271//2271 2318//2318 2294//2294
f 2245//2245 2271//2271 2294//2294
f 2093//2093 2117//2117 2064//2064
f 2117//2117 2168//2168 2064//2064
f 2117//2117 2145//2145 2168//2168
f 2427//2427 2477//2477 2453//2453
f 2786//2786 2745//2745 2806//2806
f 2571//2571 2614//2614 2680//2680
f 2454//2454 2428//2428 2403//2403
f 2428//2428 2377//2377 2403//2403
f 3014//3014 3039//3039 3063//3063
f 2991//2991 3039//3039 3014//3014
f 3087//3087 3088//3088 3063//3063
f 3086//3086 3012//3012 2989//2989
f 1634//1634 1659//1659 1608//1608
f 1659//1659 1634//1634 1633//1633
f 1586//1586 1634//1634 1608//1608
f 1634//1634 1586//1586 1633//1633
f 1682//1682 1656//1656 1705//1705
f 1729//1729 1682//1682 1705//1705
f 1682//1682 1657//1657 1656//1656
f 1682//1682 1774//1774 1775//1775
f 1682//1682 1729//1729 1774//1774
f 1730//1730 1682//1682 1775//1775
f 1657//1657 1682//1682 1730//1730
f 971//971 996//996 1085//1085
f 840//840 839//839 863//863
f 779//779 757//757 722//722
f 778//778 779//779 722//722
f 757//757 779//779 780//780
f 107//107 108//108 48//48
f 106//106 107//107 48//48
f 107//107 106//106 120//120
f 103//103 32//32 31//31
f 103//103 31//31 101//101
f 201//201 202//202 88//88
f 201//201 87//87 200//200
f 201//201 88//88 87//87
f 220//220 201//201 200//200
f 202//202 201//201 220//220
f 221//221 222//222 224//224
f 202//202 222//222 221//221
f 249//249 222//222 202//202
f 169//169 170//170 171//171
f 180//180 170//170 169//169
f 170//170 304//304 171//171
f 304//304 170//170 318//318
f 170//170 317//317 318//318
f 317//317 170//170 180//180
f 305//305 319//319 373//373
f 304//304 319//319 305//305
f 319//319 318//318 373//373
f 319//319 304//304 318//318
f 289//289 306//306 373//373
f 288//288 306//306 289//289
f 306//306 305//305 373//373
f 305//305 306//306 161//161
f 306//306 288//288 161//161
f 549//549 530//530 373//373
f 530//530 531//531 373//373
f 531//531 532//532 373//373
f 478//478 499//499 707//707
f 499//499 730//730 705//705
f 116//116 208//208 117//117
f 278//278 289//289 373//373
f 289//289 278//278 290//290
f 290//290 278//278 153//153
f 349//349 348//348 384//384
f 349//349 191//191 190//190
f 348//348 349//349 190//190
f 135//135 134//134 149//149
f 134//134 135//135 136//136
f 92//92 91//91 212//212
f 20//20 92//92 22//22
f 382//382 277//277 276//276
f 262//262 277//277 382//382
f 277//277 275//275 276//276
f 277//277 262//262 275//275
f 418//418 637//637 638//638
f 637//637 418//418 417//417
f 636//636 637//637 417//417
f 675//675 414//414 451//451
f 1820//1820 1508//1508 1539//1539
f 646//646 429//429 428//428
f 645//645 646//646 428//428
f 452//452 646//646 647//647
f 429//429 646//646 452//452
f 643//643 425//425 642//642
f 644//644 645//645 426//426
f 644//644 426//426 425//425
f 643//643 644//644 425//425
f 943//943 1173//1173 944//944
f 1172//1172 1173//1173 943//943
f 1171//1171 1172//1172 943//943
f 942//942 1171//1171 943//943
f 296//296 282//282 295//295
f 175//175 296//296 297//297
f 296//296 295//295 297//297
f 166//166 296//296 175//175
f 282//282 296//296 281//281
f 281//281 296//296 157//157
f 296//296 166//166 157//157
f 1651//1651 1676//1676 1701//1701
f 1723//1723 1651//1651 1701//1701
f 1525//1525 1499//1499 1468//1468
f 1525//1525 1552//1552 1499//1499
f 965//965 836//836 928//928
f 965//965 966//966 836//836
f 1056//1056 965//965 928//928
f 965//965 1056//1056 1057//1057
f 966//966 965//965 1057//1057
f 1080//1080 1057//1057 1036//1036
f 1037//1037 1038//1038 1014//1014
f 1037//1037 1101//1101 1125//1125
f 992//992 1080//1080 1101//1101
f 992//992 966//966 1057//1057
f 1080//1080 992//992 1057//1057
f 992//992 1037//1037 1014//1014
f 1037//1037 992//992 1101//1101
f 967//967 930//930 1058//1058
f 912//912 896//896 895//895
f 1232//1232 1253//1253 1082//1082
f 1127//1127 1253//1253 1276//1276
f 1253//1253 1127//1127 1082//1082
f 1253//1253 1384//1384 1276//1276
f 1253//1253 1362//1362 1384//1384
f 1210//1210 1232//1232 1082//1082
f 1210//1210 1082//1082 1059//1059
f 1015//1015 1102//1102 1126//1126
f 1126//1126 1102//1102 1208//1208
f 1297//1297 1275//1275 1298//1298
f 1275//1275 1297//1297 1187//1187
f 1189//1189 1155//1155 1188//1188
f 1155//1155 1127//1127 1188//1188
f 1127//1127 1155//1155 1128//1128
f 1061//1061 969//969 994//994
f 1016//1016 1061//1061 994//994
f 969//969 1061//1061 932//932
f 1061//1061 1016//1016 1042//1042
f 1061//1061 1083//1083 1062//1062
f 1083//1083 1061//1061 1042//1042
f 838//838 931//931 932//932
f 837//837 816//816 797//797
f 777//777 816//816 756//756
f 797//797 816//816 777//777
f 1151//1151 991//991 990//990
f 991//991 1012//1012 990//990
f 991//991 1151//1151 1152//1152
f 1012//1012 991//991 1152//1152
f 3794//3794 3771//3771 3750//3750
f 3771//3771 3794//3794 3795//3795
f 3860//3860 3794//3794 3750//3750
f 3795//3795 3794//3794 3816//3816
f 3794//3794 3860//3860 3816//3816
f 3688//3688 3716//3716 3753//3753
f 3716//3716 3688//3688 3839//3839
f 4014//4014 4046//4046 4047//4047
f 4046//4046 4014//4014 4013//4013
f 4014//4014 4047//4047 3935//3935
f 3987//3987 4014//4014 3935//3935
f 4014//4014 3987//3987 4013//4013
f 3486//3486 3505//3505 3506//3506
f 3485//3485 3505//3505 3486//3486
f 3505//3505 3528//3528 3506//3506
f 3505//3505 3465//3465 3528//3528
f 3505//3505 3485//3485 3465//3465
f 2431//2431 2481//2481 2405//2405
f 2531//2531 2508//2508 2456//2456
f 2508//2508 2431//2431 2456//2456
f 2508//2508 2481//2481 2431//2431
f 2575//2575 2598//2598 2554//2554
f 2598//2598 2575//2575 2597//2597
f 2598//2598 2576//2576 2554//2554
f 2068//2068 2069//2069 1942//1942
f 1918//1918 2069//2069 2033//2033
f 2069//2069 1918//1918 1942//1942
f 2300//2300 2323//2323 2408//2408
f 2323//2323 2434//2434 2408//2408
f 2434//2434 2323//2323 2349//2349
f 2350//2350 2251//2251 2276//2276
f 2383//2383 2350//2350 2276//2276
f 2350//2350 2225//2225 2251//2251
f 2225//2225 2350//2350 2226//2226
f 2200//2200 2350//2350 2324//2324
f 2226//2226 2350//2350 2200//2200
f 2198//2198 2275//2275 2172//2172
f 2198//2198 2223//2223 2275//2275
f 2321//2321 2406//2406 2380//2380
f 2379//2379 2321//2321 2347//2347
f 2406//2406 2321//2321 2379//2379
f 2459//2459 2434//2434 2349//2349
f 2382//2382 2459//2459 2349//2349
f 2459//2459 2381//2381 2483//2483
f 2459//2459 2382//2382 2381//2381
f 3209//3209 3166//3166 3186//3186
f 3209//3209 3232//3232 3166//3166
f 2832//2832 2810//2810 2831//2831
f 2851//2851 2832//2832 2831//2831
f 2832//2832 2851//2851 2852//2852
f 3469//3469 3489//3489 3509//3509
f 2640//2640 2618//2618 2639//2639
f 2663//2663 2640//2640 2639//2639
f 2641//2641 2640//2640 2663//2663
f 2618//2618 2640//2640 2597//2597
f 2640//2640 2598//2598 2597//2597
f 2598//2598 2640//2640 2619//2619
f 2640//2640 2641//2641 2619//2619
f 2479//2479 2505//2505 2506//2506
f 2221//2221 2196//2196 2169//2169
f 4510//4510 4485//4485 4564//4564
f 4918//4918 4904//4904 4903//4903
f 4944//4944 4918//4918 4892//4892
f 4918//4918 4903//4903 4892//4892
f 4904//4904 4918//4918 4905//4905
f 4918//4918 4929//4929 4905//4905
f 4357//4357 4377//4377 4358//4358
f 4358//4358 4377//4377 4268//4268
f 4015//4015 3988//3988 3960//3960
f 4015//4015 4105//4105 4121//4121
f 4122//4122 4015//4015 4121//4121
f 3867//3867 4015//4015 3890//3890
f 3888//3888 4015//4015 3867//3867
f 4086//4086 4015//4015 4047//4047
f 4105//4105 4015//4015 4086//4086
f 4047//4047 4015//4015 3935//3935
f 4015//4015 3888//3888 3935//3935
f 4160//4160 4140//4140 4159//4159
f 4160//4160 4122//4122 4140//4140
f 4160//4160 4159//4159 4181//4181
f 4160//4160 4181//4181 4201//4201
f 4202//4202 4160//4160 4201//4201
f 4122//4122 4160//4160 4222//4222
f 4160//4160 4202//4202 4222//4222
f 3988//3988 3961//3961 3960//3960
f 3961//3961 3988//3988 3989//3989
f 3961//3961 3989//3989 4050//4050
f 4082//4082 4083//4083 4065//4065
f 4082//4082 4103//4103 4083//4083
f 4082//4082 4065//4065 4119//4119
f 4103//4103 4082//4082 4119//4119
f 4630//4630 4646//4646 4647//4647
f 4645//4645 4646//4646 4630//4630
f 4646//4646 4666//4666 4647//4647
f 4646//4646 4645//4645 4666//4666
f 4628//4628 4613//4613 4612//4612
f 4645//4645 4628//4628 4612//4612
f 4628//4628 4645//4645 4613//4613
f 4265//4265 4290//4290 4291//4291
f 4290//4290 4265//4265 4264//4264
f 4316//4316 4354//4354 4317//4317
f 4354//4354 4316//4316 4291//4291
f 4265//4265 4316//4316 4317//4317
f 4316//4316 4265//4265 4291//4291
f 4087//4087 4049//4049 4048//4048
f 4049//4049 3989//3989 4048//4048
f 3989//3989 4049//4049 4050//4050
f 4049//4049 4068//4068 4050//4050
f 4068//4068 4049//4049 4087//4087
f 4068//4068 4123//4123 4162//4162
f 4183//4183 4182//4182 4161//4161
f 4182//4182 4184//4184 4162//4162
f 4184//4184 4182//4182 4183//4183
f 3963//3963 3940//3940 3962//3962
f 3940//3940 3963//3963 3800//3800
f 3940//3940 3800//3800 3778//3778
f 3939//3939 3940//3940 3778//3778
f 4272//4272 4251//4251 4472//4472
f 4251//4251 4272//4272 4271//4271
f 4188//4188 4187//4187 4409//4409
f 4394//4394 4187//4187 4166//4166
f 4409//4409 4187//4187 4394//4394
f 4448//4448 4449//4449 4226//4226
f 4449//4449 4450//4450 4226//4226
f 5211//5211 5212//5212 5188//5188
f 5212//5212 5196//5196 5188//5188
f 5295//5295 5212//5212 5211//5211
f 5212//5212 5295//5295 5196//5196
f 5196//5196 5197//5197 5188//5188
f 5197//5197 5179//5179 5188//5188
f 5197//5197 5300//5300 5296//5296
f 5197//5197 5196//5196 5300//5300
f 5236//5236 5237//5237 5235//5235
f 5236//5236 5295//5295 5237//5237
f 5253//5253 5234//5234 5235//5235
f 5254//5254 5234//5234 5253//5253
f 5234//5234 5236//5236 5235//5235
f 5236//5236 5234//5234 5295//5295
f 5251//5251 5253//5253 5250//5250
f 5251//5251 5252//5252 5253//5253
f 5249//5249 5251//5251 5250//5250
f 5282//5282 5247//5247 5246//5246
f 5247//5247 5282//5282 5281//5281
f 4548//4548 4549//4549 4337//4337
f 4548//4548 4573//4573 4549//4549
f 4336//4336 4548//4548 4337//4337
f 4548//4548 4336//4336 4335//4335
f 4573//4573 4548//4548 4335//4335
f 4764//4764 4792//4792 4793//4793
f 4552//4552 4553//4553 4340//4340
f 4341//4341 4553//4553 4554//4554
f 4340//4340 4553//4553 4341//4341
f 4818//4818 4819//4819 4817//4817
f 4550//4550 4338//4338 4549//4549
f 4550//4550 4551//4551 4339//4339
f 4338//4338 4550//4550 4339//4339
f 4497//4497 4275//4275 4303//4303
f 4497//4497 4498//4498 4276//4276
f 4275//4275 4497//4497 4276//4276
f 4498//4498 4499//4499 4276//4276
f 4499//4499 4277//4277 4276//4276
f 4277//4277 4499//4499 4473//4473
f 4499//4499 4500//4500 4473//4473
f 4746//4746 4745//4745 4766//4766
f 4747//4747 4745//4745 4746//4746
f 4792//4792 4791//4791 4793//4793
f 4519//4519 4520//4520 4343//4343
f 4520//4520 4344//4344 4343//4343
f 4344//4344 4520//4520 4521//4521
f 4555//4555 4342//4342 4554//4554
f 4555//4555 4519//4519 4342//4342
f 4822//4822 4823//4823 4789//4789
f 4823//4823 4790//4790 4789//4789
f 5195//5195 5207//5207 5209//5209
f 5206//5206 5205//5205 5216//5216
f 5206//5206 5195//5195 5205//5205
f 5207//5207 5206//5206 5216//5216
f 5206//5206 5207//5207 5195//5195
f 4759//4759 4760//4760 4744//4744
f 4759//4759 4744//4744 4743//4743
f 5011//5011 5026//5026 5027//5027
f 5026//5026 5011//5011 5024//5024
f 5026//5026 5024//5024 5025//5025
f 5243//5243 5257//5257 5244//5244
f 5242//5242 5243//5243 5233//5233
f 5243//5243 5244//5244 5233//5233
f 5243//5243 5242//5242 5307//5307
f 5257//5257 5243//5243 5307//5307
f 5258//5258 5259//5259 5244//5244
f 5257//5257 5258//5258 5244//5244
f 5259//5259 5258//5258 5260//5260
f 5260//5260 5258//5258 5307//5307
f 5258//5258 5257//5257 5307//5307
f 4491//4491 4272//4272 4472//4472
f 4471//4471 4491//4491 4472//4472
f 4273//4273 4492//4492 4493//4493
f 4272//4272 4492//4492 4273//4273
f 4491//4491 4492//4492 4272//4272
f 4326//4326 4542//4542 4543//4543
f 4542//4542 4326//4326 4325//4325
f 4542//4542 4325//4325 4541//4541
f 2363//2363 2234//2234 2362//2362
f 2258//2258 2234//2234 2392//2392
f 2234//2234 2363//2363 2392//2392
f 3225//3225 3202//3202 3249//3249
f 3271//3271 3319//3319 3320//3320
f 3319//3319 3344//3344 3320//3320
f 3369//3369 3370//3370 3320//3320
f 3344//3344 3369//3369 3320//3320
f 3370//3370 3369//3369 3397//3397
f 2632//2632 2633//2633 2611//2611
f 2591//2591 2632//2632 2611//2611
f 2633//2633 2632//2632 2655//2655
f 2719//2719 2699//2699 2698//2698
f 2719//2719 2743//2743 2699//2699
f 2784//2784 2783//2783 2804//2804
f 2763//2763 2783//2783 2784//2784
f 2804//2804 2783//2783 2824//2824
f 2700//2700 2678//2678 2699//2699
f 2720//2720 2700//2700 2699//2699
f 2678//2678 2700//2700 2657//2657
f 2700//2700 2701//2701 2657//2657
f 2700//2700 2720//2720 2701//2701
f 2922//2922 2902//2902 2901//2901
f 2944//2944 2924//2924 2963//2963
f 2924//2924 2944//2944 2925//2925
f 2985//2985 3033//3033 3008//3008
f 2884//2884 2904//2904 2905//2905
f 2904//2904 2925//2925 2926//2926
f 2905//2905 2904//2904 2926//2926
f 2904//2904 2884//2884 2903//2903
f 2924//2924 2904//2904 2903//2903
f 2904//2904 2924//2924 2925//2925
f 2962//2962 2942//2942 2961//2961
f 2942//2942 2922//2922 2961//2961
f 3658//3658 3611//3611 3681//3681
f 3611//3611 3658//3658 3585//3585
f 3658//3658 3563//3563 3585//3585
f 3658//3658 3634//3634 3563//3563
f 3478//3478 3456//3456 3391//3391
f 3456//3456 3365//3365 3391//3391
f 3456//3456 3419//3419 3340//3340
f 3365//3365 3456//3456 3340//3340
f 3519//3519 3540//3540 3520//3520
f 3455//3455 3540//3540 3519//3519
f 3562//3562 3540//3540 3455//3455
f 3610//3610 3611//3611 3585//3585
f 3611//3611 3610//3610 3710//3710
f 3610//3610 3633//3633 3710//3710
f 2919//2919 2897//2897 2896//2896
f 2980//2980 2958//2958 2918//2918
f 2980//2980 2938//2938 3002//3002
f 2980//2980 2918//2918 2938//2938
f 2879//2879 2880//2880 2860//2860
f 2879//2879 2900//2900 2880//2880
f 3368//3368 3294//3294 3316//3316
f 3343//3343 3294//3294 3368//3368
f 2984//2984 2983//2983 3006//3006
f 2984//2984 2962//2962 2961//2961
f 2983//2983 2984//2984 2961//2961
f 2739//2739 2738//2738 2759//2759
f 2739//2739 2716//2716 2738//2738
f 2739//2739 2759//2759 2760//2760
f 2491//2491 2418//2418 2393//2393
f 2418//2418 2284//2284 2393//2393
f 2418//2418 2443//2443 2337//2337
f 2492//2492 2419//2419 2394//2394
f 2283//2283 2258//2258 2417//2417
f 2258//2258 2283//2283 2108//2108
f 2134//2134 2283//2283 2160//2160
f 2183//2183 2110//2110 2160//2160
f 2110//2110 2183//2183 2184//2184
f 2365//2365 2466//2466 2393//2393
f 2284//2284 2365//2365 2393//2393
f 2364//2364 2309//2309 2441//2441
f 2466//2466 2364//2364 2441//2441
f 2365//2365 2364//2364 2466//2466
f 2364//2364 2365//2365 2235//2235
f 2211//2211 2236//2236 2085//2085
f 2138//2138 2059//2059 2112//2112
f 2059//2059 2138//2138 2163//2163
f 2212//2212 2138//2138 2188//2188
f 2138//2138 2212//2212 2238//2238
f 2138//2138 2112//2112 2187//2187
f 2188//2188 2138//2138 2187//2187
f 2563//2563 2541//2541 2605//2605
f 2586//2586 2563//2563 2605//2605
f 2649//2649 2606//2606 2626//2626
f 2606//2606 2586//2586 2626//2626
f 2586//2586 2606//2606 2564//2564
f 2606//2606 2607//2607 2564//2564
f 2419//2419 2338//2338 2394//2394
f 2338//2338 2261//2261 2238//2238
f 2366//2366 2367//2367 2285//2285
f 2338//2338 2367//2367 2394//2394
f 2652//2652 2629//2629 2651//2651
f 2629//2629 2608//2608 2651//2651
f 2543//2543 2520//2520 2564//2564
f 2520//2520 2543//2543 2447//2447
f 2543//2543 2471//2471 2447//2447
f 2607//2607 2587//2587 2564//2564
f 2565//2565 2587//2587 2607//2607
f 2587//2587 2543//2543 2564//2564
f 2543//2543 2587//2587 2565//2565
f 2521//2521 2471//2471 2544//2544
f 2521//2521 2496//2496 2471//2471
f 2545//2545 2521//2521 2544//2544
f 2496//2496 2521//2521 2448//2448
f 2422//2422 2496//2496 2448//2448
f 2314//2314 2422//2422 2448//2448
f 2422//2422 2314//2314 2289//2289
f 1336//1336 1318//1318 1464//1464
f 1493//1493 1336//1336 1464//1464
f 1360//1360 1336//1336 1493//1493
f 1318//1318 1336//1336 1337//1337
f 1336//1336 1360//1360 1337//1337
f 1494//1494 1646//1646 1647//1647
f 1646//1646 1828//1828 1647//1647
f 1828//1828 1646//1646 1798//1798
f 1646//1646 1797//1797 1798//1798
f 1623//1623 1465//1465 1622//1622
f 1623//1623 1494//1494 1465//1465
f 1623//1623 1646//1646 1494//1494
f 1797//1797 1623//1623 1622//1622
f 1646//1646 1623//1623 1797//1797
f 1521//1521 1494//1494 1647//1647
f 1494//1494 1521//1521 1338//1338
f 1720//1720 1767//1767 1721//1721
f 1767//1767 1720//1720 1799//1799
f 1800//1800 1767//1767 1799//1799
f 1649//1649 1767//1767 1800//1800
f 1767//1767 1624//1624 1721//1721
f 1767//1767 1649//1649 1624//1624
f 1720//1720 1883//1883 1906//1906
f 1883//1883 1857//1857 1975//1975
f 1857//1857 1883//1883 1699//1699
f 1883//1883 1720//1720 1699//1699
f 1997//1997 1883//1883 1975//1975
f 1906//1906 1883//1883 1997//1997
f 1208//1208 1186//1186 1231//1231
f 1186//1186 1185//1185 1231//1231
f 1102//1102 1186//1186 1208//1208
f 1185//1185 1153//1153 1318//1318
f 1296//1296 1153//1153 1125//1125
f 1153//1153 1037//1037 1125//1125
f 1037//1037 1153//1153 1038//1038
f 1038//1038 1153//1153 1058//1058
f 1153//1153 1185//1185 1058//1058
f 2019//2019 2109//2109 2134//2134
f 2283//2283 2109//2109 2108//2108
f 2109//2109 2283//2283 2134//2134
f 2109//2109 1998//1998 2108//2108
f 2109//2109 2019//2019 1998//1998
f 1824//1824 1849//1849 1850//1850
f 1849//1849 2105//2105 2128//2128
f 1849//1849 2104//2104 2105//2105
f 1851//1851 1849//1849 2128//2128
f 1850//1850 1849//1849 1851//1851
f 1822//1822 2079//2079 2080//2080
f 1792//1792 2079//2079 1822//1822
f 2079//2079 1792//1792 2078//2078
f 2357//2357 2079//2079 2078//2078
f 1599//1599 1696//1696 1718//1718
f 1695//1695 1696//1696 1599//1599
f 1643//1643 1670//1670 1545//1545
f 1925//1925 1669//1669 1668//1668
f 1669//1669 1925//1925 1692//1692
f 1423//1423 1669//1669 1424//1424
f 1669//1669 1693//1693 1424//1424
f 1693//1693 1669//1669 1692//1692
f 1669//1669 1401//1401 1668//1668
f 1401//1401 1669//1669 1423//1423
f 1902//1902 1903//1903 1668//1668
f 1903//1903 1925//1925 1668//1668
f 1903//1903 2130//2130 2155//2155
f 2156//2156 1903//1903 2155//2155
f 1925//1925 1903//1903 2156//2156
f 1879//1879 1903//1903 1902//1902
f 1903//1903 1879//1879 2130//2130
f 1854//1854 1827//1827 1796//1796
f 1796//1796 1827//1827 1673//1673
f 1827//1827 1697//1697 1673//1673
f 1697//1697 1855//1855 1719//1719
f 1827//1827 1855//1855 1697//1697
f 1855//1855 1827//1827 1854//1854
f 1882//1882 1855//1855 2017//2017
f 1855//1855 1765//1765 1719//1719
f 1855//1855 1882//1882 1765//1765
f 1996//1996 2158//2158 2017//2017
f 1855//1855 1996//1996 2017//2017
f 1996//1996 1855//1855 1854//1854
f 2158//2158 1996//1996 2131//2131
f 1996//1996 1973//1973 2131//2131
f 1927//1927 2052//2052 2081//2081
f 1927//1927 1904//1904 2052//2052
f 1927//1927 2081//2081 1950//1950
f 1795//1795 1854//1854 1796//1796
f 1764//1764 1795//1795 1644//1644
f 1795//1795 1796//1796 1645//1645
f 1644//1644 1795//1795 1645//1645
f 1217//1217 1240//1240 1218//1218
f 372//372 357//357 371//371
f 358//358 357//357 372//372
f 357//357 370//370 371//371
f 357//357 358//358 370//370
f 617//617 619//619 618//618
f 599//599 598//598 619//619
f 599//599 579//579 598//598
f 599//599 619//619 600//600
f 579//579 599//599 600//600
f 1199//1199 1198//1198 1375//1375
f 1399//1399 1374//1374 1220//1220
f 1374//1374 1399//1399 1375//1375
f 1374//1374 1198//1198 1220//1220
f 1198//1198 1374//1374 1375//1375
f 1242//1242 1398//1398 1219//1219
f 1398//1398 1399//1399 1219//1219
f 805//805 600//600 826//826
f 806//806 805//805 826//826
f 805//805 806//806 600//600
f 806//806 807//807 787//787
f 787//787 807//807 788//788
f 1598//1598 1825//1825 1826//1826
f 1826//1826 1825//1825 1995//1995
f 1825//1825 1994//1994 1995//1995
f 1994//1994 1825//1825 1793//1793
f 1825//1825 1794//1794 1793//1793
f 1825//1825 1569//1569 1794//1794
f 2487//2487 2439//2439 2488//2488
f 2487//2487 2464//2464 2439//2439
f 2280//2280 2487//2487 2488//2488
f 2464//2464 2487//2487 2280//2280
f 1351//1351 1352//1352 1167//1167
f 1329//1329 1352//1352 1351//1351
f 1352//1352 1140//1140 1167//1167
f 1352//1352 1330//1330 1140//1140
f 1352//1352 1329//1329 1330//1330
f 1875//1875 1616//1616 1615//1615
f 1616//1616 1875//1875 1593//1593
f 1594//1594 1846//1846 1562//1562
f 1594//1594 1877//1877 1846//1846
f 1877//1877 1594//1594 1593//1593
f 2072//2072 1874//1874 1899//1899
f 2230//2230 2254//2254 2229//2229
f 2512//2512 2536//2536 2535//2535
f 2354//2354 2352//2352 2386//2386
f 1786//1786 1510//1510 1821//1821
f 2412//2412 2411//2411 2386//2386
f 2356//2356 2357//2357 2077//2077
f 2104//2104 2358//2358 2359//2359
f 2356//2356 2358//2358 2357//2357
f 1947//1947 1923//1923 1666//1666
f 1667//1667 1923//1923 1924//1924
f 1923//1923 1667//1667 1666//1666
f 1420//1420 1613//1613 1614//1614
f 1613//1613 1420//1420 1438//1438
f 1613//1613 1438//1438 1437//1437
f 1638//1638 1613//1613 1437//1437
f 1711//1711 1740//1740 1712//1712
f 1480//1480 1439//1439 1287//1287
f 1480//1480 1308//1308 1479//1479
f 1480//1480 1287//1287 1308//1308
f 1453//1453 1452//1452 1715//1715
f 1454//1454 1453//1453 1715//1715
f 1455//1455 1754//1754 1755//1755
f 1455//1455 1454//1454 1754//1754
f 1456//1456 1455//1455 1755//1755
f 120//120 228//228 229//229
f 226//226 228//228 120//120
f 250//250 225//225 224//224
f 226//226 225//225 250//250
f 225//225 226//226 120//120
f 111//111 112//112 51//51
f 112//112 113//113 51//51
f 126//126 127//127 128//128
f 127//127 126//126 235//235
f 126//126 112//112 235//235
f 112//112 126//126 113//113
f 114//114 40//40 39//39
f 113//113 114//114 39//39
f 126//126 114//114 113//113
f 40//40 114//114 128//128
f 114//114 126//126 128//128
f 125//125 123//123 231//231
f 125//125 231//231 233//233
f 234//234 125//125 233//233
f 125//125 234//234 235//235
f 112//112 125//125 235//235
f 125//125 112//112 111//111
f 107//107 121//121 108//108
f 121//121 107//107 120//120
f 121//121 120//120 229//229
f 110//110 111//111 51//51
f 109//109 110//110 51//51
f 110//110 109//109 123//123
f 434//434 403//403 401//401
f 403//403 434//434 435//435
f 341//341 466//466 342//342
f 466//466 341//341 325//325
f 325//325 341//341 183//183
f 341//341 184//184 183//183
f 341//341 342//342 184//184
f 682//682 480//480 681//681
f 481//481 683//683 684//684
f 480//480 683//683 481//481
f 683//683 682//682 684//684
f 682//682 683//683 480//480
f 42//42 53//53 54//54
f 42//42 41//41 53//53
f 42//42 54//54 55//55
f 13//13 14//14 12//12
f 14//14 13//13 25//25
f 15//15 14//14 25//25
f 77//77 174//174 78//78
f 174//174 182//182 78//78
f 76//76 174//174 77//77
f 174//174 76//76 75//75
f 173//173 174//174 75//75
f 308//308 320//320 321//321
f 320//320 308//308 292//292
f 73//73 76//76 77//77
f 72//72 73//73 77//77
f 76//76 73//73 74//74
f 73//73 72//72 71//71
f 73//73 163//163 74//74
f 163//163 73//73 71//71
f 156//156 71//71 155//155
f 156//156 163//163 71//71
f 156//156 155//155 291//291
f 163//163 156//156 291//291
f 387//387 386//386 401//401
f 386//386 385//385 401//401
f 385//385 386//386 375//375
f 386//386 293//293 375//375
f 386//386 387//387 293//293
f 809//809 602//602 601//601
f 602//602 827//827 603//603
f 602//602 809//809 827//827
f 1313//1313 1314//1314 1149//1149
f 1314//1314 1331//1331 1149//1149
f 1331//1331 1314//1314 1332//1332
f 1401//1401 1270//1270 1400//1400
f 1270//1270 1247//1247 1400//1400
f 1247//1247 1270//1270 1271//1271
f 1270//1270 1401//1401 1423//1423
f 1270//1270 1423//1423 1293//1293
f 1271//1271 1270//1270 1293//1293
f 770//770 769//769 768//768
f 789//789 770//770 768//768
f 790//790 789//789 810//810
f 923//923 789//789 768//768
f 906//906 923//923 768//768
f 923//923 906//906 922//922
f 923//923 960//960 789//789
f 789//789 960//960 810//810
f 960//960 986//986 810//810
f 854//854 831//831 855//855
f 986//986 987//987 810//810
f 987//987 1008//1008 830//830
f 987//987 1204//1204 1205//1205
f 987//987 986//986 1204//1204
f 1225//1225 987//987 1205//1205
f 1008//1008 987//987 1225//1225
f 503//503 584//584 604//604
f 584//584 503//503 487//487
f 567//567 584//584 487//487
f 584//584 567//567 583//583
f 908//908 1098//1098 924//924
f 1098//1098 908//908 1097//1097
f 874//874 1076//1076 890//890
f 1054//1054 1076//1076 873//873
f 1076//1076 874//874 873//873
f 1380//1380 1379//1379 1544//1544
f 1379//1379 1518//1518 1544//1544
f 1518//1518 1379//1379 1357//1357
f 1426//1426 1598//1598 1619//1619
f 1426//1426 1272//1272 1249//1249
f 585//585 693//693 716//716
f 586//586 585//585 606//606
f 585//585 716//716 606//606
f 490//490 585//585 586//586
f 585//585 490//490 489//489
f 988//988 989//989 813//813
f 989//989 832//832 813//813
f 989//989 988//988 1150//1150
f 832//832 989//989 833//833
f 989//989 1010//1010 833//833
f 555//555 538//538 537//537
f 538//538 406//406 537//537
f 538//538 555//555 439//439
f 406//406 538//538 439//439
f 689//689 713//713 690//690
f 871//871 713//713 853//853
f 714//714 713//713 715//715
f 713//713 654//654 853//853
f 713//713 689//689 654//654
f 715//715 713//713 889//889
f 713//713 888//888 889//889
f 3182//3182 3206//3206 3160//3160
f 3159//3159 3182//3182 3160//3160
f 3182//3182 3159//3159 3206//3206
f 3134//3134 3135//3135 3108//3108
f 3134//3134 3159//3159 3135//3135
f 3134//3134 3080//3080 3107//3107
f 3080//3080 3134//3134 3108//3108
f 3133//3133 3134//3134 3107//3107
f 3181//3181 3228//3228 3206//3206
f 3159//3159 3181//3181 3206//3206
f 3180//3180 3181//3181 3157//3157
f 2986//2986 3009//3009 3010//3010
f 2986//2986 3010//3010 2987//2987
f 2964//2964 2986//2986 2987//2987
f 2963//2963 2986//2986 2964//2964
f 2985//2985 2986//2986 2963//2963
f 3009//3009 2986//2986 3008//3008
f 2986//2986 2985//2985 3008//3008
f 3058//3058 3080//3080 3081//3081
f 3059//3059 3058//3058 3081//3081
f 3033//3033 3058//3058 3059//3059
f 2189//2189 2213//2213 2214//2214
f 2213//2213 2239//2239 2214//2214
f 2239//2239 2213//2213 2286//2286
f 2262//2262 2189//2189 2163//2163
f 2261//2261 2262//2262 2238//2238
f 2262//2262 2213//2213 2189//2189
f 2262//2262 2138//2138 2238//2238
f 2138//2138 2262//2262 2163//2163
f 2286//2286 2262//2262 2261//2261
f 2213//2213 2262//2262 2286//2286
f 2189//2189 2087//2087 2163//2163
f 2087//2087 2059//2059 2163//2163
f 2087//2087 2189//2189 2113//2113
f 2025//2025 2087//2087 2113//2113
f 2059//2059 2087//2087 2025//2025
f 2313//2313 2369//2369 2396//2396
f 2313//2313 2288//2288 2369//2369
f 2288//2288 2313//2313 2340//2340
f 2313//2313 2396//2396 2421//2421
f 2340//2340 2313//2313 2421//2421
f 2373//2373 2424//2424 2449//2449
f 2424//2424 2373//2373 2423//2423
f 2449//2449 2424//2424 2522//2522
f 2424//2424 2423//2423 2522//2522
f 2267//2267 2290//2290 2316//2316
f 2267//2267 2266//2266 2290//2290
f 2166//2166 2267//2267 2316//2316
f 2266//2266 2267//2267 2166//2166
f 2290//2290 2372//2372 2398//2398
f 2341//2341 2372//2372 2290//2290
f 2372//2372 2497//2497 2398//2398
f 2240//2240 2264//2264 2265//2265
f 2289//2289 2264//2264 2370//2370
f 2265//2265 2264//2264 2289//2289
f 2264//2264 2340//2340 2370//2370
f 2264//2264 2240//2240 2340//2340
f 1863//1863 1726//1726 1862//1862
f 1863//1863 1772//1772 1726//1726
f 1728//1728 1727//1727 1773//1773
f 1806//1806 1728//1728 1773//1773
f 1727//1727 1728//1728 1704//1704
f 1728//1728 1806//1806 1704//1704
f 1866//1866 1835//1835 1805//1805
f 1835//1835 1806//1806 1805//1805
f 1958//1958 2023//2023 1979//1979
f 2023//2023 1958//1958 1934//1934
f 1958//1958 1957//1957 1934//1934
f 1320//1320 1321//1321 1299//1299
f 1321//1321 1320//1320 1406//1406
f 1320//1320 1299//1299 1384//1384
f 1406//1406 1320//1320 1384//1384
f 1522//1522 1495//1495 1550//1550
f 1495//1495 1522//1522 1496//1496
f 1407//1407 1522//1522 1430//1430
f 1522//1522 1407//1407 1385//1385
f 1496//1496 1522//1522 1385//1385
f 1467//1467 1522//1522 1550//1550
f 1522//1522 1467//1467 1430//1430
f 1386//1386 1277//1277 1363//1363
f 1277//1277 1254//1254 1339//1339
f 1363//1363 1277//1277 1339//1339
f 1254//1254 1277//1277 1278//1278
f 1277//1277 1300//1300 1278//1278
f 1277//1277 1407//1407 1300//1300
f 1277//1277 1386//1386 1407//1407
f 2000//2000 1978//1978 2085//2085
f 1978//1978 2000//2000 2001//2001
f 2111//2111 2000//2000 2085//2085
f 2000//2000 2111//2111 2001//2001
f 1830//1830 1932//1932 1860//1860
f 1830//1830 1860//1860 1701//1701
f 1801//1801 1830//1830 1701//1701
f 1628//1628 1604//1604 1677//1677
f 1579//1579 1604//1604 1580//1580
f 1580//1580 1604//1604 1653//1653
f 1604//1604 1628//1628 1653//1653
f 1702//1702 1628//1628 1677//1677
f 1628//1628 1702//1702 1678//1678
f 1702//1702 1724//1724 1769//1769
f 1702//1702 1677//1677 1724//1724
f 1803//1803 1833//1833 1726//1726
f 1771//1771 1803//1803 1726//1726
f 1833//1833 1803//1803 1832//1832
f 1803//1803 1831//1831 1832//1832
f 1498//1498 1387//1387 1467//1467
f 1498//1498 1523//1523 1387//1387
f 1498//1498 1467//1467 1497//1497
f 1602//1602 1498//1498 1497//1497
f 1498//1498 1602//1602 1524//1524
f 1523//1523 1498//1498 1524//1524
f 2450//2450 2499//2499 2500//2500
f 2499//2499 2450//2450 2473//2473
f 2499//2499 2473//2473 2546//2546
f 2500//2500 2499//2499 2567//2567
f 2499//2499 2546//2546 2567//2567
f 1938//1938 1982//1982 2005//2005
f 1982//1982 1938//1938 1962//1962
f 4733//4733 4753//4753 4754//4754
f 4733//4733 4754//4754 4889//4889
f 4734//4734 4733//4733 4889//4889
f 4753//4753 4733//4733 4711//4711
f 4733//4733 4734//4734 4711//4711
f 4771//4771 4800//4800 4772//4772
f 4753//4753 4771//4771 4772//4772
f 4660//4660 4771//4771 4753//4753
f 4659//4659 4799//4799 4800//4800
f 4771//4771 4659//4659 4800//4800
f 4659//4659 4771//4771 4660//4660
f 4659//4659 4660//4660 4641//4641
f 4262//4262 4155//4155 4287//4287
f 4155//4155 4262//4262 4137//4137
f 4262//4262 4287//4287 4288//4288
f 3251//3251 3273//3273 3252//3252
f 3298//3298 3273//3273 3251//3251
f 3206//3206 3273//3273 3160//3160
f 3273//3273 3206//3206 3252//3252
f 3503//3503 3590//3590 3483//3483
f 3425//3425 3426//3426 3398//3398
f 3426//3426 3346//3346 3398//3398
f 3426//3426 3425//3425 3460//3460
f 3317//3317 3343//3343 3318//3318
f 3317//3317 3248//3248 3268//3268
f 3294//3294 3317//3317 3268//3268
f 3317//3317 3294//3294 3343//3343
f 3500//3500 3523//3523 3545//3545
f 3523//3523 3544//3544 3567//3567
f 3545//3545 3523//3523 3567//3567
f 3422//3422 3394//3394 3367//3367
f 3394//3394 3422//3422 3458//3458
f 3393//3393 3422//3422 3367//3367
f 3422//3422 3393//3393 3458//3458
f 3459//3459 3423//3423 3481//3481
f 3423//3423 3424//3424 3395//3395
f 3423//3423 3459//3459 3424//3424
f 3499//3499 3393//3393 3421//3421
f 3713//3713 3661//3661 3660//3660
f 3713//3713 3660//3660 3684//3684
f 3712//3712 3713//3713 3684//3684
f 3749//3749 3713//3713 3712//3712
f 3770//3770 3769//3769 3815//3815
f 3769//3769 3770//3770 3749//3749
f 3612//3612 3586//3586 3541//3541
f 3586//3586 3564//3564 3541//3541
f 3457//3457 3479//3479 3522//3522
f 3457//3457 3499//3499 3421//3421
f 3499//3499 3457//3457 3522//3522
f 3479//3479 3542//3542 3522//3522
f 3564//3564 3521//3521 3541//3541
f 3521//3521 3563//3563 3541//3541
f 3857//3857 3858//3858 3836//3836
f 3858//3858 3929//3929 3836//3836
f 3882//3882 3858//3858 3857//3857
f 3929//3929 3930//3930 3836//3836
f 3930//3930 3909//3909 3883//3883
f 3930//3930 3929//3929 3909//3909
f 3929//3929 3957//3957 3909//3909
f 4100//4100 4156//4156 4080//4080
f 4100//4100 4117//4117 4156//4156
f 4117//4117 4100//4100 4136//4136
f 4157//4157 4138//4138 4156//4156
f 4178//4178 4157//4157 4156//4156
f 4157//4157 4178//4178 4138//4138
f 4064//4064 4010//4010 4044//4044
f 4064//4064 3957//3957 4010//4010
f 3957//3957 4064//4064 4102//4102
f 3859//3859 3813//3813 3836//3836
f 3859//3859 3837//3837 3813//3813
f 3859//3859 3930//3930 3883//3883
f 3930//3930 3859//3859 3836//3836
f 3815//3815 3859//3859 3883//3883
f 3837//3837 3859//3859 3815//3815
f 3792//3792 3814//3814 3768//3768
f 3837//3837 3814//3814 3792//3792
f 3814//3814 3837//3837 3815//3815
f 5238//5238 5256//5256 5239//5239
f 5226//5226 5238//5238 5239//5239
f 5256//5256 5238//5238 5255//5255
f 4938//4938 4921//4921 4937//4937
f 4909//4909 4910//4910 4911//4911
f 4688//4688 4671//4671 4689//4689
f 4475//4475 4452//4452 4279//4279
f 4452//4452 4252//4252 4279//4279
f 4252//4252 4452//4452 4253//4253
f 4452//4452 4453//4453 4253//4253
f 3759//3759 3535//3535 3557//3557
f 4193//4193 4056//4056 4192//4192
f 4036//4036 4056//4056 4193//4193
f 4056//4056 4036//4036 4055//4055
f 4056//4056 4213//4213 4192//4192
f 4056//4056 4055//4055 4213//4213
f 4037//4037 4170//4170 4149//4149
f 4037//4037 4036//4036 4170//4170
f 4003//4003 4037//4037 3975//3975
f 4150//4150 4037//4037 4149//4149
f 4037//4037 4130//4130 3975//3975
f 4037//4037 4150//4150 4130//4130
f 4079//4079 4155//4155 4136//4136
f 4752//4752 4731//4731 4751//4751
f 4731//4731 4732//4732 4751//4751
f 4731//4731 4752//4752 4874//4874
f 4854//4854 4731//4731 4874//4874
f 4731//4731 4709//4709 4732//4732
f 4709//4709 4731//4731 4854//4854
f 4640//4640 4621//4621 4622//4622
f 4621//4621 4606//4606 4622//4622
f 4561//4561 4581//4581 4663//4663
f 4561//4561 4478//4478 4581//4581
f 4478//4478 4561//4561 4460//4460
f 4399//4399 4384//4384 4366//4366
f 4399//4399 4400//4400 4384//4384
f 4234//4234 4399//4399 4366//4366
f 4399//4399 4234//4234 4233//4233
f 4399//4399 4257//4257 4418//4418
f 4257//4257 4399//4399 4233//4233
f 3784//3784 3922//3922 3923//3923
f 3951//3951 3922//3922 3806//3806
f 3922//3922 3784//3784 3806//3806
f 5126//5126 4996//4996 5018//5018
f 4996//4996 5126//5126 4997//4997
f 4996//4996 4995//4995 5018//5018
f 4995//4995 4996//4996 4997//4997
f 4851//4851 4824//4824 4619//4619
f 4619//4619 4824//4824 4620//4620
f 4824//4824 4825//4825 4620//4620
f 4850//4850 4849//4849 4863//4863
f 4656//4656 4849//4849 4637//4637
f 4863//4863 4849//4849 4656//4656
f 4849//4849 4638//4638 4637//4637
f 4849//4849 4850//4850 4638//4638
f 4862//4862 4655//4655 4654//4654
f 4673//4673 4862//4862 4654//4654
f 4655//4655 4862//4862 4656//4656
f 4862//4862 4863//4863 4656//4656
f 3993//3993 4185//4185 4019//4019
f 3096//3096 3068//3068 3095//3095
f 3307//3307 3286//3286 3306//3306
f 3405//3405 3406//3406 3381//3381
f 3238//3238 3214//3214 3237//3237
f 3197//3197 3073//3073 3219//3219
f 3073//3073 3197//3197 3049//3049
f 3197//3197 3173//3173 3049//3049
f 3173//3173 3265//3265 3150//3150
f 3364//3364 3339//3339 3218//3218
f 3363//3363 3364//3364 3218//3218
f 3051//3051 3128//3128 3102//3102
f 3127//3127 3128//3128 3051//3051
f 3221//3221 3293//3293 3267//3267
f 3050//3050 3127//3127 3051//3051
f 3050//3050 3074//3074 3151//3151
f 3127//3127 3050//3050 3151//3151
f 3050//3050 3026//3026 2956//2956
f 3026//3026 3050//3050 3051//3051
f 3201//3201 3152//3152 3222//3222
f 3153//3153 3201//3201 3176//3176
f 3152//3152 3201//3201 3153//3153
f 3602//3602 3622//3622 3601//3601
f 3554//3554 3578//3578 3579//3579
f 3969//3969 3967//3967 3968//3968
f 3099//3099 3120//3120 3121//3121
f 3069//3069 3099//3099 3046//3046
f 3099//3099 3121//3121 3046//3046
f 4567//4567 4568//4568 4332//4332
f 4567//4567 4331//4331 4547//4547
f 4331//4331 4567//4567 4332//4332
f 3946//3946 3703//3703 3973//3973
f 3973//3973 3703//3703 3972//3972
f 3703//3703 3702//3702 3972//3972
f 3650//3650 3897//3897 3898//3898
f 3651//3651 3650//3650 3898//3898
f 3625//3625 3651//3651 3873//3873
f 3626//3626 3625//3625 3874//3874
f 3625//3625 3873//3873 3874//3874
f 4435//4435 4229//4229 4434//4434
f 4435//4435 4230//4230 4229//4229
f 4435//4435 4434//4434 4412//4412
f 4413//4413 4435//4435 4412//4412
f 4435//4435 4413//4413 4210//4210
f 4230//4230 4435//4435 4210//4210
f 3675//3675 3918//3918 3919//3919
f 3918//3918 3675//3675 3917//3917
f 4395//4395 4212//4212 4414//4414
f 4212//4212 4395//4395 4190//4190
f 4212//4212 4413//4413 4414//4414
f 4212//4212 4211//4211 4413//4413
f 4001//4001 3737//3737 4000//4000
f 4001//4001 3738//3738 3737//3737
f 4001//4001 4002//4002 3738//3738
f 4002//4002 3970//3970 3738//3738
f 3738//3738 3970//3970 3701//3701
f 3970//3970 3971//3971 3701//3701
f 3537//3537 3538//3538 3388//3388
f 3582//3582 3558//3558 3416//3416
f 3558//3558 3388//3388 3416//3416
f 3537//3537 3558//3558 3559//3559
f 3558//3558 3537//3537 3388//3388
f 3452//3452 3607//3607 3416//3416
f 3607//3607 3582//3582 3416//3416
f 3949//3949 3976//3976 4112//4112
f 3949//3949 4112//4112 4095//4095
f 3920//3920 4074//4074 3921//3921
f 4074//4074 3920//3920 4095//4095
f 3920//3920 3949//3949 4095//4095
f 3949//3949 3920//3920 3950//3950
f 3782//3782 3580//3580 3804//3804
f 4605//4605 4604//4604 4795//4795
f 4604//4604 4603//4603 4795//4795
f 4603//4603 4604//4604 4620//4620
f 1281//1281 1256//1256 1214//1214
f 1281//1281 1282//1282 1256//1256
f 1281//1281 1214//1214 1108//1108
f 1281//1281 1108//1108 1107//1107
f 1213//1213 1281//1281 1107//1107
f 1281//1281 1213//1213 1343//1343
f 1302//1302 1281//1281 1343//1343
f 1282//1282 1281//1281 1302//1302
f 1324//1324 1367//1367 1391//1391
f 1390//1390 1412//1412 1391//1391
f 1412//1412 1390//1390 1389//1389
f 1367//1367 1390//1390 1391//1391
f 1389//1389 1390//1390 1343//1343
f 1390//1390 1367//1367 1343//1343
f 1472//1472 1530//1530 1412//1412
f 1412//1412 1530//1530 1413//1413
f 1215//1215 1193//1193 1192//1192
f 1193//1193 1160//1160 1192//1192
f 1133//1133 1134//1134 1110//1110
f 1109//1109 1133//1133 1110//1110
f 1133//1133 1109//1109 1132//1132
f 1134//1134 1133//1133 1215//1215
f 1133//1133 1193//1193 1215//1215
f 1086//1086 1109//1109 1110//1110
f 1109//1109 1086//1086 1065//1065
f 1113//1113 1114//1114 1089//1089
f 1114//1114 1090//1090 1089//1089
f 900//900 802//802 919//919
f 900//900 919//919 935//935
f 800//800 782//782 781//781
f 782//782 800//800 783//783
f 782//782 783//783 593//593
f 782//782 593//593 592//592
f 666//666 782//782 592//592
f 781//781 782//782 666//666
f 899//899 864//864 843//843
f 883//883 864//864 899//899
f 843//843 864//864 844//844
f 864//864 865//865 844//844
f 864//864 883//883 865//865
f 883//883 918//918 1021//1021
f 918//918 883//883 899//899
f 918//918 917//917 934//934
f 918//918 1020//1020 1021//1021
f 1020//1020 918//918 934//934
f 1112//1112 1088//1088 1087//1087
f 1088//1088 1066//1066 1087//1087
f 1088//1088 1112//1112 1164//1164
f 821//821 1023//1023 974//974
f 1022//1022 1023//1023 821//821
f 1023//1023 1022//1022 1000//1000
f 1112//1112 1111//1111 1164//1164
f 1111//1111 1136//1136 1164//1164
f 1111//1111 1112//1112 1137//1137
f 1136//1136 1111//1111 1137//1137
f 1394//1394 1418//1418 1419//1419
f 1419//1419 1418//1418 1436//1436
f 898//898 819//819 917//917
f 898//898 918//918 899//899
f 918//918 898//898 917//917
f 898//898 899//899 843//843
f 819//819 898//898 843//843
f 700//700 593//593 725//725
f 700//700 576//576 593//593
f 409//409 410//410 366//366
f 442//442 409//409 366//366
f 473//473 442//442 493//493
f 576//576 473//473 593//593
f 492//492 473//473 493//493
f 473//473 492//492 593//593
f 409//409 473//473 410//410
f 473//473 409//409 442//442
f 366//366 395//395 355//355
f 561//561 595//595 578//578
f 561//561 509//509 595//595
f 545//545 561//561 578//578
f 347//347 332//332 333//333
f 332//332 334//334 333//333
f 332//332 474//474 334//334
f 381//381 495//495 347//347
f 495//495 332//332 347//347
f 332//332 495//495 474//474
f 474//474 495//495 511//511
f 495//495 510//510 511//511
f 510//510 495//495 381//381
f 345//345 367//367 381//381
f 367//367 345//345 356//356
f 367//367 356//356 355//355
f 380//380 367//367 355//355
f 381//381 367//367 380//380
f 1612//1612 1663//1663 1815//1815
f 1612//1612 1589//1589 1611//1611
f 1612//1612 1611//1611 1636//1636
f 1663//1663 1612//1612 1636//1636
f 1843//1843 1842//1842 1873//1873
f 1663//1663 1843//1843 1814//1814
f 1842//1842 1843//1843 1663//1663
f 1284//1284 1306//1306 1285//1285
f 1284//1284 1285//1285 1260//1260
f 1346//1346 1345//1345 1417//1417
f 1345//1345 1369//1369 1417//1417
f 1369//1369 1345//1345 1392//1392
f 1392//1392 1415//1415 1393//1393
f 1415//1415 1414//1414 1393//1393
f 1414//1414 1415//1415 1392//1392
f 1812//1812 1778//1778 1811//1811
f 1840//1840 1812//1812 1811//1811
f 1778//1778 1812//1812 1779//1779
f 1916//1916 1917//1917 1894//1894
f 1941//1941 1917//1917 1916//1916
f 1917//1917 1941//1941 2010//2010
f 1871//1871 1917//1917 1839//1839
f 1917//1917 1840//1840 1839//1839
f 1917//1917 1812//1812 1840//1840
f 1810//1810 1838//1838 1811//1811
f 2030//2030 2066//2066 2010//2010
f 2375//2375 2427//2427 2402//2402
f 2375//2375 2477//2477 2427//2427
f 2376//2376 2375//2375 2402//2402
f 2271//2271 2375//2375 2318//2318
f 2318//2318 2375//2375 2344//2344
f 2375//2375 2376//2376 2344//2344
f 2526//2526 2527//2527 2503//2503
f 2477//2477 2527//2527 2453//2453
f 2527//2527 2477//2477 2503//2503
f 2766//2766 2745//2745 2786//2786
f 2827//2827 2766//2766 2786//2786
f 2745//2745 2722//2722 2659//2659
f 2766//2766 2722//2722 2745//2745
f 2636//2636 2659//2659 2680//2680
f 2614//2614 2636//2636 2680//2680
f 2594//2594 2614//2614 2571//2571
f 2594//2594 2636//2636 2614//2614
f 2553//2553 2574//2574 2596//2596
f 2574//2574 2573//2573 2596//2596
f 2848//2848 2868//2868 2887//2887
f 2828//2828 2868//2868 2848//2848
f 2887//2887 2907//2907 2968//2968
f 2868//2868 2907//2907 2887//2887
f 2948//2948 2967//2967 2968//2968
f 1064//1064 996//996 995//995
f 996//996 1064//1064 1085//1085
f 1064//1064 1084//1084 1085//1085
f 1064//1064 995//995 1017//1017
f 1063//1063 1064//1064 1017//1017
f 1084//1084 1064//1064 1063//1063
f 996//996 970//970 995//995
f 995//995 970//970 1017//1017
f 970//970 996//996 971//971
f 882//882 970//970 971//971
f 1043//1043 1065//1065 1044//1044
f 998//998 1043//1043 1044//1044
f 916//916 840//840 863//863
f 840//840 916//916 841//841
f 916//916 998//998 841//841
f 916//916 1043//1043 998//998
f 798//798 779//779 778//778
f 779//779 798//798 780//780
f 882//882 798//798 778//778
f 105//105 106//106 32//32
f 103//103 105//105 32//32
f 106//106 105//105 120//120
f 221//221 102//102 101//101
f 102//102 103//103 101//101
f 102//102 221//221 224//224
f 223//223 249//249 224//224
f 222//222 223//223 224//224
f 223//223 222//222 249//249
f 745//745 764//764 746//746
f 745//745 763//763 764//764
f 745//745 532//532 531//531
f 745//745 746//746 747//747
f 532//532 745//745 747//747
f 763//763 745//745 762//762
f 513//513 512//512 747//747
f 512//512 532//532 747//747
f 512//512 513//513 373//373
f 532//532 512//512 373//373
f 479//479 478//478 708//708
f 707//707 706//706 705//705
f 706//706 499//499 705//705
f 499//499 706//706 707//707
f 730//730 496//496 729//729
f 496//496 728//728 729//729
f 210//210 270//270 211//211
f 91//91 210//210 211//211
f 208//208 118//118 117//117
f 117//117 118//118 18//18
f 245//245 208//208 116//116
f 154//154 147//147 146//146
f 278//278 154//154 153//153
f 154//154 69//69 153//153
f 154//154 146//146 69//69
f 191//191 350//350 335//335
f 349//349 350//350 191//191
f 335//335 350//350 384//384
f 350//350 349//349 384//384
f 264//264 135//135 149//149
f 148//148 264//264 149//149
f 135//135 267//267 136//136
f 267//267 137//137 136//136
f 93//93 212//212 94//94
f 93//93 92//92 212//212
f 95//95 93//93 94//94
f 93//93 23//23 22//22
f 92//92 93//93 22//22
f 23//23 93//93 24//24
f 93//93 95//95 24//24
f 674//674 675//675 451//451
f 1510//1510 1509//1509 1821//1821
f 1509//1509 1820//1820 1821//1821
f 1509//1509 1508//1508 1820//1820
f 1176//1176 948//948 947//947
f 1442//1442 1745//1745 1443//1443
f 1442//1442 1441//1441 1744//1744
f 1745//1745 1442//1442 1744//1744
f 1741//1741 1482//1482 1788//1788
f 980//980 981//981 982//982
f 940//940 1169//1169 941//941
f 1170//1170 942//942 941//941
f 1170//1170 1171//1171 942//942
f 1169//1169 1170//1170 941//941
f 1552//1552 1652//1652 1579//1579
f 1677//1677 1652//1652 1723//1723
f 1652//1652 1651//1651 1723//1723
f 1652//1652 1604//1604 1579//1579
f 1604//1604 1652//1652 1677//1677
f 1525//1525 1627//1627 1552//1552
f 1627//1627 1652//1652 1552//1552
f 1652//1652 1627//1627 1651//1651
f 1101//1101 1230//1230 1250//1250
f 1080//1080 1230//1230 1101//1101
f 1230//1230 1080//1080 1036//1036
f 1229//1229 1230//1230 1036//1036
f 1230//1230 1229//1229 1359//1359
f 1250//1250 1230//1230 1359//1359
f 929//929 912//912 895//895
f 929//929 895//895 1038//1038
f 929//929 1038//1038 1058//1058
f 930//930 929//929 1058//1058
f 1361//1361 1232//1232 1338//1338
f 1361//1361 1253//1253 1232//1232
f 1253//1253 1361//1361 1362//1362
f 1521//1521 1361//1361 1338//1338
f 1361//1361 1521//1521 1362//1362
f 1040//1040 1210//1210 1059//1059
f 1210//1210 1040//1040 1187//1187
f 1081//1081 967//967 1058//1058
f 1081//1081 1186//1186 1102//1102
f 1185//1185 1081//1081 1058//1058
f 1186//1186 1081//1081 1185//1185
f 993//993 1102//1102 1015//1015
f 1209//1209 1210//1210 1187//1187
f 1297//1297 1209//1209 1187//1187
f 1209//1209 1297//1297 1298//1298
f 1232//1232 1209//1209 1298//1298
f 1210//1210 1209//1209 1232//1232
f 1155//1155 1211//1211 1233//1233
f 1211//1211 1155//1155 1189//1189
f 1211//1211 1339//1339 1233//1233
f 1211//1211 1321//1321 1339//1339
f 1321//1321 1211//1211 1189//1189
f 897//897 931//931 838//838
f 897//897 861//861 881//881
f 861//861 897//897 838//838
f 913//913 897//897 881//881
f 817//817 816//816 837//837
f 817//817 837//837 838//838
f 817//817 739//739 756//756
f 816//816 817//817 756//756
f 739//739 817//817 721//721
f 721//721 817//817 663//663
f 817//817 838//838 663//663
f 2602//2602 2513//2513 2535//2535
f 2602//2602 2667//2667 2689//2689
f 2379//2379 2457//2457 2432//2432
f 2457//2457 2379//2379 2405//2405
f 2481//2481 2457//2457 2405//2405
f 2576//2576 2555//2555 2554//2554
f 2555//2555 2576//2576 2531//2531
f 2555//2555 2530//2530 2554//2554
f 2530//2530 2555//2555 2507//2507
f 2555//2555 2531//2531 2507//2507
f 2274//2274 2298//2298 2380//2380
f 2298//2298 2321//2321 2380//2380
f 2298//2298 2274//2274 2249//2249
f 2809//2809 2850//2850 2830//2830
f 2850//2850 2870//2870 2830//2830
f 3434//3434 3403//3403 3377//3377
f 3115//3115 3116//3116 3092//3092
f 3066//3066 3115//3115 3092//3092
f 3376//3376 3280//3280 3279//3279
f 3257//3257 3376//3376 3279//3279
f 3467//3467 3488//3488 3468//3468
f 3433//3433 3467//3467 3468//3468
f 4535//4535 4510//4510 4564//4564
f 4466//4466 4487//4487 4445//4445
f 4535//4535 4487//4487 4510//4510
f 4599//4599 4511//4511 4598//4598
f 4599//4599 4600//4600 4511//4511
f 4599//4599 4598//4598 4614//4614
f 4600//4600 4599//4599 4614//4614
f 4650//4650 4667//4667 4683//4683
f 4945//4945 4929//4929 4944//4944
f 4929//4929 4945//4945 4946//4946
f 4959//4959 4945//4945 4944//4944
f 4946//4946 4945//4945 4959//4959
f 4929//4929 4928//4928 4944//4944
f 4928//4928 4918//4918 4944//4944
f 4918//4918 4928//4928 4929//4929
f 4700//4700 4739//4739 4719//4719
f 4739//4739 4700//4700 4699//4699
f 4807//4807 4777//4777 4778//4778
f 4777//4777 4758//4758 4778//4778
f 4721//4721 4700//4700 4719//4719
f 4721//4721 4740//4740 4758//4758
f 4777//4777 4721//4721 4758//4758
f 4684//4684 4683//4683 4699//4699
f 4700//4700 4684//4684 4699//4699
f 4684//4684 4650//4650 4683//4683
f 4408//4408 4428//4428 4268//4268
f 4408//4408 4392//4392 4407//4407
f 4538//4538 4513//4513 4537//4537
f 4513//4513 4512//4512 4537//4537
f 3936//3936 4015//4015 3960//3960
f 4016//4016 4015//4015 4048//4048
f 4015//4015 4016//4016 3988//3988
f 3989//3989 4016//4016 4048//4048
f 3988//3988 4016//4016 3989//3989
f 3890//3890 3938//3938 3842//3842
f 3938//3938 3961//3961 3842//3842
f 3961//3961 3938//3938 3960//3960
f 4265//4265 4243//4243 4264//4264
f 4243//4243 4265//4265 4222//4222
f 4243//4243 4221//4221 4264//4264
f 4221//4221 4243//4243 4222//4222
f 4123//4123 4088//4088 4106//4106
f 4068//4068 4088//4088 4123//4123
f 4088//4088 4087//4087 4106//4106
f 4088//4088 4068//4068 4087//4087
f 4142//4142 4182//4182 4162//4162
f 4182//4182 4142//4142 4161//4161
f 4161//4161 4142//4142 4141//4141
f 4142//4142 4123//4123 4141//4141
f 4123//4123 4142//4142 4162//4162
f 3801//3801 3779//3779 3800//3800
f 3963//3963 3801//3801 3800//3800
f 3801//3801 3991//3991 3820//3820
f 3801//3801 3963//3963 3991//3991
f 4250//4250 4471//4471 4472//4472
f 4251//4251 4250//4250 4472//4472
f 4471//4471 4250//4250 4249//4249
f 4250//4250 4251//4251 4249//4249
f 4952//4952 4953//4953 4968//4968
f 4967//4967 4952//4952 4968//4968
f 4953//4953 4952//4952 4936//4936
f 4848//4848 4818//4818 4817//4817
f 4847//4847 4848//4848 4817//4817
f 4302//4302 4496//4496 4303//4303
f 4496//4496 4497//4497 4303//4303
f 4523//4523 4496//4496 4302//4302
f 4765//4765 4764//4764 4766//4766
f 4745//4745 4765//4765 4766//4766
f 5013//5013 5041//5041 5014//5014
f 5208//5208 5216//5216 5217//5217
f 5208//5208 5207//5207 5216//5216
f 5209//5209 5208//5208 5217//5217
f 5207//5207 5208//5208 5209//5209
f 2234//2234 2209//2209 2362//2362
f 2362//2362 2209//2209 2335//2335
f 2209//2209 2208//2208 2335//2335
f 2208//2208 2209//2209 2182//2182
f 3203//3203 3225//3225 3226//3226
f 3203//3203 3155//3155 3202//3202
f 3225//3225 3203//3203 3202//3202
f 3296//3296 3319//3319 3271//3271
f 3319//3319 3296//3296 3344//3344
f 3396//3396 3424//3424 3397//3397
f 3369//3369 3396//3396 3397//3397
f 3424//3424 3396//3396 3395//3395
f 3396//3396 3369//3369 3395//3395
f 2742//2742 2763//2763 2743//2743
f 2719//2719 2742//2742 2743//2743
f 2742//2742 2762//2762 2763//2763
f 2783//2783 2803//2803 2824//2824
f 2803//2803 2783//2783 2802//2802
f 2803//2803 2844//2844 2824//2824
f 2782//2782 2783//2783 2763//2763
f 2783//2783 2782//2782 2802//2802
f 2762//2762 2782//2782 2763//2763
f 2862//2862 2863//2863 2843//2843
f 2803//2803 2863//2863 2844//2844
f 2863//2863 2802//2802 2843//2843
f 2863//2863 2803//2803 2802//2802
f 2881//2881 2862//2862 2901//2901
f 2902//2902 2881//2881 2901//2901
f 2881//2881 2863//2863 2862//2862
f 2923//2923 2902//2902 2922//2922
f 2902//2902 2923//2923 2903//2903
f 2923//2923 2924//2924 2903//2903
f 2654//2654 2653//2653 2675//2675
f 2676//2676 2654//2654 2675//2675
f 2654//2654 2676//2676 2632//2632
f 2718//2718 2719//2719 2698//2698
f 2939//2939 2919//2919 2896//2896
f 2918//2918 2939//2939 2896//2896
f 2958//2958 2939//2939 2918//2918
f 3076//3076 3053//3053 3103//3103
f 3154//3154 3076//3076 3103//3103
f 3154//3154 3129//3129 3176//3176
f 3129//3129 3154//3154 3103//3103
f 3003//3003 3004//3004 2981//2981
f 3030//3030 3004//3004 3003//3003
f 3004//3004 2959//2959 2981//2981
f 3004//3004 2982//2982 2959//2959
f 2898//2898 2941//2941 2921//2921
f 2898//2898 2920//2920 2941//2941
f 2985//2985 3007//3007 3033//3033
f 3007//3007 2984//2984 3006//3006
f 2517//2517 2442//2442 2491//2491
f 2442//2442 2418//2418 2491//2491
f 2443//2443 2442//2442 2517//2517
f 2418//2418 2442//2442 2443//2443
f 2310//2310 2418//2418 2337//2337
f 2418//2418 2310//2310 2284//2284
f 2236//2236 2310//2310 2337//2337
f 2310//2310 2236//2236 2211//2211
f 2186//2186 2310//2310 2211//2211
f 2310//2310 2186//2186 2284//2284
f 2419//2419 2493//2493 2518//2518
f 2492//2492 2493//2493 2419//2419
f 2493//2493 2562//2562 2518//2518
f 2562//2562 2493//2493 2540//2540
f 2493//2493 2492//2492 2540//2540
f 2468//2468 2366//2366 2443//2443
f 2468//2468 2443//2443 2540//2540
f 2492//2492 2468//2468 2540//2540
f 2468//2468 2367//2367 2366//2366
f 2468//2468 2492//2492 2394//2394
f 2367//2367 2468//2468 2394//2394
f 2309//2309 2308//2308 2417//2417
f 2308//2308 2283//2283 2417//2417
f 2183//2183 2308//2308 2184//2184
f 2283//2283 2308//2308 2160//2160
f 2308//2308 2183//2183 2160//2160
f 2259//2259 2365//2365 2284//2284
f 2365//2365 2259//2259 2235//2235
f 2186//2186 2259//2259 2284//2284
f 2259//2259 2161//2161 2235//2235
f 2161//2161 2259//2259 2186//2186
f 2364//2364 2336//2336 2309//2309
f 2308//2308 2336//2336 2184//2184
f 2336//2336 2308//2308 2309//2309
f 2184//2184 2336//2336 2210//2210
f 2336//2336 2235//2235 2210//2210
f 2336//2336 2364//2364 2235//2235
f 2260//2260 2237//2237 2337//2337
f 2237//2237 2236//2236 2337//2337
f 2237//2237 2260//2260 2162//2162
f 2137//2137 2237//2237 2162//2162
f 2111//2111 2237//2237 2137//2137
f 2237//2237 2111//2111 2085//2085
f 2236//2236 2237//2237 2085//2085
f 2494//2494 2469//2469 2541//2541
f 2563//2563 2494//2494 2541//2541
f 2494//2494 2470//2470 2446//2446
f 2494//2494 2446//2446 2420//2420
f 2469//2469 2494//2494 2420//2420
f 2627//2627 2649//2649 2650//2650
f 2627//2627 2606//2606 2649//2649
f 2607//2607 2627//2627 2650//2650
f 2606//2606 2627//2627 2607//2607
f 2368//2368 2338//2338 2419//2419
f 2368//2368 2444//2444 2395//2395
f 2368//2368 2419//2419 2444//2444
f 2261//2261 2368//2368 2395//2395
f 2338//2338 2368//2368 2261//2261
f 2367//2367 2311//2311 2285//2285
f 2311//2311 2367//2367 2338//2338
f 2311//2311 2212//2212 2285//2285
f 2212//2212 2311//2311 2238//2238
f 2311//2311 2338//2338 2238//2238
f 2496//2496 2397//2397 2471//2471
f 2422//2422 2397//2397 2496//2496
f 2471//2471 2397//2397 2447//2447
f 2397//2397 2370//2370 2421//2421
f 2447//2447 2397//2397 2421//2421
f 2397//2397 2289//2289 2370//2370
f 2397//2397 2422//2422 2289//2289
f 1674//1674 1549//1549 1647//1647
f 1549//1549 1521//1521 1647//1647
f 1549//1549 1674//1674 1573//1573
f 1521//1521 1549//1549 1362//1362
f 1549//1549 1406//1406 1362//1362
f 1574//1574 1549//1549 1573//1573
f 1549//1549 1574//1574 1406//1406
f 1317//1317 1153//1153 1296//1296
f 1153//1153 1317//1317 1318//1318
f 1427//1427 1317//1317 1296//1296
f 1318//1318 1317//1317 1464//1464
f 1317//1317 1427//1427 1464//1464
f 2103//2103 1824//1824 2080//2080
f 2103//2103 2358//2358 2104//2104
f 2103//2103 1849//1849 1824//1824
f 1849//1849 2103//2103 2104//2104
f 2079//2079 2103//2103 2080//2080
f 2103//2103 2079//2079 2357//2357
f 2358//2358 2103//2103 2357//2357
f 1196//1196 1217//1217 1218//1218
f 1197//1197 1196//1196 1218//1218
f 1422//1422 1242//1242 1241//1241
f 1422//1422 1398//1398 1242//1242
f 1569//1569 1568//1568 1794//1794
f 1543//1543 1568//1568 1544//1544
f 1794//1794 1568//1568 1543//1543
f 1568//1568 1380//1380 1544//1544
f 1921//1921 2100//2100 1922//1922
f 2100//2100 1898//1898 1922//1922
f 2100//2100 1945//1945 2124//2124
f 1945//1945 2100//2100 1921//1921
f 1898//1898 2100//2100 1899//1899
f 2100//2100 2072//2072 1899//1899
f 2036//2036 2014//2014 1845//1845
f 2254//2254 2253//2253 2279//2279
f 1992//1992 1739//1739 1785//1785
f 1992//1992 1784//1784 2014//2014
f 1784//1784 1992//1992 1785//1785
f 2353//2353 2352//2352 2354//2354
f 2043//2043 1751//1751 1750//1750
f 2436//2436 2462//2462 2437//2437
f 2462//2462 2602//2602 2437//2437
f 2602//2602 2462//2462 2513//2513
f 2513//2513 2462//2462 2485//2485
f 2462//2462 2486//2486 2485//2485
f 2462//2462 2461//2461 2486//2486
f 2050//2050 2356//2356 2077//2077
f 2356//2356 2050//2050 2049//2049
f 2050//2050 1789//1789 1760//1760
f 1789//1789 2050//2050 2077//2077
f 1759//1759 2050//2050 1760//1760
f 2050//2050 1759//1759 1758//1758
f 2049//2049 2050//2050 1758//1758
f 2387//2387 2358//2358 2356//2356
f 2358//2358 2387//2387 2359//2359
f 2105//2105 2387//2387 2388//2388
f 2104//2104 2387//2387 2105//2105
f 2387//2387 2104//2104 2359//2359
f 2387//2387 2439//2439 2388//2388
f 2439//2439 2387//2387 2488//2488
f 227//227 226//226 250//250
f 227//227 228//228 226//226
f 228//228 227//227 229//229
f 121//121 122//122 108//108
f 122//122 109//109 108//108
f 109//109 122//122 123//123
f 122//122 121//121 229//229
f 230//230 122//122 229//229
f 123//123 122//122 230//230
f 125//125 124//124 123//123
f 124//124 110//110 123//123
f 124//124 125//125 111//111
f 110//110 124//124 111//111
f 435//435 500//500 436//436
f 434//434 500//500 435//435
f 466//466 500//500 484//484
f 500//500 466//466 436//436
f 500//500 653//653 654//654
f 653//653 500//500 652//652
f 689//689 500//500 654//654
f 652//652 500//500 622//622
f 500//500 689//689 690//690
f 500//500 501//501 484//484
f 714//714 500//500 690//690
f 500//500 715//715 501//501
f 500//500 714//714 715//715
f 182//182 181//181 322//322
f 174//174 181//181 182//182
f 181//181 308//308 322//322
f 308//308 181//181 173//173
f 181//181 174//174 173//173
f 1033//1033 1053//1053 1054//1054
f 1033//1033 873//873 855//855
f 1033//1033 1054//1054 873//873
f 831//831 1033//1033 855//855
f 1008//1008 1009//1009 830//830
f 1009//1009 1225//1225 1031//1031
f 1009//1009 1008//1008 1225//1225
f 987//987 811//811 810//810
f 811//811 987//987 830//830
f 811//811 790//790 810//810
f 831//831 811//811 830//830
f 961//961 1122//1122 1150//1150
f 925//925 1122//1122 961//961
f 1122//1122 925//925 924//924
f 1098//1098 1122//1122 924//924
f 1121//1121 1122//1122 1098//1098
f 1122//1122 1121//1121 1150//1150
f 1097//1097 1077//1077 1054//1054
f 1077//1077 1076//1076 1054//1054
f 1077//1077 908//908 907//907
f 908//908 1077//1077 1097//1097
f 891//891 1077//1077 907//907
f 1077//1077 891//891 890//890
f 1076//1076 1077//1077 890//890
f 1492//1492 1643//1643 1519//1519
f 1643//1643 1492//1492 1619//1619
f 1492//1492 1519//1519 1316//1316
f 1248//1248 1425//1425 1249//1249
f 1425//1425 1426//1426 1249//1249
f 1183//1183 989//989 1150//1150
f 989//989 1183//1183 1010//1010
f 1010//1010 1183//1183 1034//1034
f 1183//1183 1206//1206 1034//1034
f 1227//1227 1055//1055 1034//1034
f 1206//1206 1227//1227 1034//1034
f 1078//1078 1227//1227 1228//1228
f 1055//1055 1227//1227 1078//1078
f 1227//1227 1248//1248 1228//1228
f 1227//1227 1425//1425 1248//1248
f 693//693 569//569 568//568
f 585//585 569//569 693//693
f 439//439 569//569 470//470
f 569//569 489//489 470//470
f 569//569 585//585 489//489
f 556//556 569//569 439//439
f 568//568 569//569 556//556
f 691//691 714//714 690//690
f 713//713 691//691 690//690
f 691//691 713//713 714//714
f 872//872 713//713 871//871
f 713//713 872//872 888//888
f 888//888 872//872 1118//1118
f 3228//3228 3205//3205 3227//3227
f 3181//3181 3205//3205 3228//3228
f 3205//3205 3181//3181 3180//3180
f 3205//3205 3204//3204 3227//3227
f 3205//3205 3180//3180 3204//3204
f 3158//3158 3133//3133 3157//3157
f 3181//3181 3158//3158 3157//3157
f 3158//3158 3134//3134 3133//3133
f 3134//3134 3158//3158 3159//3159
f 3158//3158 3181//3181 3159//3159
f 2372//2372 2371//2371 2497//2497
f 2371//2371 2314//2314 2448//2448
f 2371//2371 2372//2372 2341//2341
f 1772//1772 1834//1834 1804//1804
f 1863//1863 1834//1834 1772//1772
f 1834//1834 1889//1889 1804//1804
f 1910//1910 1888//1888 1862//1862
f 1888//1888 1863//1863 1862//1862
f 1888//1888 1910//1910 1934//1934
f 1957//1957 1888//1888 1934//1934
f 1806//1806 1865//1865 1866//1866
f 1865//1865 1835//1835 1866//1866
f 1835//1835 1865//1865 1806//1806
f 1830//1830 1908//1908 1932//1932
f 1932//1932 1908//1908 2020//2020
f 1908//1908 1801//1801 1907//1907
f 1908//1908 1830//1830 1801//1801
f 1908//1908 1884//1884 2020//2020
f 1908//1908 1907//1907 1884//1884
f 1831//1831 1770//1770 1802//1802
f 1803//1803 1770//1770 1831//1831
f 1770//1770 1803//1803 1771//1771
f 1770//1770 1771//1771 1703//1703
f 1802//1802 1725//1725 1769//1769
f 1725//1725 1702//1702 1769//1769
f 1770//1770 1725//1725 1802//1802
f 1702//1702 1725//1725 1678//1678
f 1725//1725 1703//1703 1678//1678
f 1725//1725 1770//1770 1703//1703
f 2005//2005 2006//2006 2027//2027
f 1982//1982 2006//2006 2005//2005
f 4799//4799 4676//4676 4827//4827
f 4676//4676 4693//4693 4827//4827
f 4239//4239 4240//4240 4137//4137
f 4262//4262 4239//4239 4137//4137
f 4239//4239 4262//4262 4288//4288
f 4218//4218 4239//4239 4288//4288
f 4240//4240 4239//4239 4218//4218
f 3371//3371 3370//3370 3398//3398
f 3346//3346 3371//3371 3398//3398
f 3371//3371 3321//3321 3370//3370
f 3321//3321 3371//3371 3346//3346
f 3322//3322 3273//3273 3298//3298
f 3273//3273 3322//3322 3346//3346
f 3322//3322 3321//3321 3346//3346
f 3590//3590 3546//3546 3568//3568
f 3502//3502 3546//3546 3525//3525
f 3546//3546 3503//3503 3525//3525
f 3546//3546 3590//3590 3503//3503
f 3546//3546 3502//3502 3524//3524
f 3568//3568 3546//3546 3524//3524
f 3589//3589 3568//3568 3638//3638
f 3589//3589 3590//3590 3568//3568
f 3589//3589 3638//3638 3615//3615
f 3590//3590 3589//3589 3615//3615
f 3461//3461 3273//3273 3346//3346
f 3426//3426 3461//3461 3346//3346
f 3483//3483 3461//3461 3460//3460
f 3461//3461 3426//3426 3460//3460
f 3393//3393 3480//3480 3458//3458
f 3499//3499 3480//3480 3393//3393
f 3714//3714 3713//3713 3749//3749
f 3770//3770 3714//3714 3749//3749
f 3714//3714 3770//3770 3815//3815
f 3420//3420 3457//3457 3421//3421
f 3565//3565 3542//3542 3564//3564
f 3542//3542 3565//3565 3522//3522
f 3586//3586 3565//3565 3564//3564
f 3498//3498 3542//3542 3479//3479
f 3542//3542 3498//3498 3564//3564
f 3498//3498 3521//3521 3564//3564
f 3314//3314 3313//3313 3340//3340
f 3419//3419 3314//3314 3340//3340
f 3392//3392 3314//3314 3419//3419
f 3313//3313 3314//3314 3292//3292
f 3292//3292 3314//3314 3366//3366
f 3314//3314 3392//3392 3366//3366
f 3983//3983 3882//3882 3982//3982
f 3983//3983 3858//3858 3882//3882
f 3858//3858 3983//3983 3929//3929
f 3983//3983 3957//3957 3929//3929
f 4010//4010 3983//3983 3982//3982
f 3957//3957 3983//3983 4010//4010
f 4102//4102 4063//4063 4081//4081
f 4064//4064 4063//4063 4102//4102
f 4081//4081 4063//4063 4044//4044
f 4063//4063 4064//4064 4044//4044
f 3814//3814 3793//3793 3768//3768
f 3768//3768 3793//3793 3748//3748
f 3769//3769 3793//3793 3815//3815
f 3793//3793 3814//3814 3815//3815
f 3793//3793 3712//3712 3748//3748
f 3793//3793 3749//3749 3712//3712
f 3793//3793 3769//3769 3749//3749
f 4922//4922 4910//4910 4909//4909
f 3630//3630 3787//3787 3762//3762
f 4155//4155 4078//4078 4177//4177
f 4079//4079 4078//4078 4155//4155
f 4100//4100 4042//4042 4136//4136
f 4116//4116 4135//4135 4197//4197
f 4134//4134 4135//4135 4116//4116
f 4197//4197 4135//4135 4217//4217
f 4710//4710 4854//4854 4692//4692
f 4710//4710 4709//4709 4854//4854
f 4693//4693 4710//4710 4692//4692
f 4561//4561 4530//4530 4460//4460
f 4530//4530 4561//4561 4531//4531
f 4530//4530 4440//4440 4460//4460
f 4530//4530 4531//4531 4440//4440
f 4531//4531 4507//4507 4419//4419
f 4507//4507 4479//4479 4419//4419
f 4461//4461 4480//4480 4442//4442
f 4480//4480 4461//4461 4401//4401
f 4419//4419 4480//4480 4401//4401
f 4479//4479 4480//4480 4419//4419
f 4019//4019 4206//4206 4053//4053
f 4163//4163 3993//3993 3992//3992
f 4163//4163 4143//4143 4268//4268
f 3354//3354 3355//3355 3332//3332
f 3436//3436 3437//3437 3404//3404
f 3436//3436 3470//3470 3437//3437
f 3265//3265 3244//3244 3150//3150
f 3125//3125 3244//3244 3220//3220
f 3244//3244 3125//3125 3150//3150
f 3197//3197 3291//3291 3173//3173
f 3291//3291 3265//3265 3173//3173
f 3221//3221 3246//3246 3293//3293
f 3293//3293 3246//3246 3315//3315
f 3246//3246 3266//3266 3315//3315
f 3266//3266 3246//3246 3245//3245
f 3175//3175 3200//3200 3247//3247
f 3221//3221 3200//3200 3175//3175
f 3200//3200 3267//3267 3247//3247
f 3200//3200 3221//3221 3267//3267
f 3895//3895 3894//3894 3872//3872
f 3894//3894 3871//3871 3872//3872
f 3969//3969 3994//3994 3995//3995
f 3994//3994 3969//3969 3968//3968
f 3704//3704 3703//3703 3946//3946
f 3704//3704 3946//3946 3947//3947
f 3673//3673 3704//3704 3947//3947
f 3704//3704 3673//3673 3672//3672
f 3650//3650 3649//3649 3897//3897
f 3649//3649 3675//3675 3919//3919
f 3897//3897 3649//3649 3919//3919
f 3606//3606 3452//3452 3474//3474
f 3606//3606 3607//3607 3452//3452
f 3705//3705 3514//3514 3740//3740
f 3514//3514 3536//3536 3740//3740
f 3759//3759 3760//3760 3535//3535
f 3760//3760 3536//3536 3535//3535
f 3760//3760 3759//3759 3739//3739
f 3760//3760 3739//3739 3740//3740
f 3536//3536 3760//3760 3740//3740
f 3782//3782 3758//3758 3783//3783
f 3758//3758 3557//3557 3783//3783
f 3758//3758 3759//3759 3557//3557
f 3805//3805 3782//3782 3804//3804
f 3805//3805 3758//3758 3782//3782
f 3605//3605 3825//3825 3804//3804
f 3580//3580 3605//3605 3804//3804
f 3556//3556 3555//3555 3783//3783
f 1367//1367 1344//1344 1343//1343
f 1344//1344 1367//1367 1324//1324
f 1344//1344 1302//1302 1343//1343
f 1344//1344 1324//1324 1302//1302
f 1556//1556 1472//1472 1555//1555
f 1556//1556 1530//1530 1472//1472
f 1556//1556 1555//1555 1632//1632
f 1530//1530 1556//1556 1632//1632
f 1193//1193 1161//1161 1160//1160
f 1133//1133 1161//1161 1193//1193
f 1161//1161 1133//1133 1132//1132
f 1109//1109 1161//1161 1132//1132
f 1161//1161 1109//1109 1160//1160
f 1023//1023 1001//1001 974//974
f 1001//1001 1023//1023 1000//1000
f 1001//1001 975//975 974//974
f 975//975 1001//1001 1000//1000
f 1370//1370 1371//1371 1395//1395
f 1371//1371 1370//1370 1347//1347
f 702//702 701//701 725//725
f 701//701 700//700 725//725
f 631//631 614//614 576//576
f 700//700 631//631 576//576
f 614//614 631//631 615//615
f 509//509 494//494 577//577
f 494//494 576//576 577//577
f 494//494 473//473 576//576
f 473//473 494//494 410//410
f 509//509 544//544 545//545
f 544//544 561//561 545//545
f 561//561 544//544 509//509
f 1782//1782 1612//1612 1815//1815
f 1612//1612 1782//1782 1589//1589
f 1783//1783 1782//1782 1815//1815
f 1589//1589 1782//1782 1783//1783
f 1044//1044 1135//1135 1045//1045
f 1065//1065 1135//1135 1044//1044
f 1086//1086 1135//1135 1065//1065
f 1134//1134 1135//1135 1110//1110
f 1135//1135 1086//1086 1110//1110
f 1895//1895 1871//1871 1894//1894
f 1917//1917 1895//1895 1894//1894
f 1895//1895 1917//1917 1871//1871
f 2031//2031 2150//2150 2032//2032
f 1659//1659 1684//1684 1685//1685
f 1684//1684 1659//1659 1633//1633
f 1683//1683 1684//1684 1633//1633
f 1940//1940 1893//1893 1915//1915
f 1869//1869 1809//1809 1776//1776
f 1809//1809 1810//1810 1776//1776
f 1731//1731 1683//1683 1776//1776
f 2009//2009 1986//1986 1838//1838
f 1986//1986 2009//2009 2010//2010
f 2009//2009 2030//2030 2010//2010
f 2725//2725 2703//2703 2724//2724
f 2746//2746 2725//2725 2724//2724
f 2725//2725 2746//2746 2767//2767
f 2703//2703 2725//2725 2681//2681
f 2551//2551 2594//2594 2571//2571
f 2551//2551 2526//2526 2503//2503
f 2594//2594 2551//2551 2503//2503
f 2595//2595 2572//2572 2552//2552
f 2723//2723 2702//2702 2659//2659
f 2722//2722 2723//2723 2659//2659
f 2723//2723 2766//2766 2702//2702
f 2723//2723 2722//2722 2766//2766
f 2929//2929 2948//2948 2968//2968
f 2907//2907 2929//2929 2968//2968
f 2929//2929 2967//2967 2948//2948
f 2929//2929 2907//2907 2868//2868
f 2967//2967 2990//2990 2968//2968
f 2990//2990 2967//2967 2989//2989
f 2990//2990 3012//3012 2968//2968
f 3012//3012 2990//2990 2989//2989
f 3012//3012 3013//3013 2968//2968
f 3013//3013 3038//3038 2968//2968
f 3013//3013 3012//3012 3086//3086
f 3062//3062 3086//3086 3111//3111
f 3137//3137 3062//3062 3111//3111
f 3062//3062 3013//3013 3086//3086
f 3013//3013 3062//3062 3038//3038
f 3062//3062 3137//3137 3164//3164
f 3184//3184 3062//3062 3164//3164
f 3231//3231 3062//3062 3184//3184
f 997//997 971//971 1018//1018
f 997//997 972//972 971//971
f 1065//1065 997//997 1018//1018
f 972//972 997//997 1065//1065
f 972//972 973//973 971//971
f 973//973 882//882 971//971
f 916//916 973//973 1043//1043
f 973//973 972//972 1065//1065
f 1043//1043 973//973 1065//1065
f 862//862 882//882 915//915
f 862//862 916//916 863//863
f 916//916 862//862 915//915
f 862//862 798//798 882//882
f 839//839 862//862 863//863
f 818//818 840//840 780//780
f 798//798 818//818 780//780
f 818//818 839//839 840//840
f 818//818 862//862 839//839
f 862//862 818//818 798//798
f 105//105 104//104 120//120
f 104//104 105//105 103//103
f 102//102 104//104 103//103
f 104//104 102//102 224//224
f 225//225 104//104 224//224
f 104//104 225//225 120//120
f 530//530 550//550 531//531
f 550//550 745//745 531//531
f 550//550 530//530 549//549
f 745//745 550//550 762//762
f 548//548 550//550 549//549
f 479//479 446//446 447//447
f 446//446 709//709 671//671
f 709//709 446//446 708//708
f 446//446 479//479 708//708
f 499//499 497//497 730//730
f 497//497 496//496 730//730
f 496//496 497//497 373//373
f 496//496 514//514 728//728
f 514//514 513//513 747//747
f 728//728 514//514 747//747
f 513//513 514//514 373//373
f 514//514 496//496 373//373
f 477//477 499//499 478//478
f 477//477 476//476 499//499
f 210//210 209//209 270//270
f 209//209 118//118 208//208
f 209//209 210//210 91//91
f 90//90 20//20 19//19
f 90//90 92//92 20//20
f 92//92 90//90 91//91
f 119//119 19//19 18//18
f 118//118 119//119 18//18
f 119//119 90//90 19//19
f 90//90 119//119 91//91
f 119//119 209//209 91//91
f 209//209 119//119 118//118
f 246//246 245//245 270//270
f 245//245 246//246 208//208
f 209//209 246//246 270//270
f 246//246 209//209 208//208
f 243//243 268//268 269//269
f 268//268 243//243 242//242
f 244//244 116//116 115//115
f 244//244 245//245 116//116
f 244//244 243//243 269//269
f 242//242 244//244 138//138
f 243//243 244//244 242//242
f 270//270 244//244 269//269
f 245//245 244//244 270//270
f 137//137 241//241 242//242
f 267//267 241//241 137//137
f 241//241 268//268 242//242
f 241//241 267//267 268//268
f 264//264 265//265 135//135
f 450//450 674//674 451//451
f 1174//1174 945//945 944//944
f 1173//1173 1174//1174 944//944
f 1483//1483 1741//1741 1484//1484
f 1483//1483 1482//1482 1741//1741
f 1603//1603 1525//1525 1468//1468
f 1603//1603 1627//1627 1525//1525
f 1651//1651 1603//1603 1676//1676
f 1627//1627 1603//1603 1651//1651
f 896//896 880//880 895//895
f 879//879 880//880 896//896
f 895//895 880//880 1014//1014
f 880//880 992//992 1014//1014
f 992//992 880//880 966//966
f 966//966 880//880 859//859
f 880//880 879//879 859//859
f 1040//1040 1154//1154 1187//1187
f 1154//1154 1126//1126 1208//1208
f 1187//1187 1154//1154 1252//1252
f 1154//1154 1208//1208 1252//1252
f 1039//1039 1015//1015 1126//1126
f 1154//1154 1039//1039 1126//1126
f 1039//1039 1154//1154 1040//1040
f 968//968 1081//1081 1102//1102
f 993//993 968//968 1102//1102
f 1081//1081 968//968 967//967
f 968//968 930//930 967//967
f 931//931 914//914 913//913
f 914//914 897//897 913//913
f 897//897 914//914 931//931
f 2793//2793 2813//2813 2814//2814
f 2119//2119 2148//2148 2171//2171
f 3403//3403 3435//3435 3469//3469
f 3434//3434 3435//3435 3403//3403
f 3550//3550 3530//3530 3574//3574
f 3550//3550 3574//3574 3596//3596
f 3168//3168 3210//3210 3233//3233
f 3303//3303 3329//3329 3330//3330
f 3329//3329 3303//3303 3433//3433
f 3329//3329 3433//3433 3468//3468
f 3376//3376 3402//3402 3280//3280
f 3402//3402 3303//3303 3280//3280
f 3303//3303 3402//3402 3433//3433
f 3351//3351 3376//3376 3257//3257
f 3351//3351 3235//3235 3328//3328
f 3235//3235 3351//3351 3257//3257
f 3351//3351 3402//3402 3376//3376
f 2378//2378 2404//2404 2346//2346
f 4487//4487 4536//4536 4511//4511
f 4536//4536 4487//4487 4535//4535
f 4511//4511 4536//4536 4564//4564
f 4536//4536 4535//4535 4564//4564
f 4510//4510 4486//4486 4485//4485
f 4487//4487 4486//4486 4510//4510
f 4485//4485 4486//4486 4484//4484
f 4486//4486 4466//4466 4484//4484
f 4486//4486 4487//4487 4466//4466
f 4740//4740 4757//4757 4758//4758
f 4739//4739 4757//4757 4740//4740
f 4739//4739 4720//4720 4719//4719
f 4720//4720 4721//4721 4719//4719
f 4720//4720 4739//4739 4740//4740
f 4721//4721 4720//4720 4740//4740
f 4377//4377 4391//4391 4268//4268
f 4392//4392 4391//4391 4377//4377
f 4391//4391 4408//4408 4268//4268
f 4408//4408 4391//4391 4392//4392
f 4649//4649 4633//4633 4648//4648
f 4633//4633 4649//4649 4650//4650
f 4667//4667 4649//4649 4648//4648
f 4649//4649 4667//4667 4650//4650
f 4615//4615 4600//4600 4614//4614
f 4489//4489 4490//4490 4488//4488
f 4512//4512 4490//4490 4537//4537
f 4490//4490 4489//4489 4537//4537
f 4015//4015 3911//3911 3890//3890
f 3936//3936 3911//3911 4015//4015
f 3937//3937 3936//3936 3960//3960
f 3938//3938 3937//3937 3960//3960
f 3937//3937 3911//3911 3936//3936
f 3937//3937 3938//3938 3890//3890
f 3911//3911 3937//3937 3890//3890
f 3179//3179 3226//3226 3204//3204
f 3179//3179 3203//3203 3226//3226
f 3179//3179 3204//3204 3156//3156
f 3131//3131 3179//3179 3156//3156
f 3155//3155 3179//3179 3131//3131
f 3295//3295 3317//3317 3318//3318
f 3317//3317 3295//3295 3248//3248
f 3270//3270 3271//3271 3250//3250
f 3270//3270 3296//3296 3271//3271
f 3226//3226 3270//3270 3250//3250
f 3225//3225 3270//3270 3226//3226
f 3270//3270 3225//3225 3249//3249
f 3296//3296 3270//3270 3249//3249
f 2882//2882 2881//2881 2902//2902
f 2881//2881 2882//2882 2863//2863
f 2882//2882 2883//2883 2864//2864
f 2844//2844 2882//2882 2864//2864
f 2863//2863 2882//2882 2844//2844
f 2883//2883 2882//2882 2903//2903
f 2882//2882 2902//2902 2903//2903
f 2923//2923 2943//2943 2924//2924
f 2924//2924 2943//2943 2963//2963
f 2943//2943 2942//2942 2962//2962
f 2942//2942 2943//2943 2922//2922
f 2943//2943 2923//2923 2922//2922
f 2761//2761 2781//2781 2762//2762
f 2781//2781 2801//2801 2802//2802
f 2781//2781 2782//2782 2762//2762
f 2782//2782 2781//2781 2802//2802
f 2802//2802 2823//2823 2843//2843
f 2801//2801 2823//2823 2802//2802
f 2843//2843 2823//2823 2842//2842
f 2800//2800 2823//2823 2801//2801
f 2781//2781 2800//2800 2801//2801
f 2653//2653 2610//2610 2630//2630
f 2654//2654 2610//2610 2653//2653
f 2610//2610 2567//2567 2630//2630
f 2567//2567 2610//2610 2590//2590
f 2696//2696 2676//2676 2675//2675
f 2696//2696 2717//2717 2676//2676
f 2741//2741 2761//2761 2762//2762
f 2742//2742 2741//2741 2762//2762
f 2741//2741 2742//2742 2719//2719
f 2718//2718 2741//2741 2719//2719
f 2740//2740 2718//2718 2717//2717
f 2741//2741 2740//2740 2761//2761
f 2740//2740 2741//2741 2718//2718
f 2717//2717 2697//2697 2676//2676
f 2718//2718 2697//2697 2717//2717
f 2632//2632 2697//2697 2655//2655
f 2676//2676 2697//2697 2632//2632
f 2655//2655 2697//2697 2698//2698
f 2697//2697 2718//2718 2698//2698
f 2920//2920 2940//2940 2960//2960
f 2940//2940 2982//2982 2960//2960
f 2982//2982 2940//2940 2959//2959
f 3005//3005 3004//3004 3030//3030
f 3004//3004 3005//3005 2982//2982
f 2879//2879 2899//2899 2900//2900
f 2900//2900 2899//2899 2921//2921
f 2899//2899 2898//2898 2921//2921
f 3007//3007 3032//3032 3033//3033
f 3032//3032 3058//3058 3033//3033
f 3032//3032 3007//3007 3006//3006
f 3080//3080 3032//3032 3057//3057
f 3058//3058 3032//3032 3080//3080
f 3032//3032 3006//3006 3031//3031
f 3032//3032 3079//3079 3057//3057
f 3079//3079 3032//3032 3031//3031
f 2542//2542 2563//2563 2586//2586
f 2542//2542 2586//2586 2564//2564
f 2520//2520 2542//2542 2564//2564
f 2495//2495 2542//2542 2520//2520
f 1670//1670 1546//1546 1545//1545
f 1671//1671 1546//1546 1670//1670
f 1546//1546 1570//1570 1545//1545
f 1546//1546 1571//1571 1570//1570
f 1571//1571 1546//1546 1695//1695
f 1546//1546 1671//1671 1695//1695
f 1421//1421 1422//1422 1241//1241
f 1263//1263 1421//1421 1241//1241
f 1421//1421 1262//1262 1440//1440
f 1421//1421 1263//1263 1262//1262
f 2036//2036 2035//2035 2072//2072
f 1874//1874 2035//2035 1844//1844
f 2072//2072 2035//2035 1874//1874
f 2035//2035 1845//1845 1844//1844
f 2035//2035 2036//2036 1845//1845
f 1712//1712 1970//1970 1971//1971
f 1740//1740 1970//1970 1712//1712
f 2039//2039 2040//2040 1746//1746
f 2331//2331 2328//2328 2354//2354
f 2043//2043 2042//2042 2329//2329
f 2042//2042 2043//2043 1750//1750
f 1749//1749 2042//2042 1750//1750
f 2042//2042 1749//1749 1748//1748
f 2044//2044 1753//1753 1752//1752
f 1753//1753 2044//2044 2045//2045
f 1751//1751 2044//2044 1752//1752
f 2043//2043 2044//2044 1751//1751
f 2331//2331 2046//2046 2045//2045
f 2046//2046 2331//2331 2047//2047
f 2046//2046 2047//2047 1754//1754
f 2046//2046 1715//1715 2045//2045
f 2046//2046 1754//1754 1715//1715
f 2047//2047 2332//2332 2048//2048
f 2331//2331 2332//2332 2047//2047
f 2332//2332 2387//2387 2356//2356
f 2332//2332 2331//2331 2354//2354
f 1032//1032 831//831 830//830
f 1032//1032 1033//1033 831//831
f 1009//1009 1032//1032 830//830
f 1032//1032 1009//1009 1031//1031
f 1033//1033 1032//1032 1053//1053
f 1247//1247 1032//1032 1031//1031
f 1462//1462 1426//1426 1619//1619
f 1492//1492 1462//1462 1619//1619
f 1426//1426 1462//1462 1272//1272
f 1272//1272 1462//1462 1316//1316
f 1462//1462 1492//1492 1316//1316
f 1426//1426 1597//1597 1598//1598
f 1425//1425 1597//1597 1426//1426
f 1597//1597 1425//1425 1569//1569
f 1597//1597 1825//1825 1598//1598
f 1597//1597 1569//1569 1825//1825
f 1425//1425 1402//1402 1569//1569
f 1568//1568 1402//1402 1380//1380
f 1402//1402 1568//1568 1569//1569
f 1402//1402 1206//1206 1380//1380
f 1402//1402 1227//1227 1206//1206
f 1227//1227 1402//1402 1425//1425
f 2472//2472 2371//2371 2448//2448
f 2371//2371 2472//2472 2497//2497
f 2521//2521 2472//2472 2448//2448
f 2472//2472 2521//2521 2545//2545
f 2497//2497 2472//2472 2498//2498
f 2472//2472 2545//2545 2498//2498
f 2371//2371 2315//2315 2314//2314
f 2315//2315 2371//2371 2341//2341
f 2314//2314 2315//2315 2241//2241
f 2315//2315 2266//2266 2241//2241
f 2315//2315 2341//2341 2266//2266
f 1864//1864 1863//1863 1935//1935
f 1864//1864 1834//1834 1863//1863
f 1834//1834 1864//1864 1889//1889
f 1959//1959 1864//1864 1935//1935
f 1864//1864 1960//1960 1889//1889
f 1864//1864 1959//1959 1960//1960
f 1911//1911 1888//1888 1957//1957
f 1958//1958 1911//1911 1957//1957
f 1863//1863 1911//1911 1935//1935
f 1888//1888 1911//1911 1863//1863
f 1911//1911 1959//1959 1935//1935
f 1959//1959 1911//1911 1979//1979
f 1911//1911 1958//1958 1979//1979
f 4659//4659 4677//4677 4799//4799
f 4677//4677 4676//4676 4799//4799
f 4677//4677 4659//4659 4641//4641
f 3370//3370 3345//3345 3320//3320
f 3345//3345 3321//3321 3320//3320
f 3321//3321 3345//3345 3370//3370
f 3320//3320 3297//3297 3272//3272
f 3321//3321 3297//3297 3320//3320
f 3297//3297 3298//3298 3272//3272
f 3297//3297 3322//3322 3298//3298
f 3322//3322 3297//3297 3321//3321
f 3713//3713 3685//3685 3661//3661
f 3714//3714 3685//3685 3713//3713
f 3661//3661 3685//3685 3615//3615
f 3685//3685 3815//3815 3615//3615
f 3685//3685 3714//3714 3815//3815
f 4706//4706 4704//4704 4705//4705
f 3787//3787 3654//3654 3786//3786
f 3630//3630 3654//3654 3787//3787
f 3631//3631 3762//3762 3763//3763
f 3631//3631 3630//3630 3762//3762
f 4078//4078 4099//4099 4177//4177
f 4099//4099 4197//4197 4177//4177
f 4099//4099 4116//4116 4197//4197
f 4061//4061 4079//4079 4136//4136
f 4042//4042 4061//4061 4136//4136
f 4008//4008 4080//4080 3980//3980
f 4008//4008 4100//4100 4080//4080
f 4008//4008 4042//4042 4100//4100
f 4154//4154 4176//4176 4261//4261
f 4154//4154 4135//4135 4134//4134
f 4154//4154 4261//4261 4217//4217
f 4135//4135 4154//4154 4217//4217
f 4175//4175 4286//4286 4261//4261
f 4176//4176 4175//4175 4261//4261
f 4185//4185 4186//4186 4019//4019
f 4186//4186 4206//4206 4019//4019
f 4224//4224 4054//4054 4053//4053
f 4206//4206 4224//4224 4053//4053
f 4054//4054 4224//4224 4071//4071
f 4490//4490 4468//4468 4488//4488
f 4164//4164 4185//4185 3993//3993
f 4163//4163 4164//4164 3993//3993
f 4185//4185 4164//4164 4268//4268
f 4164//4164 4163//4163 4268//4268
f 3964//3964 4144//4144 3992//3992
f 4144//4144 4163//4163 3992//3992
f 4143//4143 4144//4144 3964//3964
f 4163//4163 4144//4144 4143//4143
f 3513//3513 3533//3533 3534//3534
f 3339//3339 3311//3311 3219//3219
f 3311//3311 3197//3197 3219//3219
f 3097//3097 3099//3099 3069//3069
f 3097//3097 3098//3098 3099//3099
f 3473//3473 3628//3628 3474//3474
f 3628//3628 3606//3606 3474//3474
f 3515//3515 3705//3705 3706//3706
f 3515//3515 3514//3514 3705//3705
f 3605//3605 3604//3604 3825//3825
f 3604//3604 3603//3603 3824//3824
f 3825//3825 3604//3604 3824//3824
f 3581//3581 3782//3782 3783//3783
f 3555//3555 3581//3581 3783//3783
f 3581//3581 3580//3580 3782//3782
f 701//701 667//667 700//700
f 667//667 631//631 700//700
f 667//667 701//701 702//702
f 667//667 702//702 615//615
f 631//631 667//667 615//615
f 494//494 394//394 410//410
f 394//394 494//494 395//395
f 410//410 394//394 366//366
f 394//394 395//395 366//366
f 494//494 397//397 395//395
f 397//397 494//494 509//509
f 397//397 381//381 380//380
f 397//397 509//509 381//381
f 2173//2173 2067//2067 2097//2097
f 2067//2067 2173//2173 2150//2150
f 2031//2031 2067//2067 2150//2150
f 1893//1893 1868//1868 1915//1915
f 1868//1868 1869//1869 1776//1776
f 1868//1868 1893//1893 1869//1869
f 1837//1837 1809//1809 1869//1869
f 1810//1810 1837//1837 1838//1838
f 1809//1809 1837//1837 1810//1810
f 1810//1810 1777//1777 1776//1776
f 1777//1777 1731//1731 1776//1776
f 1777//1777 1810//1810 1811//1811
f 1706//1706 1684//1684 1683//1683
f 1731//1731 1706//1706 1683//1683
f 1706//1706 1733//1733 1685//1685
f 1684//1684 1706//1706 1685//1685
f 2595//2595 2616//2616 2572//2572
f 2787//2787 2807//2807 2767//2767
f 2746//2746 2787//2787 2767//2767
f 933//933 916//916 915//915
f 933//933 973//973 916//916
f 882//882 933//933 915//915
f 973//973 933//933 882//882
f 476//476 498//498 499//499
f 498//498 497//497 499//499
f 139//139 115//115 138//138
f 244//244 139//139 138//138
f 139//139 244//244 115//115
f 266//266 267//267 135//135
f 265//265 266//266 135//135
f 267//267 266//266 268//268
f 266//266 265//265 268//268
f 450//450 449//449 448//448
f 1006//1006 1007//1007 978//978
f 978//978 1007//1007 979//979
f 1007//1007 1224//1224 979//979
f 1200//1200 980//980 979//979
f 1224//1224 1200//1200 979//979
f 1200//1200 981//981 980//980
f 1222//1222 1006//1006 1005//1005
f 1512//1512 1787//1787 1788//1788
f 945//945 1175//1175 946//946
f 1174//1174 1175//1175 945//945
f 1175//1175 947//947 946//946
f 1175//1175 1176//1176 947//947
f 1578//1578 1468//1468 1577//1577
f 1578//1578 1603//1603 1468//1468
f 1650//1650 1578//1578 1577//1577
f 1676//1676 1578//1578 1650//1650
f 1603//1603 1578//1578 1676//1676
f 2602//2602 2645//2645 2667//2667
f 2623//2623 2645//2645 2602//2602
f 3302//3302 3211//3211 3278//3278
f 3211//3211 3235//3235 3234//3234
f 3211//3211 3302//3302 3327//3327
f 3328//3328 3211//3211 3327//3327
f 3235//3235 3211//3211 3328//3328
f 3210//3210 3140//3140 3187//3187
f 3168//3168 3140//3140 3210//3210
f 3089//3089 3016//3016 3064//3064
f 3042//3042 3065//3065 3091//3091
f 3065//3065 3113//3113 3139//3139
f 3091//3091 3065//3065 3139//3139
f 4408//4408 4427//4427 4428//4428
f 4428//4428 4427//4427 4446//4446
f 4427//4427 4408//4408 4407//4407
f 4633//4633 4632//4632 4648//4648
f 3203//3203 3178//3178 3155//3155
f 3178//3178 3179//3179 3155//3155
f 3179//3179 3178//3178 3203//3203
f 3269//3269 3295//3295 3249//3249
f 3202//3202 3269//3269 3249//3249
f 3224//3224 3269//3269 3202//3202
f 3269//3269 3224//3224 3248//3248
f 3295//3295 3269//3269 3248//3248
f 2780//2780 2781//2781 2761//2761
f 2780//2780 2800//2800 2781//2781
f 2740//2740 2780//2780 2761//2761
f 2823//2823 2822//2822 2842//2842
f 2800//2800 2822//2822 2823//2823
f 2631//2631 2654//2654 2632//2632
f 2631//2631 2610//2610 2654//2654
f 2631//2631 2632//2632 2591//2591
f 2631//2631 2591//2591 2590//2590
f 2610//2610 2631//2631 2590//2590
f 3077//3077 3003//3003 3029//3029
f 3054//3054 3077//3077 3029//3029
f 3104//3104 3077//3077 3054//3054
f 3130//3130 3054//3054 3053//3053
f 3130//3130 3104//3104 3054//3054
f 3076//3076 3130//3130 3053//3053
f 3154//3154 3130//3130 3076//3076
f 2519//2519 2494//2494 2563//2563
f 2542//2542 2519//2519 2563//2563
f 2519//2519 2542//2542 2495//2495
f 2470//2470 2519//2519 2495//2495
f 2494//2494 2519//2519 2470//2470
f 1993//1993 1970//1970 1740//1740
f 1739//1739 1993//1993 1740//1740
f 1992//1992 1993//1993 1739//1739
f 2327//2327 2355//2355 2354//2354
f 2328//2328 2327//2327 2354//2354
f 2327//2327 2039//2039 2355//2355
f 2039//2039 2327//2327 2040//2040
f 2327//2327 2328//2328 2040//2040
f 2041//2041 2328//2328 2329//2329
f 2042//2042 2041//2041 2329//2329
f 2328//2328 2041//2041 2040//2040
f 2041//2041 1748//1748 2040//2040
f 2041//2041 2042//2042 1748//1748
f 2328//2328 2330//2330 2329//2329
f 2330//2330 2328//2328 2331//2331
f 2330//2330 2043//2043 2329//2329
f 2330//2330 2044//2044 2043//2043
f 2330//2330 2331//2331 2045//2045
f 2044//2044 2330//2330 2045//2045
f 2332//2332 2333//2333 2048//2048
f 2333//2333 2332//2332 2356//2356
f 2333//2333 2049//2049 2048//2048
f 2333//2333 2356//2356 2049//2049
f 3786//3786 3653//3653 3809//3809
f 3654//3654 3653//3653 3786//3786
f 3653//3653 3678//3678 3809//3809
f 3495//3495 3310//3310 3338//3338
f 3362//3362 3495//3495 3338//3338
f 3608//3608 3631//3631 3763//3763
f 3708//3708 3608//3608 3763//3763
f 3583//3583 3608//3608 3708//3708
f 4175//4175 4196//4196 4286//4286
f 4286//4286 4196//4196 4312//4312
f 4236//4236 4196//4196 4216//4216
f 4196//4196 4236//4236 4312//4312
f 4071//4071 4246//4246 4072//4072
f 4224//4224 4246//4246 4071//4071
f 4468//4468 4447//4447 4467//4467
f 4467//4467 4447//4447 4446//4446
f 4428//4428 4447//4447 4268//4268
f 4447//4447 4428//4428 4446//4446
f 3438//3438 3439//3439 3406//3406
f 3439//3439 3438//3438 3471//3471
f 3312//3312 3291//3291 3197//3197
f 3311//3311 3312//3312 3197//3197
f 3628//3628 3629//3629 3606//3606
f 3652//3652 3473//3473 3494//3494
f 3652//3652 3628//3628 3473//3473
f 3493//3493 3706//3706 3676//3676
f 3493//3493 3515//3515 3706//3706
f 3493//3493 3676//3676 3494//3494
f 396//396 397//397 380//380
f 397//397 396//396 395//395
f 396//396 380//380 355//355
f 395//395 396//396 355//355
f 1837//1837 1870//1870 1838//1838
f 1870//1870 1837//1837 1869//1869
f 1893//1893 1870//1870 1869//1869
f 1870//1870 1940//1940 1838//1838
f 1870//1870 1893//1893 1940//1940
f 1777//1777 1732//1732 1731//1731
f 1706//1706 1732//1732 1733//1733
f 1732//1732 1706//1706 1731//1731
f 1733//1733 1732//1732 1811//1811
f 1732//1732 1777//1777 1811//1811
f 279//279 265//265 264//264
f 279//279 154//154 278//278
f 154//154 279//279 147//147
f 147//147 279//279 148//148
f 279//279 264//264 148//148
f 981//981 1201//1201 982//982
f 1200//1200 1201//1201 981//981
f 1004//1004 1221//1221 1005//1005
f 1221//1221 1222//1222 1005//1005
f 1029//1029 1221//1221 1004//1004
f 1007//1007 1223//1223 1224//1224
f 1223//1223 1007//1007 1006//1006
f 1222//1222 1223//1223 1006//1006
f 1512//1512 1511//1511 1787//1787
f 1786//1786 1511//1511 1510//1510
f 1511//1511 1786//1786 1787//1787
f 1482//1482 1481//1481 1788//1788
f 1481//1481 1512//1512 1788//1788
f 950//950 951//951 921//921
f 2580//2580 2559//2559 2581//2581
f 2559//2559 2602//2602 2535//2535
f 2559//2559 2580//2580 2602//2602
f 2754//2754 2733//2733 2753//2753
f 3211//3211 3189//3189 3278//3278
f 3189//3189 3211//3211 3168//3168
f 3167//3167 3114//3114 3139//3139
f 3114//3114 3091//3091 3139//3139
f 3114//3114 3167//3167 3187//3187
f 3140//3140 3114//3114 3187//3187
f 2971//2971 2950//2950 2970//2970
f 3041//3041 3065//3065 3042//3042
f 3041//3041 3016//3016 3089//3089
f 3016//3016 3041//3041 3042//3042
f 3041//3041 3089//3089 3090//3090
f 3113//3113 3041//3041 3090//3090
f 3065//3065 3041//3041 3113//3113
f 4615//4615 4616//4616 4633//4633
f 4616//4616 4615//4615 4614//4614
f 3055//3055 3030//3030 3003//3003
f 3077//3077 3055//3055 3003//3003
f 3310//3310 3475//3475 3289//3289
f 3495//3495 3475//3475 3310//3310
f 3517//3517 3495//3495 3362//3362
f 3538//3538 3517//3517 3362//3362
f 3516//3516 3517//3517 3538//3538
f 4269//4269 4091//4091 4072//4072
f 4269//4269 4092//4092 4091//4091
f 3676//3676 3677//3677 3494//3494
f 3677//3677 3652//3652 3494//3494
f 982//982 1202//1202 983//983
f 1201//1201 1202//1202 982//982
f 1028//1028 1245//1245 1029//1029
f 1245//1245 1221//1221 1029//1029
f 1142//1142 950//950 949//949
f 3188//3188 3168//3168 3233//3233
f 3188//3188 3189//3189 3168//3168
f 3256//3256 3188//3188 3233//3233
f 3278//3278 3188//3188 3256//3256
f 3189//3189 3188//3188 3278//3278
f 2971//2971 2951//2951 2950//2950
f 4631//4631 4632//4632 4633//4633
f 4616//4616 4631//4631 4633//4633
f 4631//4631 4616//4616 4614//4614
f 4648//4648 4631//4631 4614//4614
f 4632//4632 4631//4631 4648//4648
f 3453//3453 3290//3290 3289//3289
f 3475//3475 3453//3453 3289//3289
f 4246//4246 4247//4247 4072//4072
f 4247//4247 4269//4269 4072//4072
f 4092//4092 4293//4293 4108//4108
f 4108//4108 4293//4293 4294//4294
f 1203//1203 984//984 983//983
f 1202//1202 1203//1203 983//983
f 1244//1244 1027//1027 1026//1026
f 1027//1027 1244//1244 1028//1028
f 1244//1244 1245//1245 1028//1028
f 1141//1141 1142//1142 949//949
f 1176//1176 1141//1141 948//948
f 1141//1141 949//949 948//948
f 950//950 1143//1143 951//951
f 1142//1142 1143//1143 950//950
f 1143//1143 952//952 951//951
f 2890//2890 2870//2870 2889//2889
f 3453//3453 3454//3454 3290//3290
f 4269//4269 4270//4270 4092//4092
f 4270//4270 4293//4293 4092//4092
f 1203//1203 1168//1168 984//984
f 984//984 1168//1168 939//939
f 1168//1168 940//940 939//939
f 1168//1168 1169//1169 940//940
f 1052//1052 1243//1243 1026//1026
f 1243//1243 1244//1244 1026//1026
f 1243//1243 1052//1052 1051//1051
f 1141//1141 1177//1177 1142//1142
f 1177//1177 1141//1141 1176//1176
f 1177//1177 1143//1143 1142//1142
f 1178//1178 953//953 952//952
f 1143//1143 1178//1178 952//952
f 956//956 955//955 1145//1145
f 2950//2950 2932//2932 2909//2909
f 2951//2951 2932//2932 2950//2950
f 2851//2851 2871//2871 2852//2852
f 2890//2890 2871//2871 2870//2870
f 2871//2871 2851//2851 2830//2830
f 2870//2870 2871//2871 2830//2830
f 3417//3417 3389//3389 3264//3264
f 3290//3290 3417//3417 3264//3264
f 3454//3454 3417//3417 3290//3290
f 1050//1050 1266//1266 1051//1051
f 1266//1266 1243//1243 1051//1051
f 1144//1144 954//954 953//953
f 955//955 1144//1144 1145//1145
f 1144//1144 955//955 954//954
f 2932//2932 2910//2910 2909//2909
f 2910//2910 2932//2932 2890//2890
f 2910//2910 2889//2889 2909//2909
f 2910//2910 2890//2890 2889//2889
f 1265//1265 1050//1050 1049//1049
f 1265//1265 1266//1266 1050//1050
f 1072//1072 1265//1265 1049//1049
f 1178//1178 1179//1179 953//953
f 1179//1179 1144//1144 953//953
f 1071//1071 1264//1264 1072//1072
f 1264//1264 1265//1265 1072//1072
f 1264//1264 1071//1071 1070//1070
f 1093//1093 1289//1289 1070//1070
f 1289//1289 1264//1264 1070//1070
f 1288//1288 1093//1093 1092//1092
f 1288//1288 1289//1289 1093//1093
f 1288//1288 1310//1310 1311//1311
f 1310//1310 1288//1288 1092//1092
